run,arm,version,corpus,path,query_id,class,repeat,warmup,ms
2026-09-16-node-column,A,1.0.0,docs-00100,scan,q001,rare,0,1,50.555
2026-09-16-node-column,B,2.0.1,docs-00100,scan,q001,rare,0,1,74.281
2026-09-16-node-column,B-node,fux 2.0.1 (node 24.13.0) — the read plane,docs-00100,node,q001,rare,0,1,60.520
2026-09-16-node-column,A,1.0.0,docs-00100,scan,q001,rare,1,1,51.390
2026-09-16-node-column,B,2.0.1,docs-00100,scan,q001,rare,1,1,79.692
2026-09-16-node-column,B-node,fux 2.0.1 (node 24.13.0) — the read plane,docs-00100,node,q001,rare,1,1,64.102
2026-09-16-node-column,A,1.0.0,docs-00100,scan,q001,rare,2,1,50.312
2026-09-16-node-column,B,2.0.1,docs-00100,scan,q001,rare,2,1,77.683
2026-09-16-node-column,B-node,fux 2.0.1 (node 24.13.0) — the read plane,docs-00100,node,q001,rare,2,1,61.686
2026-09-16-node-column,A,1.0.0,docs-00100,scan,q001,rare,3,0,50.340
2026-09-16-node-column,B,2.0.1,docs-00100,scan,q001,rare,3,0,75.904
2026-09-16-node-column,B-node,fux 2.0.1 (node 24.13.0) — the read plane,docs-00100,node,q001,rare,3,0,61.149
2026-09-16-node-column,A,1.0.0,docs-00100,scan,q001,rare,4,0,51.636
2026-09-16-node-column,B,2.0.1,docs-00100,scan,q001,rare,4,0,77.655
2026-09-16-node-column,B-node,fux 2.0.1 (node 24.13.0) — the read plane,docs-00100,node,q001,rare,4,0,61.921
2026-09-16-node-column,A,1.0.0,docs-00100,scan,q001,rare,5,0,51.075
2026-09-16-node-column,B,2.0.1,docs-00100,scan,q001,rare,5,0,75.976
2026-09-16-node-column,B-node,fux 2.0.1 (node 24.13.0) — the read plane,docs-00100,node,q001,rare,5,0,61.715
2026-09-16-node-column,A,1.0.0,docs-00100,scan,q001,rare,6,0,52.459
2026-09-16-node-column,B,2.0.1,docs-00100,scan,q001,rare,6,0,77.972
2026-09-16-node-column,B-node,fux 2.0.1 (node 24.13.0) — the read plane,docs-00100,node,q001,rare,6,0,61.773
2026-09-16-node-column,A,1.0.0,docs-00100,scan,q001,rare,7,0,52.540
2026-09-16-node-column,B,2.0.1,docs-00100,scan,q001,rare,7,0,75.883
2026-09-16-node-column,B-node,fux 2.0.1 (node 24.13.0) — the read plane,docs-00100,node,q001,rare,7,0,61.541
2026-09-16-node-column,A,1.0.0,docs-00100,scan,q001,rare,8,0,51.994
2026-09-16-node-column,B,2.0.1,docs-00100,scan,q001,rare,8,0,75.574
2026-09-16-node-column,B-node,fux 2.0.1 (node 24.13.0) — the read plane,docs-00100,node,q001,rare,8,0,61.061
2026-09-16-node-column,A,1.0.0,docs-00100,scan,q001,rare,9,0,52.270
2026-09-16-node-column,B,2.0.1,docs-00100,scan,q001,rare,9,0,75.782
2026-09-16-node-column,B-node,fux 2.0.1 (node 24.13.0) — the read plane,docs-00100,node,q001,rare,9,0,62.912
2026-09-16-node-column,A,1.0.0,docs-00100,scan,q001,rare,10,0,53.303
2026-09-16-node-column,B,2.0.1,docs-00100,scan,q001,rare,10,0,79.663
2026-09-16-node-column,B-node,fux 2.0.1 (node 24.13.0) — the read plane,docs-00100,node,q001,rare,10,0,61.663
2026-09-16-node-column,A,1.0.0,docs-00100,scan,q001,rare,11,0,51.170
2026-09-16-node-column,B,2.0.1,docs-00100,scan,q001,rare,11,0,76.451
2026-09-16-node-column,B-node,fux 2.0.1 (node 24.13.0) — the read plane,docs-00100,node,q001,rare,11,0,61.624
2026-09-16-node-column,A,1.0.0,docs-00100,scan,q001,rare,12,0,52.761
2026-09-16-node-column,B,2.0.1,docs-00100,scan,q001,rare,12,0,76.367
2026-09-16-node-column,B-node,fux 2.0.1 (node 24.13.0) — the read plane,docs-00100,node,q001,rare,12,0,62.051
2026-09-16-node-column,A,1.0.0,docs-00100,scan,q002,rare,0,1,51.094
2026-09-16-node-column,B,2.0.1,docs-00100,scan,q002,rare,0,1,78.317
2026-09-16-node-column,B-node,fux 2.0.1 (node 24.13.0) — the read plane,docs-00100,node,q002,rare,0,1,61.681
2026-09-16-node-column,A,1.0.0,docs-00100,scan,q002,rare,1,1,52.312
2026-09-16-node-column,B,2.0.1,docs-00100,scan,q002,rare,1,1,78.397
2026-09-16-node-column,B-node,fux 2.0.1 (node 24.13.0) — the read plane,docs-00100,node,q002,rare,1,1,61.382
2026-09-16-node-column,A,1.0.0,docs-00100,scan,q002,rare,2,1,51.206
2026-09-16-node-column,B,2.0.1,docs-00100,scan,q002,rare,2,1,78.993
2026-09-16-node-column,B-node,fux 2.0.1 (node 24.13.0) — the read plane,docs-00100,node,q002,rare,2,1,61.570
2026-09-16-node-column,A,1.0.0,docs-00100,scan,q002,rare,3,0,52.367
2026-09-16-node-column,B,2.0.1,docs-00100,scan,q002,rare,3,0,76.961
2026-09-16-node-column,B-node,fux 2.0.1 (node 24.13.0) — the read plane,docs-00100,node,q002,rare,3,0,61.978
2026-09-16-node-column,A,1.0.0,docs-00100,scan,q002,rare,4,0,52.704
2026-09-16-node-column,B,2.0.1,docs-00100,scan,q002,rare,4,0,78.376
2026-09-16-node-column,B-node,fux 2.0.1 (node 24.13.0) — the read plane,docs-00100,node,q002,rare,4,0,61.981
2026-09-16-node-column,A,1.0.0,docs-00100,scan,q002,rare,5,0,51.451
2026-09-16-node-column,B,2.0.1,docs-00100,scan,q002,rare,5,0,78.545
2026-09-16-node-column,B-node,fux 2.0.1 (node 24.13.0) — the read plane,docs-00100,node,q002,rare,5,0,62.052
2026-09-16-node-column,A,1.0.0,docs-00100,scan,q002,rare,6,0,51.004
2026-09-16-node-column,B,2.0.1,docs-00100,scan,q002,rare,6,0,77.133
2026-09-16-node-column,B-node,fux 2.0.1 (node 24.13.0) — the read plane,docs-00100,node,q002,rare,6,0,62.058
2026-09-16-node-column,A,1.0.0,docs-00100,scan,q002,rare,7,0,51.233
2026-09-16-node-column,B,2.0.1,docs-00100,scan,q002,rare,7,0,76.577
2026-09-16-node-column,B-node,fux 2.0.1 (node 24.13.0) — the read plane,docs-00100,node,q002,rare,7,0,62.769
2026-09-16-node-column,A,1.0.0,docs-00100,scan,q002,rare,8,0,53.076
2026-09-16-node-column,B,2.0.1,docs-00100,scan,q002,rare,8,0,79.074
2026-09-16-node-column,B-node,fux 2.0.1 (node 24.13.0) — the read plane,docs-00100,node,q002,rare,8,0,62.017
2026-09-16-node-column,A,1.0.0,docs-00100,scan,q002,rare,9,0,52.729
2026-09-16-node-column,B,2.0.1,docs-00100,scan,q002,rare,9,0,76.605
2026-09-16-node-column,B-node,fux 2.0.1 (node 24.13.0) — the read plane,docs-00100,node,q002,rare,9,0,62.268
2026-09-16-node-column,A,1.0.0,docs-00100,scan,q002,rare,10,0,52.703
2026-09-16-node-column,B,2.0.1,docs-00100,scan,q002,rare,10,0,76.785
2026-09-16-node-column,B-node,fux 2.0.1 (node 24.13.0) — the read plane,docs-00100,node,q002,rare,10,0,62.627
2026-09-16-node-column,A,1.0.0,docs-00100,scan,q002,rare,11,0,51.811
2026-09-16-node-column,B,2.0.1,docs-00100,scan,q002,rare,11,0,78.864
2026-09-16-node-column,B-node,fux 2.0.1 (node 24.13.0) — the read plane,docs-00100,node,q002,rare,11,0,62.341
2026-09-16-node-column,A,1.0.0,docs-00100,scan,q002,rare,12,0,52.347
2026-09-16-node-column,B,2.0.1,docs-00100,scan,q002,rare,12,0,76.620
2026-09-16-node-column,B-node,fux 2.0.1 (node 24.13.0) — the read plane,docs-00100,node,q002,rare,12,0,62.767
2026-09-16-node-column,A,1.0.0,docs-00100,scan,q003,rare,0,1,52.766
2026-09-16-node-column,B,2.0.1,docs-00100,scan,q003,rare,0,1,78.986
2026-09-16-node-column,B-node,fux 2.0.1 (node 24.13.0) — the read plane,docs-00100,node,q003,rare,0,1,62.685
2026-09-16-node-column,A,1.0.0,docs-00100,scan,q003,rare,1,1,52.670
2026-09-16-node-column,B,2.0.1,docs-00100,scan,q003,rare,1,1,76.346
2026-09-16-node-column,B-node,fux 2.0.1 (node 24.13.0) — the read plane,docs-00100,node,q003,rare,1,1,62.499
2026-09-16-node-column,A,1.0.0,docs-00100,scan,q003,rare,2,1,52.553
2026-09-16-node-column,B,2.0.1,docs-00100,scan,q003,rare,2,1,78.980
2026-09-16-node-column,B-node,fux 2.0.1 (node 24.13.0) — the read plane,docs-00100,node,q003,rare,2,1,61.747
2026-09-16-node-column,A,1.0.0,docs-00100,scan,q003,rare,3,0,52.780
2026-09-16-node-column,B,2.0.1,docs-00100,scan,q003,rare,3,0,76.796
2026-09-16-node-column,B-node,fux 2.0.1 (node 24.13.0) — the read plane,docs-00100,node,q003,rare,3,0,62.465
2026-09-16-node-column,A,1.0.0,docs-00100,scan,q003,rare,4,0,52.796
2026-09-16-node-column,B,2.0.1,docs-00100,scan,q003,rare,4,0,78.362
2026-09-16-node-column,B-node,fux 2.0.1 (node 24.13.0) — the read plane,docs-00100,node,q003,rare,4,0,62.002
2026-09-16-node-column,A,1.0.0,docs-00100,scan,q003,rare,5,0,51.306
2026-09-16-node-column,B,2.0.1,docs-00100,scan,q003,rare,5,0,111.715
2026-09-16-node-column,B-node,fux 2.0.1 (node 24.13.0) — the read plane,docs-00100,node,q003,rare,5,0,64.864
2026-09-16-node-column,A,1.0.0,docs-00100,scan,q003,rare,6,0,54.752
2026-09-16-node-column,B,2.0.1,docs-00100,scan,q003,rare,6,0,77.863
2026-09-16-node-column,B-node,fux 2.0.1 (node 24.13.0) — the read plane,docs-00100,node,q003,rare,6,0,62.921
2026-09-16-node-column,A,1.0.0,docs-00100,scan,q003,rare,7,0,51.836
2026-09-16-node-column,B,2.0.1,docs-00100,scan,q003,rare,7,0,77.617
2026-09-16-node-column,B-node,fux 2.0.1 (node 24.13.0) — the read plane,docs-00100,node,q003,rare,7,0,62.974
2026-09-16-node-column,A,1.0.0,docs-00100,scan,q003,rare,8,0,52.911
2026-09-16-node-column,B,2.0.1,docs-00100,scan,q003,rare,8,0,79.517
2026-09-16-node-column,B-node,fux 2.0.1 (node 24.13.0) — the read plane,docs-00100,node,q003,rare,8,0,63.812
2026-09-16-node-column,A,1.0.0,docs-00100,scan,q003,rare,9,0,51.928
2026-09-16-node-column,B,2.0.1,docs-00100,scan,q003,rare,9,0,77.412
2026-09-16-node-column,B-node,fux 2.0.1 (node 24.13.0) — the read plane,docs-00100,node,q003,rare,9,0,62.555
2026-09-16-node-column,A,1.0.0,docs-00100,scan,q003,rare,10,0,52.816
2026-09-16-node-column,B,2.0.1,docs-00100,scan,q003,rare,10,0,81.925
2026-09-16-node-column,B-node,fux 2.0.1 (node 24.13.0) — the read plane,docs-00100,node,q003,rare,10,0,64.726
2026-09-16-node-column,A,1.0.0,docs-00100,scan,q003,rare,11,0,55.485
2026-09-16-node-column,B,2.0.1,docs-00100,scan,q003,rare,11,0,77.053
2026-09-16-node-column,B-node,fux 2.0.1 (node 24.13.0) — the read plane,docs-00100,node,q003,rare,11,0,63.248
2026-09-16-node-column,A,1.0.0,docs-00100,scan,q003,rare,12,0,53.097
2026-09-16-node-column,B,2.0.1,docs-00100,scan,q003,rare,12,0,80.871
2026-09-16-node-column,B-node,fux 2.0.1 (node 24.13.0) — the read plane,docs-00100,node,q003,rare,12,0,62.811
2026-09-16-node-column,A,1.0.0,docs-00100,scan,q004,rare,0,1,51.846
2026-09-16-node-column,B,2.0.1,docs-00100,scan,q004,rare,0,1,76.902
2026-09-16-node-column,B-node,fux 2.0.1 (node 24.13.0) — the read plane,docs-00100,node,q004,rare,0,1,62.684
2026-09-16-node-column,A,1.0.0,docs-00100,scan,q004,rare,1,1,51.846
2026-09-16-node-column,B,2.0.1,docs-00100,scan,q004,rare,1,1,78.824
2026-09-16-node-column,B-node,fux 2.0.1 (node 24.13.0) — the read plane,docs-00100,node,q004,rare,1,1,63.108
2026-09-16-node-column,A,1.0.0,docs-00100,scan,q004,rare,2,1,52.956
2026-09-16-node-column,B,2.0.1,docs-00100,scan,q004,rare,2,1,77.614
2026-09-16-node-column,B-node,fux 2.0.1 (node 24.13.0) — the read plane,docs-00100,node,q004,rare,2,1,66.828
2026-09-16-node-column,A,1.0.0,docs-00100,scan,q004,rare,3,0,52.878
2026-09-16-node-column,B,2.0.1,docs-00100,scan,q004,rare,3,0,80.629
2026-09-16-node-column,B-node,fux 2.0.1 (node 24.13.0) — the read plane,docs-00100,node,q004,rare,3,0,63.138
2026-09-16-node-column,A,1.0.0,docs-00100,scan,q004,rare,4,0,51.990
2026-09-16-node-column,B,2.0.1,docs-00100,scan,q004,rare,4,0,79.294
2026-09-16-node-column,B-node,fux 2.0.1 (node 24.13.0) — the read plane,docs-00100,node,q004,rare,4,0,62.928
2026-09-16-node-column,A,1.0.0,docs-00100,scan,q004,rare,5,0,53.028
2026-09-16-node-column,B,2.0.1,docs-00100,scan,q004,rare,5,0,78.682
2026-09-16-node-column,B-node,fux 2.0.1 (node 24.13.0) — the read plane,docs-00100,node,q004,rare,5,0,63.920
2026-09-16-node-column,A,1.0.0,docs-00100,scan,q004,rare,6,0,52.122
2026-09-16-node-column,B,2.0.1,docs-00100,scan,q004,rare,6,0,77.913
2026-09-16-node-column,B-node,fux 2.0.1 (node 24.13.0) — the read plane,docs-00100,node,q004,rare,6,0,63.048
2026-09-16-node-column,A,1.0.0,docs-00100,scan,q004,rare,7,0,53.407
2026-09-16-node-column,B,2.0.1,docs-00100,scan,q004,rare,7,0,78.913
2026-09-16-node-column,B-node,fux 2.0.1 (node 24.13.0) — the read plane,docs-00100,node,q004,rare,7,0,62.913
2026-09-16-node-column,A,1.0.0,docs-00100,scan,q004,rare,8,0,51.950
2026-09-16-node-column,B,2.0.1,docs-00100,scan,q004,rare,8,0,78.900
2026-09-16-node-column,B-node,fux 2.0.1 (node 24.13.0) — the read plane,docs-00100,node,q004,rare,8,0,63.251
2026-09-16-node-column,A,1.0.0,docs-00100,scan,q004,rare,9,0,51.818
2026-09-16-node-column,B,2.0.1,docs-00100,scan,q004,rare,9,0,79.479
2026-09-16-node-column,B-node,fux 2.0.1 (node 24.13.0) — the read plane,docs-00100,node,q004,rare,9,0,63.338
2026-09-16-node-column,A,1.0.0,docs-00100,scan,q004,rare,10,0,52.311
2026-09-16-node-column,B,2.0.1,docs-00100,scan,q004,rare,10,0,78.780
2026-09-16-node-column,B-node,fux 2.0.1 (node 24.13.0) — the read plane,docs-00100,node,q004,rare,10,0,62.791
2026-09-16-node-column,A,1.0.0,docs-00100,scan,q004,rare,11,0,51.992
2026-09-16-node-column,B,2.0.1,docs-00100,scan,q004,rare,11,0,78.948
2026-09-16-node-column,B-node,fux 2.0.1 (node 24.13.0) — the read plane,docs-00100,node,q004,rare,11,0,62.314
2026-09-16-node-column,A,1.0.0,docs-00100,scan,q004,rare,12,0,53.371
2026-09-16-node-column,B,2.0.1,docs-00100,scan,q004,rare,12,0,77.011
2026-09-16-node-column,B-node,fux 2.0.1 (node 24.13.0) — the read plane,docs-00100,node,q004,rare,12,0,63.539
2026-09-16-node-column,A,1.0.0,docs-00100,scan,q005,rare,0,1,51.584
2026-09-16-node-column,B,2.0.1,docs-00100,scan,q005,rare,0,1,77.390
2026-09-16-node-column,B-node,fux 2.0.1 (node 24.13.0) — the read plane,docs-00100,node,q005,rare,0,1,62.557
2026-09-16-node-column,A,1.0.0,docs-00100,scan,q005,rare,1,1,53.054
2026-09-16-node-column,B,2.0.1,docs-00100,scan,q005,rare,1,1,77.222
2026-09-16-node-column,B-node,fux 2.0.1 (node 24.13.0) — the read plane,docs-00100,node,q005,rare,1,1,63.865
2026-09-16-node-column,A,1.0.0,docs-00100,scan,q005,rare,2,1,52.184
2026-09-16-node-column,B,2.0.1,docs-00100,scan,q005,rare,2,1,78.769
2026-09-16-node-column,B-node,fux 2.0.1 (node 24.13.0) — the read plane,docs-00100,node,q005,rare,2,1,63.334
2026-09-16-node-column,A,1.0.0,docs-00100,scan,q005,rare,3,0,52.567
2026-09-16-node-column,B,2.0.1,docs-00100,scan,q005,rare,3,0,76.875
2026-09-16-node-column,B-node,fux 2.0.1 (node 24.13.0) — the read plane,docs-00100,node,q005,rare,3,0,62.828
2026-09-16-node-column,A,1.0.0,docs-00100,scan,q005,rare,4,0,53.043
2026-09-16-node-column,B,2.0.1,docs-00100,scan,q005,rare,4,0,78.666
2026-09-16-node-column,B-node,fux 2.0.1 (node 24.13.0) — the read plane,docs-00100,node,q005,rare,4,0,63.275
2026-09-16-node-column,A,1.0.0,docs-00100,scan,q005,rare,5,0,52.571
2026-09-16-node-column,B,2.0.1,docs-00100,scan,q005,rare,5,0,76.813
2026-09-16-node-column,B-node,fux 2.0.1 (node 24.13.0) — the read plane,docs-00100,node,q005,rare,5,0,62.602
2026-09-16-node-column,A,1.0.0,docs-00100,scan,q005,rare,6,0,52.362
2026-09-16-node-column,B,2.0.1,docs-00100,scan,q005,rare,6,0,78.891
2026-09-16-node-column,B-node,fux 2.0.1 (node 24.13.0) — the read plane,docs-00100,node,q005,rare,6,0,62.998
2026-09-16-node-column,A,1.0.0,docs-00100,scan,q005,rare,7,0,53.228
2026-09-16-node-column,B,2.0.1,docs-00100,scan,q005,rare,7,0,77.430
2026-09-16-node-column,B-node,fux 2.0.1 (node 24.13.0) — the read plane,docs-00100,node,q005,rare,7,0,62.500
2026-09-16-node-column,A,1.0.0,docs-00100,scan,q005,rare,8,0,52.692
2026-09-16-node-column,B,2.0.1,docs-00100,scan,q005,rare,8,0,78.899
2026-09-16-node-column,B-node,fux 2.0.1 (node 24.13.0) — the read plane,docs-00100,node,q005,rare,8,0,63.325
2026-09-16-node-column,A,1.0.0,docs-00100,scan,q005,rare,9,0,51.537
2026-09-16-node-column,B,2.0.1,docs-00100,scan,q005,rare,9,0,77.359
2026-09-16-node-column,B-node,fux 2.0.1 (node 24.13.0) — the read plane,docs-00100,node,q005,rare,9,0,62.858
2026-09-16-node-column,A,1.0.0,docs-00100,scan,q005,rare,10,0,53.703
2026-09-16-node-column,B,2.0.1,docs-00100,scan,q005,rare,10,0,77.339
2026-09-16-node-column,B-node,fux 2.0.1 (node 24.13.0) — the read plane,docs-00100,node,q005,rare,10,0,62.627
2026-09-16-node-column,A,1.0.0,docs-00100,scan,q005,rare,11,0,51.990
2026-09-16-node-column,B,2.0.1,docs-00100,scan,q005,rare,11,0,79.374
2026-09-16-node-column,B-node,fux 2.0.1 (node 24.13.0) — the read plane,docs-00100,node,q005,rare,11,0,62.513
2026-09-16-node-column,A,1.0.0,docs-00100,scan,q005,rare,12,0,51.526
2026-09-16-node-column,B,2.0.1,docs-00100,scan,q005,rare,12,0,77.295
2026-09-16-node-column,B-node,fux 2.0.1 (node 24.13.0) — the read plane,docs-00100,node,q005,rare,12,0,62.989
2026-09-16-node-column,A,1.0.0,docs-00100,scan,q006,rare,0,1,53.069
2026-09-16-node-column,B,2.0.1,docs-00100,scan,q006,rare,0,1,79.199
2026-09-16-node-column,B-node,fux 2.0.1 (node 24.13.0) — the read plane,docs-00100,node,q006,rare,0,1,63.330
2026-09-16-node-column,A,1.0.0,docs-00100,scan,q006,rare,1,1,52.882
2026-09-16-node-column,B,2.0.1,docs-00100,scan,q006,rare,1,1,78.860
2026-09-16-node-column,B-node,fux 2.0.1 (node 24.13.0) — the read plane,docs-00100,node,q006,rare,1,1,62.332
2026-09-16-node-column,A,1.0.0,docs-00100,scan,q006,rare,2,1,51.438
2026-09-16-node-column,B,2.0.1,docs-00100,scan,q006,rare,2,1,78.629
2026-09-16-node-column,B-node,fux 2.0.1 (node 24.13.0) — the read plane,docs-00100,node,q006,rare,2,1,62.109
2026-09-16-node-column,A,1.0.0,docs-00100,scan,q006,rare,3,0,52.417
2026-09-16-node-column,B,2.0.1,docs-00100,scan,q006,rare,3,0,76.770
2026-09-16-node-column,B-node,fux 2.0.1 (node 24.13.0) — the read plane,docs-00100,node,q006,rare,3,0,63.281
2026-09-16-node-column,A,1.0.0,docs-00100,scan,q006,rare,4,0,51.939
2026-09-16-node-column,B,2.0.1,docs-00100,scan,q006,rare,4,0,78.173
2026-09-16-node-column,B-node,fux 2.0.1 (node 24.13.0) — the read plane,docs-00100,node,q006,rare,4,0,62.521
2026-09-16-node-column,A,1.0.0,docs-00100,scan,q006,rare,5,0,52.623
2026-09-16-node-column,B,2.0.1,docs-00100,scan,q006,rare,5,0,77.065
2026-09-16-node-column,B-node,fux 2.0.1 (node 24.13.0) — the read plane,docs-00100,node,q006,rare,5,0,62.403
2026-09-16-node-column,A,1.0.0,docs-00100,scan,q006,rare,6,0,53.046
2026-09-16-node-column,B,2.0.1,docs-00100,scan,q006,rare,6,0,78.718
2026-09-16-node-column,B-node,fux 2.0.1 (node 24.13.0) — the read plane,docs-00100,node,q006,rare,6,0,62.493
2026-09-16-node-column,A,1.0.0,docs-00100,scan,q006,rare,7,0,51.320
2026-09-16-node-column,B,2.0.1,docs-00100,scan,q006,rare,7,0,79.060
2026-09-16-node-column,B-node,fux 2.0.1 (node 24.13.0) — the read plane,docs-00100,node,q006,rare,7,0,61.699
2026-09-16-node-column,A,1.0.0,docs-00100,scan,q006,rare,8,0,51.632
2026-09-16-node-column,B,2.0.1,docs-00100,scan,q006,rare,8,0,76.753
2026-09-16-node-column,B-node,fux 2.0.1 (node 24.13.0) — the read plane,docs-00100,node,q006,rare,8,0,63.062
2026-09-16-node-column,A,1.0.0,docs-00100,scan,q006,rare,9,0,51.883
2026-09-16-node-column,B,2.0.1,docs-00100,scan,q006,rare,9,0,77.049
2026-09-16-node-column,B-node,fux 2.0.1 (node 24.13.0) — the read plane,docs-00100,node,q006,rare,9,0,63.018
2026-09-16-node-column,A,1.0.0,docs-00100,scan,q006,rare,10,0,51.494
2026-09-16-node-column,B,2.0.1,docs-00100,scan,q006,rare,10,0,78.317
2026-09-16-node-column,B-node,fux 2.0.1 (node 24.13.0) — the read plane,docs-00100,node,q006,rare,10,0,61.688
2026-09-16-node-column,A,1.0.0,docs-00100,scan,q006,rare,11,0,51.619
2026-09-16-node-column,B,2.0.1,docs-00100,scan,q006,rare,11,0,76.631
2026-09-16-node-column,B-node,fux 2.0.1 (node 24.13.0) — the read plane,docs-00100,node,q006,rare,11,0,62.839
2026-09-16-node-column,A,1.0.0,docs-00100,scan,q006,rare,12,0,53.327
2026-09-16-node-column,B,2.0.1,docs-00100,scan,q006,rare,12,0,79.523
2026-09-16-node-column,B-node,fux 2.0.1 (node 24.13.0) — the read plane,docs-00100,node,q006,rare,12,0,62.750
2026-09-16-node-column,A,1.0.0,docs-00100,scan,q007,rare,0,1,52.533
2026-09-16-node-column,B,2.0.1,docs-00100,scan,q007,rare,0,1,76.959
2026-09-16-node-column,B-node,fux 2.0.1 (node 24.13.0) — the read plane,docs-00100,node,q007,rare,0,1,64.193
2026-09-16-node-column,A,1.0.0,docs-00100,scan,q007,rare,1,1,52.256
2026-09-16-node-column,B,2.0.1,docs-00100,scan,q007,rare,1,1,78.876
2026-09-16-node-column,B-node,fux 2.0.1 (node 24.13.0) — the read plane,docs-00100,node,q007,rare,1,1,62.756
2026-09-16-node-column,A,1.0.0,docs-00100,scan,q007,rare,2,1,52.589
2026-09-16-node-column,B,2.0.1,docs-00100,scan,q007,rare,2,1,76.783
2026-09-16-node-column,B-node,fux 2.0.1 (node 24.13.0) — the read plane,docs-00100,node,q007,rare,2,1,62.505
2026-09-16-node-column,A,1.0.0,docs-00100,scan,q007,rare,3,0,74.163
2026-09-16-node-column,B,2.0.1,docs-00100,scan,q007,rare,3,0,141.160
2026-09-16-node-column,B-node,fux 2.0.1 (node 24.13.0) — the read plane,docs-00100,node,q007,rare,3,0,71.014
2026-09-16-node-column,A,1.0.0,docs-00100,scan,q007,rare,4,0,54.674
2026-09-16-node-column,B,2.0.1,docs-00100,scan,q007,rare,4,0,84.637
2026-09-16-node-column,B-node,fux 2.0.1 (node 24.13.0) — the read plane,docs-00100,node,q007,rare,4,0,66.318
2026-09-16-node-column,A,1.0.0,docs-00100,scan,q007,rare,5,0,53.952
2026-09-16-node-column,B,2.0.1,docs-00100,scan,q007,rare,5,0,152.511
2026-09-16-node-column,B-node,fux 2.0.1 (node 24.13.0) — the read plane,docs-00100,node,q007,rare,5,0,73.978
2026-09-16-node-column,A,1.0.0,docs-00100,scan,q007,rare,6,0,63.403
2026-09-16-node-column,B,2.0.1,docs-00100,scan,q007,rare,6,0,86.154
2026-09-16-node-column,B-node,fux 2.0.1 (node 24.13.0) — the read plane,docs-00100,node,q007,rare,6,0,65.256
2026-09-16-node-column,A,1.0.0,docs-00100,scan,q007,rare,7,0,53.476
2026-09-16-node-column,B,2.0.1,docs-00100,scan,q007,rare,7,0,82.583
2026-09-16-node-column,B-node,fux 2.0.1 (node 24.13.0) — the read plane,docs-00100,node,q007,rare,7,0,66.013
2026-09-16-node-column,A,1.0.0,docs-00100,scan,q007,rare,8,0,54.283
2026-09-16-node-column,B,2.0.1,docs-00100,scan,q007,rare,8,0,78.170
2026-09-16-node-column,B-node,fux 2.0.1 (node 24.13.0) — the read plane,docs-00100,node,q007,rare,8,0,64.303
2026-09-16-node-column,A,1.0.0,docs-00100,scan,q007,rare,9,0,53.784
2026-09-16-node-column,B,2.0.1,docs-00100,scan,q007,rare,9,0,79.879
2026-09-16-node-column,B-node,fux 2.0.1 (node 24.13.0) — the read plane,docs-00100,node,q007,rare,9,0,65.380
2026-09-16-node-column,A,1.0.0,docs-00100,scan,q007,rare,10,0,55.373
2026-09-16-node-column,B,2.0.1,docs-00100,scan,q007,rare,10,0,80.942
2026-09-16-node-column,B-node,fux 2.0.1 (node 24.13.0) — the read plane,docs-00100,node,q007,rare,10,0,64.818
2026-09-16-node-column,A,1.0.0,docs-00100,scan,q007,rare,11,0,54.653
2026-09-16-node-column,B,2.0.1,docs-00100,scan,q007,rare,11,0,81.004
2026-09-16-node-column,B-node,fux 2.0.1 (node 24.13.0) — the read plane,docs-00100,node,q007,rare,11,0,64.230
2026-09-16-node-column,A,1.0.0,docs-00100,scan,q007,rare,12,0,78.781
2026-09-16-node-column,B,2.0.1,docs-00100,scan,q007,rare,12,0,79.651
2026-09-16-node-column,B-node,fux 2.0.1 (node 24.13.0) — the read plane,docs-00100,node,q007,rare,12,0,64.729
2026-09-16-node-column,A,1.0.0,docs-00100,scan,q008,rare,0,1,54.821
2026-09-16-node-column,B,2.0.1,docs-00100,scan,q008,rare,0,1,80.359
2026-09-16-node-column,B-node,fux 2.0.1 (node 24.13.0) — the read plane,docs-00100,node,q008,rare,0,1,63.329
2026-09-16-node-column,A,1.0.0,docs-00100,scan,q008,rare,1,1,53.713
2026-09-16-node-column,B,2.0.1,docs-00100,scan,q008,rare,1,1,81.637
2026-09-16-node-column,B-node,fux 2.0.1 (node 24.13.0) — the read plane,docs-00100,node,q008,rare,1,1,66.453
2026-09-16-node-column,A,1.0.0,docs-00100,scan,q008,rare,2,1,54.705
2026-09-16-node-column,B,2.0.1,docs-00100,scan,q008,rare,2,1,81.232
2026-09-16-node-column,B-node,fux 2.0.1 (node 24.13.0) — the read plane,docs-00100,node,q008,rare,2,1,65.365
2026-09-16-node-column,A,1.0.0,docs-00100,scan,q008,rare,3,0,53.935
2026-09-16-node-column,B,2.0.1,docs-00100,scan,q008,rare,3,0,78.601
2026-09-16-node-column,B-node,fux 2.0.1 (node 24.13.0) — the read plane,docs-00100,node,q008,rare,3,0,65.192
2026-09-16-node-column,A,1.0.0,docs-00100,scan,q008,rare,4,0,53.290
2026-09-16-node-column,B,2.0.1,docs-00100,scan,q008,rare,4,0,80.262
2026-09-16-node-column,B-node,fux 2.0.1 (node 24.13.0) — the read plane,docs-00100,node,q008,rare,4,0,63.350
2026-09-16-node-column,A,1.0.0,docs-00100,scan,q008,rare,5,0,56.439
2026-09-16-node-column,B,2.0.1,docs-00100,scan,q008,rare,5,0,80.092
2026-09-16-node-column,B-node,fux 2.0.1 (node 24.13.0) — the read plane,docs-00100,node,q008,rare,5,0,65.973
2026-09-16-node-column,A,1.0.0,docs-00100,scan,q008,rare,6,0,53.352
2026-09-16-node-column,B,2.0.1,docs-00100,scan,q008,rare,6,0,79.532
2026-09-16-node-column,B-node,fux 2.0.1 (node 24.13.0) — the read plane,docs-00100,node,q008,rare,6,0,64.397
2026-09-16-node-column,A,1.0.0,docs-00100,scan,q008,rare,7,0,53.716
2026-09-16-node-column,B,2.0.1,docs-00100,scan,q008,rare,7,0,80.626
2026-09-16-node-column,B-node,fux 2.0.1 (node 24.13.0) — the read plane,docs-00100,node,q008,rare,7,0,63.903
2026-09-16-node-column,A,1.0.0,docs-00100,scan,q008,rare,8,0,53.515
2026-09-16-node-column,B,2.0.1,docs-00100,scan,q008,rare,8,0,79.662
2026-09-16-node-column,B-node,fux 2.0.1 (node 24.13.0) — the read plane,docs-00100,node,q008,rare,8,0,65.492
2026-09-16-node-column,A,1.0.0,docs-00100,scan,q008,rare,9,0,53.622
2026-09-16-node-column,B,2.0.1,docs-00100,scan,q008,rare,9,0,80.738
2026-09-16-node-column,B-node,fux 2.0.1 (node 24.13.0) — the read plane,docs-00100,node,q008,rare,9,0,65.352
2026-09-16-node-column,A,1.0.0,docs-00100,scan,q008,rare,10,0,54.645
2026-09-16-node-column,B,2.0.1,docs-00100,scan,q008,rare,10,0,81.837
2026-09-16-node-column,B-node,fux 2.0.1 (node 24.13.0) — the read plane,docs-00100,node,q008,rare,10,0,63.977
2026-09-16-node-column,A,1.0.0,docs-00100,scan,q008,rare,11,0,53.482
2026-09-16-node-column,B,2.0.1,docs-00100,scan,q008,rare,11,0,79.750
2026-09-16-node-column,B-node,fux 2.0.1 (node 24.13.0) — the read plane,docs-00100,node,q008,rare,11,0,64.135
2026-09-16-node-column,A,1.0.0,docs-00100,scan,q008,rare,12,0,53.256
2026-09-16-node-column,B,2.0.1,docs-00100,scan,q008,rare,12,0,79.700
2026-09-16-node-column,B-node,fux 2.0.1 (node 24.13.0) — the read plane,docs-00100,node,q008,rare,12,0,62.906
2026-09-16-node-column,A,1.0.0,docs-00100,scan,q009,rare,0,1,52.115
2026-09-16-node-column,B,2.0.1,docs-00100,scan,q009,rare,0,1,78.621
2026-09-16-node-column,B-node,fux 2.0.1 (node 24.13.0) — the read plane,docs-00100,node,q009,rare,0,1,62.745
2026-09-16-node-column,A,1.0.0,docs-00100,scan,q009,rare,1,1,53.677
2026-09-16-node-column,B,2.0.1,docs-00100,scan,q009,rare,1,1,80.392
2026-09-16-node-column,B-node,fux 2.0.1 (node 24.13.0) — the read plane,docs-00100,node,q009,rare,1,1,64.114
2026-09-16-node-column,A,1.0.0,docs-00100,scan,q009,rare,2,1,54.258
2026-09-16-node-column,B,2.0.1,docs-00100,scan,q009,rare,2,1,80.391
2026-09-16-node-column,B-node,fux 2.0.1 (node 24.13.0) — the read plane,docs-00100,node,q009,rare,2,1,77.721
2026-09-16-node-column,A,1.0.0,docs-00100,scan,q009,rare,3,0,65.066
2026-09-16-node-column,B,2.0.1,docs-00100,scan,q009,rare,3,0,78.692
2026-09-16-node-column,B-node,fux 2.0.1 (node 24.13.0) — the read plane,docs-00100,node,q009,rare,3,0,64.031
2026-09-16-node-column,A,1.0.0,docs-00100,scan,q009,rare,4,0,56.468
2026-09-16-node-column,B,2.0.1,docs-00100,scan,q009,rare,4,0,79.567
2026-09-16-node-column,B-node,fux 2.0.1 (node 24.13.0) — the read plane,docs-00100,node,q009,rare,4,0,63.388
2026-09-16-node-column,A,1.0.0,docs-00100,scan,q009,rare,5,0,53.575
2026-09-16-node-column,B,2.0.1,docs-00100,scan,q009,rare,5,0,80.194
2026-09-16-node-column,B-node,fux 2.0.1 (node 24.13.0) — the read plane,docs-00100,node,q009,rare,5,0,64.190
2026-09-16-node-column,A,1.0.0,docs-00100,scan,q009,rare,6,0,53.469
2026-09-16-node-column,B,2.0.1,docs-00100,scan,q009,rare,6,0,80.924
2026-09-16-node-column,B-node,fux 2.0.1 (node 24.13.0) — the read plane,docs-00100,node,q009,rare,6,0,63.867
2026-09-16-node-column,A,1.0.0,docs-00100,scan,q009,rare,7,0,56.250
2026-09-16-node-column,B,2.0.1,docs-00100,scan,q009,rare,7,0,80.054
2026-09-16-node-column,B-node,fux 2.0.1 (node 24.13.0) — the read plane,docs-00100,node,q009,rare,7,0,63.969
2026-09-16-node-column,A,1.0.0,docs-00100,scan,q009,rare,8,0,52.656
2026-09-16-node-column,B,2.0.1,docs-00100,scan,q009,rare,8,0,78.477
2026-09-16-node-column,B-node,fux 2.0.1 (node 24.13.0) — the read plane,docs-00100,node,q009,rare,8,0,63.707
2026-09-16-node-column,A,1.0.0,docs-00100,scan,q009,rare,9,0,53.197
2026-09-16-node-column,B,2.0.1,docs-00100,scan,q009,rare,9,0,79.238
2026-09-16-node-column,B-node,fux 2.0.1 (node 24.13.0) — the read plane,docs-00100,node,q009,rare,9,0,63.555
2026-09-16-node-column,A,1.0.0,docs-00100,scan,q009,rare,10,0,53.408
2026-09-16-node-column,B,2.0.1,docs-00100,scan,q009,rare,10,0,77.897
2026-09-16-node-column,B-node,fux 2.0.1 (node 24.13.0) — the read plane,docs-00100,node,q009,rare,10,0,63.878
2026-09-16-node-column,A,1.0.0,docs-00100,scan,q009,rare,11,0,52.819
2026-09-16-node-column,B,2.0.1,docs-00100,scan,q009,rare,11,0,80.507
2026-09-16-node-column,B-node,fux 2.0.1 (node 24.13.0) — the read plane,docs-00100,node,q009,rare,11,0,63.982
2026-09-16-node-column,A,1.0.0,docs-00100,scan,q009,rare,12,0,52.876
2026-09-16-node-column,B,2.0.1,docs-00100,scan,q009,rare,12,0,79.623
2026-09-16-node-column,B-node,fux 2.0.1 (node 24.13.0) — the read plane,docs-00100,node,q009,rare,12,0,63.455
2026-09-16-node-column,A,1.0.0,docs-00100,scan,q010,rare,0,1,53.711
2026-09-16-node-column,B,2.0.1,docs-00100,scan,q010,rare,0,1,78.310
2026-09-16-node-column,B-node,fux 2.0.1 (node 24.13.0) — the read plane,docs-00100,node,q010,rare,0,1,67.423
2026-09-16-node-column,A,1.0.0,docs-00100,scan,q010,rare,1,1,56.956
2026-09-16-node-column,B,2.0.1,docs-00100,scan,q010,rare,1,1,80.782
2026-09-16-node-column,B-node,fux 2.0.1 (node 24.13.0) — the read plane,docs-00100,node,q010,rare,1,1,66.374
2026-09-16-node-column,A,1.0.0,docs-00100,scan,q010,rare,2,1,54.347
2026-09-16-node-column,B,2.0.1,docs-00100,scan,q010,rare,2,1,78.711
2026-09-16-node-column,B-node,fux 2.0.1 (node 24.13.0) — the read plane,docs-00100,node,q010,rare,2,1,63.487
2026-09-16-node-column,A,1.0.0,docs-00100,scan,q010,rare,3,0,53.014
2026-09-16-node-column,B,2.0.1,docs-00100,scan,q010,rare,3,0,79.010
2026-09-16-node-column,B-node,fux 2.0.1 (node 24.13.0) — the read plane,docs-00100,node,q010,rare,3,0,63.356
2026-09-16-node-column,A,1.0.0,docs-00100,scan,q010,rare,4,0,52.990
2026-09-16-node-column,B,2.0.1,docs-00100,scan,q010,rare,4,0,78.788
2026-09-16-node-column,B-node,fux 2.0.1 (node 24.13.0) — the read plane,docs-00100,node,q010,rare,4,0,62.808
2026-09-16-node-column,A,1.0.0,docs-00100,scan,q010,rare,5,0,52.698
2026-09-16-node-column,B,2.0.1,docs-00100,scan,q010,rare,5,0,79.466
2026-09-16-node-column,B-node,fux 2.0.1 (node 24.13.0) — the read plane,docs-00100,node,q010,rare,5,0,63.071
2026-09-16-node-column,A,1.0.0,docs-00100,scan,q010,rare,6,0,53.306
2026-09-16-node-column,B,2.0.1,docs-00100,scan,q010,rare,6,0,78.847
2026-09-16-node-column,B-node,fux 2.0.1 (node 24.13.0) — the read plane,docs-00100,node,q010,rare,6,0,63.235
2026-09-16-node-column,A,1.0.0,docs-00100,scan,q010,rare,7,0,52.444
2026-09-16-node-column,B,2.0.1,docs-00100,scan,q010,rare,7,0,79.942
2026-09-16-node-column,B-node,fux 2.0.1 (node 24.13.0) — the read plane,docs-00100,node,q010,rare,7,0,63.039
2026-09-16-node-column,A,1.0.0,docs-00100,scan,q010,rare,8,0,52.671
2026-09-16-node-column,B,2.0.1,docs-00100,scan,q010,rare,8,0,78.181
2026-09-16-node-column,B-node,fux 2.0.1 (node 24.13.0) — the read plane,docs-00100,node,q010,rare,8,0,63.311
2026-09-16-node-column,A,1.0.0,docs-00100,scan,q010,rare,9,0,52.954
2026-09-16-node-column,B,2.0.1,docs-00100,scan,q010,rare,9,0,78.534
2026-09-16-node-column,B-node,fux 2.0.1 (node 24.13.0) — the read plane,docs-00100,node,q010,rare,9,0,63.872
2026-09-16-node-column,A,1.0.0,docs-00100,scan,q010,rare,10,0,52.853
2026-09-16-node-column,B,2.0.1,docs-00100,scan,q010,rare,10,0,79.588
2026-09-16-node-column,B-node,fux 2.0.1 (node 24.13.0) — the read plane,docs-00100,node,q010,rare,10,0,63.023
2026-09-16-node-column,A,1.0.0,docs-00100,scan,q010,rare,11,0,53.036
2026-09-16-node-column,B,2.0.1,docs-00100,scan,q010,rare,11,0,78.827
2026-09-16-node-column,B-node,fux 2.0.1 (node 24.13.0) — the read plane,docs-00100,node,q010,rare,11,0,63.580
2026-09-16-node-column,A,1.0.0,docs-00100,scan,q010,rare,12,0,52.914
2026-09-16-node-column,B,2.0.1,docs-00100,scan,q010,rare,12,0,77.796
2026-09-16-node-column,B-node,fux 2.0.1 (node 24.13.0) — the read plane,docs-00100,node,q010,rare,12,0,62.882
2026-09-16-node-column,A,1.0.0,docs-00100,scan,q011,common,0,1,52.370
2026-09-16-node-column,B,2.0.1,docs-00100,scan,q011,common,0,1,76.628
2026-09-16-node-column,B-node,fux 2.0.1 (node 24.13.0) — the read plane,docs-00100,node,q011,common,0,1,63.286
2026-09-16-node-column,A,1.0.0,docs-00100,scan,q011,common,1,1,52.517
2026-09-16-node-column,B,2.0.1,docs-00100,scan,q011,common,1,1,77.495
2026-09-16-node-column,B-node,fux 2.0.1 (node 24.13.0) — the read plane,docs-00100,node,q011,common,1,1,63.774
2026-09-16-node-column,A,1.0.0,docs-00100,scan,q011,common,2,1,52.227
2026-09-16-node-column,B,2.0.1,docs-00100,scan,q011,common,2,1,77.209
2026-09-16-node-column,B-node,fux 2.0.1 (node 24.13.0) — the read plane,docs-00100,node,q011,common,2,1,63.472
2026-09-16-node-column,A,1.0.0,docs-00100,scan,q011,common,3,0,52.097
2026-09-16-node-column,B,2.0.1,docs-00100,scan,q011,common,3,0,76.827
2026-09-16-node-column,B-node,fux 2.0.1 (node 24.13.0) — the read plane,docs-00100,node,q011,common,3,0,63.146
2026-09-16-node-column,A,1.0.0,docs-00100,scan,q011,common,4,0,52.194
2026-09-16-node-column,B,2.0.1,docs-00100,scan,q011,common,4,0,77.420
2026-09-16-node-column,B-node,fux 2.0.1 (node 24.13.0) — the read plane,docs-00100,node,q011,common,4,0,63.540
2026-09-16-node-column,A,1.0.0,docs-00100,scan,q011,common,5,0,50.908
2026-09-16-node-column,B,2.0.1,docs-00100,scan,q011,common,5,0,76.515
2026-09-16-node-column,B-node,fux 2.0.1 (node 24.13.0) — the read plane,docs-00100,node,q011,common,5,0,63.693
2026-09-16-node-column,A,1.0.0,docs-00100,scan,q011,common,6,0,52.490
2026-09-16-node-column,B,2.0.1,docs-00100,scan,q011,common,6,0,75.027
2026-09-16-node-column,B-node,fux 2.0.1 (node 24.13.0) — the read plane,docs-00100,node,q011,common,6,0,63.486
2026-09-16-node-column,A,1.0.0,docs-00100,scan,q011,common,7,0,52.386
2026-09-16-node-column,B,2.0.1,docs-00100,scan,q011,common,7,0,77.542
2026-09-16-node-column,B-node,fux 2.0.1 (node 24.13.0) — the read plane,docs-00100,node,q011,common,7,0,64.671
2026-09-16-node-column,A,1.0.0,docs-00100,scan,q011,common,8,0,51.560
2026-09-16-node-column,B,2.0.1,docs-00100,scan,q011,common,8,0,77.196
2026-09-16-node-column,B-node,fux 2.0.1 (node 24.13.0) — the read plane,docs-00100,node,q011,common,8,0,62.654
2026-09-16-node-column,A,1.0.0,docs-00100,scan,q011,common,9,0,52.578
2026-09-16-node-column,B,2.0.1,docs-00100,scan,q011,common,9,0,76.338
2026-09-16-node-column,B-node,fux 2.0.1 (node 24.13.0) — the read plane,docs-00100,node,q011,common,9,0,63.814
2026-09-16-node-column,A,1.0.0,docs-00100,scan,q011,common,10,0,51.827
2026-09-16-node-column,B,2.0.1,docs-00100,scan,q011,common,10,0,76.741
2026-09-16-node-column,B-node,fux 2.0.1 (node 24.13.0) — the read plane,docs-00100,node,q011,common,10,0,63.624
2026-09-16-node-column,A,1.0.0,docs-00100,scan,q011,common,11,0,52.241
2026-09-16-node-column,B,2.0.1,docs-00100,scan,q011,common,11,0,77.112
2026-09-16-node-column,B-node,fux 2.0.1 (node 24.13.0) — the read plane,docs-00100,node,q011,common,11,0,64.240
2026-09-16-node-column,A,1.0.0,docs-00100,scan,q011,common,12,0,52.303
2026-09-16-node-column,B,2.0.1,docs-00100,scan,q011,common,12,0,77.090
2026-09-16-node-column,B-node,fux 2.0.1 (node 24.13.0) — the read plane,docs-00100,node,q011,common,12,0,63.730
2026-09-16-node-column,A,1.0.0,docs-00100,scan,q012,common,0,1,52.046
2026-09-16-node-column,B,2.0.1,docs-00100,scan,q012,common,0,1,79.560
2026-09-16-node-column,B-node,fux 2.0.1 (node 24.13.0) — the read plane,docs-00100,node,q012,common,0,1,63.700
2026-09-16-node-column,A,1.0.0,docs-00100,scan,q012,common,1,1,53.493
2026-09-16-node-column,B,2.0.1,docs-00100,scan,q012,common,1,1,79.331
2026-09-16-node-column,B-node,fux 2.0.1 (node 24.13.0) — the read plane,docs-00100,node,q012,common,1,1,63.155
2026-09-16-node-column,A,1.0.0,docs-00100,scan,q012,common,2,1,55.149
2026-09-16-node-column,B,2.0.1,docs-00100,scan,q012,common,2,1,80.015
2026-09-16-node-column,B-node,fux 2.0.1 (node 24.13.0) — the read plane,docs-00100,node,q012,common,2,1,63.154
2026-09-16-node-column,A,1.0.0,docs-00100,scan,q012,common,3,0,53.475
2026-09-16-node-column,B,2.0.1,docs-00100,scan,q012,common,3,0,83.956
2026-09-16-node-column,B-node,fux 2.0.1 (node 24.13.0) — the read plane,docs-00100,node,q012,common,3,0,66.375
2026-09-16-node-column,A,1.0.0,docs-00100,scan,q012,common,4,0,56.683
2026-09-16-node-column,B,2.0.1,docs-00100,scan,q012,common,4,0,79.099
2026-09-16-node-column,B-node,fux 2.0.1 (node 24.13.0) — the read plane,docs-00100,node,q012,common,4,0,63.614
2026-09-16-node-column,A,1.0.0,docs-00100,scan,q012,common,5,0,52.903
2026-09-16-node-column,B,2.0.1,docs-00100,scan,q012,common,5,0,77.233
2026-09-16-node-column,B-node,fux 2.0.1 (node 24.13.0) — the read plane,docs-00100,node,q012,common,5,0,63.670
2026-09-16-node-column,A,1.0.0,docs-00100,scan,q012,common,6,0,53.451
2026-09-16-node-column,B,2.0.1,docs-00100,scan,q012,common,6,0,78.830
2026-09-16-node-column,B-node,fux 2.0.1 (node 24.13.0) — the read plane,docs-00100,node,q012,common,6,0,61.865
2026-09-16-node-column,A,1.0.0,docs-00100,scan,q012,common,7,0,52.987
2026-09-16-node-column,B,2.0.1,docs-00100,scan,q012,common,7,0,78.104
2026-09-16-node-column,B-node,fux 2.0.1 (node 24.13.0) — the read plane,docs-00100,node,q012,common,7,0,64.612
2026-09-16-node-column,A,1.0.0,docs-00100,scan,q012,common,8,0,52.891
2026-09-16-node-column,B,2.0.1,docs-00100,scan,q012,common,8,0,77.910
2026-09-16-node-column,B-node,fux 2.0.1 (node 24.13.0) — the read plane,docs-00100,node,q012,common,8,0,62.890
2026-09-16-node-column,A,1.0.0,docs-00100,scan,q012,common,9,0,53.486
2026-09-16-node-column,B,2.0.1,docs-00100,scan,q012,common,9,0,78.224
2026-09-16-node-column,B-node,fux 2.0.1 (node 24.13.0) — the read plane,docs-00100,node,q012,common,9,0,62.165
2026-09-16-node-column,A,1.0.0,docs-00100,scan,q012,common,10,0,52.948
2026-09-16-node-column,B,2.0.1,docs-00100,scan,q012,common,10,0,83.189
2026-09-16-node-column,B-node,fux 2.0.1 (node 24.13.0) — the read plane,docs-00100,node,q012,common,10,0,63.986
2026-09-16-node-column,A,1.0.0,docs-00100,scan,q012,common,11,0,52.792
2026-09-16-node-column,B,2.0.1,docs-00100,scan,q012,common,11,0,78.246
2026-09-16-node-column,B-node,fux 2.0.1 (node 24.13.0) — the read plane,docs-00100,node,q012,common,11,0,62.853
2026-09-16-node-column,A,1.0.0,docs-00100,scan,q012,common,12,0,51.924
2026-09-16-node-column,B,2.0.1,docs-00100,scan,q012,common,12,0,78.121
2026-09-16-node-column,B-node,fux 2.0.1 (node 24.13.0) — the read plane,docs-00100,node,q012,common,12,0,63.812
2026-09-16-node-column,A,1.0.0,docs-00100,scan,q013,common,0,1,52.416
2026-09-16-node-column,B,2.0.1,docs-00100,scan,q013,common,0,1,76.873
2026-09-16-node-column,B-node,fux 2.0.1 (node 24.13.0) — the read plane,docs-00100,node,q013,common,0,1,63.153
2026-09-16-node-column,A,1.0.0,docs-00100,scan,q013,common,1,1,51.254
2026-09-16-node-column,B,2.0.1,docs-00100,scan,q013,common,1,1,77.049
2026-09-16-node-column,B-node,fux 2.0.1 (node 24.13.0) — the read plane,docs-00100,node,q013,common,1,1,63.155
2026-09-16-node-column,A,1.0.0,docs-00100,scan,q013,common,2,1,52.807
2026-09-16-node-column,B,2.0.1,docs-00100,scan,q013,common,2,1,77.219
2026-09-16-node-column,B-node,fux 2.0.1 (node 24.13.0) — the read plane,docs-00100,node,q013,common,2,1,63.231
2026-09-16-node-column,A,1.0.0,docs-00100,scan,q013,common,3,0,52.549
2026-09-16-node-column,B,2.0.1,docs-00100,scan,q013,common,3,0,75.577
2026-09-16-node-column,B-node,fux 2.0.1 (node 24.13.0) — the read plane,docs-00100,node,q013,common,3,0,63.012
2026-09-16-node-column,A,1.0.0,docs-00100,scan,q013,common,4,0,52.697
2026-09-16-node-column,B,2.0.1,docs-00100,scan,q013,common,4,0,76.474
2026-09-16-node-column,B-node,fux 2.0.1 (node 24.13.0) — the read plane,docs-00100,node,q013,common,4,0,62.616
2026-09-16-node-column,A,1.0.0,docs-00100,scan,q013,common,5,0,51.103
2026-09-16-node-column,B,2.0.1,docs-00100,scan,q013,common,5,0,76.545
2026-09-16-node-column,B-node,fux 2.0.1 (node 24.13.0) — the read plane,docs-00100,node,q013,common,5,0,63.092
2026-09-16-node-column,A,1.0.0,docs-00100,scan,q013,common,6,0,51.487
2026-09-16-node-column,B,2.0.1,docs-00100,scan,q013,common,6,0,76.232
2026-09-16-node-column,B-node,fux 2.0.1 (node 24.13.0) — the read plane,docs-00100,node,q013,common,6,0,62.924
2026-09-16-node-column,A,1.0.0,docs-00100,scan,q013,common,7,0,51.989
2026-09-16-node-column,B,2.0.1,docs-00100,scan,q013,common,7,0,104.700
2026-09-16-node-column,B-node,fux 2.0.1 (node 24.13.0) — the read plane,docs-00100,node,q013,common,7,0,64.395
2026-09-16-node-column,A,1.0.0,docs-00100,scan,q013,common,8,0,52.651
2026-09-16-node-column,B,2.0.1,docs-00100,scan,q013,common,8,0,79.559
2026-09-16-node-column,B-node,fux 2.0.1 (node 24.13.0) — the read plane,docs-00100,node,q013,common,8,0,70.168
2026-09-16-node-column,A,1.0.0,docs-00100,scan,q013,common,9,0,54.044
2026-09-16-node-column,B,2.0.1,docs-00100,scan,q013,common,9,0,81.131
2026-09-16-node-column,B-node,fux 2.0.1 (node 24.13.0) — the read plane,docs-00100,node,q013,common,9,0,66.064
2026-09-16-node-column,A,1.0.0,docs-00100,scan,q013,common,10,0,53.959
2026-09-16-node-column,B,2.0.1,docs-00100,scan,q013,common,10,0,78.405
2026-09-16-node-column,B-node,fux 2.0.1 (node 24.13.0) — the read plane,docs-00100,node,q013,common,10,0,63.600
2026-09-16-node-column,A,1.0.0,docs-00100,scan,q013,common,11,0,52.554
2026-09-16-node-column,B,2.0.1,docs-00100,scan,q013,common,11,0,77.812
2026-09-16-node-column,B-node,fux 2.0.1 (node 24.13.0) — the read plane,docs-00100,node,q013,common,11,0,65.078
2026-09-16-node-column,A,1.0.0,docs-00100,scan,q013,common,12,0,52.322
2026-09-16-node-column,B,2.0.1,docs-00100,scan,q013,common,12,0,78.446
2026-09-16-node-column,B-node,fux 2.0.1 (node 24.13.0) — the read plane,docs-00100,node,q013,common,12,0,62.987
2026-09-16-node-column,A,1.0.0,docs-00100,scan,q014,common,0,1,52.814
2026-09-16-node-column,B,2.0.1,docs-00100,scan,q014,common,0,1,77.707
2026-09-16-node-column,B-node,fux 2.0.1 (node 24.13.0) — the read plane,docs-00100,node,q014,common,0,1,62.902
2026-09-16-node-column,A,1.0.0,docs-00100,scan,q014,common,1,1,51.605
2026-09-16-node-column,B,2.0.1,docs-00100,scan,q014,common,1,1,79.576
2026-09-16-node-column,B-node,fux 2.0.1 (node 24.13.0) — the read plane,docs-00100,node,q014,common,1,1,63.726
2026-09-16-node-column,A,1.0.0,docs-00100,scan,q014,common,2,1,50.980
2026-09-16-node-column,B,2.0.1,docs-00100,scan,q014,common,2,1,78.969
2026-09-16-node-column,B-node,fux 2.0.1 (node 24.13.0) — the read plane,docs-00100,node,q014,common,2,1,62.737
2026-09-16-node-column,A,1.0.0,docs-00100,scan,q014,common,3,0,51.924
2026-09-16-node-column,B,2.0.1,docs-00100,scan,q014,common,3,0,77.989
2026-09-16-node-column,B-node,fux 2.0.1 (node 24.13.0) — the read plane,docs-00100,node,q014,common,3,0,62.993
2026-09-16-node-column,A,1.0.0,docs-00100,scan,q014,common,4,0,51.151
2026-09-16-node-column,B,2.0.1,docs-00100,scan,q014,common,4,0,78.538
2026-09-16-node-column,B-node,fux 2.0.1 (node 24.13.0) — the read plane,docs-00100,node,q014,common,4,0,63.471
2026-09-16-node-column,A,1.0.0,docs-00100,scan,q014,common,5,0,51.809
2026-09-16-node-column,B,2.0.1,docs-00100,scan,q014,common,5,0,77.984
2026-09-16-node-column,B-node,fux 2.0.1 (node 24.13.0) — the read plane,docs-00100,node,q014,common,5,0,63.530
2026-09-16-node-column,A,1.0.0,docs-00100,scan,q014,common,6,0,52.188
2026-09-16-node-column,B,2.0.1,docs-00100,scan,q014,common,6,0,78.174
2026-09-16-node-column,B-node,fux 2.0.1 (node 24.13.0) — the read plane,docs-00100,node,q014,common,6,0,65.055
2026-09-16-node-column,A,1.0.0,docs-00100,scan,q014,common,7,0,53.306
2026-09-16-node-column,B,2.0.1,docs-00100,scan,q014,common,7,0,81.247
2026-09-16-node-column,B-node,fux 2.0.1 (node 24.13.0) — the read plane,docs-00100,node,q014,common,7,0,63.996
2026-09-16-node-column,A,1.0.0,docs-00100,scan,q014,common,8,0,52.598
2026-09-16-node-column,B,2.0.1,docs-00100,scan,q014,common,8,0,81.944
2026-09-16-node-column,B-node,fux 2.0.1 (node 24.13.0) — the read plane,docs-00100,node,q014,common,8,0,63.287
2026-09-16-node-column,A,1.0.0,docs-00100,scan,q014,common,9,0,53.016
2026-09-16-node-column,B,2.0.1,docs-00100,scan,q014,common,9,0,78.990
2026-09-16-node-column,B-node,fux 2.0.1 (node 24.13.0) — the read plane,docs-00100,node,q014,common,9,0,67.726
2026-09-16-node-column,A,1.0.0,docs-00100,scan,q014,common,10,0,54.047
2026-09-16-node-column,B,2.0.1,docs-00100,scan,q014,common,10,0,79.997
2026-09-16-node-column,B-node,fux 2.0.1 (node 24.13.0) — the read plane,docs-00100,node,q014,common,10,0,63.378
2026-09-16-node-column,A,1.0.0,docs-00100,scan,q014,common,11,0,52.204
2026-09-16-node-column,B,2.0.1,docs-00100,scan,q014,common,11,0,79.925
2026-09-16-node-column,B-node,fux 2.0.1 (node 24.13.0) — the read plane,docs-00100,node,q014,common,11,0,64.242
2026-09-16-node-column,A,1.0.0,docs-00100,scan,q014,common,12,0,51.993
2026-09-16-node-column,B,2.0.1,docs-00100,scan,q014,common,12,0,80.115
2026-09-16-node-column,B-node,fux 2.0.1 (node 24.13.0) — the read plane,docs-00100,node,q014,common,12,0,64.625
2026-09-16-node-column,A,1.0.0,docs-00100,scan,q015,common,0,1,52.356
2026-09-16-node-column,B,2.0.1,docs-00100,scan,q015,common,0,1,78.733
2026-09-16-node-column,B-node,fux 2.0.1 (node 24.13.0) — the read plane,docs-00100,node,q015,common,0,1,64.183
2026-09-16-node-column,A,1.0.0,docs-00100,scan,q015,common,1,1,53.069
2026-09-16-node-column,B,2.0.1,docs-00100,scan,q015,common,1,1,81.383
2026-09-16-node-column,B-node,fux 2.0.1 (node 24.13.0) — the read plane,docs-00100,node,q015,common,1,1,63.988
2026-09-16-node-column,A,1.0.0,docs-00100,scan,q015,common,2,1,52.577
2026-09-16-node-column,B,2.0.1,docs-00100,scan,q015,common,2,1,79.349
2026-09-16-node-column,B-node,fux 2.0.1 (node 24.13.0) — the read plane,docs-00100,node,q015,common,2,1,64.916
2026-09-16-node-column,A,1.0.0,docs-00100,scan,q015,common,3,0,52.731
2026-09-16-node-column,B,2.0.1,docs-00100,scan,q015,common,3,0,80.148
2026-09-16-node-column,B-node,fux 2.0.1 (node 24.13.0) — the read plane,docs-00100,node,q015,common,3,0,65.506
2026-09-16-node-column,A,1.0.0,docs-00100,scan,q015,common,4,0,54.721
2026-09-16-node-column,B,2.0.1,docs-00100,scan,q015,common,4,0,81.654
2026-09-16-node-column,B-node,fux 2.0.1 (node 24.13.0) — the read plane,docs-00100,node,q015,common,4,0,65.245
2026-09-16-node-column,A,1.0.0,docs-00100,scan,q015,common,5,0,53.435
2026-09-16-node-column,B,2.0.1,docs-00100,scan,q015,common,5,0,104.005
2026-09-16-node-column,B-node,fux 2.0.1 (node 24.13.0) — the read plane,docs-00100,node,q015,common,5,0,69.667
2026-09-16-node-column,A,1.0.0,docs-00100,scan,q015,common,6,0,56.651
2026-09-16-node-column,B,2.0.1,docs-00100,scan,q015,common,6,0,78.758
2026-09-16-node-column,B-node,fux 2.0.1 (node 24.13.0) — the read plane,docs-00100,node,q015,common,6,0,64.574
2026-09-16-node-column,A,1.0.0,docs-00100,scan,q015,common,7,0,52.285
2026-09-16-node-column,B,2.0.1,docs-00100,scan,q015,common,7,0,80.029
2026-09-16-node-column,B-node,fux 2.0.1 (node 24.13.0) — the read plane,docs-00100,node,q015,common,7,0,62.993
2026-09-16-node-column,A,1.0.0,docs-00100,scan,q015,common,8,0,52.555
2026-09-16-node-column,B,2.0.1,docs-00100,scan,q015,common,8,0,78.702
2026-09-16-node-column,B-node,fux 2.0.1 (node 24.13.0) — the read plane,docs-00100,node,q015,common,8,0,64.819
2026-09-16-node-column,A,1.0.0,docs-00100,scan,q015,common,9,0,53.367
2026-09-16-node-column,B,2.0.1,docs-00100,scan,q015,common,9,0,78.796
2026-09-16-node-column,B-node,fux 2.0.1 (node 24.13.0) — the read plane,docs-00100,node,q015,common,9,0,63.951
2026-09-16-node-column,A,1.0.0,docs-00100,scan,q015,common,10,0,52.253
2026-09-16-node-column,B,2.0.1,docs-00100,scan,q015,common,10,0,80.473
2026-09-16-node-column,B-node,fux 2.0.1 (node 24.13.0) — the read plane,docs-00100,node,q015,common,10,0,65.188
2026-09-16-node-column,A,1.0.0,docs-00100,scan,q015,common,11,0,53.640
2026-09-16-node-column,B,2.0.1,docs-00100,scan,q015,common,11,0,79.691
2026-09-16-node-column,B-node,fux 2.0.1 (node 24.13.0) — the read plane,docs-00100,node,q015,common,11,0,64.153
2026-09-16-node-column,A,1.0.0,docs-00100,scan,q015,common,12,0,52.097
2026-09-16-node-column,B,2.0.1,docs-00100,scan,q015,common,12,0,77.512
2026-09-16-node-column,B-node,fux 2.0.1 (node 24.13.0) — the read plane,docs-00100,node,q015,common,12,0,63.432
2026-09-16-node-column,A,1.0.0,docs-00100,scan,q016,common,0,1,52.041
2026-09-16-node-column,B,2.0.1,docs-00100,scan,q016,common,0,1,78.119
2026-09-16-node-column,B-node,fux 2.0.1 (node 24.13.0) — the read plane,docs-00100,node,q016,common,0,1,62.652
2026-09-16-node-column,A,1.0.0,docs-00100,scan,q016,common,1,1,52.523
2026-09-16-node-column,B,2.0.1,docs-00100,scan,q016,common,1,1,77.286
2026-09-16-node-column,B-node,fux 2.0.1 (node 24.13.0) — the read plane,docs-00100,node,q016,common,1,1,64.458
2026-09-16-node-column,A,1.0.0,docs-00100,scan,q016,common,2,1,52.002
2026-09-16-node-column,B,2.0.1,docs-00100,scan,q016,common,2,1,78.547
2026-09-16-node-column,B-node,fux 2.0.1 (node 24.13.0) — the read plane,docs-00100,node,q016,common,2,1,63.758
2026-09-16-node-column,A,1.0.0,docs-00100,scan,q016,common,3,0,52.303
2026-09-16-node-column,B,2.0.1,docs-00100,scan,q016,common,3,0,77.991
2026-09-16-node-column,B-node,fux 2.0.1 (node 24.13.0) — the read plane,docs-00100,node,q016,common,3,0,63.428
2026-09-16-node-column,A,1.0.0,docs-00100,scan,q016,common,4,0,53.700
2026-09-16-node-column,B,2.0.1,docs-00100,scan,q016,common,4,0,78.061
2026-09-16-node-column,B-node,fux 2.0.1 (node 24.13.0) — the read plane,docs-00100,node,q016,common,4,0,63.297
2026-09-16-node-column,A,1.0.0,docs-00100,scan,q016,common,5,0,51.496
2026-09-16-node-column,B,2.0.1,docs-00100,scan,q016,common,5,0,77.871
2026-09-16-node-column,B-node,fux 2.0.1 (node 24.13.0) — the read plane,docs-00100,node,q016,common,5,0,63.360
2026-09-16-node-column,A,1.0.0,docs-00100,scan,q016,common,6,0,52.894
2026-09-16-node-column,B,2.0.1,docs-00100,scan,q016,common,6,0,77.357
2026-09-16-node-column,B-node,fux 2.0.1 (node 24.13.0) — the read plane,docs-00100,node,q016,common,6,0,64.131
2026-09-16-node-column,A,1.0.0,docs-00100,scan,q016,common,7,0,52.572
2026-09-16-node-column,B,2.0.1,docs-00100,scan,q016,common,7,0,78.812
2026-09-16-node-column,B-node,fux 2.0.1 (node 24.13.0) — the read plane,docs-00100,node,q016,common,7,0,63.931
2026-09-16-node-column,A,1.0.0,docs-00100,scan,q016,common,8,0,52.363
2026-09-16-node-column,B,2.0.1,docs-00100,scan,q016,common,8,0,78.629
2026-09-16-node-column,B-node,fux 2.0.1 (node 24.13.0) — the read plane,docs-00100,node,q016,common,8,0,63.448
2026-09-16-node-column,A,1.0.0,docs-00100,scan,q016,common,9,0,51.837
2026-09-16-node-column,B,2.0.1,docs-00100,scan,q016,common,9,0,76.935
2026-09-16-node-column,B-node,fux 2.0.1 (node 24.13.0) — the read plane,docs-00100,node,q016,common,9,0,63.600
2026-09-16-node-column,A,1.0.0,docs-00100,scan,q016,common,10,0,52.670
2026-09-16-node-column,B,2.0.1,docs-00100,scan,q016,common,10,0,77.546
2026-09-16-node-column,B-node,fux 2.0.1 (node 24.13.0) — the read plane,docs-00100,node,q016,common,10,0,63.070
2026-09-16-node-column,A,1.0.0,docs-00100,scan,q016,common,11,0,52.070
2026-09-16-node-column,B,2.0.1,docs-00100,scan,q016,common,11,0,77.987
2026-09-16-node-column,B-node,fux 2.0.1 (node 24.13.0) — the read plane,docs-00100,node,q016,common,11,0,63.500
2026-09-16-node-column,A,1.0.0,docs-00100,scan,q016,common,12,0,50.933
2026-09-16-node-column,B,2.0.1,docs-00100,scan,q016,common,12,0,78.250
2026-09-16-node-column,B-node,fux 2.0.1 (node 24.13.0) — the read plane,docs-00100,node,q016,common,12,0,63.791
2026-09-16-node-column,A,1.0.0,docs-00100,scan,q017,common,0,1,53.438
2026-09-16-node-column,B,2.0.1,docs-00100,scan,q017,common,0,1,78.557
2026-09-16-node-column,B-node,fux 2.0.1 (node 24.13.0) — the read plane,docs-00100,node,q017,common,0,1,64.189
2026-09-16-node-column,A,1.0.0,docs-00100,scan,q017,common,1,1,52.101
2026-09-16-node-column,B,2.0.1,docs-00100,scan,q017,common,1,1,78.635
2026-09-16-node-column,B-node,fux 2.0.1 (node 24.13.0) — the read plane,docs-00100,node,q017,common,1,1,63.262
2026-09-16-node-column,A,1.0.0,docs-00100,scan,q017,common,2,1,53.279
2026-09-16-node-column,B,2.0.1,docs-00100,scan,q017,common,2,1,78.336
2026-09-16-node-column,B-node,fux 2.0.1 (node 24.13.0) — the read plane,docs-00100,node,q017,common,2,1,62.675
2026-09-16-node-column,A,1.0.0,docs-00100,scan,q017,common,3,0,52.469
2026-09-16-node-column,B,2.0.1,docs-00100,scan,q017,common,3,0,77.970
2026-09-16-node-column,B-node,fux 2.0.1 (node 24.13.0) — the read plane,docs-00100,node,q017,common,3,0,62.548
2026-09-16-node-column,A,1.0.0,docs-00100,scan,q017,common,4,0,52.362
2026-09-16-node-column,B,2.0.1,docs-00100,scan,q017,common,4,0,77.569
2026-09-16-node-column,B-node,fux 2.0.1 (node 24.13.0) — the read plane,docs-00100,node,q017,common,4,0,63.152
2026-09-16-node-column,A,1.0.0,docs-00100,scan,q017,common,5,0,52.589
2026-09-16-node-column,B,2.0.1,docs-00100,scan,q017,common,5,0,78.207
2026-09-16-node-column,B-node,fux 2.0.1 (node 24.13.0) — the read plane,docs-00100,node,q017,common,5,0,63.133
2026-09-16-node-column,A,1.0.0,docs-00100,scan,q017,common,6,0,51.804
2026-09-16-node-column,B,2.0.1,docs-00100,scan,q017,common,6,0,78.277
2026-09-16-node-column,B-node,fux 2.0.1 (node 24.13.0) — the read plane,docs-00100,node,q017,common,6,0,64.277
2026-09-16-node-column,A,1.0.0,docs-00100,scan,q017,common,7,0,52.285
2026-09-16-node-column,B,2.0.1,docs-00100,scan,q017,common,7,0,77.651
2026-09-16-node-column,B-node,fux 2.0.1 (node 24.13.0) — the read plane,docs-00100,node,q017,common,7,0,63.653
2026-09-16-node-column,A,1.0.0,docs-00100,scan,q017,common,8,0,51.482
2026-09-16-node-column,B,2.0.1,docs-00100,scan,q017,common,8,0,77.963
2026-09-16-node-column,B-node,fux 2.0.1 (node 24.13.0) — the read plane,docs-00100,node,q017,common,8,0,63.202
2026-09-16-node-column,A,1.0.0,docs-00100,scan,q017,common,9,0,52.821
2026-09-16-node-column,B,2.0.1,docs-00100,scan,q017,common,9,0,78.324
2026-09-16-node-column,B-node,fux 2.0.1 (node 24.13.0) — the read plane,docs-00100,node,q017,common,9,0,64.351
2026-09-16-node-column,A,1.0.0,docs-00100,scan,q017,common,10,0,52.283
2026-09-16-node-column,B,2.0.1,docs-00100,scan,q017,common,10,0,78.736
2026-09-16-node-column,B-node,fux 2.0.1 (node 24.13.0) — the read plane,docs-00100,node,q017,common,10,0,63.602
2026-09-16-node-column,A,1.0.0,docs-00100,scan,q017,common,11,0,51.147
2026-09-16-node-column,B,2.0.1,docs-00100,scan,q017,common,11,0,77.835
2026-09-16-node-column,B-node,fux 2.0.1 (node 24.13.0) — the read plane,docs-00100,node,q017,common,11,0,63.396
2026-09-16-node-column,A,1.0.0,docs-00100,scan,q017,common,12,0,52.332
2026-09-16-node-column,B,2.0.1,docs-00100,scan,q017,common,12,0,78.224
2026-09-16-node-column,B-node,fux 2.0.1 (node 24.13.0) — the read plane,docs-00100,node,q017,common,12,0,63.553
2026-09-16-node-column,A,1.0.0,docs-00100,scan,q018,common,0,1,51.701
2026-09-16-node-column,B,2.0.1,docs-00100,scan,q018,common,0,1,78.675
2026-09-16-node-column,B-node,fux 2.0.1 (node 24.13.0) — the read plane,docs-00100,node,q018,common,0,1,62.172
2026-09-16-node-column,A,1.0.0,docs-00100,scan,q018,common,1,1,53.246
2026-09-16-node-column,B,2.0.1,docs-00100,scan,q018,common,1,1,76.823
2026-09-16-node-column,B-node,fux 2.0.1 (node 24.13.0) — the read plane,docs-00100,node,q018,common,1,1,62.997
2026-09-16-node-column,A,1.0.0,docs-00100,scan,q018,common,2,1,51.315
2026-09-16-node-column,B,2.0.1,docs-00100,scan,q018,common,2,1,77.130
2026-09-16-node-column,B-node,fux 2.0.1 (node 24.13.0) — the read plane,docs-00100,node,q018,common,2,1,62.814
2026-09-16-node-column,A,1.0.0,docs-00100,scan,q018,common,3,0,51.839
2026-09-16-node-column,B,2.0.1,docs-00100,scan,q018,common,3,0,77.956
2026-09-16-node-column,B-node,fux 2.0.1 (node 24.13.0) — the read plane,docs-00100,node,q018,common,3,0,63.093
2026-09-16-node-column,A,1.0.0,docs-00100,scan,q018,common,4,0,53.433
2026-09-16-node-column,B,2.0.1,docs-00100,scan,q018,common,4,0,79.657
2026-09-16-node-column,B-node,fux 2.0.1 (node 24.13.0) — the read plane,docs-00100,node,q018,common,4,0,64.952
2026-09-16-node-column,A,1.0.0,docs-00100,scan,q018,common,5,0,51.839
2026-09-16-node-column,B,2.0.1,docs-00100,scan,q018,common,5,0,77.778
2026-09-16-node-column,B-node,fux 2.0.1 (node 24.13.0) — the read plane,docs-00100,node,q018,common,5,0,63.103
2026-09-16-node-column,A,1.0.0,docs-00100,scan,q018,common,6,0,51.602
2026-09-16-node-column,B,2.0.1,docs-00100,scan,q018,common,6,0,78.124
2026-09-16-node-column,B-node,fux 2.0.1 (node 24.13.0) — the read plane,docs-00100,node,q018,common,6,0,63.266
2026-09-16-node-column,A,1.0.0,docs-00100,scan,q018,common,7,0,51.882
2026-09-16-node-column,B,2.0.1,docs-00100,scan,q018,common,7,0,77.823
2026-09-16-node-column,B-node,fux 2.0.1 (node 24.13.0) — the read plane,docs-00100,node,q018,common,7,0,84.434
2026-09-16-node-column,A,1.0.0,docs-00100,scan,q018,common,8,0,51.249
2026-09-16-node-column,B,2.0.1,docs-00100,scan,q018,common,8,0,77.670
2026-09-16-node-column,B-node,fux 2.0.1 (node 24.13.0) — the read plane,docs-00100,node,q018,common,8,0,63.057
2026-09-16-node-column,A,1.0.0,docs-00100,scan,q018,common,9,0,53.684
2026-09-16-node-column,B,2.0.1,docs-00100,scan,q018,common,9,0,78.334
2026-09-16-node-column,B-node,fux 2.0.1 (node 24.13.0) — the read plane,docs-00100,node,q018,common,9,0,62.628
2026-09-16-node-column,A,1.0.0,docs-00100,scan,q018,common,10,0,51.631
2026-09-16-node-column,B,2.0.1,docs-00100,scan,q018,common,10,0,77.387
2026-09-16-node-column,B-node,fux 2.0.1 (node 24.13.0) — the read plane,docs-00100,node,q018,common,10,0,66.347
2026-09-16-node-column,A,1.0.0,docs-00100,scan,q018,common,11,0,78.877
2026-09-16-node-column,B,2.0.1,docs-00100,scan,q018,common,11,0,80.284
2026-09-16-node-column,B-node,fux 2.0.1 (node 24.13.0) — the read plane,docs-00100,node,q018,common,11,0,64.374
2026-09-16-node-column,A,1.0.0,docs-00100,scan,q018,common,12,0,53.805
2026-09-16-node-column,B,2.0.1,docs-00100,scan,q018,common,12,0,80.879
2026-09-16-node-column,B-node,fux 2.0.1 (node 24.13.0) — the read plane,docs-00100,node,q018,common,12,0,64.113
2026-09-16-node-column,A,1.0.0,docs-00100,scan,q019,rare+common,0,1,53.425
2026-09-16-node-column,B,2.0.1,docs-00100,scan,q019,rare+common,0,1,79.335
2026-09-16-node-column,B-node,fux 2.0.1 (node 24.13.0) — the read plane,docs-00100,node,q019,rare+common,0,1,64.663
2026-09-16-node-column,A,1.0.0,docs-00100,scan,q019,rare+common,1,1,53.744
2026-09-16-node-column,B,2.0.1,docs-00100,scan,q019,rare+common,1,1,81.062
2026-09-16-node-column,B-node,fux 2.0.1 (node 24.13.0) — the read plane,docs-00100,node,q019,rare+common,1,1,64.433
2026-09-16-node-column,A,1.0.0,docs-00100,scan,q019,rare+common,2,1,53.041
2026-09-16-node-column,B,2.0.1,docs-00100,scan,q019,rare+common,2,1,79.755
2026-09-16-node-column,B-node,fux 2.0.1 (node 24.13.0) — the read plane,docs-00100,node,q019,rare+common,2,1,63.879
2026-09-16-node-column,A,1.0.0,docs-00100,scan,q019,rare+common,3,0,54.268
2026-09-16-node-column,B,2.0.1,docs-00100,scan,q019,rare+common,3,0,80.179
2026-09-16-node-column,B-node,fux 2.0.1 (node 24.13.0) — the read plane,docs-00100,node,q019,rare+common,3,0,64.939
2026-09-16-node-column,A,1.0.0,docs-00100,scan,q019,rare+common,4,0,53.249
2026-09-16-node-column,B,2.0.1,docs-00100,scan,q019,rare+common,4,0,80.342
2026-09-16-node-column,B-node,fux 2.0.1 (node 24.13.0) — the read plane,docs-00100,node,q019,rare+common,4,0,65.656
2026-09-16-node-column,A,1.0.0,docs-00100,scan,q019,rare+common,5,0,54.222
2026-09-16-node-column,B,2.0.1,docs-00100,scan,q019,rare+common,5,0,80.232
2026-09-16-node-column,B-node,fux 2.0.1 (node 24.13.0) — the read plane,docs-00100,node,q019,rare+common,5,0,63.523
2026-09-16-node-column,A,1.0.0,docs-00100,scan,q019,rare+common,6,0,54.131
2026-09-16-node-column,B,2.0.1,docs-00100,scan,q019,rare+common,6,0,79.470
2026-09-16-node-column,B-node,fux 2.0.1 (node 24.13.0) — the read plane,docs-00100,node,q019,rare+common,6,0,64.539
2026-09-16-node-column,A,1.0.0,docs-00100,scan,q019,rare+common,7,0,53.092
2026-09-16-node-column,B,2.0.1,docs-00100,scan,q019,rare+common,7,0,80.352
2026-09-16-node-column,B-node,fux 2.0.1 (node 24.13.0) — the read plane,docs-00100,node,q019,rare+common,7,0,65.134
2026-09-16-node-column,A,1.0.0,docs-00100,scan,q019,rare+common,8,0,52.627
2026-09-16-node-column,B,2.0.1,docs-00100,scan,q019,rare+common,8,0,78.858
2026-09-16-node-column,B-node,fux 2.0.1 (node 24.13.0) — the read plane,docs-00100,node,q019,rare+common,8,0,63.447
2026-09-16-node-column,A,1.0.0,docs-00100,scan,q019,rare+common,9,0,53.140
2026-09-16-node-column,B,2.0.1,docs-00100,scan,q019,rare+common,9,0,79.735
2026-09-16-node-column,B-node,fux 2.0.1 (node 24.13.0) — the read plane,docs-00100,node,q019,rare+common,9,0,64.382
2026-09-16-node-column,A,1.0.0,docs-00100,scan,q019,rare+common,10,0,53.272
2026-09-16-node-column,B,2.0.1,docs-00100,scan,q019,rare+common,10,0,79.175
2026-09-16-node-column,B-node,fux 2.0.1 (node 24.13.0) — the read plane,docs-00100,node,q019,rare+common,10,0,63.885
2026-09-16-node-column,A,1.0.0,docs-00100,scan,q019,rare+common,11,0,52.147
2026-09-16-node-column,B,2.0.1,docs-00100,scan,q019,rare+common,11,0,79.509
2026-09-16-node-column,B-node,fux 2.0.1 (node 24.13.0) — the read plane,docs-00100,node,q019,rare+common,11,0,62.590
2026-09-16-node-column,A,1.0.0,docs-00100,scan,q019,rare+common,12,0,52.428
2026-09-16-node-column,B,2.0.1,docs-00100,scan,q019,rare+common,12,0,79.458
2026-09-16-node-column,B-node,fux 2.0.1 (node 24.13.0) — the read plane,docs-00100,node,q019,rare+common,12,0,64.598
2026-09-16-node-column,A,1.0.0,docs-00100,scan,q020,rare+common,0,1,53.111
2026-09-16-node-column,B,2.0.1,docs-00100,scan,q020,rare+common,0,1,78.772
2026-09-16-node-column,B-node,fux 2.0.1 (node 24.13.0) — the read plane,docs-00100,node,q020,rare+common,0,1,63.826
2026-09-16-node-column,A,1.0.0,docs-00100,scan,q020,rare+common,1,1,53.817
2026-09-16-node-column,B,2.0.1,docs-00100,scan,q020,rare+common,1,1,79.984
2026-09-16-node-column,B-node,fux 2.0.1 (node 24.13.0) — the read plane,docs-00100,node,q020,rare+common,1,1,64.383
2026-09-16-node-column,A,1.0.0,docs-00100,scan,q020,rare+common,2,1,53.756
2026-09-16-node-column,B,2.0.1,docs-00100,scan,q020,rare+common,2,1,79.269
2026-09-16-node-column,B-node,fux 2.0.1 (node 24.13.0) — the read plane,docs-00100,node,q020,rare+common,2,1,63.762
2026-09-16-node-column,A,1.0.0,docs-00100,scan,q020,rare+common,3,0,53.191
2026-09-16-node-column,B,2.0.1,docs-00100,scan,q020,rare+common,3,0,79.140
2026-09-16-node-column,B-node,fux 2.0.1 (node 24.13.0) — the read plane,docs-00100,node,q020,rare+common,3,0,63.800
2026-09-16-node-column,A,1.0.0,docs-00100,scan,q020,rare+common,4,0,53.358
2026-09-16-node-column,B,2.0.1,docs-00100,scan,q020,rare+common,4,0,79.426
2026-09-16-node-column,B-node,fux 2.0.1 (node 24.13.0) — the read plane,docs-00100,node,q020,rare+common,4,0,63.212
2026-09-16-node-column,A,1.0.0,docs-00100,scan,q020,rare+common,5,0,53.282
2026-09-16-node-column,B,2.0.1,docs-00100,scan,q020,rare+common,5,0,78.064
2026-09-16-node-column,B-node,fux 2.0.1 (node 24.13.0) — the read plane,docs-00100,node,q020,rare+common,5,0,64.216
2026-09-16-node-column,A,1.0.0,docs-00100,scan,q020,rare+common,6,0,53.075
2026-09-16-node-column,B,2.0.1,docs-00100,scan,q020,rare+common,6,0,78.972
2026-09-16-node-column,B-node,fux 2.0.1 (node 24.13.0) — the read plane,docs-00100,node,q020,rare+common,6,0,63.857
2026-09-16-node-column,A,1.0.0,docs-00100,scan,q020,rare+common,7,0,52.791
2026-09-16-node-column,B,2.0.1,docs-00100,scan,q020,rare+common,7,0,78.391
2026-09-16-node-column,B-node,fux 2.0.1 (node 24.13.0) — the read plane,docs-00100,node,q020,rare+common,7,0,64.114
2026-09-16-node-column,A,1.0.0,docs-00100,scan,q020,rare+common,8,0,52.543
2026-09-16-node-column,B,2.0.1,docs-00100,scan,q020,rare+common,8,0,78.128
2026-09-16-node-column,B-node,fux 2.0.1 (node 24.13.0) — the read plane,docs-00100,node,q020,rare+common,8,0,64.458
2026-09-16-node-column,A,1.0.0,docs-00100,scan,q020,rare+common,9,0,52.758
2026-09-16-node-column,B,2.0.1,docs-00100,scan,q020,rare+common,9,0,80.022
2026-09-16-node-column,B-node,fux 2.0.1 (node 24.13.0) — the read plane,docs-00100,node,q020,rare+common,9,0,62.936
2026-09-16-node-column,A,1.0.0,docs-00100,scan,q020,rare+common,10,0,53.405
2026-09-16-node-column,B,2.0.1,docs-00100,scan,q020,rare+common,10,0,79.735
2026-09-16-node-column,B-node,fux 2.0.1 (node 24.13.0) — the read plane,docs-00100,node,q020,rare+common,10,0,64.046
2026-09-16-node-column,A,1.0.0,docs-00100,scan,q020,rare+common,11,0,52.484
2026-09-16-node-column,B,2.0.1,docs-00100,scan,q020,rare+common,11,0,79.232
2026-09-16-node-column,B-node,fux 2.0.1 (node 24.13.0) — the read plane,docs-00100,node,q020,rare+common,11,0,64.833
2026-09-16-node-column,A,1.0.0,docs-00100,scan,q020,rare+common,12,0,53.272
2026-09-16-node-column,B,2.0.1,docs-00100,scan,q020,rare+common,12,0,79.094
2026-09-16-node-column,B-node,fux 2.0.1 (node 24.13.0) — the read plane,docs-00100,node,q020,rare+common,12,0,63.563
2026-09-16-node-column,A,1.0.0,docs-00100,scan,q021,rare+common,0,1,53.060
2026-09-16-node-column,B,2.0.1,docs-00100,scan,q021,rare+common,0,1,79.109
2026-09-16-node-column,B-node,fux 2.0.1 (node 24.13.0) — the read plane,docs-00100,node,q021,rare+common,0,1,63.732
2026-09-16-node-column,A,1.0.0,docs-00100,scan,q021,rare+common,1,1,53.359
2026-09-16-node-column,B,2.0.1,docs-00100,scan,q021,rare+common,1,1,79.029
2026-09-16-node-column,B-node,fux 2.0.1 (node 24.13.0) — the read plane,docs-00100,node,q021,rare+common,1,1,64.064
2026-09-16-node-column,A,1.0.0,docs-00100,scan,q021,rare+common,2,1,52.168
2026-09-16-node-column,B,2.0.1,docs-00100,scan,q021,rare+common,2,1,79.961
2026-09-16-node-column,B-node,fux 2.0.1 (node 24.13.0) — the read plane,docs-00100,node,q021,rare+common,2,1,63.406
2026-09-16-node-column,A,1.0.0,docs-00100,scan,q021,rare+common,3,0,52.536
2026-09-16-node-column,B,2.0.1,docs-00100,scan,q021,rare+common,3,0,78.627
2026-09-16-node-column,B-node,fux 2.0.1 (node 24.13.0) — the read plane,docs-00100,node,q021,rare+common,3,0,64.739
2026-09-16-node-column,A,1.0.0,docs-00100,scan,q021,rare+common,4,0,52.778
2026-09-16-node-column,B,2.0.1,docs-00100,scan,q021,rare+common,4,0,78.454
2026-09-16-node-column,B-node,fux 2.0.1 (node 24.13.0) — the read plane,docs-00100,node,q021,rare+common,4,0,63.567
2026-09-16-node-column,A,1.0.0,docs-00100,scan,q021,rare+common,5,0,53.698
2026-09-16-node-column,B,2.0.1,docs-00100,scan,q021,rare+common,5,0,77.891
2026-09-16-node-column,B-node,fux 2.0.1 (node 24.13.0) — the read plane,docs-00100,node,q021,rare+common,5,0,63.818
2026-09-16-node-column,A,1.0.0,docs-00100,scan,q021,rare+common,6,0,52.602
2026-09-16-node-column,B,2.0.1,docs-00100,scan,q021,rare+common,6,0,79.975
2026-09-16-node-column,B-node,fux 2.0.1 (node 24.13.0) — the read plane,docs-00100,node,q021,rare+common,6,0,64.606
2026-09-16-node-column,A,1.0.0,docs-00100,scan,q021,rare+common,7,0,52.418
2026-09-16-node-column,B,2.0.1,docs-00100,scan,q021,rare+common,7,0,79.965
2026-09-16-node-column,B-node,fux 2.0.1 (node 24.13.0) — the read plane,docs-00100,node,q021,rare+common,7,0,63.615
2026-09-16-node-column,A,1.0.0,docs-00100,scan,q021,rare+common,8,0,53.632
2026-09-16-node-column,B,2.0.1,docs-00100,scan,q021,rare+common,8,0,79.299
2026-09-16-node-column,B-node,fux 2.0.1 (node 24.13.0) — the read plane,docs-00100,node,q021,rare+common,8,0,64.371
2026-09-16-node-column,A,1.0.0,docs-00100,scan,q021,rare+common,9,0,52.835
2026-09-16-node-column,B,2.0.1,docs-00100,scan,q021,rare+common,9,0,83.050
2026-09-16-node-column,B-node,fux 2.0.1 (node 24.13.0) — the read plane,docs-00100,node,q021,rare+common,9,0,63.947
2026-09-16-node-column,A,1.0.0,docs-00100,scan,q021,rare+common,10,0,52.970
2026-09-16-node-column,B,2.0.1,docs-00100,scan,q021,rare+common,10,0,80.494
2026-09-16-node-column,B-node,fux 2.0.1 (node 24.13.0) — the read plane,docs-00100,node,q021,rare+common,10,0,63.364
2026-09-16-node-column,A,1.0.0,docs-00100,scan,q021,rare+common,11,0,53.211
2026-09-16-node-column,B,2.0.1,docs-00100,scan,q021,rare+common,11,0,78.772
2026-09-16-node-column,B-node,fux 2.0.1 (node 24.13.0) — the read plane,docs-00100,node,q021,rare+common,11,0,63.990
2026-09-16-node-column,A,1.0.0,docs-00100,scan,q021,rare+common,12,0,52.129
2026-09-16-node-column,B,2.0.1,docs-00100,scan,q021,rare+common,12,0,77.961
2026-09-16-node-column,B-node,fux 2.0.1 (node 24.13.0) — the read plane,docs-00100,node,q021,rare+common,12,0,64.586
2026-09-16-node-column,A,1.0.0,docs-00100,scan,q022,rare+common,0,1,52.576
2026-09-16-node-column,B,2.0.1,docs-00100,scan,q022,rare+common,0,1,80.220
2026-09-16-node-column,B-node,fux 2.0.1 (node 24.13.0) — the read plane,docs-00100,node,q022,rare+common,0,1,64.412
2026-09-16-node-column,A,1.0.0,docs-00100,scan,q022,rare+common,1,1,54.280
2026-09-16-node-column,B,2.0.1,docs-00100,scan,q022,rare+common,1,1,81.068
2026-09-16-node-column,B-node,fux 2.0.1 (node 24.13.0) — the read plane,docs-00100,node,q022,rare+common,1,1,64.222
2026-09-16-node-column,A,1.0.0,docs-00100,scan,q022,rare+common,2,1,52.657
2026-09-16-node-column,B,2.0.1,docs-00100,scan,q022,rare+common,2,1,79.452
2026-09-16-node-column,B-node,fux 2.0.1 (node 24.13.0) — the read plane,docs-00100,node,q022,rare+common,2,1,64.534
2026-09-16-node-column,A,1.0.0,docs-00100,scan,q022,rare+common,3,0,52.507
2026-09-16-node-column,B,2.0.1,docs-00100,scan,q022,rare+common,3,0,79.377
2026-09-16-node-column,B-node,fux 2.0.1 (node 24.13.0) — the read plane,docs-00100,node,q022,rare+common,3,0,63.650
2026-09-16-node-column,A,1.0.0,docs-00100,scan,q022,rare+common,4,0,53.767
2026-09-16-node-column,B,2.0.1,docs-00100,scan,q022,rare+common,4,0,79.362
2026-09-16-node-column,B-node,fux 2.0.1 (node 24.13.0) — the read plane,docs-00100,node,q022,rare+common,4,0,63.686
2026-09-16-node-column,A,1.0.0,docs-00100,scan,q022,rare+common,5,0,52.781
2026-09-16-node-column,B,2.0.1,docs-00100,scan,q022,rare+common,5,0,79.581
2026-09-16-node-column,B-node,fux 2.0.1 (node 24.13.0) — the read plane,docs-00100,node,q022,rare+common,5,0,63.444
2026-09-16-node-column,A,1.0.0,docs-00100,scan,q022,rare+common,6,0,53.391
2026-09-16-node-column,B,2.0.1,docs-00100,scan,q022,rare+common,6,0,79.617
2026-09-16-node-column,B-node,fux 2.0.1 (node 24.13.0) — the read plane,docs-00100,node,q022,rare+common,6,0,63.495
2026-09-16-node-column,A,1.0.0,docs-00100,scan,q022,rare+common,7,0,52.980
2026-09-16-node-column,B,2.0.1,docs-00100,scan,q022,rare+common,7,0,77.938
2026-09-16-node-column,B-node,fux 2.0.1 (node 24.13.0) — the read plane,docs-00100,node,q022,rare+common,7,0,64.364
2026-09-16-node-column,A,1.0.0,docs-00100,scan,q022,rare+common,8,0,52.102
2026-09-16-node-column,B,2.0.1,docs-00100,scan,q022,rare+common,8,0,78.873
2026-09-16-node-column,B-node,fux 2.0.1 (node 24.13.0) — the read plane,docs-00100,node,q022,rare+common,8,0,63.511
2026-09-16-node-column,A,1.0.0,docs-00100,scan,q022,rare+common,9,0,52.645
2026-09-16-node-column,B,2.0.1,docs-00100,scan,q022,rare+common,9,0,79.881
2026-09-16-node-column,B-node,fux 2.0.1 (node 24.13.0) — the read plane,docs-00100,node,q022,rare+common,9,0,63.968
2026-09-16-node-column,A,1.0.0,docs-00100,scan,q022,rare+common,10,0,53.766
2026-09-16-node-column,B,2.0.1,docs-00100,scan,q022,rare+common,10,0,79.723
2026-09-16-node-column,B-node,fux 2.0.1 (node 24.13.0) — the read plane,docs-00100,node,q022,rare+common,10,0,64.526
2026-09-16-node-column,A,1.0.0,docs-00100,scan,q022,rare+common,11,0,53.921
2026-09-16-node-column,B,2.0.1,docs-00100,scan,q022,rare+common,11,0,79.967
2026-09-16-node-column,B-node,fux 2.0.1 (node 24.13.0) — the read plane,docs-00100,node,q022,rare+common,11,0,65.094
2026-09-16-node-column,A,1.0.0,docs-00100,scan,q022,rare+common,12,0,54.238
2026-09-16-node-column,B,2.0.1,docs-00100,scan,q022,rare+common,12,0,79.629
2026-09-16-node-column,B-node,fux 2.0.1 (node 24.13.0) — the read plane,docs-00100,node,q022,rare+common,12,0,63.764
2026-09-16-node-column,A,1.0.0,docs-00100,scan,q023,rare+common,0,1,53.621
2026-09-16-node-column,B,2.0.1,docs-00100,scan,q023,rare+common,0,1,79.817
2026-09-16-node-column,B-node,fux 2.0.1 (node 24.13.0) — the read plane,docs-00100,node,q023,rare+common,0,1,64.677
2026-09-16-node-column,A,1.0.0,docs-00100,scan,q023,rare+common,1,1,53.934
2026-09-16-node-column,B,2.0.1,docs-00100,scan,q023,rare+common,1,1,80.065
2026-09-16-node-column,B-node,fux 2.0.1 (node 24.13.0) — the read plane,docs-00100,node,q023,rare+common,1,1,64.343
2026-09-16-node-column,A,1.0.0,docs-00100,scan,q023,rare+common,2,1,53.561
2026-09-16-node-column,B,2.0.1,docs-00100,scan,q023,rare+common,2,1,79.818
2026-09-16-node-column,B-node,fux 2.0.1 (node 24.13.0) — the read plane,docs-00100,node,q023,rare+common,2,1,64.772
2026-09-16-node-column,A,1.0.0,docs-00100,scan,q023,rare+common,3,0,53.967
2026-09-16-node-column,B,2.0.1,docs-00100,scan,q023,rare+common,3,0,80.159
2026-09-16-node-column,B-node,fux 2.0.1 (node 24.13.0) — the read plane,docs-00100,node,q023,rare+common,3,0,64.638
2026-09-16-node-column,A,1.0.0,docs-00100,scan,q023,rare+common,4,0,53.480
2026-09-16-node-column,B,2.0.1,docs-00100,scan,q023,rare+common,4,0,80.557
2026-09-16-node-column,B-node,fux 2.0.1 (node 24.13.0) — the read plane,docs-00100,node,q023,rare+common,4,0,64.360
2026-09-16-node-column,A,1.0.0,docs-00100,scan,q023,rare+common,5,0,53.964
2026-09-16-node-column,B,2.0.1,docs-00100,scan,q023,rare+common,5,0,80.222
2026-09-16-node-column,B-node,fux 2.0.1 (node 24.13.0) — the read plane,docs-00100,node,q023,rare+common,5,0,63.848
2026-09-16-node-column,A,1.0.0,docs-00100,scan,q023,rare+common,6,0,52.555
2026-09-16-node-column,B,2.0.1,docs-00100,scan,q023,rare+common,6,0,79.700
2026-09-16-node-column,B-node,fux 2.0.1 (node 24.13.0) — the read plane,docs-00100,node,q023,rare+common,6,0,63.727
2026-09-16-node-column,A,1.0.0,docs-00100,scan,q023,rare+common,7,0,52.654
2026-09-16-node-column,B,2.0.1,docs-00100,scan,q023,rare+common,7,0,78.686
2026-09-16-node-column,B-node,fux 2.0.1 (node 24.13.0) — the read plane,docs-00100,node,q023,rare+common,7,0,63.694
2026-09-16-node-column,A,1.0.0,docs-00100,scan,q023,rare+common,8,0,52.803
2026-09-16-node-column,B,2.0.1,docs-00100,scan,q023,rare+common,8,0,79.861
2026-09-16-node-column,B-node,fux 2.0.1 (node 24.13.0) — the read plane,docs-00100,node,q023,rare+common,8,0,65.186
2026-09-16-node-column,A,1.0.0,docs-00100,scan,q023,rare+common,9,0,54.247
2026-09-16-node-column,B,2.0.1,docs-00100,scan,q023,rare+common,9,0,79.969
2026-09-16-node-column,B-node,fux 2.0.1 (node 24.13.0) — the read plane,docs-00100,node,q023,rare+common,9,0,64.402
2026-09-16-node-column,A,1.0.0,docs-00100,scan,q023,rare+common,10,0,53.914
2026-09-16-node-column,B,2.0.1,docs-00100,scan,q023,rare+common,10,0,79.646
2026-09-16-node-column,B-node,fux 2.0.1 (node 24.13.0) — the read plane,docs-00100,node,q023,rare+common,10,0,64.317
2026-09-16-node-column,A,1.0.0,docs-00100,scan,q023,rare+common,11,0,53.579
2026-09-16-node-column,B,2.0.1,docs-00100,scan,q023,rare+common,11,0,79.658
2026-09-16-node-column,B-node,fux 2.0.1 (node 24.13.0) — the read plane,docs-00100,node,q023,rare+common,11,0,64.675
2026-09-16-node-column,A,1.0.0,docs-00100,scan,q023,rare+common,12,0,53.770
2026-09-16-node-column,B,2.0.1,docs-00100,scan,q023,rare+common,12,0,79.721
2026-09-16-node-column,B-node,fux 2.0.1 (node 24.13.0) — the read plane,docs-00100,node,q023,rare+common,12,0,64.073
2026-09-16-node-column,A,1.0.0,docs-00100,scan,q024,rare+common,0,1,53.364
2026-09-16-node-column,B,2.0.1,docs-00100,scan,q024,rare+common,0,1,80.353
2026-09-16-node-column,B-node,fux 2.0.1 (node 24.13.0) — the read plane,docs-00100,node,q024,rare+common,0,1,63.004
2026-09-16-node-column,A,1.0.0,docs-00100,scan,q024,rare+common,1,1,53.885
2026-09-16-node-column,B,2.0.1,docs-00100,scan,q024,rare+common,1,1,82.584
2026-09-16-node-column,B-node,fux 2.0.1 (node 24.13.0) — the read plane,docs-00100,node,q024,rare+common,1,1,64.360
2026-09-16-node-column,A,1.0.0,docs-00100,scan,q024,rare+common,2,1,53.778
2026-09-16-node-column,B,2.0.1,docs-00100,scan,q024,rare+common,2,1,79.484
2026-09-16-node-column,B-node,fux 2.0.1 (node 24.13.0) — the read plane,docs-00100,node,q024,rare+common,2,1,63.834
2026-09-16-node-column,A,1.0.0,docs-00100,scan,q024,rare+common,3,0,53.765
2026-09-16-node-column,B,2.0.1,docs-00100,scan,q024,rare+common,3,0,79.672
2026-09-16-node-column,B-node,fux 2.0.1 (node 24.13.0) — the read plane,docs-00100,node,q024,rare+common,3,0,63.659
2026-09-16-node-column,A,1.0.0,docs-00100,scan,q024,rare+common,4,0,53.073
2026-09-16-node-column,B,2.0.1,docs-00100,scan,q024,rare+common,4,0,79.645
2026-09-16-node-column,B-node,fux 2.0.1 (node 24.13.0) — the read plane,docs-00100,node,q024,rare+common,4,0,63.793
2026-09-16-node-column,A,1.0.0,docs-00100,scan,q024,rare+common,5,0,52.630
2026-09-16-node-column,B,2.0.1,docs-00100,scan,q024,rare+common,5,0,79.363
2026-09-16-node-column,B-node,fux 2.0.1 (node 24.13.0) — the read plane,docs-00100,node,q024,rare+common,5,0,64.860
2026-09-16-node-column,A,1.0.0,docs-00100,scan,q024,rare+common,6,0,54.757
2026-09-16-node-column,B,2.0.1,docs-00100,scan,q024,rare+common,6,0,86.514
2026-09-16-node-column,B-node,fux 2.0.1 (node 24.13.0) — the read plane,docs-00100,node,q024,rare+common,6,0,66.043
2026-09-16-node-column,A,1.0.0,docs-00100,scan,q024,rare+common,7,0,54.684
2026-09-16-node-column,B,2.0.1,docs-00100,scan,q024,rare+common,7,0,79.534
2026-09-16-node-column,B-node,fux 2.0.1 (node 24.13.0) — the read plane,docs-00100,node,q024,rare+common,7,0,65.235
2026-09-16-node-column,A,1.0.0,docs-00100,scan,q024,rare+common,8,0,53.559
2026-09-16-node-column,B,2.0.1,docs-00100,scan,q024,rare+common,8,0,81.542
2026-09-16-node-column,B-node,fux 2.0.1 (node 24.13.0) — the read plane,docs-00100,node,q024,rare+common,8,0,65.471
2026-09-16-node-column,A,1.0.0,docs-00100,scan,q024,rare+common,9,0,54.631
2026-09-16-node-column,B,2.0.1,docs-00100,scan,q024,rare+common,9,0,80.720
2026-09-16-node-column,B-node,fux 2.0.1 (node 24.13.0) — the read plane,docs-00100,node,q024,rare+common,9,0,64.686
2026-09-16-node-column,A,1.0.0,docs-00100,scan,q024,rare+common,10,0,53.915
2026-09-16-node-column,B,2.0.1,docs-00100,scan,q024,rare+common,10,0,79.950
2026-09-16-node-column,B-node,fux 2.0.1 (node 24.13.0) — the read plane,docs-00100,node,q024,rare+common,10,0,64.667
2026-09-16-node-column,A,1.0.0,docs-00100,scan,q024,rare+common,11,0,54.040
2026-09-16-node-column,B,2.0.1,docs-00100,scan,q024,rare+common,11,0,79.655
2026-09-16-node-column,B-node,fux 2.0.1 (node 24.13.0) — the read plane,docs-00100,node,q024,rare+common,11,0,64.596
2026-09-16-node-column,A,1.0.0,docs-00100,scan,q024,rare+common,12,0,53.943
2026-09-16-node-column,B,2.0.1,docs-00100,scan,q024,rare+common,12,0,80.372
2026-09-16-node-column,B-node,fux 2.0.1 (node 24.13.0) — the read plane,docs-00100,node,q024,rare+common,12,0,64.434
2026-09-16-node-column,A,1.0.0,docs-00100,scan,q025,rare+common,0,1,52.972
2026-09-16-node-column,B,2.0.1,docs-00100,scan,q025,rare+common,0,1,80.224
2026-09-16-node-column,B-node,fux 2.0.1 (node 24.13.0) — the read plane,docs-00100,node,q025,rare+common,0,1,64.880
2026-09-16-node-column,A,1.0.0,docs-00100,scan,q025,rare+common,1,1,54.491
2026-09-16-node-column,B,2.0.1,docs-00100,scan,q025,rare+common,1,1,80.945
2026-09-16-node-column,B-node,fux 2.0.1 (node 24.13.0) — the read plane,docs-00100,node,q025,rare+common,1,1,65.198
2026-09-16-node-column,A,1.0.0,docs-00100,scan,q025,rare+common,2,1,54.782
2026-09-16-node-column,B,2.0.1,docs-00100,scan,q025,rare+common,2,1,81.295
2026-09-16-node-column,B-node,fux 2.0.1 (node 24.13.0) — the read plane,docs-00100,node,q025,rare+common,2,1,63.962
2026-09-16-node-column,A,1.0.0,docs-00100,scan,q025,rare+common,3,0,53.682
2026-09-16-node-column,B,2.0.1,docs-00100,scan,q025,rare+common,3,0,80.350
2026-09-16-node-column,B-node,fux 2.0.1 (node 24.13.0) — the read plane,docs-00100,node,q025,rare+common,3,0,65.062
2026-09-16-node-column,A,1.0.0,docs-00100,scan,q025,rare+common,4,0,53.379
2026-09-16-node-column,B,2.0.1,docs-00100,scan,q025,rare+common,4,0,79.560
2026-09-16-node-column,B-node,fux 2.0.1 (node 24.13.0) — the read plane,docs-00100,node,q025,rare+common,4,0,64.842
2026-09-16-node-column,A,1.0.0,docs-00100,scan,q025,rare+common,5,0,53.522
2026-09-16-node-column,B,2.0.1,docs-00100,scan,q025,rare+common,5,0,80.193
2026-09-16-node-column,B-node,fux 2.0.1 (node 24.13.0) — the read plane,docs-00100,node,q025,rare+common,5,0,65.370
2026-09-16-node-column,A,1.0.0,docs-00100,scan,q025,rare+common,6,0,54.279
2026-09-16-node-column,B,2.0.1,docs-00100,scan,q025,rare+common,6,0,80.162
2026-09-16-node-column,B-node,fux 2.0.1 (node 24.13.0) — the read plane,docs-00100,node,q025,rare+common,6,0,64.271
2026-09-16-node-column,A,1.0.0,docs-00100,scan,q025,rare+common,7,0,54.005
2026-09-16-node-column,B,2.0.1,docs-00100,scan,q025,rare+common,7,0,80.169
2026-09-16-node-column,B-node,fux 2.0.1 (node 24.13.0) — the read plane,docs-00100,node,q025,rare+common,7,0,64.692
2026-09-16-node-column,A,1.0.0,docs-00100,scan,q025,rare+common,8,0,53.576
2026-09-16-node-column,B,2.0.1,docs-00100,scan,q025,rare+common,8,0,81.068
2026-09-16-node-column,B-node,fux 2.0.1 (node 24.13.0) — the read plane,docs-00100,node,q025,rare+common,8,0,64.561
2026-09-16-node-column,A,1.0.0,docs-00100,scan,q025,rare+common,9,0,54.066
2026-09-16-node-column,B,2.0.1,docs-00100,scan,q025,rare+common,9,0,79.967
2026-09-16-node-column,B-node,fux 2.0.1 (node 24.13.0) — the read plane,docs-00100,node,q025,rare+common,9,0,65.192
2026-09-16-node-column,A,1.0.0,docs-00100,scan,q025,rare+common,10,0,53.358
2026-09-16-node-column,B,2.0.1,docs-00100,scan,q025,rare+common,10,0,80.796
2026-09-16-node-column,B-node,fux 2.0.1 (node 24.13.0) — the read plane,docs-00100,node,q025,rare+common,10,0,64.793
2026-09-16-node-column,A,1.0.0,docs-00100,scan,q025,rare+common,11,0,53.907
2026-09-16-node-column,B,2.0.1,docs-00100,scan,q025,rare+common,11,0,80.589
2026-09-16-node-column,B-node,fux 2.0.1 (node 24.13.0) — the read plane,docs-00100,node,q025,rare+common,11,0,64.232
2026-09-16-node-column,A,1.0.0,docs-00100,scan,q025,rare+common,12,0,54.329
2026-09-16-node-column,B,2.0.1,docs-00100,scan,q025,rare+common,12,0,79.363
2026-09-16-node-column,B-node,fux 2.0.1 (node 24.13.0) — the read plane,docs-00100,node,q025,rare+common,12,0,65.420
2026-09-16-node-column,A,1.0.0,docs-00100,scan,q026,rare+common,0,1,53.402
2026-09-16-node-column,B,2.0.1,docs-00100,scan,q026,rare+common,0,1,80.920
2026-09-16-node-column,B-node,fux 2.0.1 (node 24.13.0) — the read plane,docs-00100,node,q026,rare+common,0,1,64.343
2026-09-16-node-column,A,1.0.0,docs-00100,scan,q026,rare+common,1,1,53.123
2026-09-16-node-column,B,2.0.1,docs-00100,scan,q026,rare+common,1,1,79.959
2026-09-16-node-column,B-node,fux 2.0.1 (node 24.13.0) — the read plane,docs-00100,node,q026,rare+common,1,1,64.006
2026-09-16-node-column,A,1.0.0,docs-00100,scan,q026,rare+common,2,1,53.625
2026-09-16-node-column,B,2.0.1,docs-00100,scan,q026,rare+common,2,1,79.934
2026-09-16-node-column,B-node,fux 2.0.1 (node 24.13.0) — the read plane,docs-00100,node,q026,rare+common,2,1,64.819
2026-09-16-node-column,A,1.0.0,docs-00100,scan,q026,rare+common,3,0,53.373
2026-09-16-node-column,B,2.0.1,docs-00100,scan,q026,rare+common,3,0,83.580
2026-09-16-node-column,B-node,fux 2.0.1 (node 24.13.0) — the read plane,docs-00100,node,q026,rare+common,3,0,64.125
2026-09-16-node-column,A,1.0.0,docs-00100,scan,q026,rare+common,4,0,53.322
2026-09-16-node-column,B,2.0.1,docs-00100,scan,q026,rare+common,4,0,78.109
2026-09-16-node-column,B-node,fux 2.0.1 (node 24.13.0) — the read plane,docs-00100,node,q026,rare+common,4,0,65.133
2026-09-16-node-column,A,1.0.0,docs-00100,scan,q026,rare+common,5,0,53.087
2026-09-16-node-column,B,2.0.1,docs-00100,scan,q026,rare+common,5,0,78.869
2026-09-16-node-column,B-node,fux 2.0.1 (node 24.13.0) — the read plane,docs-00100,node,q026,rare+common,5,0,64.299
2026-09-16-node-column,A,1.0.0,docs-00100,scan,q026,rare+common,6,0,52.662
2026-09-16-node-column,B,2.0.1,docs-00100,scan,q026,rare+common,6,0,78.215
2026-09-16-node-column,B-node,fux 2.0.1 (node 24.13.0) — the read plane,docs-00100,node,q026,rare+common,6,0,63.930
2026-09-16-node-column,A,1.0.0,docs-00100,scan,q026,rare+common,7,0,53.404
2026-09-16-node-column,B,2.0.1,docs-00100,scan,q026,rare+common,7,0,80.363
2026-09-16-node-column,B-node,fux 2.0.1 (node 24.13.0) — the read plane,docs-00100,node,q026,rare+common,7,0,64.348
2026-09-16-node-column,A,1.0.0,docs-00100,scan,q026,rare+common,8,0,53.122
2026-09-16-node-column,B,2.0.1,docs-00100,scan,q026,rare+common,8,0,80.213
2026-09-16-node-column,B-node,fux 2.0.1 (node 24.13.0) — the read plane,docs-00100,node,q026,rare+common,8,0,64.517
2026-09-16-node-column,A,1.0.0,docs-00100,scan,q026,rare+common,9,0,54.172
2026-09-16-node-column,B,2.0.1,docs-00100,scan,q026,rare+common,9,0,81.260
2026-09-16-node-column,B-node,fux 2.0.1 (node 24.13.0) — the read plane,docs-00100,node,q026,rare+common,9,0,64.754
2026-09-16-node-column,A,1.0.0,docs-00100,scan,q026,rare+common,10,0,53.218
2026-09-16-node-column,B,2.0.1,docs-00100,scan,q026,rare+common,10,0,79.862
2026-09-16-node-column,B-node,fux 2.0.1 (node 24.13.0) — the read plane,docs-00100,node,q026,rare+common,10,0,64.468
2026-09-16-node-column,A,1.0.0,docs-00100,scan,q026,rare+common,11,0,52.447
2026-09-16-node-column,B,2.0.1,docs-00100,scan,q026,rare+common,11,0,79.577
2026-09-16-node-column,B-node,fux 2.0.1 (node 24.13.0) — the read plane,docs-00100,node,q026,rare+common,11,0,64.336
2026-09-16-node-column,A,1.0.0,docs-00100,scan,q026,rare+common,12,0,53.881
2026-09-16-node-column,B,2.0.1,docs-00100,scan,q026,rare+common,12,0,79.988
2026-09-16-node-column,B-node,fux 2.0.1 (node 24.13.0) — the read plane,docs-00100,node,q026,rare+common,12,0,63.817
2026-09-16-node-column,A,1.0.0,docs-00100,scan,q027,common+common,0,1,51.237
2026-09-16-node-column,B,2.0.1,docs-00100,scan,q027,common+common,0,1,75.966
2026-09-16-node-column,B-node,fux 2.0.1 (node 24.13.0) — the read plane,docs-00100,node,q027,common+common,0,1,63.110
2026-09-16-node-column,A,1.0.0,docs-00100,scan,q027,common+common,1,1,52.505
2026-09-16-node-column,B,2.0.1,docs-00100,scan,q027,common+common,1,1,77.886
2026-09-16-node-column,B-node,fux 2.0.1 (node 24.13.0) — the read plane,docs-00100,node,q027,common+common,1,1,64.986
2026-09-16-node-column,A,1.0.0,docs-00100,scan,q027,common+common,2,1,52.567
2026-09-16-node-column,B,2.0.1,docs-00100,scan,q027,common+common,2,1,79.008
2026-09-16-node-column,B-node,fux 2.0.1 (node 24.13.0) — the read plane,docs-00100,node,q027,common+common,2,1,64.131
2026-09-16-node-column,A,1.0.0,docs-00100,scan,q027,common+common,3,0,51.426
2026-09-16-node-column,B,2.0.1,docs-00100,scan,q027,common+common,3,0,78.071
2026-09-16-node-column,B-node,fux 2.0.1 (node 24.13.0) — the read plane,docs-00100,node,q027,common+common,3,0,64.503
2026-09-16-node-column,A,1.0.0,docs-00100,scan,q027,common+common,4,0,52.878
2026-09-16-node-column,B,2.0.1,docs-00100,scan,q027,common+common,4,0,78.624
2026-09-16-node-column,B-node,fux 2.0.1 (node 24.13.0) — the read plane,docs-00100,node,q027,common+common,4,0,64.875
2026-09-16-node-column,A,1.0.0,docs-00100,scan,q027,common+common,5,0,51.516
2026-09-16-node-column,B,2.0.1,docs-00100,scan,q027,common+common,5,0,77.194
2026-09-16-node-column,B-node,fux 2.0.1 (node 24.13.0) — the read plane,docs-00100,node,q027,common+common,5,0,64.117
2026-09-16-node-column,A,1.0.0,docs-00100,scan,q027,common+common,6,0,52.666
2026-09-16-node-column,B,2.0.1,docs-00100,scan,q027,common+common,6,0,77.332
2026-09-16-node-column,B-node,fux 2.0.1 (node 24.13.0) — the read plane,docs-00100,node,q027,common+common,6,0,63.816
2026-09-16-node-column,A,1.0.0,docs-00100,scan,q027,common+common,7,0,51.530
2026-09-16-node-column,B,2.0.1,docs-00100,scan,q027,common+common,7,0,77.684
2026-09-16-node-column,B-node,fux 2.0.1 (node 24.13.0) — the read plane,docs-00100,node,q027,common+common,7,0,65.007
2026-09-16-node-column,A,1.0.0,docs-00100,scan,q027,common+common,8,0,52.460
2026-09-16-node-column,B,2.0.1,docs-00100,scan,q027,common+common,8,0,78.517
2026-09-16-node-column,B-node,fux 2.0.1 (node 24.13.0) — the read plane,docs-00100,node,q027,common+common,8,0,62.892
2026-09-16-node-column,A,1.0.0,docs-00100,scan,q027,common+common,9,0,52.844
2026-09-16-node-column,B,2.0.1,docs-00100,scan,q027,common+common,9,0,77.697
2026-09-16-node-column,B-node,fux 2.0.1 (node 24.13.0) — the read plane,docs-00100,node,q027,common+common,9,0,64.507
2026-09-16-node-column,A,1.0.0,docs-00100,scan,q027,common+common,10,0,52.111
2026-09-16-node-column,B,2.0.1,docs-00100,scan,q027,common+common,10,0,77.520
2026-09-16-node-column,B-node,fux 2.0.1 (node 24.13.0) — the read plane,docs-00100,node,q027,common+common,10,0,63.758
2026-09-16-node-column,A,1.0.0,docs-00100,scan,q027,common+common,11,0,51.626
2026-09-16-node-column,B,2.0.1,docs-00100,scan,q027,common+common,11,0,76.938
2026-09-16-node-column,B-node,fux 2.0.1 (node 24.13.0) — the read plane,docs-00100,node,q027,common+common,11,0,63.817
2026-09-16-node-column,A,1.0.0,docs-00100,scan,q027,common+common,12,0,52.194
2026-09-16-node-column,B,2.0.1,docs-00100,scan,q027,common+common,12,0,78.142
2026-09-16-node-column,B-node,fux 2.0.1 (node 24.13.0) — the read plane,docs-00100,node,q027,common+common,12,0,64.315
2026-09-16-node-column,A,1.0.0,docs-00100,scan,q028,common+common,0,1,53.187
2026-09-16-node-column,B,2.0.1,docs-00100,scan,q028,common+common,0,1,78.031
2026-09-16-node-column,B-node,fux 2.0.1 (node 24.13.0) — the read plane,docs-00100,node,q028,common+common,0,1,63.375
2026-09-16-node-column,A,1.0.0,docs-00100,scan,q028,common+common,1,1,52.242
2026-09-16-node-column,B,2.0.1,docs-00100,scan,q028,common+common,1,1,78.547
2026-09-16-node-column,B-node,fux 2.0.1 (node 24.13.0) — the read plane,docs-00100,node,q028,common+common,1,1,64.192
2026-09-16-node-column,A,1.0.0,docs-00100,scan,q028,common+common,2,1,52.879
2026-09-16-node-column,B,2.0.1,docs-00100,scan,q028,common+common,2,1,78.974
2026-09-16-node-column,B-node,fux 2.0.1 (node 24.13.0) — the read plane,docs-00100,node,q028,common+common,2,1,63.727
2026-09-16-node-column,A,1.0.0,docs-00100,scan,q028,common+common,3,0,52.392
2026-09-16-node-column,B,2.0.1,docs-00100,scan,q028,common+common,3,0,80.170
2026-09-16-node-column,B-node,fux 2.0.1 (node 24.13.0) — the read plane,docs-00100,node,q028,common+common,3,0,64.544
2026-09-16-node-column,A,1.0.0,docs-00100,scan,q028,common+common,4,0,52.128
2026-09-16-node-column,B,2.0.1,docs-00100,scan,q028,common+common,4,0,77.410
2026-09-16-node-column,B-node,fux 2.0.1 (node 24.13.0) — the read plane,docs-00100,node,q028,common+common,4,0,64.524
2026-09-16-node-column,A,1.0.0,docs-00100,scan,q028,common+common,5,0,52.862
2026-09-16-node-column,B,2.0.1,docs-00100,scan,q028,common+common,5,0,79.518
2026-09-16-node-column,B-node,fux 2.0.1 (node 24.13.0) — the read plane,docs-00100,node,q028,common+common,5,0,64.328
2026-09-16-node-column,A,1.0.0,docs-00100,scan,q028,common+common,6,0,53.432
2026-09-16-node-column,B,2.0.1,docs-00100,scan,q028,common+common,6,0,79.524
2026-09-16-node-column,B-node,fux 2.0.1 (node 24.13.0) — the read plane,docs-00100,node,q028,common+common,6,0,64.170
2026-09-16-node-column,A,1.0.0,docs-00100,scan,q028,common+common,7,0,52.658
2026-09-16-node-column,B,2.0.1,docs-00100,scan,q028,common+common,7,0,79.278
2026-09-16-node-column,B-node,fux 2.0.1 (node 24.13.0) — the read plane,docs-00100,node,q028,common+common,7,0,63.719
2026-09-16-node-column,A,1.0.0,docs-00100,scan,q028,common+common,8,0,52.878
2026-09-16-node-column,B,2.0.1,docs-00100,scan,q028,common+common,8,0,78.416
2026-09-16-node-column,B-node,fux 2.0.1 (node 24.13.0) — the read plane,docs-00100,node,q028,common+common,8,0,64.468
2026-09-16-node-column,A,1.0.0,docs-00100,scan,q028,common+common,9,0,52.165
2026-09-16-node-column,B,2.0.1,docs-00100,scan,q028,common+common,9,0,77.578
2026-09-16-node-column,B-node,fux 2.0.1 (node 24.13.0) — the read plane,docs-00100,node,q028,common+common,9,0,64.380
2026-09-16-node-column,A,1.0.0,docs-00100,scan,q028,common+common,10,0,53.692
2026-09-16-node-column,B,2.0.1,docs-00100,scan,q028,common+common,10,0,79.364
2026-09-16-node-column,B-node,fux 2.0.1 (node 24.13.0) — the read plane,docs-00100,node,q028,common+common,10,0,63.947
2026-09-16-node-column,A,1.0.0,docs-00100,scan,q028,common+common,11,0,51.004
2026-09-16-node-column,B,2.0.1,docs-00100,scan,q028,common+common,11,0,77.545
2026-09-16-node-column,B-node,fux 2.0.1 (node 24.13.0) — the read plane,docs-00100,node,q028,common+common,11,0,63.967
2026-09-16-node-column,A,1.0.0,docs-00100,scan,q028,common+common,12,0,52.434
2026-09-16-node-column,B,2.0.1,docs-00100,scan,q028,common+common,12,0,77.717
2026-09-16-node-column,B-node,fux 2.0.1 (node 24.13.0) — the read plane,docs-00100,node,q028,common+common,12,0,64.018
2026-09-16-node-column,A,1.0.0,docs-00100,scan,q029,common+common,0,1,52.769
2026-09-16-node-column,B,2.0.1,docs-00100,scan,q029,common+common,0,1,77.427
2026-09-16-node-column,B-node,fux 2.0.1 (node 24.13.0) — the read plane,docs-00100,node,q029,common+common,0,1,64.421
2026-09-16-node-column,A,1.0.0,docs-00100,scan,q029,common+common,1,1,52.285
2026-09-16-node-column,B,2.0.1,docs-00100,scan,q029,common+common,1,1,77.290
2026-09-16-node-column,B-node,fux 2.0.1 (node 24.13.0) — the read plane,docs-00100,node,q029,common+common,1,1,64.778
2026-09-16-node-column,A,1.0.0,docs-00100,scan,q029,common+common,2,1,52.779
2026-09-16-node-column,B,2.0.1,docs-00100,scan,q029,common+common,2,1,77.840
2026-09-16-node-column,B-node,fux 2.0.1 (node 24.13.0) — the read plane,docs-00100,node,q029,common+common,2,1,65.023
2026-09-16-node-column,A,1.0.0,docs-00100,scan,q029,common+common,3,0,51.236
2026-09-16-node-column,B,2.0.1,docs-00100,scan,q029,common+common,3,0,77.497
2026-09-16-node-column,B-node,fux 2.0.1 (node 24.13.0) — the read plane,docs-00100,node,q029,common+common,3,0,64.639
2026-09-16-node-column,A,1.0.0,docs-00100,scan,q029,common+common,4,0,52.218
2026-09-16-node-column,B,2.0.1,docs-00100,scan,q029,common+common,4,0,78.049
2026-09-16-node-column,B-node,fux 2.0.1 (node 24.13.0) — the read plane,docs-00100,node,q029,common+common,4,0,64.293
2026-09-16-node-column,A,1.0.0,docs-00100,scan,q029,common+common,5,0,52.216
2026-09-16-node-column,B,2.0.1,docs-00100,scan,q029,common+common,5,0,76.940
2026-09-16-node-column,B-node,fux 2.0.1 (node 24.13.0) — the read plane,docs-00100,node,q029,common+common,5,0,67.225
2026-09-16-node-column,A,1.0.0,docs-00100,scan,q029,common+common,6,0,52.427
2026-09-16-node-column,B,2.0.1,docs-00100,scan,q029,common+common,6,0,79.544
2026-09-16-node-column,B-node,fux 2.0.1 (node 24.13.0) — the read plane,docs-00100,node,q029,common+common,6,0,63.000
2026-09-16-node-column,A,1.0.0,docs-00100,scan,q029,common+common,7,0,53.985
2026-09-16-node-column,B,2.0.1,docs-00100,scan,q029,common+common,7,0,77.416
2026-09-16-node-column,B-node,fux 2.0.1 (node 24.13.0) — the read plane,docs-00100,node,q029,common+common,7,0,64.270
2026-09-16-node-column,A,1.0.0,docs-00100,scan,q029,common+common,8,0,53.008
2026-09-16-node-column,B,2.0.1,docs-00100,scan,q029,common+common,8,0,78.494
2026-09-16-node-column,B-node,fux 2.0.1 (node 24.13.0) — the read plane,docs-00100,node,q029,common+common,8,0,64.586
2026-09-16-node-column,A,1.0.0,docs-00100,scan,q029,common+common,9,0,51.737
2026-09-16-node-column,B,2.0.1,docs-00100,scan,q029,common+common,9,0,77.255
2026-09-16-node-column,B-node,fux 2.0.1 (node 24.13.0) — the read plane,docs-00100,node,q029,common+common,9,0,66.071
2026-09-16-node-column,A,1.0.0,docs-00100,scan,q029,common+common,10,0,52.284
2026-09-16-node-column,B,2.0.1,docs-00100,scan,q029,common+common,10,0,76.323
2026-09-16-node-column,B-node,fux 2.0.1 (node 24.13.0) — the read plane,docs-00100,node,q029,common+common,10,0,64.270
2026-09-16-node-column,A,1.0.0,docs-00100,scan,q029,common+common,11,0,52.550
2026-09-16-node-column,B,2.0.1,docs-00100,scan,q029,common+common,11,0,77.143
2026-09-16-node-column,B-node,fux 2.0.1 (node 24.13.0) — the read plane,docs-00100,node,q029,common+common,11,0,64.785
2026-09-16-node-column,A,1.0.0,docs-00100,scan,q029,common+common,12,0,52.019
2026-09-16-node-column,B,2.0.1,docs-00100,scan,q029,common+common,12,0,77.786
2026-09-16-node-column,B-node,fux 2.0.1 (node 24.13.0) — the read plane,docs-00100,node,q029,common+common,12,0,64.990
2026-09-16-node-column,A,1.0.0,docs-00100,scan,q030,common+common,0,1,53.203
2026-09-16-node-column,B,2.0.1,docs-00100,scan,q030,common+common,0,1,76.574
2026-09-16-node-column,B-node,fux 2.0.1 (node 24.13.0) — the read plane,docs-00100,node,q030,common+common,0,1,63.906
2026-09-16-node-column,A,1.0.0,docs-00100,scan,q030,common+common,1,1,52.769
2026-09-16-node-column,B,2.0.1,docs-00100,scan,q030,common+common,1,1,79.762
2026-09-16-node-column,B-node,fux 2.0.1 (node 24.13.0) — the read plane,docs-00100,node,q030,common+common,1,1,64.837
2026-09-16-node-column,A,1.0.0,docs-00100,scan,q030,common+common,2,1,52.276
2026-09-16-node-column,B,2.0.1,docs-00100,scan,q030,common+common,2,1,78.076
2026-09-16-node-column,B-node,fux 2.0.1 (node 24.13.0) — the read plane,docs-00100,node,q030,common+common,2,1,63.795
2026-09-16-node-column,A,1.0.0,docs-00100,scan,q030,common+common,3,0,54.479
2026-09-16-node-column,B,2.0.1,docs-00100,scan,q030,common+common,3,0,79.317
2026-09-16-node-column,B-node,fux 2.0.1 (node 24.13.0) — the read plane,docs-00100,node,q030,common+common,3,0,63.977
2026-09-16-node-column,A,1.0.0,docs-00100,scan,q030,common+common,4,0,52.697
2026-09-16-node-column,B,2.0.1,docs-00100,scan,q030,common+common,4,0,79.325
2026-09-16-node-column,B-node,fux 2.0.1 (node 24.13.0) — the read plane,docs-00100,node,q030,common+common,4,0,64.161
2026-09-16-node-column,A,1.0.0,docs-00100,scan,q030,common+common,5,0,53.804
2026-09-16-node-column,B,2.0.1,docs-00100,scan,q030,common+common,5,0,78.826
2026-09-16-node-column,B-node,fux 2.0.1 (node 24.13.0) — the read plane,docs-00100,node,q030,common+common,5,0,63.414
2026-09-16-node-column,A,1.0.0,docs-00100,scan,q030,common+common,6,0,52.166
2026-09-16-node-column,B,2.0.1,docs-00100,scan,q030,common+common,6,0,78.970
2026-09-16-node-column,B-node,fux 2.0.1 (node 24.13.0) — the read plane,docs-00100,node,q030,common+common,6,0,64.583
2026-09-16-node-column,A,1.0.0,docs-00100,scan,q030,common+common,7,0,53.322
2026-09-16-node-column,B,2.0.1,docs-00100,scan,q030,common+common,7,0,79.616
2026-09-16-node-column,B-node,fux 2.0.1 (node 24.13.0) — the read plane,docs-00100,node,q030,common+common,7,0,66.384
2026-09-16-node-column,A,1.0.0,docs-00100,scan,q030,common+common,8,0,55.006
2026-09-16-node-column,B,2.0.1,docs-00100,scan,q030,common+common,8,0,82.106
2026-09-16-node-column,B-node,fux 2.0.1 (node 24.13.0) — the read plane,docs-00100,node,q030,common+common,8,0,64.553
2026-09-16-node-column,A,1.0.0,docs-00100,scan,q030,common+common,9,0,52.596
2026-09-16-node-column,B,2.0.1,docs-00100,scan,q030,common+common,9,0,79.051
2026-09-16-node-column,B-node,fux 2.0.1 (node 24.13.0) — the read plane,docs-00100,node,q030,common+common,9,0,63.475
2026-09-16-node-column,A,1.0.0,docs-00100,scan,q030,common+common,10,0,51.375
2026-09-16-node-column,B,2.0.1,docs-00100,scan,q030,common+common,10,0,79.091
2026-09-16-node-column,B-node,fux 2.0.1 (node 24.13.0) — the read plane,docs-00100,node,q030,common+common,10,0,63.633
2026-09-16-node-column,A,1.0.0,docs-00100,scan,q030,common+common,11,0,52.001
2026-09-16-node-column,B,2.0.1,docs-00100,scan,q030,common+common,11,0,77.017
2026-09-16-node-column,B-node,fux 2.0.1 (node 24.13.0) — the read plane,docs-00100,node,q030,common+common,11,0,64.210
2026-09-16-node-column,A,1.0.0,docs-00100,scan,q030,common+common,12,0,52.886
2026-09-16-node-column,B,2.0.1,docs-00100,scan,q030,common+common,12,0,78.580
2026-09-16-node-column,B-node,fux 2.0.1 (node 24.13.0) — the read plane,docs-00100,node,q030,common+common,12,0,64.124
2026-09-16-node-column,A,1.0.0,docs-00100,scan,q031,common+common,0,1,52.223
2026-09-16-node-column,B,2.0.1,docs-00100,scan,q031,common+common,0,1,78.311
2026-09-16-node-column,B-node,fux 2.0.1 (node 24.13.0) — the read plane,docs-00100,node,q031,common+common,0,1,63.512
2026-09-16-node-column,A,1.0.0,docs-00100,scan,q031,common+common,1,1,52.775
2026-09-16-node-column,B,2.0.1,docs-00100,scan,q031,common+common,1,1,79.073
2026-09-16-node-column,B-node,fux 2.0.1 (node 24.13.0) — the read plane,docs-00100,node,q031,common+common,1,1,64.114
2026-09-16-node-column,A,1.0.0,docs-00100,scan,q031,common+common,2,1,53.246
2026-09-16-node-column,B,2.0.1,docs-00100,scan,q031,common+common,2,1,78.047
2026-09-16-node-column,B-node,fux 2.0.1 (node 24.13.0) — the read plane,docs-00100,node,q031,common+common,2,1,63.608
2026-09-16-node-column,A,1.0.0,docs-00100,scan,q031,common+common,3,0,51.449
2026-09-16-node-column,B,2.0.1,docs-00100,scan,q031,common+common,3,0,78.213
2026-09-16-node-column,B-node,fux 2.0.1 (node 24.13.0) — the read plane,docs-00100,node,q031,common+common,3,0,63.531
2026-09-16-node-column,A,1.0.0,docs-00100,scan,q031,common+common,4,0,52.798
2026-09-16-node-column,B,2.0.1,docs-00100,scan,q031,common+common,4,0,79.331
2026-09-16-node-column,B-node,fux 2.0.1 (node 24.13.0) — the read plane,docs-00100,node,q031,common+common,4,0,64.223
2026-09-16-node-column,A,1.0.0,docs-00100,scan,q031,common+common,5,0,53.362
2026-09-16-node-column,B,2.0.1,docs-00100,scan,q031,common+common,5,0,79.884
2026-09-16-node-column,B-node,fux 2.0.1 (node 24.13.0) — the read plane,docs-00100,node,q031,common+common,5,0,63.496
2026-09-16-node-column,A,1.0.0,docs-00100,scan,q031,common+common,6,0,52.393
2026-09-16-node-column,B,2.0.1,docs-00100,scan,q031,common+common,6,0,78.590
2026-09-16-node-column,B-node,fux 2.0.1 (node 24.13.0) — the read plane,docs-00100,node,q031,common+common,6,0,62.739
2026-09-16-node-column,A,1.0.0,docs-00100,scan,q031,common+common,7,0,51.960
2026-09-16-node-column,B,2.0.1,docs-00100,scan,q031,common+common,7,0,78.457
2026-09-16-node-column,B-node,fux 2.0.1 (node 24.13.0) — the read plane,docs-00100,node,q031,common+common,7,0,63.412
2026-09-16-node-column,A,1.0.0,docs-00100,scan,q031,common+common,8,0,51.887
2026-09-16-node-column,B,2.0.1,docs-00100,scan,q031,common+common,8,0,78.623
2026-09-16-node-column,B-node,fux 2.0.1 (node 24.13.0) — the read plane,docs-00100,node,q031,common+common,8,0,63.034
2026-09-16-node-column,A,1.0.0,docs-00100,scan,q031,common+common,9,0,51.988
2026-09-16-node-column,B,2.0.1,docs-00100,scan,q031,common+common,9,0,78.280
2026-09-16-node-column,B-node,fux 2.0.1 (node 24.13.0) — the read plane,docs-00100,node,q031,common+common,9,0,63.613
2026-09-16-node-column,A,1.0.0,docs-00100,scan,q031,common+common,10,0,52.051
2026-09-16-node-column,B,2.0.1,docs-00100,scan,q031,common+common,10,0,78.600
2026-09-16-node-column,B-node,fux 2.0.1 (node 24.13.0) — the read plane,docs-00100,node,q031,common+common,10,0,63.249
2026-09-16-node-column,A,1.0.0,docs-00100,scan,q031,common+common,11,0,51.513
2026-09-16-node-column,B,2.0.1,docs-00100,scan,q031,common+common,11,0,78.378
2026-09-16-node-column,B-node,fux 2.0.1 (node 24.13.0) — the read plane,docs-00100,node,q031,common+common,11,0,63.228
2026-09-16-node-column,A,1.0.0,docs-00100,scan,q031,common+common,12,0,52.423
2026-09-16-node-column,B,2.0.1,docs-00100,scan,q031,common+common,12,0,77.465
2026-09-16-node-column,B-node,fux 2.0.1 (node 24.13.0) — the read plane,docs-00100,node,q031,common+common,12,0,62.360
2026-09-16-node-column,A,1.0.0,docs-00100,scan,q032,common+common,0,1,51.537
2026-09-16-node-column,B,2.0.1,docs-00100,scan,q032,common+common,0,1,78.717
2026-09-16-node-column,B-node,fux 2.0.1 (node 24.13.0) — the read plane,docs-00100,node,q032,common+common,0,1,63.074
2026-09-16-node-column,A,1.0.0,docs-00100,scan,q032,common+common,1,1,51.765
2026-09-16-node-column,B,2.0.1,docs-00100,scan,q032,common+common,1,1,78.201
2026-09-16-node-column,B-node,fux 2.0.1 (node 24.13.0) — the read plane,docs-00100,node,q032,common+common,1,1,63.462
2026-09-16-node-column,A,1.0.0,docs-00100,scan,q032,common+common,2,1,52.377
2026-09-16-node-column,B,2.0.1,docs-00100,scan,q032,common+common,2,1,77.307
2026-09-16-node-column,B-node,fux 2.0.1 (node 24.13.0) — the read plane,docs-00100,node,q032,common+common,2,1,63.832
2026-09-16-node-column,A,1.0.0,docs-00100,scan,q032,common+common,3,0,51.688
2026-09-16-node-column,B,2.0.1,docs-00100,scan,q032,common+common,3,0,78.282
2026-09-16-node-column,B-node,fux 2.0.1 (node 24.13.0) — the read plane,docs-00100,node,q032,common+common,3,0,63.719
2026-09-16-node-column,A,1.0.0,docs-00100,scan,q032,common+common,4,0,53.511
2026-09-16-node-column,B,2.0.1,docs-00100,scan,q032,common+common,4,0,78.839
2026-09-16-node-column,B-node,fux 2.0.1 (node 24.13.0) — the read plane,docs-00100,node,q032,common+common,4,0,64.657
2026-09-16-node-column,A,1.0.0,docs-00100,scan,q032,common+common,5,0,56.142
2026-09-16-node-column,B,2.0.1,docs-00100,scan,q032,common+common,5,0,79.517
2026-09-16-node-column,B-node,fux 2.0.1 (node 24.13.0) — the read plane,docs-00100,node,q032,common+common,5,0,65.054
2026-09-16-node-column,A,1.0.0,docs-00100,scan,q032,common+common,6,0,52.992
2026-09-16-node-column,B,2.0.1,docs-00100,scan,q032,common+common,6,0,81.785
2026-09-16-node-column,B-node,fux 2.0.1 (node 24.13.0) — the read plane,docs-00100,node,q032,common+common,6,0,63.892
2026-09-16-node-column,A,1.0.0,docs-00100,scan,q032,common+common,7,0,52.809
2026-09-16-node-column,B,2.0.1,docs-00100,scan,q032,common+common,7,0,80.540
2026-09-16-node-column,B-node,fux 2.0.1 (node 24.13.0) — the read plane,docs-00100,node,q032,common+common,7,0,67.750
2026-09-16-node-column,A,1.0.0,docs-00100,scan,q032,common+common,8,0,55.471
2026-09-16-node-column,B,2.0.1,docs-00100,scan,q032,common+common,8,0,82.010
2026-09-16-node-column,B-node,fux 2.0.1 (node 24.13.0) — the read plane,docs-00100,node,q032,common+common,8,0,64.381
2026-09-16-node-column,A,1.0.0,docs-00100,scan,q032,common+common,9,0,53.261
2026-09-16-node-column,B,2.0.1,docs-00100,scan,q032,common+common,9,0,79.519
2026-09-16-node-column,B-node,fux 2.0.1 (node 24.13.0) — the read plane,docs-00100,node,q032,common+common,9,0,66.120
2026-09-16-node-column,A,1.0.0,docs-00100,scan,q032,common+common,10,0,54.566
2026-09-16-node-column,B,2.0.1,docs-00100,scan,q032,common+common,10,0,80.184
2026-09-16-node-column,B-node,fux 2.0.1 (node 24.13.0) — the read plane,docs-00100,node,q032,common+common,10,0,63.815
2026-09-16-node-column,A,1.0.0,docs-00100,scan,q032,common+common,11,0,53.089
2026-09-16-node-column,B,2.0.1,docs-00100,scan,q032,common+common,11,0,79.823
2026-09-16-node-column,B-node,fux 2.0.1 (node 24.13.0) — the read plane,docs-00100,node,q032,common+common,11,0,67.409
2026-09-16-node-column,A,1.0.0,docs-00100,scan,q032,common+common,12,0,56.459
2026-09-16-node-column,B,2.0.1,docs-00100,scan,q032,common+common,12,0,80.652
2026-09-16-node-column,B-node,fux 2.0.1 (node 24.13.0) — the read plane,docs-00100,node,q032,common+common,12,0,65.053
2026-09-16-node-column,A,1.0.0,docs-00100,scan,q033,common+common,0,1,53.607
2026-09-16-node-column,B,2.0.1,docs-00100,scan,q033,common+common,0,1,80.257
2026-09-16-node-column,B-node,fux 2.0.1 (node 24.13.0) — the read plane,docs-00100,node,q033,common+common,0,1,64.999
2026-09-16-node-column,A,1.0.0,docs-00100,scan,q033,common+common,1,1,54.147
2026-09-16-node-column,B,2.0.1,docs-00100,scan,q033,common+common,1,1,79.286
2026-09-16-node-column,B-node,fux 2.0.1 (node 24.13.0) — the read plane,docs-00100,node,q033,common+common,1,1,66.134
2026-09-16-node-column,A,1.0.0,docs-00100,scan,q033,common+common,2,1,53.108
2026-09-16-node-column,B,2.0.1,docs-00100,scan,q033,common+common,2,1,79.904
2026-09-16-node-column,B-node,fux 2.0.1 (node 24.13.0) — the read plane,docs-00100,node,q033,common+common,2,1,63.757
2026-09-16-node-column,A,1.0.0,docs-00100,scan,q033,common+common,3,0,52.187
2026-09-16-node-column,B,2.0.1,docs-00100,scan,q033,common+common,3,0,79.566
2026-09-16-node-column,B-node,fux 2.0.1 (node 24.13.0) — the read plane,docs-00100,node,q033,common+common,3,0,65.725
2026-09-16-node-column,A,1.0.0,docs-00100,scan,q033,common+common,4,0,53.223
2026-09-16-node-column,B,2.0.1,docs-00100,scan,q033,common+common,4,0,78.825
2026-09-16-node-column,B-node,fux 2.0.1 (node 24.13.0) — the read plane,docs-00100,node,q033,common+common,4,0,62.812
2026-09-16-node-column,A,1.0.0,docs-00100,scan,q033,common+common,5,0,52.203
2026-09-16-node-column,B,2.0.1,docs-00100,scan,q033,common+common,5,0,78.587
2026-09-16-node-column,B-node,fux 2.0.1 (node 24.13.0) — the read plane,docs-00100,node,q033,common+common,5,0,64.065
2026-09-16-node-column,A,1.0.0,docs-00100,scan,q033,common+common,6,0,53.012
2026-09-16-node-column,B,2.0.1,docs-00100,scan,q033,common+common,6,0,78.742
2026-09-16-node-column,B-node,fux 2.0.1 (node 24.13.0) — the read plane,docs-00100,node,q033,common+common,6,0,64.546
2026-09-16-node-column,A,1.0.0,docs-00100,scan,q033,common+common,7,0,52.422
2026-09-16-node-column,B,2.0.1,docs-00100,scan,q033,common+common,7,0,78.764
2026-09-16-node-column,B-node,fux 2.0.1 (node 24.13.0) — the read plane,docs-00100,node,q033,common+common,7,0,64.282
2026-09-16-node-column,A,1.0.0,docs-00100,scan,q033,common+common,8,0,52.036
2026-09-16-node-column,B,2.0.1,docs-00100,scan,q033,common+common,8,0,79.021
2026-09-16-node-column,B-node,fux 2.0.1 (node 24.13.0) — the read plane,docs-00100,node,q033,common+common,8,0,64.572
2026-09-16-node-column,A,1.0.0,docs-00100,scan,q033,common+common,9,0,52.740
2026-09-16-node-column,B,2.0.1,docs-00100,scan,q033,common+common,9,0,79.159
2026-09-16-node-column,B-node,fux 2.0.1 (node 24.13.0) — the read plane,docs-00100,node,q033,common+common,9,0,64.709
2026-09-16-node-column,A,1.0.0,docs-00100,scan,q033,common+common,10,0,52.199
2026-09-16-node-column,B,2.0.1,docs-00100,scan,q033,common+common,10,0,78.831
2026-09-16-node-column,B-node,fux 2.0.1 (node 24.13.0) — the read plane,docs-00100,node,q033,common+common,10,0,62.958
2026-09-16-node-column,A,1.0.0,docs-00100,scan,q033,common+common,11,0,52.482
2026-09-16-node-column,B,2.0.1,docs-00100,scan,q033,common+common,11,0,78.782
2026-09-16-node-column,B-node,fux 2.0.1 (node 24.13.0) — the read plane,docs-00100,node,q033,common+common,11,0,64.606
2026-09-16-node-column,A,1.0.0,docs-00100,scan,q033,common+common,12,0,51.811
2026-09-16-node-column,B,2.0.1,docs-00100,scan,q033,common+common,12,0,76.899
2026-09-16-node-column,B-node,fux 2.0.1 (node 24.13.0) — the read plane,docs-00100,node,q033,common+common,12,0,64.125
2026-09-16-node-column,A,1.0.0,docs-00100,scan,q034,common+common,0,1,53.520
2026-09-16-node-column,B,2.0.1,docs-00100,scan,q034,common+common,0,1,79.217
2026-09-16-node-column,B-node,fux 2.0.1 (node 24.13.0) — the read plane,docs-00100,node,q034,common+common,0,1,63.304
2026-09-16-node-column,A,1.0.0,docs-00100,scan,q034,common+common,1,1,52.844
2026-09-16-node-column,B,2.0.1,docs-00100,scan,q034,common+common,1,1,80.000
2026-09-16-node-column,B-node,fux 2.0.1 (node 24.13.0) — the read plane,docs-00100,node,q034,common+common,1,1,62.973
2026-09-16-node-column,A,1.0.0,docs-00100,scan,q034,common+common,2,1,53.353
2026-09-16-node-column,B,2.0.1,docs-00100,scan,q034,common+common,2,1,78.607
2026-09-16-node-column,B-node,fux 2.0.1 (node 24.13.0) — the read plane,docs-00100,node,q034,common+common,2,1,63.208
2026-09-16-node-column,A,1.0.0,docs-00100,scan,q034,common+common,3,0,52.974
2026-09-16-node-column,B,2.0.1,docs-00100,scan,q034,common+common,3,0,79.492
2026-09-16-node-column,B-node,fux 2.0.1 (node 24.13.0) — the read plane,docs-00100,node,q034,common+common,3,0,63.177
2026-09-16-node-column,A,1.0.0,docs-00100,scan,q034,common+common,4,0,52.627
2026-09-16-node-column,B,2.0.1,docs-00100,scan,q034,common+common,4,0,84.205
2026-09-16-node-column,B-node,fux 2.0.1 (node 24.13.0) — the read plane,docs-00100,node,q034,common+common,4,0,84.610
2026-09-16-node-column,A,1.0.0,docs-00100,scan,q034,common+common,5,0,53.765
2026-09-16-node-column,B,2.0.1,docs-00100,scan,q034,common+common,5,0,80.658
2026-09-16-node-column,B-node,fux 2.0.1 (node 24.13.0) — the read plane,docs-00100,node,q034,common+common,5,0,67.853
2026-09-16-node-column,A,1.0.0,docs-00100,scan,q034,common+common,6,0,56.275
2026-09-16-node-column,B,2.0.1,docs-00100,scan,q034,common+common,6,0,83.109
2026-09-16-node-column,B-node,fux 2.0.1 (node 24.13.0) — the read plane,docs-00100,node,q034,common+common,6,0,65.379
2026-09-16-node-column,A,1.0.0,docs-00100,scan,q034,common+common,7,0,54.701
2026-09-16-node-column,B,2.0.1,docs-00100,scan,q034,common+common,7,0,79.980
2026-09-16-node-column,B-node,fux 2.0.1 (node 24.13.0) — the read plane,docs-00100,node,q034,common+common,7,0,63.956
2026-09-16-node-column,A,1.0.0,docs-00100,scan,q034,common+common,8,0,54.356
2026-09-16-node-column,B,2.0.1,docs-00100,scan,q034,common+common,8,0,78.207
2026-09-16-node-column,B-node,fux 2.0.1 (node 24.13.0) — the read plane,docs-00100,node,q034,common+common,8,0,64.319
2026-09-16-node-column,A,1.0.0,docs-00100,scan,q034,common+common,9,0,53.667
2026-09-16-node-column,B,2.0.1,docs-00100,scan,q034,common+common,9,0,79.892
2026-09-16-node-column,B-node,fux 2.0.1 (node 24.13.0) — the read plane,docs-00100,node,q034,common+common,9,0,63.522
2026-09-16-node-column,A,1.0.0,docs-00100,scan,q034,common+common,10,0,53.612
2026-09-16-node-column,B,2.0.1,docs-00100,scan,q034,common+common,10,0,80.106
2026-09-16-node-column,B-node,fux 2.0.1 (node 24.13.0) — the read plane,docs-00100,node,q034,common+common,10,0,63.886
2026-09-16-node-column,A,1.0.0,docs-00100,scan,q034,common+common,11,0,53.567
2026-09-16-node-column,B,2.0.1,docs-00100,scan,q034,common+common,11,0,78.465
2026-09-16-node-column,B-node,fux 2.0.1 (node 24.13.0) — the read plane,docs-00100,node,q034,common+common,11,0,64.547
2026-09-16-node-column,A,1.0.0,docs-00100,scan,q034,common+common,12,0,57.979
2026-09-16-node-column,B,2.0.1,docs-00100,scan,q034,common+common,12,0,81.074
2026-09-16-node-column,B-node,fux 2.0.1 (node 24.13.0) — the read plane,docs-00100,node,q034,common+common,12,0,64.498
2026-09-16-node-column,A,1.0.0,docs-00100,scan,q035,phrase,0,1,51.657
2026-09-16-node-column,B,2.0.1,docs-00100,scan,q035,phrase,0,1,77.716
2026-09-16-node-column,B-node,fux 2.0.1 (node 24.13.0) — the read plane,docs-00100,node,q035,phrase,0,1,63.429
2026-09-16-node-column,A,1.0.0,docs-00100,scan,q035,phrase,1,1,52.396
2026-09-16-node-column,B,2.0.1,docs-00100,scan,q035,phrase,1,1,76.127
2026-09-16-node-column,B-node,fux 2.0.1 (node 24.13.0) — the read plane,docs-00100,node,q035,phrase,1,1,63.985
2026-09-16-node-column,A,1.0.0,docs-00100,scan,q035,phrase,2,1,52.356
2026-09-16-node-column,B,2.0.1,docs-00100,scan,q035,phrase,2,1,77.460
2026-09-16-node-column,B-node,fux 2.0.1 (node 24.13.0) — the read plane,docs-00100,node,q035,phrase,2,1,64.841
2026-09-16-node-column,A,1.0.0,docs-00100,scan,q035,phrase,3,0,51.859
2026-09-16-node-column,B,2.0.1,docs-00100,scan,q035,phrase,3,0,78.069
2026-09-16-node-column,B-node,fux 2.0.1 (node 24.13.0) — the read plane,docs-00100,node,q035,phrase,3,0,63.232
2026-09-16-node-column,A,1.0.0,docs-00100,scan,q035,phrase,4,0,51.639
2026-09-16-node-column,B,2.0.1,docs-00100,scan,q035,phrase,4,0,76.823
2026-09-16-node-column,B-node,fux 2.0.1 (node 24.13.0) — the read plane,docs-00100,node,q035,phrase,4,0,64.217
2026-09-16-node-column,A,1.0.0,docs-00100,scan,q035,phrase,5,0,52.065
2026-09-16-node-column,B,2.0.1,docs-00100,scan,q035,phrase,5,0,77.357
2026-09-16-node-column,B-node,fux 2.0.1 (node 24.13.0) — the read plane,docs-00100,node,q035,phrase,5,0,64.061
2026-09-16-node-column,A,1.0.0,docs-00100,scan,q035,phrase,6,0,51.989
2026-09-16-node-column,B,2.0.1,docs-00100,scan,q035,phrase,6,0,76.291
2026-09-16-node-column,B-node,fux 2.0.1 (node 24.13.0) — the read plane,docs-00100,node,q035,phrase,6,0,63.651
2026-09-16-node-column,A,1.0.0,docs-00100,scan,q035,phrase,7,0,51.481
2026-09-16-node-column,B,2.0.1,docs-00100,scan,q035,phrase,7,0,76.993
2026-09-16-node-column,B-node,fux 2.0.1 (node 24.13.0) — the read plane,docs-00100,node,q035,phrase,7,0,63.729
2026-09-16-node-column,A,1.0.0,docs-00100,scan,q035,phrase,8,0,51.410
2026-09-16-node-column,B,2.0.1,docs-00100,scan,q035,phrase,8,0,77.726
2026-09-16-node-column,B-node,fux 2.0.1 (node 24.13.0) — the read plane,docs-00100,node,q035,phrase,8,0,63.377
2026-09-16-node-column,A,1.0.0,docs-00100,scan,q035,phrase,9,0,52.515
2026-09-16-node-column,B,2.0.1,docs-00100,scan,q035,phrase,9,0,77.324
2026-09-16-node-column,B-node,fux 2.0.1 (node 24.13.0) — the read plane,docs-00100,node,q035,phrase,9,0,63.735
2026-09-16-node-column,A,1.0.0,docs-00100,scan,q035,phrase,10,0,50.532
2026-09-16-node-column,B,2.0.1,docs-00100,scan,q035,phrase,10,0,77.391
2026-09-16-node-column,B-node,fux 2.0.1 (node 24.13.0) — the read plane,docs-00100,node,q035,phrase,10,0,63.461
2026-09-16-node-column,A,1.0.0,docs-00100,scan,q035,phrase,11,0,52.089
2026-09-16-node-column,B,2.0.1,docs-00100,scan,q035,phrase,11,0,76.701
2026-09-16-node-column,B-node,fux 2.0.1 (node 24.13.0) — the read plane,docs-00100,node,q035,phrase,11,0,63.115
2026-09-16-node-column,A,1.0.0,docs-00100,scan,q035,phrase,12,0,51.775
2026-09-16-node-column,B,2.0.1,docs-00100,scan,q035,phrase,12,0,77.617
2026-09-16-node-column,B-node,fux 2.0.1 (node 24.13.0) — the read plane,docs-00100,node,q035,phrase,12,0,63.764
2026-09-16-node-column,A,1.0.0,docs-00100,scan,q036,phrase,0,1,51.683
2026-09-16-node-column,B,2.0.1,docs-00100,scan,q036,phrase,0,1,75.805
2026-09-16-node-column,B-node,fux 2.0.1 (node 24.13.0) — the read plane,docs-00100,node,q036,phrase,0,1,63.248
2026-09-16-node-column,A,1.0.0,docs-00100,scan,q036,phrase,1,1,53.222
2026-09-16-node-column,B,2.0.1,docs-00100,scan,q036,phrase,1,1,76.485
2026-09-16-node-column,B-node,fux 2.0.1 (node 24.13.0) — the read plane,docs-00100,node,q036,phrase,1,1,63.550
2026-09-16-node-column,A,1.0.0,docs-00100,scan,q036,phrase,2,1,50.872
2026-09-16-node-column,B,2.0.1,docs-00100,scan,q036,phrase,2,1,79.451
2026-09-16-node-column,B-node,fux 2.0.1 (node 24.13.0) — the read plane,docs-00100,node,q036,phrase,2,1,64.776
2026-09-16-node-column,A,1.0.0,docs-00100,scan,q036,phrase,3,0,51.862
2026-09-16-node-column,B,2.0.1,docs-00100,scan,q036,phrase,3,0,76.750
2026-09-16-node-column,B-node,fux 2.0.1 (node 24.13.0) — the read plane,docs-00100,node,q036,phrase,3,0,63.577
2026-09-16-node-column,A,1.0.0,docs-00100,scan,q036,phrase,4,0,52.252
2026-09-16-node-column,B,2.0.1,docs-00100,scan,q036,phrase,4,0,76.902
2026-09-16-node-column,B-node,fux 2.0.1 (node 24.13.0) — the read plane,docs-00100,node,q036,phrase,4,0,64.539
2026-09-16-node-column,A,1.0.0,docs-00100,scan,q036,phrase,5,0,51.278
2026-09-16-node-column,B,2.0.1,docs-00100,scan,q036,phrase,5,0,77.542
2026-09-16-node-column,B-node,fux 2.0.1 (node 24.13.0) — the read plane,docs-00100,node,q036,phrase,5,0,63.560
2026-09-16-node-column,A,1.0.0,docs-00100,scan,q036,phrase,6,0,52.209
2026-09-16-node-column,B,2.0.1,docs-00100,scan,q036,phrase,6,0,77.563
2026-09-16-node-column,B-node,fux 2.0.1 (node 24.13.0) — the read plane,docs-00100,node,q036,phrase,6,0,63.843
2026-09-16-node-column,A,1.0.0,docs-00100,scan,q036,phrase,7,0,51.857
2026-09-16-node-column,B,2.0.1,docs-00100,scan,q036,phrase,7,0,76.744
2026-09-16-node-column,B-node,fux 2.0.1 (node 24.13.0) — the read plane,docs-00100,node,q036,phrase,7,0,63.169
2026-09-16-node-column,A,1.0.0,docs-00100,scan,q036,phrase,8,0,51.565
2026-09-16-node-column,B,2.0.1,docs-00100,scan,q036,phrase,8,0,76.753
2026-09-16-node-column,B-node,fux 2.0.1 (node 24.13.0) — the read plane,docs-00100,node,q036,phrase,8,0,62.826
2026-09-16-node-column,A,1.0.0,docs-00100,scan,q036,phrase,9,0,52.025
2026-09-16-node-column,B,2.0.1,docs-00100,scan,q036,phrase,9,0,77.046
2026-09-16-node-column,B-node,fux 2.0.1 (node 24.13.0) — the read plane,docs-00100,node,q036,phrase,9,0,62.878
2026-09-16-node-column,A,1.0.0,docs-00100,scan,q036,phrase,10,0,52.444
2026-09-16-node-column,B,2.0.1,docs-00100,scan,q036,phrase,10,0,77.790
2026-09-16-node-column,B-node,fux 2.0.1 (node 24.13.0) — the read plane,docs-00100,node,q036,phrase,10,0,63.746
2026-09-16-node-column,A,1.0.0,docs-00100,scan,q036,phrase,11,0,52.007
2026-09-16-node-column,B,2.0.1,docs-00100,scan,q036,phrase,11,0,77.359
2026-09-16-node-column,B-node,fux 2.0.1 (node 24.13.0) — the read plane,docs-00100,node,q036,phrase,11,0,63.881
2026-09-16-node-column,A,1.0.0,docs-00100,scan,q036,phrase,12,0,51.102
2026-09-16-node-column,B,2.0.1,docs-00100,scan,q036,phrase,12,0,77.215
2026-09-16-node-column,B-node,fux 2.0.1 (node 24.13.0) — the read plane,docs-00100,node,q036,phrase,12,0,64.872
2026-09-16-node-column,A,1.0.0,docs-00100,scan,q037,phrase,0,1,52.750
2026-09-16-node-column,B,2.0.1,docs-00100,scan,q037,phrase,0,1,76.750
2026-09-16-node-column,B-node,fux 2.0.1 (node 24.13.0) — the read plane,docs-00100,node,q037,phrase,0,1,63.450
2026-09-16-node-column,A,1.0.0,docs-00100,scan,q037,phrase,1,1,53.377
2026-09-16-node-column,B,2.0.1,docs-00100,scan,q037,phrase,1,1,76.230
2026-09-16-node-column,B-node,fux 2.0.1 (node 24.13.0) — the read plane,docs-00100,node,q037,phrase,1,1,64.137
2026-09-16-node-column,A,1.0.0,docs-00100,scan,q037,phrase,2,1,52.864
2026-09-16-node-column,B,2.0.1,docs-00100,scan,q037,phrase,2,1,78.291
2026-09-16-node-column,B-node,fux 2.0.1 (node 24.13.0) — the read plane,docs-00100,node,q037,phrase,2,1,63.313
2026-09-16-node-column,A,1.0.0,docs-00100,scan,q037,phrase,3,0,51.902
2026-09-16-node-column,B,2.0.1,docs-00100,scan,q037,phrase,3,0,78.332
2026-09-16-node-column,B-node,fux 2.0.1 (node 24.13.0) — the read plane,docs-00100,node,q037,phrase,3,0,63.208
2026-09-16-node-column,A,1.0.0,docs-00100,scan,q037,phrase,4,0,52.617
2026-09-16-node-column,B,2.0.1,docs-00100,scan,q037,phrase,4,0,78.347
2026-09-16-node-column,B-node,fux 2.0.1 (node 24.13.0) — the read plane,docs-00100,node,q037,phrase,4,0,63.908
2026-09-16-node-column,A,1.0.0,docs-00100,scan,q037,phrase,5,0,52.680
2026-09-16-node-column,B,2.0.1,docs-00100,scan,q037,phrase,5,0,78.225
2026-09-16-node-column,B-node,fux 2.0.1 (node 24.13.0) — the read plane,docs-00100,node,q037,phrase,5,0,63.439
2026-09-16-node-column,A,1.0.0,docs-00100,scan,q037,phrase,6,0,52.982
2026-09-16-node-column,B,2.0.1,docs-00100,scan,q037,phrase,6,0,78.327
2026-09-16-node-column,B-node,fux 2.0.1 (node 24.13.0) — the read plane,docs-00100,node,q037,phrase,6,0,63.624
2026-09-16-node-column,A,1.0.0,docs-00100,scan,q037,phrase,7,0,52.075
2026-09-16-node-column,B,2.0.1,docs-00100,scan,q037,phrase,7,0,77.524
2026-09-16-node-column,B-node,fux 2.0.1 (node 24.13.0) — the read plane,docs-00100,node,q037,phrase,7,0,63.286
2026-09-16-node-column,A,1.0.0,docs-00100,scan,q037,phrase,8,0,51.783
2026-09-16-node-column,B,2.0.1,docs-00100,scan,q037,phrase,8,0,78.831
2026-09-16-node-column,B-node,fux 2.0.1 (node 24.13.0) — the read plane,docs-00100,node,q037,phrase,8,0,62.994
2026-09-16-node-column,A,1.0.0,docs-00100,scan,q037,phrase,9,0,51.746
2026-09-16-node-column,B,2.0.1,docs-00100,scan,q037,phrase,9,0,76.767
2026-09-16-node-column,B-node,fux 2.0.1 (node 24.13.0) — the read plane,docs-00100,node,q037,phrase,9,0,64.079
2026-09-16-node-column,A,1.0.0,docs-00100,scan,q037,phrase,10,0,53.159
2026-09-16-node-column,B,2.0.1,docs-00100,scan,q037,phrase,10,0,77.883
2026-09-16-node-column,B-node,fux 2.0.1 (node 24.13.0) — the read plane,docs-00100,node,q037,phrase,10,0,64.103
2026-09-16-node-column,A,1.0.0,docs-00100,scan,q037,phrase,11,0,51.814
2026-09-16-node-column,B,2.0.1,docs-00100,scan,q037,phrase,11,0,78.520
2026-09-16-node-column,B-node,fux 2.0.1 (node 24.13.0) — the read plane,docs-00100,node,q037,phrase,11,0,64.242
2026-09-16-node-column,A,1.0.0,docs-00100,scan,q037,phrase,12,0,53.341
2026-09-16-node-column,B,2.0.1,docs-00100,scan,q037,phrase,12,0,78.464
2026-09-16-node-column,B-node,fux 2.0.1 (node 24.13.0) — the read plane,docs-00100,node,q037,phrase,12,0,64.447
2026-09-16-node-column,A,1.0.0,docs-00100,scan,q038,phrase,0,1,52.301
2026-09-16-node-column,B,2.0.1,docs-00100,scan,q038,phrase,0,1,78.476
2026-09-16-node-column,B-node,fux 2.0.1 (node 24.13.0) — the read plane,docs-00100,node,q038,phrase,0,1,63.776
2026-09-16-node-column,A,1.0.0,docs-00100,scan,q038,phrase,1,1,52.928
2026-09-16-node-column,B,2.0.1,docs-00100,scan,q038,phrase,1,1,78.572
2026-09-16-node-column,B-node,fux 2.0.1 (node 24.13.0) — the read plane,docs-00100,node,q038,phrase,1,1,63.356
2026-09-16-node-column,A,1.0.0,docs-00100,scan,q038,phrase,2,1,51.852
2026-09-16-node-column,B,2.0.1,docs-00100,scan,q038,phrase,2,1,78.935
2026-09-16-node-column,B-node,fux 2.0.1 (node 24.13.0) — the read plane,docs-00100,node,q038,phrase,2,1,63.284
2026-09-16-node-column,A,1.0.0,docs-00100,scan,q038,phrase,3,0,52.542
2026-09-16-node-column,B,2.0.1,docs-00100,scan,q038,phrase,3,0,77.060
2026-09-16-node-column,B-node,fux 2.0.1 (node 24.13.0) — the read plane,docs-00100,node,q038,phrase,3,0,63.135
2026-09-16-node-column,A,1.0.0,docs-00100,scan,q038,phrase,4,0,53.683
2026-09-16-node-column,B,2.0.1,docs-00100,scan,q038,phrase,4,0,78.961
2026-09-16-node-column,B-node,fux 2.0.1 (node 24.13.0) — the read plane,docs-00100,node,q038,phrase,4,0,64.260
2026-09-16-node-column,A,1.0.0,docs-00100,scan,q038,phrase,5,0,51.998
2026-09-16-node-column,B,2.0.1,docs-00100,scan,q038,phrase,5,0,78.870
2026-09-16-node-column,B-node,fux 2.0.1 (node 24.13.0) — the read plane,docs-00100,node,q038,phrase,5,0,63.880
2026-09-16-node-column,A,1.0.0,docs-00100,scan,q038,phrase,6,0,52.278
2026-09-16-node-column,B,2.0.1,docs-00100,scan,q038,phrase,6,0,79.151
2026-09-16-node-column,B-node,fux 2.0.1 (node 24.13.0) — the read plane,docs-00100,node,q038,phrase,6,0,62.291
2026-09-16-node-column,A,1.0.0,docs-00100,scan,q038,phrase,7,0,52.385
2026-09-16-node-column,B,2.0.1,docs-00100,scan,q038,phrase,7,0,78.999
2026-09-16-node-column,B-node,fux 2.0.1 (node 24.13.0) — the read plane,docs-00100,node,q038,phrase,7,0,63.298
2026-09-16-node-column,A,1.0.0,docs-00100,scan,q038,phrase,8,0,51.922
2026-09-16-node-column,B,2.0.1,docs-00100,scan,q038,phrase,8,0,78.099
2026-09-16-node-column,B-node,fux 2.0.1 (node 24.13.0) — the read plane,docs-00100,node,q038,phrase,8,0,63.403
2026-09-16-node-column,A,1.0.0,docs-00100,scan,q038,phrase,9,0,52.943
2026-09-16-node-column,B,2.0.1,docs-00100,scan,q038,phrase,9,0,77.766
2026-09-16-node-column,B-node,fux 2.0.1 (node 24.13.0) — the read plane,docs-00100,node,q038,phrase,9,0,63.152
2026-09-16-node-column,A,1.0.0,docs-00100,scan,q038,phrase,10,0,52.317
2026-09-16-node-column,B,2.0.1,docs-00100,scan,q038,phrase,10,0,78.787
2026-09-16-node-column,B-node,fux 2.0.1 (node 24.13.0) — the read plane,docs-00100,node,q038,phrase,10,0,63.785
2026-09-16-node-column,A,1.0.0,docs-00100,scan,q038,phrase,11,0,51.804
2026-09-16-node-column,B,2.0.1,docs-00100,scan,q038,phrase,11,0,78.371
2026-09-16-node-column,B-node,fux 2.0.1 (node 24.13.0) — the read plane,docs-00100,node,q038,phrase,11,0,63.145
2026-09-16-node-column,A,1.0.0,docs-00100,scan,q038,phrase,12,0,53.639
2026-09-16-node-column,B,2.0.1,docs-00100,scan,q038,phrase,12,0,78.990
2026-09-16-node-column,B-node,fux 2.0.1 (node 24.13.0) — the read plane,docs-00100,node,q038,phrase,12,0,63.321
2026-09-16-node-column,A,1.0.0,docs-00100,scan,q039,phrase,0,1,51.936
2026-09-16-node-column,B,2.0.1,docs-00100,scan,q039,phrase,0,1,76.646
2026-09-16-node-column,B-node,fux 2.0.1 (node 24.13.0) — the read plane,docs-00100,node,q039,phrase,0,1,63.719
2026-09-16-node-column,A,1.0.0,docs-00100,scan,q039,phrase,1,1,53.141
2026-09-16-node-column,B,2.0.1,docs-00100,scan,q039,phrase,1,1,80.681
2026-09-16-node-column,B-node,fux 2.0.1 (node 24.13.0) — the read plane,docs-00100,node,q039,phrase,1,1,64.356
2026-09-16-node-column,A,1.0.0,docs-00100,scan,q039,phrase,2,1,53.802
2026-09-16-node-column,B,2.0.1,docs-00100,scan,q039,phrase,2,1,79.370
2026-09-16-node-column,B-node,fux 2.0.1 (node 24.13.0) — the read plane,docs-00100,node,q039,phrase,2,1,63.473
2026-09-16-node-column,A,1.0.0,docs-00100,scan,q039,phrase,3,0,52.675
2026-09-16-node-column,B,2.0.1,docs-00100,scan,q039,phrase,3,0,78.571
2026-09-16-node-column,B-node,fux 2.0.1 (node 24.13.0) — the read plane,docs-00100,node,q039,phrase,3,0,63.355
2026-09-16-node-column,A,1.0.0,docs-00100,scan,q039,phrase,4,0,51.543
2026-09-16-node-column,B,2.0.1,docs-00100,scan,q039,phrase,4,0,78.487
2026-09-16-node-column,B-node,fux 2.0.1 (node 24.13.0) — the read plane,docs-00100,node,q039,phrase,4,0,62.901
2026-09-16-node-column,A,1.0.0,docs-00100,scan,q039,phrase,5,0,52.621
2026-09-16-node-column,B,2.0.1,docs-00100,scan,q039,phrase,5,0,78.610
2026-09-16-node-column,B-node,fux 2.0.1 (node 24.13.0) — the read plane,docs-00100,node,q039,phrase,5,0,63.400
2026-09-16-node-column,A,1.0.0,docs-00100,scan,q039,phrase,6,0,51.042
2026-09-16-node-column,B,2.0.1,docs-00100,scan,q039,phrase,6,0,78.514
2026-09-16-node-column,B-node,fux 2.0.1 (node 24.13.0) — the read plane,docs-00100,node,q039,phrase,6,0,63.853
2026-09-16-node-column,A,1.0.0,docs-00100,scan,q039,phrase,7,0,52.164
2026-09-16-node-column,B,2.0.1,docs-00100,scan,q039,phrase,7,0,77.682
2026-09-16-node-column,B-node,fux 2.0.1 (node 24.13.0) — the read plane,docs-00100,node,q039,phrase,7,0,62.787
2026-09-16-node-column,A,1.0.0,docs-00100,scan,q039,phrase,8,0,51.559
2026-09-16-node-column,B,2.0.1,docs-00100,scan,q039,phrase,8,0,78.595
2026-09-16-node-column,B-node,fux 2.0.1 (node 24.13.0) — the read plane,docs-00100,node,q039,phrase,8,0,63.909
2026-09-16-node-column,A,1.0.0,docs-00100,scan,q039,phrase,9,0,51.452
2026-09-16-node-column,B,2.0.1,docs-00100,scan,q039,phrase,9,0,78.710
2026-09-16-node-column,B-node,fux 2.0.1 (node 24.13.0) — the read plane,docs-00100,node,q039,phrase,9,0,63.932
2026-09-16-node-column,A,1.0.0,docs-00100,scan,q039,phrase,10,0,52.326
2026-09-16-node-column,B,2.0.1,docs-00100,scan,q039,phrase,10,0,78.337
2026-09-16-node-column,B-node,fux 2.0.1 (node 24.13.0) — the read plane,docs-00100,node,q039,phrase,10,0,63.442
2026-09-16-node-column,A,1.0.0,docs-00100,scan,q039,phrase,11,0,51.655
2026-09-16-node-column,B,2.0.1,docs-00100,scan,q039,phrase,11,0,78.155
2026-09-16-node-column,B-node,fux 2.0.1 (node 24.13.0) — the read plane,docs-00100,node,q039,phrase,11,0,63.724
2026-09-16-node-column,A,1.0.0,docs-00100,scan,q039,phrase,12,0,51.305
2026-09-16-node-column,B,2.0.1,docs-00100,scan,q039,phrase,12,0,77.626
2026-09-16-node-column,B-node,fux 2.0.1 (node 24.13.0) — the read plane,docs-00100,node,q039,phrase,12,0,63.835
2026-09-16-node-column,A,1.0.0,docs-00100,scan,q040,phrase,0,1,51.119
2026-09-16-node-column,B,2.0.1,docs-00100,scan,q040,phrase,0,1,78.265
2026-09-16-node-column,B-node,fux 2.0.1 (node 24.13.0) — the read plane,docs-00100,node,q040,phrase,0,1,63.565
2026-09-16-node-column,A,1.0.0,docs-00100,scan,q040,phrase,1,1,50.854
2026-09-16-node-column,B,2.0.1,docs-00100,scan,q040,phrase,1,1,77.022
2026-09-16-node-column,B-node,fux 2.0.1 (node 24.13.0) — the read plane,docs-00100,node,q040,phrase,1,1,63.445
2026-09-16-node-column,A,1.0.0,docs-00100,scan,q040,phrase,2,1,51.173
2026-09-16-node-column,B,2.0.1,docs-00100,scan,q040,phrase,2,1,76.264
2026-09-16-node-column,B-node,fux 2.0.1 (node 24.13.0) — the read plane,docs-00100,node,q040,phrase,2,1,63.399
2026-09-16-node-column,A,1.0.0,docs-00100,scan,q040,phrase,3,0,51.423
2026-09-16-node-column,B,2.0.1,docs-00100,scan,q040,phrase,3,0,77.298
2026-09-16-node-column,B-node,fux 2.0.1 (node 24.13.0) — the read plane,docs-00100,node,q040,phrase,3,0,77.574
2026-09-16-node-column,A,1.0.0,docs-00100,scan,q040,phrase,4,0,59.984
2026-09-16-node-column,B,2.0.1,docs-00100,scan,q040,phrase,4,0,77.519
2026-09-16-node-column,B-node,fux 2.0.1 (node 24.13.0) — the read plane,docs-00100,node,q040,phrase,4,0,63.871
2026-09-16-node-column,A,1.0.0,docs-00100,scan,q040,phrase,5,0,52.269
2026-09-16-node-column,B,2.0.1,docs-00100,scan,q040,phrase,5,0,80.812
2026-09-16-node-column,B-node,fux 2.0.1 (node 24.13.0) — the read plane,docs-00100,node,q040,phrase,5,0,67.270
2026-09-16-node-column,A,1.0.0,docs-00100,scan,q040,phrase,6,0,55.012
2026-09-16-node-column,B,2.0.1,docs-00100,scan,q040,phrase,6,0,78.928
2026-09-16-node-column,B-node,fux 2.0.1 (node 24.13.0) — the read plane,docs-00100,node,q040,phrase,6,0,65.040
2026-09-16-node-column,A,1.0.0,docs-00100,scan,q040,phrase,7,0,52.241
2026-09-16-node-column,B,2.0.1,docs-00100,scan,q040,phrase,7,0,76.954
2026-09-16-node-column,B-node,fux 2.0.1 (node 24.13.0) — the read plane,docs-00100,node,q040,phrase,7,0,63.653
2026-09-16-node-column,A,1.0.0,docs-00100,scan,q040,phrase,8,0,51.456
2026-09-16-node-column,B,2.0.1,docs-00100,scan,q040,phrase,8,0,76.877
2026-09-16-node-column,B-node,fux 2.0.1 (node 24.13.0) — the read plane,docs-00100,node,q040,phrase,8,0,63.890
2026-09-16-node-column,A,1.0.0,docs-00100,scan,q040,phrase,9,0,51.699
2026-09-16-node-column,B,2.0.1,docs-00100,scan,q040,phrase,9,0,76.833
2026-09-16-node-column,B-node,fux 2.0.1 (node 24.13.0) — the read plane,docs-00100,node,q040,phrase,9,0,63.461
2026-09-16-node-column,A,1.0.0,docs-00100,scan,q040,phrase,10,0,51.717
2026-09-16-node-column,B,2.0.1,docs-00100,scan,q040,phrase,10,0,77.310
2026-09-16-node-column,B-node,fux 2.0.1 (node 24.13.0) — the read plane,docs-00100,node,q040,phrase,10,0,63.060
2026-09-16-node-column,A,1.0.0,docs-00100,scan,q040,phrase,11,0,51.781
2026-09-16-node-column,B,2.0.1,docs-00100,scan,q040,phrase,11,0,76.217
2026-09-16-node-column,B-node,fux 2.0.1 (node 24.13.0) — the read plane,docs-00100,node,q040,phrase,11,0,66.995
2026-09-16-node-column,A,1.0.0,docs-00100,scan,q040,phrase,12,0,52.057
2026-09-16-node-column,B,2.0.1,docs-00100,scan,q040,phrase,12,0,77.564
2026-09-16-node-column,B-node,fux 2.0.1 (node 24.13.0) — the read plane,docs-00100,node,q040,phrase,12,0,62.862
2026-09-16-node-column,A,1.0.0,docs-00100,scan,q041,phrase,0,1,52.689
2026-09-16-node-column,B,2.0.1,docs-00100,scan,q041,phrase,0,1,79.465
2026-09-16-node-column,B-node,fux 2.0.1 (node 24.13.0) — the read plane,docs-00100,node,q041,phrase,0,1,62.740
2026-09-16-node-column,A,1.0.0,docs-00100,scan,q041,phrase,1,1,52.326
2026-09-16-node-column,B,2.0.1,docs-00100,scan,q041,phrase,1,1,78.493
2026-09-16-node-column,B-node,fux 2.0.1 (node 24.13.0) — the read plane,docs-00100,node,q041,phrase,1,1,64.759
2026-09-16-node-column,A,1.0.0,docs-00100,scan,q041,phrase,2,1,52.561
2026-09-16-node-column,B,2.0.1,docs-00100,scan,q041,phrase,2,1,78.713
2026-09-16-node-column,B-node,fux 2.0.1 (node 24.13.0) — the read plane,docs-00100,node,q041,phrase,2,1,62.999
2026-09-16-node-column,A,1.0.0,docs-00100,scan,q041,phrase,3,0,52.549
2026-09-16-node-column,B,2.0.1,docs-00100,scan,q041,phrase,3,0,77.899
2026-09-16-node-column,B-node,fux 2.0.1 (node 24.13.0) — the read plane,docs-00100,node,q041,phrase,3,0,63.204
2026-09-16-node-column,A,1.0.0,docs-00100,scan,q041,phrase,4,0,51.695
2026-09-16-node-column,B,2.0.1,docs-00100,scan,q041,phrase,4,0,78.620
2026-09-16-node-column,B-node,fux 2.0.1 (node 24.13.0) — the read plane,docs-00100,node,q041,phrase,4,0,63.730
2026-09-16-node-column,A,1.0.0,docs-00100,scan,q041,phrase,5,0,52.577
2026-09-16-node-column,B,2.0.1,docs-00100,scan,q041,phrase,5,0,78.998
2026-09-16-node-column,B-node,fux 2.0.1 (node 24.13.0) — the read plane,docs-00100,node,q041,phrase,5,0,63.815
2026-09-16-node-column,A,1.0.0,docs-00100,scan,q041,phrase,6,0,52.813
2026-09-16-node-column,B,2.0.1,docs-00100,scan,q041,phrase,6,0,77.236
2026-09-16-node-column,B-node,fux 2.0.1 (node 24.13.0) — the read plane,docs-00100,node,q041,phrase,6,0,63.099
2026-09-16-node-column,A,1.0.0,docs-00100,scan,q041,phrase,7,0,52.505
2026-09-16-node-column,B,2.0.1,docs-00100,scan,q041,phrase,7,0,80.574
2026-09-16-node-column,B-node,fux 2.0.1 (node 24.13.0) — the read plane,docs-00100,node,q041,phrase,7,0,63.860
2026-09-16-node-column,A,1.0.0,docs-00100,scan,q041,phrase,8,0,51.422
2026-09-16-node-column,B,2.0.1,docs-00100,scan,q041,phrase,8,0,79.524
2026-09-16-node-column,B-node,fux 2.0.1 (node 24.13.0) — the read plane,docs-00100,node,q041,phrase,8,0,63.346
2026-09-16-node-column,A,1.0.0,docs-00100,scan,q041,phrase,9,0,52.411
2026-09-16-node-column,B,2.0.1,docs-00100,scan,q041,phrase,9,0,78.521
2026-09-16-node-column,B-node,fux 2.0.1 (node 24.13.0) — the read plane,docs-00100,node,q041,phrase,9,0,63.202
2026-09-16-node-column,A,1.0.0,docs-00100,scan,q041,phrase,10,0,51.740
2026-09-16-node-column,B,2.0.1,docs-00100,scan,q041,phrase,10,0,78.359
2026-09-16-node-column,B-node,fux 2.0.1 (node 24.13.0) — the read plane,docs-00100,node,q041,phrase,10,0,63.715
2026-09-16-node-column,A,1.0.0,docs-00100,scan,q041,phrase,11,0,52.891
2026-09-16-node-column,B,2.0.1,docs-00100,scan,q041,phrase,11,0,80.289
2026-09-16-node-column,B-node,fux 2.0.1 (node 24.13.0) — the read plane,docs-00100,node,q041,phrase,11,0,63.994
2026-09-16-node-column,A,1.0.0,docs-00100,scan,q041,phrase,12,0,52.318
2026-09-16-node-column,B,2.0.1,docs-00100,scan,q041,phrase,12,0,78.010
2026-09-16-node-column,B-node,fux 2.0.1 (node 24.13.0) — the read plane,docs-00100,node,q041,phrase,12,0,64.171
2026-09-16-node-column,A,1.0.0,docs-00100,scan,q042,phrase,0,1,52.211
2026-09-16-node-column,B,2.0.1,docs-00100,scan,q042,phrase,0,1,78.056
2026-09-16-node-column,B-node,fux 2.0.1 (node 24.13.0) — the read plane,docs-00100,node,q042,phrase,0,1,62.774
2026-09-16-node-column,A,1.0.0,docs-00100,scan,q042,phrase,1,1,52.226
2026-09-16-node-column,B,2.0.1,docs-00100,scan,q042,phrase,1,1,77.368
2026-09-16-node-column,B-node,fux 2.0.1 (node 24.13.0) — the read plane,docs-00100,node,q042,phrase,1,1,63.517
2026-09-16-node-column,A,1.0.0,docs-00100,scan,q042,phrase,2,1,51.825
2026-09-16-node-column,B,2.0.1,docs-00100,scan,q042,phrase,2,1,78.140
2026-09-16-node-column,B-node,fux 2.0.1 (node 24.13.0) — the read plane,docs-00100,node,q042,phrase,2,1,63.678
2026-09-16-node-column,A,1.0.0,docs-00100,scan,q042,phrase,3,0,52.346
2026-09-16-node-column,B,2.0.1,docs-00100,scan,q042,phrase,3,0,77.768
2026-09-16-node-column,B-node,fux 2.0.1 (node 24.13.0) — the read plane,docs-00100,node,q042,phrase,3,0,62.403
2026-09-16-node-column,A,1.0.0,docs-00100,scan,q042,phrase,4,0,52.867
2026-09-16-node-column,B,2.0.1,docs-00100,scan,q042,phrase,4,0,76.788
2026-09-16-node-column,B-node,fux 2.0.1 (node 24.13.0) — the read plane,docs-00100,node,q042,phrase,4,0,63.701
2026-09-16-node-column,A,1.0.0,docs-00100,scan,q042,phrase,5,0,51.875
2026-09-16-node-column,B,2.0.1,docs-00100,scan,q042,phrase,5,0,76.367
2026-09-16-node-column,B-node,fux 2.0.1 (node 24.13.0) — the read plane,docs-00100,node,q042,phrase,5,0,62.994
2026-09-16-node-column,A,1.0.0,docs-00100,scan,q042,phrase,6,0,51.923
2026-09-16-node-column,B,2.0.1,docs-00100,scan,q042,phrase,6,0,77.804
2026-09-16-node-column,B-node,fux 2.0.1 (node 24.13.0) — the read plane,docs-00100,node,q042,phrase,6,0,63.150
2026-09-16-node-column,A,1.0.0,docs-00100,scan,q042,phrase,7,0,51.939
2026-09-16-node-column,B,2.0.1,docs-00100,scan,q042,phrase,7,0,77.836
2026-09-16-node-column,B-node,fux 2.0.1 (node 24.13.0) — the read plane,docs-00100,node,q042,phrase,7,0,63.235
2026-09-16-node-column,A,1.0.0,docs-00100,scan,q042,phrase,8,0,52.410
2026-09-16-node-column,B,2.0.1,docs-00100,scan,q042,phrase,8,0,78.227
2026-09-16-node-column,B-node,fux 2.0.1 (node 24.13.0) — the read plane,docs-00100,node,q042,phrase,8,0,63.473
2026-09-16-node-column,A,1.0.0,docs-00100,scan,q042,phrase,9,0,51.565
2026-09-16-node-column,B,2.0.1,docs-00100,scan,q042,phrase,9,0,77.906
2026-09-16-node-column,B-node,fux 2.0.1 (node 24.13.0) — the read plane,docs-00100,node,q042,phrase,9,0,63.235
2026-09-16-node-column,A,1.0.0,docs-00100,scan,q042,phrase,10,0,52.420
2026-09-16-node-column,B,2.0.1,docs-00100,scan,q042,phrase,10,0,78.043
2026-09-16-node-column,B-node,fux 2.0.1 (node 24.13.0) — the read plane,docs-00100,node,q042,phrase,10,0,64.492
2026-09-16-node-column,A,1.0.0,docs-00100,scan,q042,phrase,11,0,52.220
2026-09-16-node-column,B,2.0.1,docs-00100,scan,q042,phrase,11,0,78.210
2026-09-16-node-column,B-node,fux 2.0.1 (node 24.13.0) — the read plane,docs-00100,node,q042,phrase,11,0,63.007
2026-09-16-node-column,A,1.0.0,docs-00100,scan,q042,phrase,12,0,52.731
2026-09-16-node-column,B,2.0.1,docs-00100,scan,q042,phrase,12,0,77.375
2026-09-16-node-column,B-node,fux 2.0.1 (node 24.13.0) — the read plane,docs-00100,node,q042,phrase,12,0,63.280
2026-09-16-node-column,A,1.0.0,docs-00100,scan,q043,natural,0,1,52.546
2026-09-16-node-column,B,2.0.1,docs-00100,scan,q043,natural,0,1,80.011
2026-09-16-node-column,B-node,fux 2.0.1 (node 24.13.0) — the read plane,docs-00100,node,q043,natural,0,1,64.277
2026-09-16-node-column,A,1.0.0,docs-00100,scan,q043,natural,1,1,53.228
2026-09-16-node-column,B,2.0.1,docs-00100,scan,q043,natural,1,1,79.558
2026-09-16-node-column,B-node,fux 2.0.1 (node 24.13.0) — the read plane,docs-00100,node,q043,natural,1,1,63.917
2026-09-16-node-column,A,1.0.0,docs-00100,scan,q043,natural,2,1,53.039
2026-09-16-node-column,B,2.0.1,docs-00100,scan,q043,natural,2,1,77.815
2026-09-16-node-column,B-node,fux 2.0.1 (node 24.13.0) — the read plane,docs-00100,node,q043,natural,2,1,64.210
2026-09-16-node-column,A,1.0.0,docs-00100,scan,q043,natural,3,0,53.286
2026-09-16-node-column,B,2.0.1,docs-00100,scan,q043,natural,3,0,77.617
2026-09-16-node-column,B-node,fux 2.0.1 (node 24.13.0) — the read plane,docs-00100,node,q043,natural,3,0,63.577
2026-09-16-node-column,A,1.0.0,docs-00100,scan,q043,natural,4,0,52.880
2026-09-16-node-column,B,2.0.1,docs-00100,scan,q043,natural,4,0,78.722
2026-09-16-node-column,B-node,fux 2.0.1 (node 24.13.0) — the read plane,docs-00100,node,q043,natural,4,0,64.075
2026-09-16-node-column,A,1.0.0,docs-00100,scan,q043,natural,5,0,53.100
2026-09-16-node-column,B,2.0.1,docs-00100,scan,q043,natural,5,0,80.031
2026-09-16-node-column,B-node,fux 2.0.1 (node 24.13.0) — the read plane,docs-00100,node,q043,natural,5,0,64.153
2026-09-16-node-column,A,1.0.0,docs-00100,scan,q043,natural,6,0,52.907
2026-09-16-node-column,B,2.0.1,docs-00100,scan,q043,natural,6,0,80.004
2026-09-16-node-column,B-node,fux 2.0.1 (node 24.13.0) — the read plane,docs-00100,node,q043,natural,6,0,64.232
2026-09-16-node-column,A,1.0.0,docs-00100,scan,q043,natural,7,0,52.180
2026-09-16-node-column,B,2.0.1,docs-00100,scan,q043,natural,7,0,78.231
2026-09-16-node-column,B-node,fux 2.0.1 (node 24.13.0) — the read plane,docs-00100,node,q043,natural,7,0,63.674
2026-09-16-node-column,A,1.0.0,docs-00100,scan,q043,natural,8,0,52.692
2026-09-16-node-column,B,2.0.1,docs-00100,scan,q043,natural,8,0,78.506
2026-09-16-node-column,B-node,fux 2.0.1 (node 24.13.0) — the read plane,docs-00100,node,q043,natural,8,0,63.869
2026-09-16-node-column,A,1.0.0,docs-00100,scan,q043,natural,9,0,53.274
2026-09-16-node-column,B,2.0.1,docs-00100,scan,q043,natural,9,0,79.333
2026-09-16-node-column,B-node,fux 2.0.1 (node 24.13.0) — the read plane,docs-00100,node,q043,natural,9,0,63.833
2026-09-16-node-column,A,1.0.0,docs-00100,scan,q043,natural,10,0,52.703
2026-09-16-node-column,B,2.0.1,docs-00100,scan,q043,natural,10,0,78.011
2026-09-16-node-column,B-node,fux 2.0.1 (node 24.13.0) — the read plane,docs-00100,node,q043,natural,10,0,64.038
2026-09-16-node-column,A,1.0.0,docs-00100,scan,q043,natural,11,0,53.239
2026-09-16-node-column,B,2.0.1,docs-00100,scan,q043,natural,11,0,79.551
2026-09-16-node-column,B-node,fux 2.0.1 (node 24.13.0) — the read plane,docs-00100,node,q043,natural,11,0,63.867
2026-09-16-node-column,A,1.0.0,docs-00100,scan,q043,natural,12,0,52.089
2026-09-16-node-column,B,2.0.1,docs-00100,scan,q043,natural,12,0,79.413
2026-09-16-node-column,B-node,fux 2.0.1 (node 24.13.0) — the read plane,docs-00100,node,q043,natural,12,0,64.160
2026-09-16-node-column,A,1.0.0,docs-00100,scan,q044,natural,0,1,54.614
2026-09-16-node-column,B,2.0.1,docs-00100,scan,q044,natural,0,1,79.025
2026-09-16-node-column,B-node,fux 2.0.1 (node 24.13.0) — the read plane,docs-00100,node,q044,natural,0,1,63.740
2026-09-16-node-column,A,1.0.0,docs-00100,scan,q044,natural,1,1,54.760
2026-09-16-node-column,B,2.0.1,docs-00100,scan,q044,natural,1,1,83.696
2026-09-16-node-column,B-node,fux 2.0.1 (node 24.13.0) — the read plane,docs-00100,node,q044,natural,1,1,68.494
2026-09-16-node-column,A,1.0.0,docs-00100,scan,q044,natural,2,1,55.060
2026-09-16-node-column,B,2.0.1,docs-00100,scan,q044,natural,2,1,80.993
2026-09-16-node-column,B-node,fux 2.0.1 (node 24.13.0) — the read plane,docs-00100,node,q044,natural,2,1,64.155
2026-09-16-node-column,A,1.0.0,docs-00100,scan,q044,natural,3,0,53.575
2026-09-16-node-column,B,2.0.1,docs-00100,scan,q044,natural,3,0,80.385
2026-09-16-node-column,B-node,fux 2.0.1 (node 24.13.0) — the read plane,docs-00100,node,q044,natural,3,0,66.208
2026-09-16-node-column,A,1.0.0,docs-00100,scan,q044,natural,4,0,53.007
2026-09-16-node-column,B,2.0.1,docs-00100,scan,q044,natural,4,0,80.272
2026-09-16-node-column,B-node,fux 2.0.1 (node 24.13.0) — the read plane,docs-00100,node,q044,natural,4,0,64.153
2026-09-16-node-column,A,1.0.0,docs-00100,scan,q044,natural,5,0,54.959
2026-09-16-node-column,B,2.0.1,docs-00100,scan,q044,natural,5,0,79.616
2026-09-16-node-column,B-node,fux 2.0.1 (node 24.13.0) — the read plane,docs-00100,node,q044,natural,5,0,64.622
2026-09-16-node-column,A,1.0.0,docs-00100,scan,q044,natural,6,0,53.081
2026-09-16-node-column,B,2.0.1,docs-00100,scan,q044,natural,6,0,78.119
2026-09-16-node-column,B-node,fux 2.0.1 (node 24.13.0) — the read plane,docs-00100,node,q044,natural,6,0,63.975
2026-09-16-node-column,A,1.0.0,docs-00100,scan,q044,natural,7,0,53.899
2026-09-16-node-column,B,2.0.1,docs-00100,scan,q044,natural,7,0,81.266
2026-09-16-node-column,B-node,fux 2.0.1 (node 24.13.0) — the read plane,docs-00100,node,q044,natural,7,0,64.969
2026-09-16-node-column,A,1.0.0,docs-00100,scan,q044,natural,8,0,57.430
2026-09-16-node-column,B,2.0.1,docs-00100,scan,q044,natural,8,0,79.320
2026-09-16-node-column,B-node,fux 2.0.1 (node 24.13.0) — the read plane,docs-00100,node,q044,natural,8,0,63.887
2026-09-16-node-column,A,1.0.0,docs-00100,scan,q044,natural,9,0,52.932
2026-09-16-node-column,B,2.0.1,docs-00100,scan,q044,natural,9,0,78.324
2026-09-16-node-column,B-node,fux 2.0.1 (node 24.13.0) — the read plane,docs-00100,node,q044,natural,9,0,64.105
2026-09-16-node-column,A,1.0.0,docs-00100,scan,q044,natural,10,0,53.558
2026-09-16-node-column,B,2.0.1,docs-00100,scan,q044,natural,10,0,79.359
2026-09-16-node-column,B-node,fux 2.0.1 (node 24.13.0) — the read plane,docs-00100,node,q044,natural,10,0,64.336
2026-09-16-node-column,A,1.0.0,docs-00100,scan,q044,natural,11,0,53.645
2026-09-16-node-column,B,2.0.1,docs-00100,scan,q044,natural,11,0,78.247
2026-09-16-node-column,B-node,fux 2.0.1 (node 24.13.0) — the read plane,docs-00100,node,q044,natural,11,0,63.807
2026-09-16-node-column,A,1.0.0,docs-00100,scan,q044,natural,12,0,52.610
2026-09-16-node-column,B,2.0.1,docs-00100,scan,q044,natural,12,0,77.849
2026-09-16-node-column,B-node,fux 2.0.1 (node 24.13.0) — the read plane,docs-00100,node,q044,natural,12,0,64.157
2026-09-16-node-column,A,1.0.0,docs-00100,scan,q045,natural,0,1,52.475
2026-09-16-node-column,B,2.0.1,docs-00100,scan,q045,natural,0,1,79.932
2026-09-16-node-column,B-node,fux 2.0.1 (node 24.13.0) — the read plane,docs-00100,node,q045,natural,0,1,63.769
2026-09-16-node-column,A,1.0.0,docs-00100,scan,q045,natural,1,1,53.172
2026-09-16-node-column,B,2.0.1,docs-00100,scan,q045,natural,1,1,79.784
2026-09-16-node-column,B-node,fux 2.0.1 (node 24.13.0) — the read plane,docs-00100,node,q045,natural,1,1,64.082
2026-09-16-node-column,A,1.0.0,docs-00100,scan,q045,natural,2,1,52.663
2026-09-16-node-column,B,2.0.1,docs-00100,scan,q045,natural,2,1,78.838
2026-09-16-node-column,B-node,fux 2.0.1 (node 24.13.0) — the read plane,docs-00100,node,q045,natural,2,1,64.486
2026-09-16-node-column,A,1.0.0,docs-00100,scan,q045,natural,3,0,52.184
2026-09-16-node-column,B,2.0.1,docs-00100,scan,q045,natural,3,0,80.436
2026-09-16-node-column,B-node,fux 2.0.1 (node 24.13.0) — the read plane,docs-00100,node,q045,natural,3,0,64.055
2026-09-16-node-column,A,1.0.0,docs-00100,scan,q045,natural,4,0,52.619
2026-09-16-node-column,B,2.0.1,docs-00100,scan,q045,natural,4,0,79.476
2026-09-16-node-column,B-node,fux 2.0.1 (node 24.13.0) — the read plane,docs-00100,node,q045,natural,4,0,64.501
2026-09-16-node-column,A,1.0.0,docs-00100,scan,q045,natural,5,0,53.304
2026-09-16-node-column,B,2.0.1,docs-00100,scan,q045,natural,5,0,78.747
2026-09-16-node-column,B-node,fux 2.0.1 (node 24.13.0) — the read plane,docs-00100,node,q045,natural,5,0,64.805
2026-09-16-node-column,A,1.0.0,docs-00100,scan,q045,natural,6,0,52.899
2026-09-16-node-column,B,2.0.1,docs-00100,scan,q045,natural,6,0,78.477
2026-09-16-node-column,B-node,fux 2.0.1 (node 24.13.0) — the read plane,docs-00100,node,q045,natural,6,0,63.891
2026-09-16-node-column,A,1.0.0,docs-00100,scan,q045,natural,7,0,52.988
2026-09-16-node-column,B,2.0.1,docs-00100,scan,q045,natural,7,0,78.886
2026-09-16-node-column,B-node,fux 2.0.1 (node 24.13.0) — the read plane,docs-00100,node,q045,natural,7,0,64.238
2026-09-16-node-column,A,1.0.0,docs-00100,scan,q045,natural,8,0,52.473
2026-09-16-node-column,B,2.0.1,docs-00100,scan,q045,natural,8,0,78.544
2026-09-16-node-column,B-node,fux 2.0.1 (node 24.13.0) — the read plane,docs-00100,node,q045,natural,8,0,63.903
2026-09-16-node-column,A,1.0.0,docs-00100,scan,q045,natural,9,0,52.295
2026-09-16-node-column,B,2.0.1,docs-00100,scan,q045,natural,9,0,79.288
2026-09-16-node-column,B-node,fux 2.0.1 (node 24.13.0) — the read plane,docs-00100,node,q045,natural,9,0,63.766
2026-09-16-node-column,A,1.0.0,docs-00100,scan,q045,natural,10,0,51.986
2026-09-16-node-column,B,2.0.1,docs-00100,scan,q045,natural,10,0,79.016
2026-09-16-node-column,B-node,fux 2.0.1 (node 24.13.0) — the read plane,docs-00100,node,q045,natural,10,0,64.365
2026-09-16-node-column,A,1.0.0,docs-00100,scan,q045,natural,11,0,52.599
2026-09-16-node-column,B,2.0.1,docs-00100,scan,q045,natural,11,0,79.322
2026-09-16-node-column,B-node,fux 2.0.1 (node 24.13.0) — the read plane,docs-00100,node,q045,natural,11,0,64.490
2026-09-16-node-column,A,1.0.0,docs-00100,scan,q045,natural,12,0,52.749
2026-09-16-node-column,B,2.0.1,docs-00100,scan,q045,natural,12,0,78.564
2026-09-16-node-column,B-node,fux 2.0.1 (node 24.13.0) — the read plane,docs-00100,node,q045,natural,12,0,63.786
2026-09-16-node-column,A,1.0.0,docs-00100,scan,q046,natural,0,1,53.108
2026-09-16-node-column,B,2.0.1,docs-00100,scan,q046,natural,0,1,78.563
2026-09-16-node-column,B-node,fux 2.0.1 (node 24.13.0) — the read plane,docs-00100,node,q046,natural,0,1,63.151
2026-09-16-node-column,A,1.0.0,docs-00100,scan,q046,natural,1,1,51.658
2026-09-16-node-column,B,2.0.1,docs-00100,scan,q046,natural,1,1,78.963
2026-09-16-node-column,B-node,fux 2.0.1 (node 24.13.0) — the read plane,docs-00100,node,q046,natural,1,1,63.880
2026-09-16-node-column,A,1.0.0,docs-00100,scan,q046,natural,2,1,52.784
2026-09-16-node-column,B,2.0.1,docs-00100,scan,q046,natural,2,1,78.602
2026-09-16-node-column,B-node,fux 2.0.1 (node 24.13.0) — the read plane,docs-00100,node,q046,natural,2,1,63.957
2026-09-16-node-column,A,1.0.0,docs-00100,scan,q046,natural,3,0,52.705
2026-09-16-node-column,B,2.0.1,docs-00100,scan,q046,natural,3,0,78.797
2026-09-16-node-column,B-node,fux 2.0.1 (node 24.13.0) — the read plane,docs-00100,node,q046,natural,3,0,64.428
2026-09-16-node-column,A,1.0.0,docs-00100,scan,q046,natural,4,0,52.556
2026-09-16-node-column,B,2.0.1,docs-00100,scan,q046,natural,4,0,79.021
2026-09-16-node-column,B-node,fux 2.0.1 (node 24.13.0) — the read plane,docs-00100,node,q046,natural,4,0,64.145
2026-09-16-node-column,A,1.0.0,docs-00100,scan,q046,natural,5,0,53.221
2026-09-16-node-column,B,2.0.1,docs-00100,scan,q046,natural,5,0,78.851
2026-09-16-node-column,B-node,fux 2.0.1 (node 24.13.0) — the read plane,docs-00100,node,q046,natural,5,0,63.531
2026-09-16-node-column,A,1.0.0,docs-00100,scan,q046,natural,6,0,52.612
2026-09-16-node-column,B,2.0.1,docs-00100,scan,q046,natural,6,0,77.862
2026-09-16-node-column,B-node,fux 2.0.1 (node 24.13.0) — the read plane,docs-00100,node,q046,natural,6,0,64.101
2026-09-16-node-column,A,1.0.0,docs-00100,scan,q046,natural,7,0,52.634
2026-09-16-node-column,B,2.0.1,docs-00100,scan,q046,natural,7,0,78.114
2026-09-16-node-column,B-node,fux 2.0.1 (node 24.13.0) — the read plane,docs-00100,node,q046,natural,7,0,63.299
2026-09-16-node-column,A,1.0.0,docs-00100,scan,q046,natural,8,0,52.724
2026-09-16-node-column,B,2.0.1,docs-00100,scan,q046,natural,8,0,77.899
2026-09-16-node-column,B-node,fux 2.0.1 (node 24.13.0) — the read plane,docs-00100,node,q046,natural,8,0,63.809
2026-09-16-node-column,A,1.0.0,docs-00100,scan,q046,natural,9,0,52.654
2026-09-16-node-column,B,2.0.1,docs-00100,scan,q046,natural,9,0,78.594
2026-09-16-node-column,B-node,fux 2.0.1 (node 24.13.0) — the read plane,docs-00100,node,q046,natural,9,0,62.973
2026-09-16-node-column,A,1.0.0,docs-00100,scan,q046,natural,10,0,53.140
2026-09-16-node-column,B,2.0.1,docs-00100,scan,q046,natural,10,0,78.937
2026-09-16-node-column,B-node,fux 2.0.1 (node 24.13.0) — the read plane,docs-00100,node,q046,natural,10,0,64.099
2026-09-16-node-column,A,1.0.0,docs-00100,scan,q046,natural,11,0,51.971
2026-09-16-node-column,B,2.0.1,docs-00100,scan,q046,natural,11,0,78.269
2026-09-16-node-column,B-node,fux 2.0.1 (node 24.13.0) — the read plane,docs-00100,node,q046,natural,11,0,63.272
2026-09-16-node-column,A,1.0.0,docs-00100,scan,q046,natural,12,0,51.717
2026-09-16-node-column,B,2.0.1,docs-00100,scan,q046,natural,12,0,77.374
2026-09-16-node-column,B-node,fux 2.0.1 (node 24.13.0) — the read plane,docs-00100,node,q046,natural,12,0,63.100
2026-09-16-node-column,A,1.0.0,docs-00100,scan,q047,natural,0,1,54.379
2026-09-16-node-column,B,2.0.1,docs-00100,scan,q047,natural,0,1,77.555
2026-09-16-node-column,B-node,fux 2.0.1 (node 24.13.0) — the read plane,docs-00100,node,q047,natural,0,1,64.528
2026-09-16-node-column,A,1.0.0,docs-00100,scan,q047,natural,1,1,51.783
2026-09-16-node-column,B,2.0.1,docs-00100,scan,q047,natural,1,1,79.468
2026-09-16-node-column,B-node,fux 2.0.1 (node 24.13.0) — the read plane,docs-00100,node,q047,natural,1,1,67.895
2026-09-16-node-column,A,1.0.0,docs-00100,scan,q047,natural,2,1,55.471
2026-09-16-node-column,B,2.0.1,docs-00100,scan,q047,natural,2,1,78.710
2026-09-16-node-column,B-node,fux 2.0.1 (node 24.13.0) — the read plane,docs-00100,node,q047,natural,2,1,64.707
2026-09-16-node-column,A,1.0.0,docs-00100,scan,q047,natural,3,0,53.088
2026-09-16-node-column,B,2.0.1,docs-00100,scan,q047,natural,3,0,75.933
2026-09-16-node-column,B-node,fux 2.0.1 (node 24.13.0) — the read plane,docs-00100,node,q047,natural,3,0,65.894
2026-09-16-node-column,A,1.0.0,docs-00100,scan,q047,natural,4,0,54.272
2026-09-16-node-column,B,2.0.1,docs-00100,scan,q047,natural,4,0,77.615
2026-09-16-node-column,B-node,fux 2.0.1 (node 24.13.0) — the read plane,docs-00100,node,q047,natural,4,0,64.818
2026-09-16-node-column,A,1.0.0,docs-00100,scan,q047,natural,5,0,51.997
2026-09-16-node-column,B,2.0.1,docs-00100,scan,q047,natural,5,0,90.421
2026-09-16-node-column,B-node,fux 2.0.1 (node 24.13.0) — the read plane,docs-00100,node,q047,natural,5,0,72.818
2026-09-16-node-column,A,1.0.0,docs-00100,scan,q047,natural,6,0,52.649
2026-09-16-node-column,B,2.0.1,docs-00100,scan,q047,natural,6,0,77.200
2026-09-16-node-column,B-node,fux 2.0.1 (node 24.13.0) — the read plane,docs-00100,node,q047,natural,6,0,63.815
2026-09-16-node-column,A,1.0.0,docs-00100,scan,q047,natural,7,0,52.361
2026-09-16-node-column,B,2.0.1,docs-00100,scan,q047,natural,7,0,79.147
2026-09-16-node-column,B-node,fux 2.0.1 (node 24.13.0) — the read plane,docs-00100,node,q047,natural,7,0,64.177
2026-09-16-node-column,A,1.0.0,docs-00100,scan,q047,natural,8,0,52.833
2026-09-16-node-column,B,2.0.1,docs-00100,scan,q047,natural,8,0,77.466
2026-09-16-node-column,B-node,fux 2.0.1 (node 24.13.0) — the read plane,docs-00100,node,q047,natural,8,0,63.772
2026-09-16-node-column,A,1.0.0,docs-00100,scan,q047,natural,9,0,71.839
2026-09-16-node-column,B,2.0.1,docs-00100,scan,q047,natural,9,0,77.912
2026-09-16-node-column,B-node,fux 2.0.1 (node 24.13.0) — the read plane,docs-00100,node,q047,natural,9,0,64.478
2026-09-16-node-column,A,1.0.0,docs-00100,scan,q047,natural,10,0,52.930
2026-09-16-node-column,B,2.0.1,docs-00100,scan,q047,natural,10,0,77.588
2026-09-16-node-column,B-node,fux 2.0.1 (node 24.13.0) — the read plane,docs-00100,node,q047,natural,10,0,64.850
2026-09-16-node-column,A,1.0.0,docs-00100,scan,q047,natural,11,0,51.922
2026-09-16-node-column,B,2.0.1,docs-00100,scan,q047,natural,11,0,77.616
2026-09-16-node-column,B-node,fux 2.0.1 (node 24.13.0) — the read plane,docs-00100,node,q047,natural,11,0,63.917
2026-09-16-node-column,A,1.0.0,docs-00100,scan,q047,natural,12,0,52.840
2026-09-16-node-column,B,2.0.1,docs-00100,scan,q047,natural,12,0,82.107
2026-09-16-node-column,B-node,fux 2.0.1 (node 24.13.0) — the read plane,docs-00100,node,q047,natural,12,0,64.583
2026-09-16-node-column,A,1.0.0,docs-00100,scan,q048,natural,0,1,52.368
2026-09-16-node-column,B,2.0.1,docs-00100,scan,q048,natural,0,1,76.360
2026-09-16-node-column,B-node,fux 2.0.1 (node 24.13.0) — the read plane,docs-00100,node,q048,natural,0,1,64.127
2026-09-16-node-column,A,1.0.0,docs-00100,scan,q048,natural,1,1,52.012
2026-09-16-node-column,B,2.0.1,docs-00100,scan,q048,natural,1,1,77.365
2026-09-16-node-column,B-node,fux 2.0.1 (node 24.13.0) — the read plane,docs-00100,node,q048,natural,1,1,65.017
2026-09-16-node-column,A,1.0.0,docs-00100,scan,q048,natural,2,1,53.574
2026-09-16-node-column,B,2.0.1,docs-00100,scan,q048,natural,2,1,78.510
2026-09-16-node-column,B-node,fux 2.0.1 (node 24.13.0) — the read plane,docs-00100,node,q048,natural,2,1,64.686
2026-09-16-node-column,A,1.0.0,docs-00100,scan,q048,natural,3,0,53.086
2026-09-16-node-column,B,2.0.1,docs-00100,scan,q048,natural,3,0,78.483
2026-09-16-node-column,B-node,fux 2.0.1 (node 24.13.0) — the read plane,docs-00100,node,q048,natural,3,0,64.092
2026-09-16-node-column,A,1.0.0,docs-00100,scan,q048,natural,4,0,52.201
2026-09-16-node-column,B,2.0.1,docs-00100,scan,q048,natural,4,0,77.917
2026-09-16-node-column,B-node,fux 2.0.1 (node 24.13.0) — the read plane,docs-00100,node,q048,natural,4,0,63.407
2026-09-16-node-column,A,1.0.0,docs-00100,scan,q048,natural,5,0,53.202
2026-09-16-node-column,B,2.0.1,docs-00100,scan,q048,natural,5,0,76.361
2026-09-16-node-column,B-node,fux 2.0.1 (node 24.13.0) — the read plane,docs-00100,node,q048,natural,5,0,64.054
2026-09-16-node-column,A,1.0.0,docs-00100,scan,q048,natural,6,0,52.657
2026-09-16-node-column,B,2.0.1,docs-00100,scan,q048,natural,6,0,78.249
2026-09-16-node-column,B-node,fux 2.0.1 (node 24.13.0) — the read plane,docs-00100,node,q048,natural,6,0,64.188
2026-09-16-node-column,A,1.0.0,docs-00100,scan,q048,natural,7,0,52.522
2026-09-16-node-column,B,2.0.1,docs-00100,scan,q048,natural,7,0,77.900
2026-09-16-node-column,B-node,fux 2.0.1 (node 24.13.0) — the read plane,docs-00100,node,q048,natural,7,0,63.765
2026-09-16-node-column,A,1.0.0,docs-00100,scan,q048,natural,8,0,53.452
2026-09-16-node-column,B,2.0.1,docs-00100,scan,q048,natural,8,0,77.076
2026-09-16-node-column,B-node,fux 2.0.1 (node 24.13.0) — the read plane,docs-00100,node,q048,natural,8,0,63.914
2026-09-16-node-column,A,1.0.0,docs-00100,scan,q048,natural,9,0,51.877
2026-09-16-node-column,B,2.0.1,docs-00100,scan,q048,natural,9,0,77.962
2026-09-16-node-column,B-node,fux 2.0.1 (node 24.13.0) — the read plane,docs-00100,node,q048,natural,9,0,64.336
2026-09-16-node-column,A,1.0.0,docs-00100,scan,q048,natural,10,0,52.932
2026-09-16-node-column,B,2.0.1,docs-00100,scan,q048,natural,10,0,76.461
2026-09-16-node-column,B-node,fux 2.0.1 (node 24.13.0) — the read plane,docs-00100,node,q048,natural,10,0,63.717
2026-09-16-node-column,A,1.0.0,docs-00100,scan,q048,natural,11,0,55.093
2026-09-16-node-column,B,2.0.1,docs-00100,scan,q048,natural,11,0,81.946
2026-09-16-node-column,B-node,fux 2.0.1 (node 24.13.0) — the read plane,docs-00100,node,q048,natural,11,0,64.901
2026-09-16-node-column,A,1.0.0,docs-00100,scan,q048,natural,12,0,52.249
2026-09-16-node-column,B,2.0.1,docs-00100,scan,q048,natural,12,0,78.065
2026-09-16-node-column,B-node,fux 2.0.1 (node 24.13.0) — the read plane,docs-00100,node,q048,natural,12,0,63.219
2026-09-16-node-column,A,1.0.0,docs-00100,scan,q049,natural,0,1,53.153
2026-09-16-node-column,B,2.0.1,docs-00100,scan,q049,natural,0,1,78.621
2026-09-16-node-column,B-node,fux 2.0.1 (node 24.13.0) — the read plane,docs-00100,node,q049,natural,0,1,64.230
2026-09-16-node-column,A,1.0.0,docs-00100,scan,q049,natural,1,1,52.322
2026-09-16-node-column,B,2.0.1,docs-00100,scan,q049,natural,1,1,78.894
2026-09-16-node-column,B-node,fux 2.0.1 (node 24.13.0) — the read plane,docs-00100,node,q049,natural,1,1,63.606
2026-09-16-node-column,A,1.0.0,docs-00100,scan,q049,natural,2,1,52.427
2026-09-16-node-column,B,2.0.1,docs-00100,scan,q049,natural,2,1,79.790
2026-09-16-node-column,B-node,fux 2.0.1 (node 24.13.0) — the read plane,docs-00100,node,q049,natural,2,1,64.141
2026-09-16-node-column,A,1.0.0,docs-00100,scan,q049,natural,3,0,52.826
2026-09-16-node-column,B,2.0.1,docs-00100,scan,q049,natural,3,0,78.969
2026-09-16-node-column,B-node,fux 2.0.1 (node 24.13.0) — the read plane,docs-00100,node,q049,natural,3,0,64.315
2026-09-16-node-column,A,1.0.0,docs-00100,scan,q049,natural,4,0,52.294
2026-09-16-node-column,B,2.0.1,docs-00100,scan,q049,natural,4,0,79.346
2026-09-16-node-column,B-node,fux 2.0.1 (node 24.13.0) — the read plane,docs-00100,node,q049,natural,4,0,64.242
2026-09-16-node-column,A,1.0.0,docs-00100,scan,q049,natural,5,0,51.990
2026-09-16-node-column,B,2.0.1,docs-00100,scan,q049,natural,5,0,78.071
2026-09-16-node-column,B-node,fux 2.0.1 (node 24.13.0) — the read plane,docs-00100,node,q049,natural,5,0,63.662
2026-09-16-node-column,A,1.0.0,docs-00100,scan,q049,natural,6,0,53.278
2026-09-16-node-column,B,2.0.1,docs-00100,scan,q049,natural,6,0,79.250
2026-09-16-node-column,B-node,fux 2.0.1 (node 24.13.0) — the read plane,docs-00100,node,q049,natural,6,0,80.863
2026-09-16-node-column,A,1.0.0,docs-00100,scan,q049,natural,7,0,52.495
2026-09-16-node-column,B,2.0.1,docs-00100,scan,q049,natural,7,0,79.313
2026-09-16-node-column,B-node,fux 2.0.1 (node 24.13.0) — the read plane,docs-00100,node,q049,natural,7,0,64.906
2026-09-16-node-column,A,1.0.0,docs-00100,scan,q049,natural,8,0,52.824
2026-09-16-node-column,B,2.0.1,docs-00100,scan,q049,natural,8,0,79.638
2026-09-16-node-column,B-node,fux 2.0.1 (node 24.13.0) — the read plane,docs-00100,node,q049,natural,8,0,63.932
2026-09-16-node-column,A,1.0.0,docs-00100,scan,q049,natural,9,0,51.662
2026-09-16-node-column,B,2.0.1,docs-00100,scan,q049,natural,9,0,84.013
2026-09-16-node-column,B-node,fux 2.0.1 (node 24.13.0) — the read plane,docs-00100,node,q049,natural,9,0,67.988
2026-09-16-node-column,A,1.0.0,docs-00100,scan,q049,natural,10,0,52.524
2026-09-16-node-column,B,2.0.1,docs-00100,scan,q049,natural,10,0,78.736
2026-09-16-node-column,B-node,fux 2.0.1 (node 24.13.0) — the read plane,docs-00100,node,q049,natural,10,0,64.702
2026-09-16-node-column,A,1.0.0,docs-00100,scan,q049,natural,11,0,51.698
2026-09-16-node-column,B,2.0.1,docs-00100,scan,q049,natural,11,0,79.561
2026-09-16-node-column,B-node,fux 2.0.1 (node 24.13.0) — the read plane,docs-00100,node,q049,natural,11,0,64.433
2026-09-16-node-column,A,1.0.0,docs-00100,scan,q049,natural,12,0,52.716
2026-09-16-node-column,B,2.0.1,docs-00100,scan,q049,natural,12,0,78.551
2026-09-16-node-column,B-node,fux 2.0.1 (node 24.13.0) — the read plane,docs-00100,node,q049,natural,12,0,63.843
2026-09-16-node-column,A,1.0.0,docs-00100,scan,q050,natural,0,1,52.891
2026-09-16-node-column,B,2.0.1,docs-00100,scan,q050,natural,0,1,78.954
2026-09-16-node-column,B-node,fux 2.0.1 (node 24.13.0) — the read plane,docs-00100,node,q050,natural,0,1,63.854
2026-09-16-node-column,A,1.0.0,docs-00100,scan,q050,natural,1,1,53.037
2026-09-16-node-column,B,2.0.1,docs-00100,scan,q050,natural,1,1,79.288
2026-09-16-node-column,B-node,fux 2.0.1 (node 24.13.0) — the read plane,docs-00100,node,q050,natural,1,1,63.956
2026-09-16-node-column,A,1.0.0,docs-00100,scan,q050,natural,2,1,53.845
2026-09-16-node-column,B,2.0.1,docs-00100,scan,q050,natural,2,1,78.805
2026-09-16-node-column,B-node,fux 2.0.1 (node 24.13.0) — the read plane,docs-00100,node,q050,natural,2,1,64.372
2026-09-16-node-column,A,1.0.0,docs-00100,scan,q050,natural,3,0,53.344
2026-09-16-node-column,B,2.0.1,docs-00100,scan,q050,natural,3,0,79.146
2026-09-16-node-column,B-node,fux 2.0.1 (node 24.13.0) — the read plane,docs-00100,node,q050,natural,3,0,63.442
2026-09-16-node-column,A,1.0.0,docs-00100,scan,q050,natural,4,0,53.606
2026-09-16-node-column,B,2.0.1,docs-00100,scan,q050,natural,4,0,77.910
2026-09-16-node-column,B-node,fux 2.0.1 (node 24.13.0) — the read plane,docs-00100,node,q050,natural,4,0,63.457
2026-09-16-node-column,A,1.0.0,docs-00100,scan,q050,natural,5,0,52.081
2026-09-16-node-column,B,2.0.1,docs-00100,scan,q050,natural,5,0,78.862
2026-09-16-node-column,B-node,fux 2.0.1 (node 24.13.0) — the read plane,docs-00100,node,q050,natural,5,0,63.600
2026-09-16-node-column,A,1.0.0,docs-00100,scan,q050,natural,6,0,53.379
2026-09-16-node-column,B,2.0.1,docs-00100,scan,q050,natural,6,0,78.652
2026-09-16-node-column,B-node,fux 2.0.1 (node 24.13.0) — the read plane,docs-00100,node,q050,natural,6,0,63.170
2026-09-16-node-column,A,1.0.0,docs-00100,scan,q050,natural,7,0,52.246
2026-09-16-node-column,B,2.0.1,docs-00100,scan,q050,natural,7,0,77.697
2026-09-16-node-column,B-node,fux 2.0.1 (node 24.13.0) — the read plane,docs-00100,node,q050,natural,7,0,64.158
2026-09-16-node-column,A,1.0.0,docs-00100,scan,q050,natural,8,0,52.810
2026-09-16-node-column,B,2.0.1,docs-00100,scan,q050,natural,8,0,78.868
2026-09-16-node-column,B-node,fux 2.0.1 (node 24.13.0) — the read plane,docs-00100,node,q050,natural,8,0,63.655
2026-09-16-node-column,A,1.0.0,docs-00100,scan,q050,natural,9,0,52.333
2026-09-16-node-column,B,2.0.1,docs-00100,scan,q050,natural,9,0,77.254
2026-09-16-node-column,B-node,fux 2.0.1 (node 24.13.0) — the read plane,docs-00100,node,q050,natural,9,0,63.538
2026-09-16-node-column,A,1.0.0,docs-00100,scan,q050,natural,10,0,53.213
2026-09-16-node-column,B,2.0.1,docs-00100,scan,q050,natural,10,0,78.333
2026-09-16-node-column,B-node,fux 2.0.1 (node 24.13.0) — the read plane,docs-00100,node,q050,natural,10,0,63.047
2026-09-16-node-column,A,1.0.0,docs-00100,scan,q050,natural,11,0,51.551
2026-09-16-node-column,B,2.0.1,docs-00100,scan,q050,natural,11,0,78.162
2026-09-16-node-column,B-node,fux 2.0.1 (node 24.13.0) — the read plane,docs-00100,node,q050,natural,11,0,63.697
2026-09-16-node-column,A,1.0.0,docs-00100,scan,q050,natural,12,0,53.006
2026-09-16-node-column,B,2.0.1,docs-00100,scan,q050,natural,12,0,79.412
2026-09-16-node-column,B-node,fux 2.0.1 (node 24.13.0) — the read plane,docs-00100,node,q050,natural,12,0,63.585
2026-09-16-node-column,A,1.0.0,docs-00100,scan,q051,domain,0,1,42.513
2026-09-16-node-column,B,2.0.1,docs-00100,scan,q051,domain,0,1,67.814
2026-09-16-node-column,B-node,fux 2.0.1 (node 24.13.0) — the read plane,docs-00100,node,q051,domain,0,1,53.432
2026-09-16-node-column,A,1.0.0,docs-00100,scan,q051,domain,1,1,42.224
2026-09-16-node-column,B,2.0.1,docs-00100,scan,q051,domain,1,1,68.345
2026-09-16-node-column,B-node,fux 2.0.1 (node 24.13.0) — the read plane,docs-00100,node,q051,domain,1,1,53.351
2026-09-16-node-column,A,1.0.0,docs-00100,scan,q051,domain,2,1,42.278
2026-09-16-node-column,B,2.0.1,docs-00100,scan,q051,domain,2,1,67.487
2026-09-16-node-column,B-node,fux 2.0.1 (node 24.13.0) — the read plane,docs-00100,node,q051,domain,2,1,53.736
2026-09-16-node-column,A,1.0.0,docs-00100,scan,q051,domain,3,0,43.150
2026-09-16-node-column,B,2.0.1,docs-00100,scan,q051,domain,3,0,67.440
2026-09-16-node-column,B-node,fux 2.0.1 (node 24.13.0) — the read plane,docs-00100,node,q051,domain,3,0,53.350
2026-09-16-node-column,A,1.0.0,docs-00100,scan,q051,domain,4,0,42.373
2026-09-16-node-column,B,2.0.1,docs-00100,scan,q051,domain,4,0,67.811
2026-09-16-node-column,B-node,fux 2.0.1 (node 24.13.0) — the read plane,docs-00100,node,q051,domain,4,0,53.611
2026-09-16-node-column,A,1.0.0,docs-00100,scan,q051,domain,5,0,42.180
2026-09-16-node-column,B,2.0.1,docs-00100,scan,q051,domain,5,0,68.312
2026-09-16-node-column,B-node,fux 2.0.1 (node 24.13.0) — the read plane,docs-00100,node,q051,domain,5,0,53.281
2026-09-16-node-column,A,1.0.0,docs-00100,scan,q051,domain,6,0,41.703
2026-09-16-node-column,B,2.0.1,docs-00100,scan,q051,domain,6,0,67.029
2026-09-16-node-column,B-node,fux 2.0.1 (node 24.13.0) — the read plane,docs-00100,node,q051,domain,6,0,54.375
2026-09-16-node-column,A,1.0.0,docs-00100,scan,q051,domain,7,0,42.657
2026-09-16-node-column,B,2.0.1,docs-00100,scan,q051,domain,7,0,67.640
2026-09-16-node-column,B-node,fux 2.0.1 (node 24.13.0) — the read plane,docs-00100,node,q051,domain,7,0,53.492
2026-09-16-node-column,A,1.0.0,docs-00100,scan,q051,domain,8,0,42.732
2026-09-16-node-column,B,2.0.1,docs-00100,scan,q051,domain,8,0,67.406
2026-09-16-node-column,B-node,fux 2.0.1 (node 24.13.0) — the read plane,docs-00100,node,q051,domain,8,0,53.084
2026-09-16-node-column,A,1.0.0,docs-00100,scan,q051,domain,9,0,43.100
2026-09-16-node-column,B,2.0.1,docs-00100,scan,q051,domain,9,0,67.417
2026-09-16-node-column,B-node,fux 2.0.1 (node 24.13.0) — the read plane,docs-00100,node,q051,domain,9,0,54.282
2026-09-16-node-column,A,1.0.0,docs-00100,scan,q051,domain,10,0,42.020
2026-09-16-node-column,B,2.0.1,docs-00100,scan,q051,domain,10,0,67.912
2026-09-16-node-column,B-node,fux 2.0.1 (node 24.13.0) — the read plane,docs-00100,node,q051,domain,10,0,53.175
2026-09-16-node-column,A,1.0.0,docs-00100,scan,q051,domain,11,0,42.889
2026-09-16-node-column,B,2.0.1,docs-00100,scan,q051,domain,11,0,67.169
2026-09-16-node-column,B-node,fux 2.0.1 (node 24.13.0) — the read plane,docs-00100,node,q051,domain,11,0,53.921
2026-09-16-node-column,A,1.0.0,docs-00100,scan,q051,domain,12,0,42.144
2026-09-16-node-column,B,2.0.1,docs-00100,scan,q051,domain,12,0,68.154
2026-09-16-node-column,B-node,fux 2.0.1 (node 24.13.0) — the read plane,docs-00100,node,q051,domain,12,0,53.608
2026-09-16-node-column,A,1.0.0,docs-00100,scan,q052,domain,0,1,42.198
2026-09-16-node-column,B,2.0.1,docs-00100,scan,q052,domain,0,1,67.591
2026-09-16-node-column,B-node,fux 2.0.1 (node 24.13.0) — the read plane,docs-00100,node,q052,domain,0,1,53.504
2026-09-16-node-column,A,1.0.0,docs-00100,scan,q052,domain,1,1,42.472
2026-09-16-node-column,B,2.0.1,docs-00100,scan,q052,domain,1,1,67.714
2026-09-16-node-column,B-node,fux 2.0.1 (node 24.13.0) — the read plane,docs-00100,node,q052,domain,1,1,53.106
2026-09-16-node-column,A,1.0.0,docs-00100,scan,q052,domain,2,1,42.428
2026-09-16-node-column,B,2.0.1,docs-00100,scan,q052,domain,2,1,67.357
2026-09-16-node-column,B-node,fux 2.0.1 (node 24.13.0) — the read plane,docs-00100,node,q052,domain,2,1,53.966
2026-09-16-node-column,A,1.0.0,docs-00100,scan,q052,domain,3,0,42.620
2026-09-16-node-column,B,2.0.1,docs-00100,scan,q052,domain,3,0,69.035
2026-09-16-node-column,B-node,fux 2.0.1 (node 24.13.0) — the read plane,docs-00100,node,q052,domain,3,0,53.483
2026-09-16-node-column,A,1.0.0,docs-00100,scan,q052,domain,4,0,42.780
2026-09-16-node-column,B,2.0.1,docs-00100,scan,q052,domain,4,0,67.893
2026-09-16-node-column,B-node,fux 2.0.1 (node 24.13.0) — the read plane,docs-00100,node,q052,domain,4,0,54.308
2026-09-16-node-column,A,1.0.0,docs-00100,scan,q052,domain,5,0,43.206
2026-09-16-node-column,B,2.0.1,docs-00100,scan,q052,domain,5,0,67.981
2026-09-16-node-column,B-node,fux 2.0.1 (node 24.13.0) — the read plane,docs-00100,node,q052,domain,5,0,54.615
2026-09-16-node-column,A,1.0.0,docs-00100,scan,q052,domain,6,0,43.002
2026-09-16-node-column,B,2.0.1,docs-00100,scan,q052,domain,6,0,67.880
2026-09-16-node-column,B-node,fux 2.0.1 (node 24.13.0) — the read plane,docs-00100,node,q052,domain,6,0,53.974
2026-09-16-node-column,A,1.0.0,docs-00100,scan,q052,domain,7,0,42.052
2026-09-16-node-column,B,2.0.1,docs-00100,scan,q052,domain,7,0,67.254
2026-09-16-node-column,B-node,fux 2.0.1 (node 24.13.0) — the read plane,docs-00100,node,q052,domain,7,0,53.479
2026-09-16-node-column,A,1.0.0,docs-00100,scan,q052,domain,8,0,42.474
2026-09-16-node-column,B,2.0.1,docs-00100,scan,q052,domain,8,0,68.069
2026-09-16-node-column,B-node,fux 2.0.1 (node 24.13.0) — the read plane,docs-00100,node,q052,domain,8,0,53.722
2026-09-16-node-column,A,1.0.0,docs-00100,scan,q052,domain,9,0,43.086
2026-09-16-node-column,B,2.0.1,docs-00100,scan,q052,domain,9,0,68.794
2026-09-16-node-column,B-node,fux 2.0.1 (node 24.13.0) — the read plane,docs-00100,node,q052,domain,9,0,53.837
2026-09-16-node-column,A,1.0.0,docs-00100,scan,q052,domain,10,0,42.025
2026-09-16-node-column,B,2.0.1,docs-00100,scan,q052,domain,10,0,67.284
2026-09-16-node-column,B-node,fux 2.0.1 (node 24.13.0) — the read plane,docs-00100,node,q052,domain,10,0,53.728
2026-09-16-node-column,A,1.0.0,docs-00100,scan,q052,domain,11,0,41.452
2026-09-16-node-column,B,2.0.1,docs-00100,scan,q052,domain,11,0,67.791
2026-09-16-node-column,B-node,fux 2.0.1 (node 24.13.0) — the read plane,docs-00100,node,q052,domain,11,0,53.758
2026-09-16-node-column,A,1.0.0,docs-00100,scan,q052,domain,12,0,43.025
2026-09-16-node-column,B,2.0.1,docs-00100,scan,q052,domain,12,0,67.354
2026-09-16-node-column,B-node,fux 2.0.1 (node 24.13.0) — the read plane,docs-00100,node,q052,domain,12,0,54.146
2026-09-16-node-column,A,1.0.0,docs-00100,scan,q053,domain,0,1,42.602
2026-09-16-node-column,B,2.0.1,docs-00100,scan,q053,domain,0,1,68.651
2026-09-16-node-column,B-node,fux 2.0.1 (node 24.13.0) — the read plane,docs-00100,node,q053,domain,0,1,54.038
2026-09-16-node-column,A,1.0.0,docs-00100,scan,q053,domain,1,1,42.775
2026-09-16-node-column,B,2.0.1,docs-00100,scan,q053,domain,1,1,67.094
2026-09-16-node-column,B-node,fux 2.0.1 (node 24.13.0) — the read plane,docs-00100,node,q053,domain,1,1,53.986
2026-09-16-node-column,A,1.0.0,docs-00100,scan,q053,domain,2,1,42.347
2026-09-16-node-column,B,2.0.1,docs-00100,scan,q053,domain,2,1,68.025
2026-09-16-node-column,B-node,fux 2.0.1 (node 24.13.0) — the read plane,docs-00100,node,q053,domain,2,1,53.789
2026-09-16-node-column,A,1.0.0,docs-00100,scan,q053,domain,3,0,42.192
2026-09-16-node-column,B,2.0.1,docs-00100,scan,q053,domain,3,0,67.897
2026-09-16-node-column,B-node,fux 2.0.1 (node 24.13.0) — the read plane,docs-00100,node,q053,domain,3,0,53.500
2026-09-16-node-column,A,1.0.0,docs-00100,scan,q053,domain,4,0,42.542
2026-09-16-node-column,B,2.0.1,docs-00100,scan,q053,domain,4,0,67.468
2026-09-16-node-column,B-node,fux 2.0.1 (node 24.13.0) — the read plane,docs-00100,node,q053,domain,4,0,54.264
2026-09-16-node-column,A,1.0.0,docs-00100,scan,q053,domain,5,0,42.331
2026-09-16-node-column,B,2.0.1,docs-00100,scan,q053,domain,5,0,68.444
2026-09-16-node-column,B-node,fux 2.0.1 (node 24.13.0) — the read plane,docs-00100,node,q053,domain,5,0,53.980
2026-09-16-node-column,A,1.0.0,docs-00100,scan,q053,domain,6,0,42.427
2026-09-16-node-column,B,2.0.1,docs-00100,scan,q053,domain,6,0,67.876
2026-09-16-node-column,B-node,fux 2.0.1 (node 24.13.0) — the read plane,docs-00100,node,q053,domain,6,0,54.013
2026-09-16-node-column,A,1.0.0,docs-00100,scan,q053,domain,7,0,41.947
2026-09-16-node-column,B,2.0.1,docs-00100,scan,q053,domain,7,0,67.466
2026-09-16-node-column,B-node,fux 2.0.1 (node 24.13.0) — the read plane,docs-00100,node,q053,domain,7,0,53.618
2026-09-16-node-column,A,1.0.0,docs-00100,scan,q053,domain,8,0,42.186
2026-09-16-node-column,B,2.0.1,docs-00100,scan,q053,domain,8,0,67.974
2026-09-16-node-column,B-node,fux 2.0.1 (node 24.13.0) — the read plane,docs-00100,node,q053,domain,8,0,53.585
2026-09-16-node-column,A,1.0.0,docs-00100,scan,q053,domain,9,0,43.258
2026-09-16-node-column,B,2.0.1,docs-00100,scan,q053,domain,9,0,67.229
2026-09-16-node-column,B-node,fux 2.0.1 (node 24.13.0) — the read plane,docs-00100,node,q053,domain,9,0,54.350
2026-09-16-node-column,A,1.0.0,docs-00100,scan,q053,domain,10,0,42.429
2026-09-16-node-column,B,2.0.1,docs-00100,scan,q053,domain,10,0,66.879
2026-09-16-node-column,B-node,fux 2.0.1 (node 24.13.0) — the read plane,docs-00100,node,q053,domain,10,0,53.444
2026-09-16-node-column,A,1.0.0,docs-00100,scan,q053,domain,11,0,42.335
2026-09-16-node-column,B,2.0.1,docs-00100,scan,q053,domain,11,0,67.566
2026-09-16-node-column,B-node,fux 2.0.1 (node 24.13.0) — the read plane,docs-00100,node,q053,domain,11,0,53.951
2026-09-16-node-column,A,1.0.0,docs-00100,scan,q053,domain,12,0,41.758
2026-09-16-node-column,B,2.0.1,docs-00100,scan,q053,domain,12,0,67.107
2026-09-16-node-column,B-node,fux 2.0.1 (node 24.13.0) — the read plane,docs-00100,node,q053,domain,12,0,53.732
2026-09-16-node-column,A,1.0.0,docs-00100,scan,q054,domain,0,1,41.699
2026-09-16-node-column,B,2.0.1,docs-00100,scan,q054,domain,0,1,68.579
2026-09-16-node-column,B-node,fux 2.0.1 (node 24.13.0) — the read plane,docs-00100,node,q054,domain,0,1,53.924
2026-09-16-node-column,A,1.0.0,docs-00100,scan,q054,domain,1,1,42.366
2026-09-16-node-column,B,2.0.1,docs-00100,scan,q054,domain,1,1,68.011
2026-09-16-node-column,B-node,fux 2.0.1 (node 24.13.0) — the read plane,docs-00100,node,q054,domain,1,1,53.618
2026-09-16-node-column,A,1.0.0,docs-00100,scan,q054,domain,2,1,41.943
2026-09-16-node-column,B,2.0.1,docs-00100,scan,q054,domain,2,1,67.232
2026-09-16-node-column,B-node,fux 2.0.1 (node 24.13.0) — the read plane,docs-00100,node,q054,domain,2,1,54.716
2026-09-16-node-column,A,1.0.0,docs-00100,scan,q054,domain,3,0,42.260
2026-09-16-node-column,B,2.0.1,docs-00100,scan,q054,domain,3,0,67.954
2026-09-16-node-column,B-node,fux 2.0.1 (node 24.13.0) — the read plane,docs-00100,node,q054,domain,3,0,53.465
2026-09-16-node-column,A,1.0.0,docs-00100,scan,q054,domain,4,0,42.721
2026-09-16-node-column,B,2.0.1,docs-00100,scan,q054,domain,4,0,68.331
2026-09-16-node-column,B-node,fux 2.0.1 (node 24.13.0) — the read plane,docs-00100,node,q054,domain,4,0,53.544
2026-09-16-node-column,A,1.0.0,docs-00100,scan,q054,domain,5,0,41.693
2026-09-16-node-column,B,2.0.1,docs-00100,scan,q054,domain,5,0,68.506
2026-09-16-node-column,B-node,fux 2.0.1 (node 24.13.0) — the read plane,docs-00100,node,q054,domain,5,0,52.261
2026-09-16-node-column,A,1.0.0,docs-00100,scan,q054,domain,6,0,42.241
2026-09-16-node-column,B,2.0.1,docs-00100,scan,q054,domain,6,0,68.325
2026-09-16-node-column,B-node,fux 2.0.1 (node 24.13.0) — the read plane,docs-00100,node,q054,domain,6,0,54.476
2026-09-16-node-column,A,1.0.0,docs-00100,scan,q054,domain,7,0,42.975
2026-09-16-node-column,B,2.0.1,docs-00100,scan,q054,domain,7,0,68.016
2026-09-16-node-column,B-node,fux 2.0.1 (node 24.13.0) — the read plane,docs-00100,node,q054,domain,7,0,53.253
2026-09-16-node-column,A,1.0.0,docs-00100,scan,q054,domain,8,0,44.049
2026-09-16-node-column,B,2.0.1,docs-00100,scan,q054,domain,8,0,69.340
2026-09-16-node-column,B-node,fux 2.0.1 (node 24.13.0) — the read plane,docs-00100,node,q054,domain,8,0,53.961
2026-09-16-node-column,A,1.0.0,docs-00100,scan,q054,domain,9,0,42.135
2026-09-16-node-column,B,2.0.1,docs-00100,scan,q054,domain,9,0,68.274
2026-09-16-node-column,B-node,fux 2.0.1 (node 24.13.0) — the read plane,docs-00100,node,q054,domain,9,0,54.203
2026-09-16-node-column,A,1.0.0,docs-00100,scan,q054,domain,10,0,42.294
2026-09-16-node-column,B,2.0.1,docs-00100,scan,q054,domain,10,0,69.503
2026-09-16-node-column,B-node,fux 2.0.1 (node 24.13.0) — the read plane,docs-00100,node,q054,domain,10,0,53.956
2026-09-16-node-column,A,1.0.0,docs-00100,scan,q054,domain,11,0,42.977
2026-09-16-node-column,B,2.0.1,docs-00100,scan,q054,domain,11,0,67.627
2026-09-16-node-column,B-node,fux 2.0.1 (node 24.13.0) — the read plane,docs-00100,node,q054,domain,11,0,54.168
2026-09-16-node-column,A,1.0.0,docs-00100,scan,q054,domain,12,0,42.180
2026-09-16-node-column,B,2.0.1,docs-00100,scan,q054,domain,12,0,67.047
2026-09-16-node-column,B-node,fux 2.0.1 (node 24.13.0) — the read plane,docs-00100,node,q054,domain,12,0,54.333
2026-09-16-node-column,A,1.0.0,docs-00100,scan,q055,domain,0,1,41.382
2026-09-16-node-column,B,2.0.1,docs-00100,scan,q055,domain,0,1,68.155
2026-09-16-node-column,B-node,fux 2.0.1 (node 24.13.0) — the read plane,docs-00100,node,q055,domain,0,1,53.856
2026-09-16-node-column,A,1.0.0,docs-00100,scan,q055,domain,1,1,41.556
2026-09-16-node-column,B,2.0.1,docs-00100,scan,q055,domain,1,1,67.053
2026-09-16-node-column,B-node,fux 2.0.1 (node 24.13.0) — the read plane,docs-00100,node,q055,domain,1,1,53.138
2026-09-16-node-column,A,1.0.0,docs-00100,scan,q055,domain,2,1,41.770
2026-09-16-node-column,B,2.0.1,docs-00100,scan,q055,domain,2,1,66.478
2026-09-16-node-column,B-node,fux 2.0.1 (node 24.13.0) — the read plane,docs-00100,node,q055,domain,2,1,53.784
2026-09-16-node-column,A,1.0.0,docs-00100,scan,q055,domain,3,0,40.982
2026-09-16-node-column,B,2.0.1,docs-00100,scan,q055,domain,3,0,67.969
2026-09-16-node-column,B-node,fux 2.0.1 (node 24.13.0) — the read plane,docs-00100,node,q055,domain,3,0,53.194
2026-09-16-node-column,A,1.0.0,docs-00100,scan,q055,domain,4,0,43.056
2026-09-16-node-column,B,2.0.1,docs-00100,scan,q055,domain,4,0,66.263
2026-09-16-node-column,B-node,fux 2.0.1 (node 24.13.0) — the read plane,docs-00100,node,q055,domain,4,0,53.939
2026-09-16-node-column,A,1.0.0,docs-00100,scan,q055,domain,5,0,41.895
2026-09-16-node-column,B,2.0.1,docs-00100,scan,q055,domain,5,0,66.620
2026-09-16-node-column,B-node,fux 2.0.1 (node 24.13.0) — the read plane,docs-00100,node,q055,domain,5,0,52.493
2026-09-16-node-column,A,1.0.0,docs-00100,scan,q055,domain,6,0,41.847
2026-09-16-node-column,B,2.0.1,docs-00100,scan,q055,domain,6,0,67.481
2026-09-16-node-column,B-node,fux 2.0.1 (node 24.13.0) — the read plane,docs-00100,node,q055,domain,6,0,53.392
2026-09-16-node-column,A,1.0.0,docs-00100,scan,q055,domain,7,0,41.584
2026-09-16-node-column,B,2.0.1,docs-00100,scan,q055,domain,7,0,67.300
2026-09-16-node-column,B-node,fux 2.0.1 (node 24.13.0) — the read plane,docs-00100,node,q055,domain,7,0,53.502
2026-09-16-node-column,A,1.0.0,docs-00100,scan,q055,domain,8,0,42.968
2026-09-16-node-column,B,2.0.1,docs-00100,scan,q055,domain,8,0,68.189
2026-09-16-node-column,B-node,fux 2.0.1 (node 24.13.0) — the read plane,docs-00100,node,q055,domain,8,0,54.319
2026-09-16-node-column,A,1.0.0,docs-00100,scan,q055,domain,9,0,41.998
2026-09-16-node-column,B,2.0.1,docs-00100,scan,q055,domain,9,0,67.827
2026-09-16-node-column,B-node,fux 2.0.1 (node 24.13.0) — the read plane,docs-00100,node,q055,domain,9,0,54.108
2026-09-16-node-column,A,1.0.0,docs-00100,scan,q055,domain,10,0,41.869
2026-09-16-node-column,B,2.0.1,docs-00100,scan,q055,domain,10,0,68.349
2026-09-16-node-column,B-node,fux 2.0.1 (node 24.13.0) — the read plane,docs-00100,node,q055,domain,10,0,53.578
2026-09-16-node-column,A,1.0.0,docs-00100,scan,q055,domain,11,0,41.530
2026-09-16-node-column,B,2.0.1,docs-00100,scan,q055,domain,11,0,67.223
2026-09-16-node-column,B-node,fux 2.0.1 (node 24.13.0) — the read plane,docs-00100,node,q055,domain,11,0,54.282
2026-09-16-node-column,A,1.0.0,docs-00100,scan,q055,domain,12,0,44.125
2026-09-16-node-column,B,2.0.1,docs-00100,scan,q055,domain,12,0,72.763
2026-09-16-node-column,B-node,fux 2.0.1 (node 24.13.0) — the read plane,docs-00100,node,q055,domain,12,0,57.079
2026-09-16-node-column,A,1.0.0,docs-00100,scan,q056,domain,0,1,44.540
2026-09-16-node-column,B,2.0.1,docs-00100,scan,q056,domain,0,1,68.087
2026-09-16-node-column,B-node,fux 2.0.1 (node 24.13.0) — the read plane,docs-00100,node,q056,domain,0,1,53.663
2026-09-16-node-column,A,1.0.0,docs-00100,scan,q056,domain,1,1,42.036
2026-09-16-node-column,B,2.0.1,docs-00100,scan,q056,domain,1,1,67.929
2026-09-16-node-column,B-node,fux 2.0.1 (node 24.13.0) — the read plane,docs-00100,node,q056,domain,1,1,53.320
2026-09-16-node-column,A,1.0.0,docs-00100,scan,q056,domain,2,1,41.765
2026-09-16-node-column,B,2.0.1,docs-00100,scan,q056,domain,2,1,67.101
2026-09-16-node-column,B-node,fux 2.0.1 (node 24.13.0) — the read plane,docs-00100,node,q056,domain,2,1,54.038
2026-09-16-node-column,A,1.0.0,docs-00100,scan,q056,domain,3,0,41.610
2026-09-16-node-column,B,2.0.1,docs-00100,scan,q056,domain,3,0,67.526
2026-09-16-node-column,B-node,fux 2.0.1 (node 24.13.0) — the read plane,docs-00100,node,q056,domain,3,0,53.842
2026-09-16-node-column,A,1.0.0,docs-00100,scan,q056,domain,4,0,41.935
2026-09-16-node-column,B,2.0.1,docs-00100,scan,q056,domain,4,0,67.062
2026-09-16-node-column,B-node,fux 2.0.1 (node 24.13.0) — the read plane,docs-00100,node,q056,domain,4,0,53.599
2026-09-16-node-column,A,1.0.0,docs-00100,scan,q056,domain,5,0,42.068
2026-09-16-node-column,B,2.0.1,docs-00100,scan,q056,domain,5,0,67.134
2026-09-16-node-column,B-node,fux 2.0.1 (node 24.13.0) — the read plane,docs-00100,node,q056,domain,5,0,53.741
2026-09-16-node-column,A,1.0.0,docs-00100,scan,q056,domain,6,0,41.576
2026-09-16-node-column,B,2.0.1,docs-00100,scan,q056,domain,6,0,66.213
2026-09-16-node-column,B-node,fux 2.0.1 (node 24.13.0) — the read plane,docs-00100,node,q056,domain,6,0,56.283
2026-09-16-node-column,A,1.0.0,docs-00100,scan,q056,domain,7,0,44.151
2026-09-16-node-column,B,2.0.1,docs-00100,scan,q056,domain,7,0,68.061
2026-09-16-node-column,B-node,fux 2.0.1 (node 24.13.0) — the read plane,docs-00100,node,q056,domain,7,0,54.056
2026-09-16-node-column,A,1.0.0,docs-00100,scan,q056,domain,8,0,41.299
2026-09-16-node-column,B,2.0.1,docs-00100,scan,q056,domain,8,0,68.801
2026-09-16-node-column,B-node,fux 2.0.1 (node 24.13.0) — the read plane,docs-00100,node,q056,domain,8,0,52.705
2026-09-16-node-column,A,1.0.0,docs-00100,scan,q056,domain,9,0,42.537
2026-09-16-node-column,B,2.0.1,docs-00100,scan,q056,domain,9,0,67.892
2026-09-16-node-column,B-node,fux 2.0.1 (node 24.13.0) — the read plane,docs-00100,node,q056,domain,9,0,53.411
2026-09-16-node-column,A,1.0.0,docs-00100,scan,q056,domain,10,0,43.225
2026-09-16-node-column,B,2.0.1,docs-00100,scan,q056,domain,10,0,67.526
2026-09-16-node-column,B-node,fux 2.0.1 (node 24.13.0) — the read plane,docs-00100,node,q056,domain,10,0,52.963
2026-09-16-node-column,A,1.0.0,docs-00100,scan,q056,domain,11,0,42.180
2026-09-16-node-column,B,2.0.1,docs-00100,scan,q056,domain,11,0,68.096
2026-09-16-node-column,B-node,fux 2.0.1 (node 24.13.0) — the read plane,docs-00100,node,q056,domain,11,0,53.966
2026-09-16-node-column,A,1.0.0,docs-00100,scan,q056,domain,12,0,42.774
2026-09-16-node-column,B,2.0.1,docs-00100,scan,q056,domain,12,0,68.065
2026-09-16-node-column,B-node,fux 2.0.1 (node 24.13.0) — the read plane,docs-00100,node,q056,domain,12,0,54.268
2026-09-16-node-column,A,1.0.0,docs-00100,scan,q057,domain,0,1,43.294
2026-09-16-node-column,B,2.0.1,docs-00100,scan,q057,domain,0,1,68.810
2026-09-16-node-column,B-node,fux 2.0.1 (node 24.13.0) — the read plane,docs-00100,node,q057,domain,0,1,54.741
2026-09-16-node-column,A,1.0.0,docs-00100,scan,q057,domain,1,1,41.774
2026-09-16-node-column,B,2.0.1,docs-00100,scan,q057,domain,1,1,67.795
2026-09-16-node-column,B-node,fux 2.0.1 (node 24.13.0) — the read plane,docs-00100,node,q057,domain,1,1,54.850
2026-09-16-node-column,A,1.0.0,docs-00100,scan,q057,domain,2,1,42.457
2026-09-16-node-column,B,2.0.1,docs-00100,scan,q057,domain,2,1,68.330
2026-09-16-node-column,B-node,fux 2.0.1 (node 24.13.0) — the read plane,docs-00100,node,q057,domain,2,1,52.901
2026-09-16-node-column,A,1.0.0,docs-00100,scan,q057,domain,3,0,42.869
2026-09-16-node-column,B,2.0.1,docs-00100,scan,q057,domain,3,0,67.250
2026-09-16-node-column,B-node,fux 2.0.1 (node 24.13.0) — the read plane,docs-00100,node,q057,domain,3,0,54.258
2026-09-16-node-column,A,1.0.0,docs-00100,scan,q057,domain,4,0,41.871
2026-09-16-node-column,B,2.0.1,docs-00100,scan,q057,domain,4,0,69.001
2026-09-16-node-column,B-node,fux 2.0.1 (node 24.13.0) — the read plane,docs-00100,node,q057,domain,4,0,53.625
2026-09-16-node-column,A,1.0.0,docs-00100,scan,q057,domain,5,0,42.406
2026-09-16-node-column,B,2.0.1,docs-00100,scan,q057,domain,5,0,67.140
2026-09-16-node-column,B-node,fux 2.0.1 (node 24.13.0) — the read plane,docs-00100,node,q057,domain,5,0,54.270
2026-09-16-node-column,A,1.0.0,docs-00100,scan,q057,domain,6,0,41.455
2026-09-16-node-column,B,2.0.1,docs-00100,scan,q057,domain,6,0,68.675
2026-09-16-node-column,B-node,fux 2.0.1 (node 24.13.0) — the read plane,docs-00100,node,q057,domain,6,0,54.622
2026-09-16-node-column,A,1.0.0,docs-00100,scan,q057,domain,7,0,42.489
2026-09-16-node-column,B,2.0.1,docs-00100,scan,q057,domain,7,0,66.942
2026-09-16-node-column,B-node,fux 2.0.1 (node 24.13.0) — the read plane,docs-00100,node,q057,domain,7,0,54.405
2026-09-16-node-column,A,1.0.0,docs-00100,scan,q057,domain,8,0,42.358
2026-09-16-node-column,B,2.0.1,docs-00100,scan,q057,domain,8,0,67.606
2026-09-16-node-column,B-node,fux 2.0.1 (node 24.13.0) — the read plane,docs-00100,node,q057,domain,8,0,55.078
2026-09-16-node-column,A,1.0.0,docs-00100,scan,q057,domain,9,0,42.066
2026-09-16-node-column,B,2.0.1,docs-00100,scan,q057,domain,9,0,68.573
2026-09-16-node-column,B-node,fux 2.0.1 (node 24.13.0) — the read plane,docs-00100,node,q057,domain,9,0,54.246
2026-09-16-node-column,A,1.0.0,docs-00100,scan,q057,domain,10,0,42.446
2026-09-16-node-column,B,2.0.1,docs-00100,scan,q057,domain,10,0,67.634
2026-09-16-node-column,B-node,fux 2.0.1 (node 24.13.0) — the read plane,docs-00100,node,q057,domain,10,0,54.734
2026-09-16-node-column,A,1.0.0,docs-00100,scan,q057,domain,11,0,41.702
2026-09-16-node-column,B,2.0.1,docs-00100,scan,q057,domain,11,0,68.335
2026-09-16-node-column,B-node,fux 2.0.1 (node 24.13.0) — the read plane,docs-00100,node,q057,domain,11,0,54.228
2026-09-16-node-column,A,1.0.0,docs-00100,scan,q057,domain,12,0,42.043
2026-09-16-node-column,B,2.0.1,docs-00100,scan,q057,domain,12,0,67.647
2026-09-16-node-column,B-node,fux 2.0.1 (node 24.13.0) — the read plane,docs-00100,node,q057,domain,12,0,53.624
2026-09-16-node-column,A,1.0.0,docs-00100,scan,q058,domain,0,1,43.218
2026-09-16-node-column,B,2.0.1,docs-00100,scan,q058,domain,0,1,67.266
2026-09-16-node-column,B-node,fux 2.0.1 (node 24.13.0) — the read plane,docs-00100,node,q058,domain,0,1,54.620
2026-09-16-node-column,A,1.0.0,docs-00100,scan,q058,domain,1,1,42.239
2026-09-16-node-column,B,2.0.1,docs-00100,scan,q058,domain,1,1,68.027
2026-09-16-node-column,B-node,fux 2.0.1 (node 24.13.0) — the read plane,docs-00100,node,q058,domain,1,1,53.732
2026-09-16-node-column,A,1.0.0,docs-00100,scan,q058,domain,2,1,42.646
2026-09-16-node-column,B,2.0.1,docs-00100,scan,q058,domain,2,1,67.991
2026-09-16-node-column,B-node,fux 2.0.1 (node 24.13.0) — the read plane,docs-00100,node,q058,domain,2,1,53.775
2026-09-16-node-column,A,1.0.0,docs-00100,scan,q058,domain,3,0,42.245
2026-09-16-node-column,B,2.0.1,docs-00100,scan,q058,domain,3,0,67.227
2026-09-16-node-column,B-node,fux 2.0.1 (node 24.13.0) — the read plane,docs-00100,node,q058,domain,3,0,53.633
2026-09-16-node-column,A,1.0.0,docs-00100,scan,q058,domain,4,0,42.629
2026-09-16-node-column,B,2.0.1,docs-00100,scan,q058,domain,4,0,67.604
2026-09-16-node-column,B-node,fux 2.0.1 (node 24.13.0) — the read plane,docs-00100,node,q058,domain,4,0,53.132
2026-09-16-node-column,A,1.0.0,docs-00100,scan,q058,domain,5,0,43.301
2026-09-16-node-column,B,2.0.1,docs-00100,scan,q058,domain,5,0,68.943
2026-09-16-node-column,B-node,fux 2.0.1 (node 24.13.0) — the read plane,docs-00100,node,q058,domain,5,0,54.027
2026-09-16-node-column,A,1.0.0,docs-00100,scan,q058,domain,6,0,42.019
2026-09-16-node-column,B,2.0.1,docs-00100,scan,q058,domain,6,0,67.062
2026-09-16-node-column,B-node,fux 2.0.1 (node 24.13.0) — the read plane,docs-00100,node,q058,domain,6,0,54.033
2026-09-16-node-column,A,1.0.0,docs-00100,scan,q058,domain,7,0,42.816
2026-09-16-node-column,B,2.0.1,docs-00100,scan,q058,domain,7,0,67.249
2026-09-16-node-column,B-node,fux 2.0.1 (node 24.13.0) — the read plane,docs-00100,node,q058,domain,7,0,54.137
2026-09-16-node-column,A,1.0.0,docs-00100,scan,q058,domain,8,0,42.874
2026-09-16-node-column,B,2.0.1,docs-00100,scan,q058,domain,8,0,67.261
2026-09-16-node-column,B-node,fux 2.0.1 (node 24.13.0) — the read plane,docs-00100,node,q058,domain,8,0,53.869
2026-09-16-node-column,A,1.0.0,docs-00100,scan,q058,domain,9,0,42.979
2026-09-16-node-column,B,2.0.1,docs-00100,scan,q058,domain,9,0,68.898
2026-09-16-node-column,B-node,fux 2.0.1 (node 24.13.0) — the read plane,docs-00100,node,q058,domain,9,0,53.909
2026-09-16-node-column,A,1.0.0,docs-00100,scan,q058,domain,10,0,43.485
2026-09-16-node-column,B,2.0.1,docs-00100,scan,q058,domain,10,0,67.129
2026-09-16-node-column,B-node,fux 2.0.1 (node 24.13.0) — the read plane,docs-00100,node,q058,domain,10,0,53.221
2026-09-16-node-column,A,1.0.0,docs-00100,scan,q058,domain,11,0,42.250
2026-09-16-node-column,B,2.0.1,docs-00100,scan,q058,domain,11,0,69.111
2026-09-16-node-column,B-node,fux 2.0.1 (node 24.13.0) — the read plane,docs-00100,node,q058,domain,11,0,53.719
2026-09-16-node-column,A,1.0.0,docs-00100,scan,q058,domain,12,0,42.647
2026-09-16-node-column,B,2.0.1,docs-00100,scan,q058,domain,12,0,68.330
2026-09-16-node-column,B-node,fux 2.0.1 (node 24.13.0) — the read plane,docs-00100,node,q058,domain,12,0,54.071
2026-09-16-node-column,A,1.0.0,docs-00100,scan,q059,domain,0,1,42.016
2026-09-16-node-column,B,2.0.1,docs-00100,scan,q059,domain,0,1,66.706
2026-09-16-node-column,B-node,fux 2.0.1 (node 24.13.0) — the read plane,docs-00100,node,q059,domain,0,1,54.077
2026-09-16-node-column,A,1.0.0,docs-00100,scan,q059,domain,1,1,42.461
2026-09-16-node-column,B,2.0.1,docs-00100,scan,q059,domain,1,1,67.555
2026-09-16-node-column,B-node,fux 2.0.1 (node 24.13.0) — the read plane,docs-00100,node,q059,domain,1,1,53.950
2026-09-16-node-column,A,1.0.0,docs-00100,scan,q059,domain,2,1,42.418
2026-09-16-node-column,B,2.0.1,docs-00100,scan,q059,domain,2,1,68.201
2026-09-16-node-column,B-node,fux 2.0.1 (node 24.13.0) — the read plane,docs-00100,node,q059,domain,2,1,54.160
2026-09-16-node-column,A,1.0.0,docs-00100,scan,q059,domain,3,0,42.690
2026-09-16-node-column,B,2.0.1,docs-00100,scan,q059,domain,3,0,68.267
2026-09-16-node-column,B-node,fux 2.0.1 (node 24.13.0) — the read plane,docs-00100,node,q059,domain,3,0,53.826
2026-09-16-node-column,A,1.0.0,docs-00100,scan,q059,domain,4,0,42.489
2026-09-16-node-column,B,2.0.1,docs-00100,scan,q059,domain,4,0,68.968
2026-09-16-node-column,B-node,fux 2.0.1 (node 24.13.0) — the read plane,docs-00100,node,q059,domain,4,0,54.113
2026-09-16-node-column,A,1.0.0,docs-00100,scan,q059,domain,5,0,41.769
2026-09-16-node-column,B,2.0.1,docs-00100,scan,q059,domain,5,0,68.238
2026-09-16-node-column,B-node,fux 2.0.1 (node 24.13.0) — the read plane,docs-00100,node,q059,domain,5,0,54.825
2026-09-16-node-column,A,1.0.0,docs-00100,scan,q059,domain,6,0,42.809
2026-09-16-node-column,B,2.0.1,docs-00100,scan,q059,domain,6,0,68.083
2026-09-16-node-column,B-node,fux 2.0.1 (node 24.13.0) — the read plane,docs-00100,node,q059,domain,6,0,53.494
2026-09-16-node-column,A,1.0.0,docs-00100,scan,q059,domain,7,0,41.518
2026-09-16-node-column,B,2.0.1,docs-00100,scan,q059,domain,7,0,67.207
2026-09-16-node-column,B-node,fux 2.0.1 (node 24.13.0) — the read plane,docs-00100,node,q059,domain,7,0,53.251
2026-09-16-node-column,A,1.0.0,docs-00100,scan,q059,domain,8,0,42.406
2026-09-16-node-column,B,2.0.1,docs-00100,scan,q059,domain,8,0,68.240
2026-09-16-node-column,B-node,fux 2.0.1 (node 24.13.0) — the read plane,docs-00100,node,q059,domain,8,0,54.364
2026-09-16-node-column,A,1.0.0,docs-00100,scan,q059,domain,9,0,41.839
2026-09-16-node-column,B,2.0.1,docs-00100,scan,q059,domain,9,0,68.104
2026-09-16-node-column,B-node,fux 2.0.1 (node 24.13.0) — the read plane,docs-00100,node,q059,domain,9,0,53.452
2026-09-16-node-column,A,1.0.0,docs-00100,scan,q059,domain,10,0,42.937
2026-09-16-node-column,B,2.0.1,docs-00100,scan,q059,domain,10,0,68.448
2026-09-16-node-column,B-node,fux 2.0.1 (node 24.13.0) — the read plane,docs-00100,node,q059,domain,10,0,53.239
2026-09-16-node-column,A,1.0.0,docs-00100,scan,q059,domain,11,0,41.709
2026-09-16-node-column,B,2.0.1,docs-00100,scan,q059,domain,11,0,66.593
2026-09-16-node-column,B-node,fux 2.0.1 (node 24.13.0) — the read plane,docs-00100,node,q059,domain,11,0,54.354
2026-09-16-node-column,A,1.0.0,docs-00100,scan,q059,domain,12,0,41.727
2026-09-16-node-column,B,2.0.1,docs-00100,scan,q059,domain,12,0,68.052
2026-09-16-node-column,B-node,fux 2.0.1 (node 24.13.0) — the read plane,docs-00100,node,q059,domain,12,0,53.922
2026-09-16-node-column,A,1.0.0,docs-00100,scan,q060,domain,0,1,43.260
2026-09-16-node-column,B,2.0.1,docs-00100,scan,q060,domain,0,1,67.439
2026-09-16-node-column,B-node,fux 2.0.1 (node 24.13.0) — the read plane,docs-00100,node,q060,domain,0,1,53.827
2026-09-16-node-column,A,1.0.0,docs-00100,scan,q060,domain,1,1,41.987
2026-09-16-node-column,B,2.0.1,docs-00100,scan,q060,domain,1,1,67.293
2026-09-16-node-column,B-node,fux 2.0.1 (node 24.13.0) — the read plane,docs-00100,node,q060,domain,1,1,53.059
2026-09-16-node-column,A,1.0.0,docs-00100,scan,q060,domain,2,1,42.436
2026-09-16-node-column,B,2.0.1,docs-00100,scan,q060,domain,2,1,67.746
2026-09-16-node-column,B-node,fux 2.0.1 (node 24.13.0) — the read plane,docs-00100,node,q060,domain,2,1,53.858
2026-09-16-node-column,A,1.0.0,docs-00100,scan,q060,domain,3,0,41.971
2026-09-16-node-column,B,2.0.1,docs-00100,scan,q060,domain,3,0,67.183
2026-09-16-node-column,B-node,fux 2.0.1 (node 24.13.0) — the read plane,docs-00100,node,q060,domain,3,0,54.091
2026-09-16-node-column,A,1.0.0,docs-00100,scan,q060,domain,4,0,41.617
2026-09-16-node-column,B,2.0.1,docs-00100,scan,q060,domain,4,0,67.580
2026-09-16-node-column,B-node,fux 2.0.1 (node 24.13.0) — the read plane,docs-00100,node,q060,domain,4,0,53.606
2026-09-16-node-column,A,1.0.0,docs-00100,scan,q060,domain,5,0,42.454
2026-09-16-node-column,B,2.0.1,docs-00100,scan,q060,domain,5,0,68.255
2026-09-16-node-column,B-node,fux 2.0.1 (node 24.13.0) — the read plane,docs-00100,node,q060,domain,5,0,52.963
2026-09-16-node-column,A,1.0.0,docs-00100,scan,q060,domain,6,0,42.239
2026-09-16-node-column,B,2.0.1,docs-00100,scan,q060,domain,6,0,67.709
2026-09-16-node-column,B-node,fux 2.0.1 (node 24.13.0) — the read plane,docs-00100,node,q060,domain,6,0,54.223
2026-09-16-node-column,A,1.0.0,docs-00100,scan,q060,domain,7,0,42.791
2026-09-16-node-column,B,2.0.1,docs-00100,scan,q060,domain,7,0,67.622
2026-09-16-node-column,B-node,fux 2.0.1 (node 24.13.0) — the read plane,docs-00100,node,q060,domain,7,0,53.065
2026-09-16-node-column,A,1.0.0,docs-00100,scan,q060,domain,8,0,42.950
2026-09-16-node-column,B,2.0.1,docs-00100,scan,q060,domain,8,0,67.701
2026-09-16-node-column,B-node,fux 2.0.1 (node 24.13.0) — the read plane,docs-00100,node,q060,domain,8,0,54.205
2026-09-16-node-column,A,1.0.0,docs-00100,scan,q060,domain,9,0,42.825
2026-09-16-node-column,B,2.0.1,docs-00100,scan,q060,domain,9,0,68.032
2026-09-16-node-column,B-node,fux 2.0.1 (node 24.13.0) — the read plane,docs-00100,node,q060,domain,9,0,54.029
2026-09-16-node-column,A,1.0.0,docs-00100,scan,q060,domain,10,0,42.070
2026-09-16-node-column,B,2.0.1,docs-00100,scan,q060,domain,10,0,67.806
2026-09-16-node-column,B-node,fux 2.0.1 (node 24.13.0) — the read plane,docs-00100,node,q060,domain,10,0,53.531
2026-09-16-node-column,A,1.0.0,docs-00100,scan,q060,domain,11,0,42.523
2026-09-16-node-column,B,2.0.1,docs-00100,scan,q060,domain,11,0,67.402
2026-09-16-node-column,B-node,fux 2.0.1 (node 24.13.0) — the read plane,docs-00100,node,q060,domain,11,0,54.014
2026-09-16-node-column,A,1.0.0,docs-00100,scan,q060,domain,12,0,41.390
2026-09-16-node-column,B,2.0.1,docs-00100,scan,q060,domain,12,0,67.875
2026-09-16-node-column,B-node,fux 2.0.1 (node 24.13.0) — the read plane,docs-00100,node,q060,domain,12,0,54.053
2026-09-16-node-column,A,1.0.0,docs-00100,,,ingest,0,0,3842.400
2026-09-16-node-column,A,1.0.0,docs-00100,,,build,0,0,143.000
2026-09-16-node-column,B,2.0.1,docs-00100,,,ingest,0,0,1816.800
2026-09-16-node-column,B,2.0.1,docs-00100,,,build,0,0,190.500
