q,n_top5,n_tied_rows,order_differs,declared_top5,id_top5
1,5,0,0,file:docs/reference-deployment-tiers.md|file:docs/guide-onboarding.md|file:docs/adr-0019-calder-gateway.md|file:docs/reference-calderctl.md|file:docs/postmortem-checkout-outage.md,file:docs/reference-deployment-tiers.md|file:docs/guide-onboarding.md|file:docs/adr-0019-calder-gateway.md|file:docs/reference-calderctl.md|file:docs/postmortem-checkout-outage.md
2,5,0,0,file:docs/reference-deployment-tiers.md|file:docs/adr-0019-calder-gateway.md|file:docs/adr-0007-helix-mesh.md|file:docs/guide-onboarding.md|file:docs/reference-calderctl.md,file:docs/reference-deployment-tiers.md|file:docs/adr-0019-calder-gateway.md|file:docs/adr-0007-helix-mesh.md|file:docs/guide-onboarding.md|file:docs/reference-calderctl.md
3,5,0,0,file:docs/guide-onboarding.md|file:docs/reference-deployment-tiers.md|file:docs/guide-oncall-rota.md|file:docs/reference-calderctl.md|file:docs/policy-data-retention.md,file:docs/guide-onboarding.md|file:docs/reference-deployment-tiers.md|file:docs/guide-oncall-rota.md|file:docs/reference-calderctl.md|file:docs/policy-data-retention.md
md,5,0,0,file:docs/runbook-mesh-rollback-legacy.md|file:docs/adr-0019-calder-gateway.md|file:docs/reference-calderctl.md|file:docs/guide-onboarding.md|file:docs/runbook-gateway-rollback.md,file:docs/runbook-mesh-rollback-legacy.md|file:docs/adr-0019-calder-gateway.md|file:docs/reference-calderctl.md|file:docs/guide-onboarding.md|file:docs/runbook-gateway-rollback.md
servic,5,0,0,file:docs/guide-onboarding.md|file:docs/reference-deployment-tiers.md|file:docs/reference-calderctl.md|file:docs/adr-0007-helix-mesh.md|file:docs/guide-oncall-rota.md,file:docs/guide-onboarding.md|file:docs/reference-deployment-tiers.md|file:docs/reference-calderctl.md|file:docs/adr-0007-helix-mesh.md|file:docs/guide-oncall-rota.md
tag,0,0,0,,
than,5,0,0,file:docs/adr-0019-calder-gateway.md|file:docs/guide-oncall-rota.md|file:docs/policy-data-retention.md|file:docs/runbook-gateway-rollback.md|file:docs/postmortem-checkout-outage.md,file:docs/adr-0019-calder-gateway.md|file:docs/guide-oncall-rota.md|file:docs/policy-data-retention.md|file:docs/runbook-gateway-rollback.md|file:docs/postmortem-checkout-outage.md
tier,5,0,0,file:docs/reference-deployment-tiers.md|file:docs/reference-calderctl.md|file:docs/guide-onboarding.md|file:docs/runbook-mesh-rollback-legacy.md|file:docs/runbook-gateway-rollback.md,file:docs/reference-deployment-tiers.md|file:docs/reference-calderctl.md|file:docs/guide-onboarding.md|file:docs/runbook-mesh-rollback-legacy.md|file:docs/runbook-gateway-rollback.md
titl,1,0,0,file:docs/postmortem-checkout-outage.md,file:docs/postmortem-checkout-outage.md
calder,5,0,0,file:docs/adr-0019-calder-gateway.md|file:docs/guide-onboarding.md|file:docs/runbook-gateway-rollback.md|file:docs/adr-0007-helix-mesh.md|file:docs/reference-calderctl.md,file:docs/adr-0019-calder-gateway.md|file:docs/guide-onboarding.md|file:docs/runbook-gateway-rollback.md|file:docs/adr-0007-helix-mesh.md|file:docs/reference-calderctl.md
deploy,3,0,0,file:docs/reference-calderctl.md|file:docs/guide-onboarding.md|file:docs/reference-deployment-tiers.md,file:docs/reference-calderctl.md|file:docs/guide-onboarding.md|file:docs/reference-deployment-tiers.md
gatewai,5,0,0,file:docs/runbook-gateway-rollback.md|file:docs/reference-calderctl.md|file:docs/adr-0019-calder-gateway.md|file:docs/guide-oncall-rota.md|file:docs/runbook-mesh-rollback-legacy.md,file:docs/runbook-gateway-rollback.md|file:docs/reference-calderctl.md|file:docs/adr-0019-calder-gateway.md|file:docs/guide-oncall-rota.md|file:docs/runbook-mesh-rollback-legacy.md
platform,5,0,0,file:docs/guide-onboarding.md|file:docs/guide-oncall-rota.md|file:docs/postmortem-checkout-outage.md|file:docs/adr-0007-helix-mesh.md|file:docs/reference-deployment-tiers.md,file:docs/guide-onboarding.md|file:docs/guide-oncall-rota.md|file:docs/postmortem-checkout-outage.md|file:docs/adr-0007-helix-mesh.md|file:docs/reference-deployment-tiers.md
refer,5,0,0,file:docs/reference-deployment-tiers.md|file:docs/reference-calderctl.md|file:docs/guide-onboarding.md|file:docs/adr-0007-helix-mesh.md|file:docs/guide-oncall-rota.md,file:docs/reference-deployment-tiers.md|file:docs/reference-calderctl.md|file:docs/guide-onboarding.md|file:docs/adr-0007-helix-mesh.md|file:docs/guide-oncall-rota.md
two,5,0,0,file:docs/adr-0007-helix-mesh.md|file:docs/adr-0019-calder-gateway.md|file:docs/reference-calderctl.md|file:docs/guide-onboarding.md|file:docs/guide-oncall-rota.md,file:docs/adr-0007-helix-mesh.md|file:docs/adr-0019-calder-gateway.md|file:docs/reference-calderctl.md|file:docs/guide-onboarding.md|file:docs/guide-oncall-rota.md
4,5,0,0,file:docs/postmortem-checkout-outage.md|file:docs/guide-onboarding.md|file:docs/adr-0019-calder-gateway.md|file:docs/guide-oncall-rota.md|file:docs/policy-data-retention.md,file:docs/postmortem-checkout-outage.md|file:docs/guide-onboarding.md|file:docs/adr-0019-calder-gateway.md|file:docs/guide-oncall-rota.md|file:docs/policy-data-retention.md
adr,5,0,0,file:docs/adr-0019-calder-gateway.md|file:docs/adr-0007-helix-mesh.md|file:docs/reference-calderctl.md|file:docs/reference-deployment-tiers.md|file:docs/runbook-gateway-rollback.md,file:docs/adr-0019-calder-gateway.md|file:docs/adr-0007-helix-mesh.md|file:docs/reference-calderctl.md|file:docs/reference-deployment-tiers.md|file:docs/runbook-gateway-rollback.md
call,5,0,0,file:docs/guide-oncall-rota.md|file:docs/postmortem-checkout-outage.md|file:docs/reference-deployment-tiers.md|file:docs/runbook-gateway-rollback.md|file:docs/runbook-mesh-rollback-legacy.md,file:docs/guide-oncall-rota.md|file:docs/postmortem-checkout-outage.md|file:docs/reference-deployment-tiers.md|file:docs/runbook-gateway-rollback.md|file:docs/runbook-mesh-rollback-legacy.md
checkout,5,0,0,file:docs/postmortem-checkout-outage.md|file:docs/reference-deployment-tiers.md|file:docs/runbook-mesh-rollback-legacy.md|file:docs/adr-0019-calder-gateway.md|file:docs/guide-oncall-rota.md,file:docs/postmortem-checkout-outage.md|file:docs/reference-deployment-tiers.md|file:docs/runbook-mesh-rollback-legacy.md|file:docs/adr-0019-calder-gateway.md|file:docs/guide-oncall-rota.md
everi,5,0,0,file:docs/adr-0007-helix-mesh.md|file:docs/runbook-gateway-rollback.md|file:docs/reference-calderctl.md|file:docs/guide-onboarding.md|file:docs/policy-data-retention.md,file:docs/adr-0007-helix-mesh.md|file:docs/runbook-gateway-rollback.md|file:docs/reference-calderctl.md|file:docs/guide-onboarding.md|file:docs/policy-data-retention.md
helix,5,0,0,file:docs/adr-0007-helix-mesh.md|file:docs/adr-0019-calder-gateway.md|file:docs/runbook-mesh-rollback-legacy.md|file:docs/reference-calderctl.md|file:docs/guide-oncall-rota.md,file:docs/adr-0007-helix-mesh.md|file:docs/adr-0019-calder-gateway.md|file:docs/runbook-mesh-rollback-legacy.md|file:docs/reference-calderctl.md|file:docs/guide-oncall-rota.md
incid,5,0,0,file:docs/guide-oncall-rota.md|file:docs/reference-deployment-tiers.md|file:docs/runbook-gateway-rollback.md|file:docs/runbook-mesh-rollback-legacy.md|file:docs/postmortem-checkout-outage.md,file:docs/guide-oncall-rota.md|file:docs/reference-deployment-tiers.md|file:docs/runbook-gateway-rollback.md|file:docs/runbook-mesh-rollback-legacy.md|file:docs/postmortem-checkout-outage.md
mesh,5,0,0,file:docs/runbook-mesh-rollback-legacy.md|file:docs/adr-0007-helix-mesh.md|file:docs/reference-calderctl.md|file:docs/adr-0019-calder-gateway.md|file:docs/postmortem-checkout-outage.md,file:docs/runbook-mesh-rollback-legacy.md|file:docs/adr-0007-helix-mesh.md|file:docs/reference-calderctl.md|file:docs/adr-0019-calder-gateway.md|file:docs/postmortem-checkout-outage.md
no,5,0,0,file:docs/postmortem-checkout-outage.md|file:docs/adr-0007-helix-mesh.md|file:docs/runbook-gateway-rollback.md|file:docs/runbook-mesh-rollback-legacy.md|file:docs/reference-calderctl.md,file:docs/postmortem-checkout-outage.md|file:docs/adr-0007-helix-mesh.md|file:docs/runbook-gateway-rollback.md|file:docs/runbook-mesh-rollback-legacy.md|file:docs/reference-calderctl.md
on,0,0,0,,
rollback,5,0,0,file:docs/runbook-gateway-rollback.md|file:docs/runbook-mesh-rollback-legacy.md|file:docs/postmortem-checkout-outage.md|file:docs/reference-calderctl.md|file:docs/adr-0019-calder-gateway.md,file:docs/runbook-gateway-rollback.md|file:docs/runbook-mesh-rollback-legacy.md|file:docs/postmortem-checkout-outage.md|file:docs/reference-calderctl.md|file:docs/adr-0019-calder-gateway.md
rollout,5,0,0,file:docs/reference-deployment-tiers.md|file:docs/guide-oncall-rota.md|file:docs/adr-0007-helix-mesh.md|file:docs/runbook-gateway-rollback.md|file:docs/runbook-mesh-rollback-legacy.md,file:docs/reference-deployment-tiers.md|file:docs/guide-oncall-rota.md|file:docs/adr-0007-helix-mesh.md|file:docs/runbook-gateway-rollback.md|file:docs/runbook-mesh-rollback-legacy.md
runbook,5,0,0,file:docs/runbook-gateway-rollback.md|file:docs/runbook-mesh-rollback-legacy.md|file:docs/postmortem-checkout-outage.md|file:docs/guide-oncall-rota.md|file:docs/adr-0019-calder-gateway.md,file:docs/runbook-gateway-rollback.md|file:docs/runbook-mesh-rollback-legacy.md|file:docs/postmortem-checkout-outage.md|file:docs/guide-oncall-rota.md|file:docs/adr-0019-calder-gateway.md
0019,5,0,0,file:docs/adr-0019-calder-gateway.md|file:docs/adr-0007-helix-mesh.md|file:docs/reference-deployment-tiers.md|file:docs/runbook-gateway-rollback.md|file:docs/reference-calderctl.md,file:docs/adr-0019-calder-gateway.md|file:docs/adr-0007-helix-mesh.md|file:docs/reference-deployment-tiers.md|file:docs/runbook-gateway-rollback.md|file:docs/reference-calderctl.md
anyth,5,0,0,file:docs/guide-oncall-rota.md|file:docs/policy-data-retention.md|file:docs/runbook-gateway-rollback.md|file:docs/runbook-mesh-rollback-legacy.md|file:docs/adr-0019-calder-gateway.md,file:docs/guide-oncall-rota.md|file:docs/policy-data-retention.md|file:docs/runbook-gateway-rollback.md|file:docs/runbook-mesh-rollback-legacy.md|file:docs/adr-0019-calder-gateway.md
first,5,0,0,file:docs/guide-onboarding.md|file:docs/reference-deployment-tiers.md|file:docs/guide-oncall-rota.md|file:docs/runbook-gateway-rollback.md|file:docs/runbook-mesh-rollback-legacy.md,file:docs/guide-onboarding.md|file:docs/reference-deployment-tiers.md|file:docs/guide-oncall-rota.md|file:docs/runbook-gateway-rollback.md|file:docs/runbook-mesh-rollback-legacy.md
legaci,5,0,0,file:docs/runbook-mesh-rollback-legacy.md|file:docs/reference-calderctl.md|file:docs/runbook-gateway-rollback.md|file:docs/postmortem-checkout-outage.md|file:docs/guide-oncall-rota.md,file:docs/runbook-mesh-rollback-legacy.md|file:docs/reference-calderctl.md|file:docs/runbook-gateway-rollback.md|file:docs/postmortem-checkout-outage.md|file:docs/guide-oncall-rota.md
mean,5,0,0,file:docs/reference-calderctl.md|file:docs/guide-oncall-rota.md|file:docs/policy-data-retention.md|file:docs/runbook-gateway-rollback.md|file:docs/runbook-mesh-rollback-legacy.md,file:docs/reference-calderctl.md|file:docs/guide-oncall-rota.md|file:docs/policy-data-retention.md|file:docs/runbook-gateway-rollback.md|file:docs/runbook-mesh-rollback-legacy.md
network,5,0,0,file:docs/postmortem-checkout-outage.md|file:docs/guide-oncall-rota.md|file:docs/adr-0019-calder-gateway.md|file:docs/runbook-gateway-rollback.md|file:docs/runbook-mesh-rollback-legacy.md,file:docs/postmortem-checkout-outage.md|file:docs/guide-oncall-rota.md|file:docs/adr-0019-calder-gateway.md|file:docs/runbook-gateway-rollback.md|file:docs/runbook-mesh-rollback-legacy.md
per,5,0,0,file:docs/runbook-gateway-rollback.md|file:docs/runbook-mesh-rollback-legacy.md|file:docs/reference-calderctl.md|file:docs/adr-0019-calder-gateway.md|file:docs/adr-0007-helix-mesh.md,file:docs/runbook-gateway-rollback.md|file:docs/runbook-mesh-rollback-legacy.md|file:docs/reference-calderctl.md|file:docs/adr-0019-calder-gateway.md|file:docs/adr-0007-helix-mesh.md
polici,5,0,0,file:docs/policy-data-retention.md|file:docs/reference-deployment-tiers.md|file:docs/adr-0007-helix-mesh.md|file:docs/adr-0019-calder-gateway.md|file:docs/guide-oncall-rota.md,file:docs/policy-data-retention.md|file:docs/reference-deployment-tiers.md|file:docs/adr-0007-helix-mesh.md|file:docs/adr-0019-calder-gateway.md|file:docs/guide-oncall-rota.md
postmortem,5,0,0,file:docs/postmortem-checkout-outage.md|file:docs/adr-0019-calder-gateway.md|file:docs/guide-oncall-rota.md|file:docs/reference-deployment-tiers.md|file:docs/runbook-mesh-rollback-legacy.md,file:docs/postmortem-checkout-outage.md|file:docs/adr-0019-calder-gateway.md|file:docs/guide-oncall-rota.md|file:docs/reference-deployment-tiers.md|file:docs/runbook-mesh-rollback-legacy.md
rather,5,0,0,file:docs/policy-data-retention.md|file:docs/adr-0019-calder-gateway.md|file:docs/postmortem-checkout-outage.md|file:docs/reference-deployment-tiers.md|file:docs/runbook-gateway-rollback.md,file:docs/policy-data-retention.md|file:docs/adr-0019-calder-gateway.md|file:docs/postmortem-checkout-outage.md|file:docs/reference-deployment-tiers.md|file:docs/runbook-gateway-rollback.md
run,5,0,0,file:docs/runbook-mesh-rollback-legacy.md|file:docs/reference-calderctl.md|file:docs/runbook-gateway-rollback.md|file:docs/adr-0007-helix-mesh.md|file:docs/guide-oncall-rota.md,file:docs/runbook-mesh-rollback-legacy.md|file:docs/reference-calderctl.md|file:docs/runbook-gateway-rollback.md|file:docs/adr-0007-helix-mesh.md|file:docs/guide-oncall-rota.md
statu,5,0,0,file:docs/reference-calderctl.md|file:docs/guide-oncall-rota.md|file:docs/runbook-gateway-rollback.md|file:docs/runbook-mesh-rollback-legacy.md|file:docs/adr-0019-calder-gateway.md,file:docs/reference-calderctl.md|file:docs/guide-oncall-rota.md|file:docs/runbook-gateway-rollback.md|file:docs/runbook-mesh-rollback-legacy.md|file:docs/adr-0019-calder-gateway.md
across,5,0,0,file:docs/guide-oncall-rota.md|file:docs/policy-data-retention.md|file:docs/runbook-mesh-rollback-legacy.md|file:docs/adr-0019-calder-gateway.md|file:docs/reference-calderctl.md,file:docs/guide-oncall-rota.md|file:docs/policy-data-retention.md|file:docs/runbook-mesh-rollback-legacy.md|file:docs/adr-0019-calder-gateway.md|file:docs/reference-calderctl.md
all,5,0,0,file:docs/adr-0007-helix-mesh.md|file:docs/guide-oncall-rota.md|file:docs/runbook-mesh-rollback-legacy.md|file:docs/adr-0019-calder-gateway.md|file:docs/postmortem-checkout-outage.md,file:docs/adr-0007-helix-mesh.md|file:docs/guide-oncall-rota.md|file:docs/runbook-mesh-rollback-legacy.md|file:docs/adr-0019-calder-gateway.md|file:docs/postmortem-checkout-outage.md
becom,5,0,0,file:docs/postmortem-checkout-outage.md|file:docs/guide-onboarding.md|file:docs/adr-0007-helix-mesh.md|file:docs/runbook-gateway-rollback.md|file:docs/runbook-mesh-rollback-legacy.md,file:docs/postmortem-checkout-outage.md|file:docs/guide-onboarding.md|file:docs/adr-0007-helix-mesh.md|file:docs/runbook-gateway-rollback.md|file:docs/runbook-mesh-rollback-legacy.md
befor,5,0,0,file:docs/guide-onboarding.md|file:docs/runbook-gateway-rollback.md|file:docs/runbook-mesh-rollback-legacy.md|file:docs/adr-0019-calder-gateway.md|file:docs/reference-calderctl.md,file:docs/guide-onboarding.md|file:docs/runbook-gateway-rollback.md|file:docs/runbook-mesh-rollback-legacy.md|file:docs/adr-0019-calder-gateway.md|file:docs/reference-calderctl.md
config,5,0,0,file:docs/runbook-gateway-rollback.md|file:docs/guide-oncall-rota.md|file:docs/adr-0019-calder-gateway.md|file:docs/reference-calderctl.md|file:docs/guide-onboarding.md,file:docs/runbook-gateway-rollback.md|file:docs/guide-oncall-rota.md|file:docs/adr-0019-calder-gateway.md|file:docs/reference-calderctl.md|file:docs/guide-onboarding.md
dai,5,0,0,file:docs/policy-data-retention.md|file:docs/reference-deployment-tiers.md|file:docs/guide-onboarding.md|file:docs/adr-0019-calder-gateway.md|file:docs/postmortem-checkout-outage.md,file:docs/policy-data-retention.md|file:docs/reference-deployment-tiers.md|file:docs/guide-onboarding.md|file:docs/adr-0019-calder-gateway.md|file:docs/postmortem-checkout-outage.md
doe,5,0,0,file:docs/reference-deployment-tiers.md|file:docs/guide-onboarding.md|file:docs/postmortem-checkout-outage.md|file:docs/runbook-gateway-rollback.md|file:docs/guide-oncall-rota.md,file:docs/reference-deployment-tiers.md|file:docs/guide-onboarding.md|file:docs/postmortem-checkout-outage.md|file:docs/runbook-gateway-rollback.md|file:docs/guide-oncall-rota.md
group,5,0,0,file:docs/adr-0007-helix-mesh.md|file:docs/guide-oncall-rota.md|file:docs/policy-data-retention.md|file:docs/reference-deployment-tiers.md|file:docs/adr-0019-calder-gateway.md,file:docs/adr-0007-helix-mesh.md|file:docs/guide-oncall-rota.md|file:docs/policy-data-retention.md|file:docs/reference-deployment-tiers.md|file:docs/adr-0019-calder-gateway.md
guid,5,0,0,file:docs/guide-onboarding.md|file:docs/guide-oncall-rota.md|file:docs/adr-0007-helix-mesh.md|file:docs/runbook-gateway-rollback.md|file:docs/runbook-mesh-rollback-legacy.md,file:docs/guide-onboarding.md|file:docs/guide-oncall-rota.md|file:docs/adr-0007-helix-mesh.md|file:docs/runbook-gateway-rollback.md|file:docs/runbook-mesh-rollback-legacy.md
hour,5,0,0,file:docs/reference-deployment-tiers.md|file:docs/adr-0007-helix-mesh.md|file:docs/guide-oncall-rota.md|file:docs/adr-0019-calder-gateway.md|file:docs/reference-calderctl.md,file:docs/reference-deployment-tiers.md|file:docs/adr-0007-helix-mesh.md|file:docs/guide-oncall-rota.md|file:docs/adr-0019-calder-gateway.md|file:docs/reference-calderctl.md
most,5,0,0,file:docs/policy-data-retention.md|file:docs/guide-onboarding.md|file:docs/adr-0019-calder-gateway.md|file:docs/reference-calderctl.md|file:docs/guide-oncall-rota.md,file:docs/policy-data-retention.md|file:docs/guide-onboarding.md|file:docs/adr-0019-calder-gateway.md|file:docs/reference-calderctl.md|file:docs/guide-oncall-rota.md
oncal,5,0,0,file:docs/guide-oncall-rota.md|file:docs/runbook-gateway-rollback.md|file:docs/runbook-mesh-rollback-legacy.md|file:docs/reference-deployment-tiers.md|file:docs/guide-onboarding.md,file:docs/guide-oncall-rota.md|file:docs/runbook-gateway-rollback.md|file:docs/runbook-mesh-rollback-legacy.md|file:docs/reference-deployment-tiers.md|file:docs/guide-onboarding.md
outag,5,0,0,file:docs/guide-onboarding.md|file:docs/guide-oncall-rota.md|file:docs/reference-deployment-tiers.md|file:docs/runbook-mesh-rollback-legacy.md|file:docs/adr-0019-calder-gateway.md,file:docs/guide-onboarding.md|file:docs/guide-oncall-rota.md|file:docs/reference-deployment-tiers.md|file:docs/runbook-mesh-rollback-legacy.md|file:docs/adr-0019-calder-gateway.md
page,5,0,0,file:docs/guide-oncall-rota.md|file:docs/reference-deployment-tiers.md|file:docs/guide-onboarding.md|file:docs/runbook-gateway-rollback.md|file:docs/runbook-mesh-rollback-legacy.md,file:docs/guide-oncall-rota.md|file:docs/reference-deployment-tiers.md|file:docs/guide-onboarding.md|file:docs/runbook-gateway-rollback.md|file:docs/runbook-mesh-rollback-legacy.md
path,5,0,0,file:docs/reference-deployment-tiers.md|file:docs/adr-0007-helix-mesh.md|file:docs/guide-oncall-rota.md|file:docs/runbook-gateway-rollback.md|file:docs/runbook-mesh-rollback-legacy.md,file:docs/reference-deployment-tiers.md|file:docs/adr-0007-helix-mesh.md|file:docs/guide-oncall-rota.md|file:docs/runbook-gateway-rollback.md|file:docs/runbook-mesh-rollback-legacy.md
pod,5,0,0,file:docs/runbook-mesh-rollback-legacy.md|file:docs/postmortem-checkout-outage.md|file:docs/adr-0019-calder-gateway.md|file:docs/runbook-gateway-rollback.md|file:docs/reference-calderctl.md,file:docs/runbook-mesh-rollback-legacy.md|file:docs/postmortem-checkout-outage.md|file:docs/adr-0019-calder-gateway.md|file:docs/runbook-gateway-rollback.md|file:docs/reference-calderctl.md
procedur,5,0,0,file:docs/runbook-gateway-rollback.md|file:docs/runbook-mesh-rollback-legacy.md|file:docs/reference-calderctl.md|file:docs/reference-deployment-tiers.md|file:docs/adr-0019-calder-gateway.md,file:docs/runbook-gateway-rollback.md|file:docs/runbook-mesh-rollback-legacy.md|file:docs/reference-calderctl.md|file:docs/reference-deployment-tiers.md|file:docs/adr-0019-calder-gateway.md
proxi,5,0,0,file:docs/adr-0019-calder-gateway.md|file:docs/runbook-gateway-rollback.md|file:docs/guide-onboarding.md|file:docs/guide-oncall-rota.md|file:docs/runbook-mesh-rollback-legacy.md,file:docs/adr-0019-calder-gateway.md|file:docs/runbook-gateway-rollback.md|file:docs/guide-onboarding.md|file:docs/guide-oncall-rota.md|file:docs/runbook-mesh-rollback-legacy.md
reject,5,0,0,file:docs/adr-0019-calder-gateway.md|file:docs/adr-0007-helix-mesh.md|file:docs/postmortem-checkout-outage.md|file:docs/reference-deployment-tiers.md|file:docs/runbook-gateway-rollback.md,file:docs/adr-0019-calder-gateway.md|file:docs/adr-0007-helix-mesh.md|file:docs/postmortem-checkout-outage.md|file:docs/reference-deployment-tiers.md|file:docs/runbook-gateway-rollback.md
request,5,0,0,file:docs/policy-data-retention.md|file:docs/adr-0007-helix-mesh.md|file:docs/reference-deployment-tiers.md|file:docs/runbook-gateway-rollback.md|file:docs/runbook-mesh-rollback-legacy.md,file:docs/policy-data-retention.md|file:docs/adr-0007-helix-mesh.md|file:docs/reference-deployment-tiers.md|file:docs/runbook-gateway-rollback.md|file:docs/runbook-mesh-rollback-legacy.md
retri,5,0,0,file:docs/adr-0007-helix-mesh.md|file:docs/guide-onboarding.md|file:docs/adr-0019-calder-gateway.md|file:docs/postmortem-checkout-outage.md|file:docs/runbook-gateway-rollback.md,file:docs/adr-0007-helix-mesh.md|file:docs/guide-onboarding.md|file:docs/adr-0019-calder-gateway.md|file:docs/postmortem-checkout-outage.md|file:docs/runbook-gateway-rollback.md
review,5,0,0,file:docs/reference-deployment-tiers.md|file:docs/adr-0007-helix-mesh.md|file:docs/reference-calderctl.md|file:docs/guide-onboarding.md|file:docs/policy-data-retention.md,file:docs/reference-deployment-tiers.md|file:docs/adr-0007-helix-mesh.md|file:docs/reference-calderctl.md|file:docs/guide-onboarding.md|file:docs/policy-data-retention.md
rota,5,0,0,file:docs/guide-oncall-rota.md|file:docs/runbook-gateway-rollback.md|file:docs/runbook-mesh-rollback-legacy.md|file:docs/guide-onboarding.md|file:docs/reference-deployment-tiers.md,file:docs/guide-oncall-rota.md|file:docs/runbook-gateway-rollback.md|file:docs/runbook-mesh-rollback-legacy.md|file:docs/guide-onboarding.md|file:docs/reference-deployment-tiers.md
s,5,0,0,file:docs/reference-deployment-tiers.md|file:docs/guide-onboarding.md|file:docs/guide-oncall-rota.md|file:docs/adr-0019-calder-gateway.md|file:docs/postmortem-checkout-outage.md,file:docs/reference-deployment-tiers.md|file:docs/guide-onboarding.md|file:docs/guide-oncall-rota.md|file:docs/adr-0019-calder-gateway.md|file:docs/postmortem-checkout-outage.md
see,5,0,0,file:docs/guide-onboarding.md|file:docs/reference-deployment-tiers.md|file:docs/policy-data-retention.md|file:docs/runbook-gateway-rollback.md|file:docs/runbook-mesh-rollback-legacy.md,file:docs/guide-onboarding.md|file:docs/reference-deployment-tiers.md|file:docs/policy-data-retention.md|file:docs/runbook-gateway-rollback.md|file:docs/runbook-mesh-rollback-legacy.md
state,5,0,0,file:docs/guide-onboarding.md|file:docs/runbook-gateway-rollback.md|file:docs/policy-data-retention.md|file:docs/runbook-mesh-rollback-legacy.md|file:docs/adr-0019-calder-gateway.md,file:docs/guide-onboarding.md|file:docs/runbook-gateway-rollback.md|file:docs/policy-data-retention.md|file:docs/runbook-mesh-rollback-legacy.md|file:docs/adr-0019-calder-gateway.md
team,5,0,0,file:docs/guide-oncall-rota.md|file:docs/adr-0007-helix-mesh.md|file:docs/reference-deployment-tiers.md|file:docs/guide-onboarding.md|file:docs/policy-data-retention.md,file:docs/guide-oncall-rota.md|file:docs/adr-0007-helix-mesh.md|file:docs/reference-deployment-tiers.md|file:docs/guide-onboarding.md|file:docs/policy-data-retention.md
time,5,0,0,file:docs/guide-oncall-rota.md|file:docs/runbook-gateway-rollback.md|file:docs/adr-0019-calder-gateway.md|file:docs/reference-calderctl.md|file:docs/postmortem-checkout-outage.md,file:docs/guide-oncall-rota.md|file:docs/runbook-gateway-rollback.md|file:docs/adr-0019-calder-gateway.md|file:docs/reference-calderctl.md|file:docs/postmortem-checkout-outage.md
14,5,0,0,file:docs/postmortem-checkout-outage.md|file:docs/reference-deployment-tiers.md|file:docs/adr-0019-calder-gateway.md|file:docs/guide-onboarding.md|file:docs/guide-oncall-rota.md,file:docs/postmortem-checkout-outage.md|file:docs/reference-deployment-tiers.md|file:docs/adr-0019-calder-gateway.md|file:docs/guide-onboarding.md|file:docs/guide-oncall-rota.md
400,5,0,0,file:docs/runbook-gateway-rollback.md|file:docs/adr-0007-helix-mesh.md|file:docs/policy-data-retention.md|file:docs/runbook-mesh-rollback-legacy.md|file:docs/adr-0019-calder-gateway.md,file:docs/runbook-gateway-rollback.md|file:docs/adr-0007-helix-mesh.md|file:docs/policy-data-retention.md|file:docs/runbook-mesh-rollback-legacy.md|file:docs/adr-0019-calder-gateway.md
5,5,0,0,file:docs/runbook-gateway-rollback.md|file:docs/runbook-mesh-rollback-legacy.md|file:docs/postmortem-checkout-outage.md|file:docs/guide-onboarding.md|file:docs/policy-data-retention.md,file:docs/runbook-gateway-rollback.md|file:docs/runbook-mesh-rollback-legacy.md|file:docs/postmortem-checkout-outage.md|file:docs/guide-onboarding.md|file:docs/policy-data-retention.md
attempt,5,0,0,file:docs/postmortem-checkout-outage.md|file:docs/guide-oncall-rota.md|file:docs/runbook-gateway-rollback.md|file:docs/runbook-mesh-rollback-legacy.md|file:docs/adr-0019-calder-gateway.md,file:docs/postmortem-checkout-outage.md|file:docs/guide-oncall-rota.md|file:docs/runbook-gateway-rollback.md|file:docs/runbook-mesh-rollback-legacy.md|file:docs/adr-0019-calder-gateway.md
becaus,0,0,0,,
calderctl,5,0,0,file:docs/reference-calderctl.md|file:docs/runbook-gateway-rollback.md|file:docs/runbook-mesh-rollback-legacy.md|file:docs/guide-onboarding.md|file:docs/guide-oncall-rota.md,file:docs/reference-calderctl.md|file:docs/runbook-gateway-rollback.md|file:docs/runbook-mesh-rollback-legacy.md|file:docs/guide-onboarding.md|file:docs/guide-oncall-rota.md
chang,5,0,0,file:docs/reference-deployment-tiers.md|file:docs/adr-0019-calder-gateway.md|file:docs/postmortem-checkout-outage.md|file:docs/guide-onboarding.md|file:docs/adr-0007-helix-mesh.md,file:docs/reference-deployment-tiers.md|file:docs/adr-0019-calder-gateway.md|file:docs/postmortem-checkout-outage.md|file:docs/guide-onboarding.md|file:docs/adr-0007-helix-mesh.md
class,5,0,0,file:docs/policy-data-retention.md|file:docs/reference-calderctl.md|file:docs/guide-onboarding.md|file:docs/reference-deployment-tiers.md|file:docs/adr-0007-helix-mesh.md,file:docs/policy-data-retention.md|file:docs/reference-calderctl.md|file:docs/guide-onboarding.md|file:docs/reference-deployment-tiers.md|file:docs/adr-0007-helix-mesh.md
data,5,0,0,file:docs/policy-data-retention.md|file:docs/reference-calderctl.md|file:docs/guide-onboarding.md|file:docs/reference-deployment-tiers.md|file:docs/postmortem-checkout-outage.md,file:docs/policy-data-retention.md|file:docs/reference-calderctl.md|file:docs/guide-onboarding.md|file:docs/reference-deployment-tiers.md|file:docs/postmortem-checkout-outage.md
decid,5,0,0,file:docs/reference-deployment-tiers.md|file:docs/guide-oncall-rota.md|file:docs/adr-0019-calder-gateway.md|file:docs/guide-onboarding.md|file:docs/adr-0007-helix-mesh.md,file:docs/reference-deployment-tiers.md|file:docs/guide-oncall-rota.md|file:docs/adr-0019-calder-gateway.md|file:docs/guide-onboarding.md|file:docs/adr-0007-helix-mesh.md
differ,5,0,0,file:docs/reference-deployment-tiers.md|file:docs/runbook-gateway-rollback.md|file:docs/runbook-mesh-rollback-legacy.md|file:docs/reference-calderctl.md|file:docs/adr-0007-helix-mesh.md,file:docs/reference-deployment-tiers.md|file:docs/runbook-gateway-rollback.md|file:docs/runbook-mesh-rollback-legacy.md|file:docs/reference-calderctl.md|file:docs/adr-0007-helix-mesh.md
do,5,0,0,file:docs/guide-oncall-rota.md|file:docs/guide-onboarding.md|file:docs/runbook-gateway-rollback.md|file:docs/runbook-mesh-rollback-legacy.md|file:docs/adr-0007-helix-mesh.md,file:docs/guide-oncall-rota.md|file:docs/guide-onboarding.md|file:docs/runbook-gateway-rollback.md|file:docs/runbook-mesh-rollback-legacy.md|file:docs/adr-0007-helix-mesh.md
dry,5,0,0,file:docs/reference-calderctl.md|file:docs/runbook-gateway-rollback.md|file:docs/runbook-mesh-rollback-legacy.md|file:docs/postmortem-checkout-outage.md|file:docs/guide-onboarding.md,file:docs/reference-calderctl.md|file:docs/runbook-gateway-rollback.md|file:docs/runbook-mesh-rollback-legacy.md|file:docs/postmortem-checkout-outage.md|file:docs/guide-onboarding.md
dure,5,0,0,file:docs/guide-oncall-rota.md|file:docs/runbook-mesh-rollback-legacy.md|file:docs/reference-deployment-tiers.md|file:docs/runbook-gateway-rollback.md|file:docs/guide-onboarding.md,file:docs/guide-oncall-rota.md|file:docs/runbook-mesh-rollback-legacy.md|file:docs/reference-deployment-tiers.md|file:docs/runbook-gateway-rollback.md|file:docs/guide-onboarding.md
error,5,0,0,file:docs/postmortem-checkout-outage.md|file:docs/runbook-gateway-rollback.md|file:docs/runbook-mesh-rollback-legacy.md|file:docs/policy-data-retention.md|file:docs/reference-calderctl.md,file:docs/postmortem-checkout-outage.md|file:docs/runbook-gateway-rollback.md|file:docs/runbook-mesh-rollback-legacy.md|file:docs/policy-data-retention.md|file:docs/reference-calderctl.md
exactli,5,0,0,file:docs/reference-deployment-tiers.md|file:docs/runbook-mesh-rollback-legacy.md|file:docs/postmortem-checkout-outage.md|file:docs/guide-onboarding.md|file:docs/adr-0007-helix-mesh.md,file:docs/reference-deployment-tiers.md|file:docs/runbook-mesh-rollback-legacy.md|file:docs/postmortem-checkout-outage.md|file:docs/guide-onboarding.md|file:docs/adr-0007-helix-mesh.md
expect,5,0,0,file:docs/runbook-gateway-rollback.md|file:docs/runbook-mesh-rollback-legacy.md|file:docs/adr-0019-calder-gateway.md|file:docs/postmortem-checkout-outage.md|file:docs/guide-onboarding.md,file:docs/runbook-gateway-rollback.md|file:docs/runbook-mesh-rollback-legacy.md|file:docs/adr-0019-calder-gateway.md|file:docs/postmortem-checkout-outage.md|file:docs/guide-onboarding.md
fail,5,0,0,file:docs/runbook-mesh-rollback-legacy.md|file:docs/runbook-gateway-rollback.md|file:docs/postmortem-checkout-outage.md|file:docs/guide-oncall-rota.md|file:docs/reference-calderctl.md,file:docs/runbook-mesh-rollback-legacy.md|file:docs/runbook-gateway-rollback.md|file:docs/postmortem-checkout-outage.md|file:docs/guide-oncall-rota.md|file:docs/reference-calderctl.md
failur,5,0,0,file:docs/postmortem-checkout-outage.md|file:docs/guide-oncall-rota.md|file:docs/reference-deployment-tiers.md|file:docs/runbook-mesh-rollback-legacy.md|file:docs/adr-0007-helix-mesh.md,file:docs/postmortem-checkout-outage.md|file:docs/guide-oncall-rota.md|file:docs/reference-deployment-tiers.md|file:docs/runbook-mesh-rollback-legacy.md|file:docs/adr-0007-helix-mesh.md
minut,5,0,0,file:docs/postmortem-checkout-outage.md|file:docs/guide-oncall-rota.md|file:docs/runbook-gateway-rollback.md|file:docs/runbook-mesh-rollback-legacy.md|file:docs/guide-onboarding.md,file:docs/postmortem-checkout-outage.md|file:docs/guide-oncall-rota.md|file:docs/runbook-gateway-rollback.md|file:docs/runbook-mesh-rollback-legacy.md|file:docs/guide-onboarding.md
more,5,0,0,file:docs/guide-oncall-rota.md|file:docs/runbook-gateway-rollback.md|file:docs/adr-0019-calder-gateway.md|file:docs/reference-calderctl.md|file:docs/adr-0007-helix-mesh.md,file:docs/guide-oncall-rota.md|file:docs/runbook-gateway-rollback.md|file:docs/adr-0019-calder-gateway.md|file:docs/reference-calderctl.md|file:docs/adr-0007-helix-mesh.md
name,5,0,0,file:docs/guide-oncall-rota.md|file:docs/postmortem-checkout-outage.md|file:docs/guide-onboarding.md|file:docs/runbook-gateway-rollback.md|file:docs/runbook-mesh-rollback-legacy.md,file:docs/guide-oncall-rota.md|file:docs/postmortem-checkout-outage.md|file:docs/guide-onboarding.md|file:docs/runbook-gateway-rollback.md|file:docs/runbook-mesh-rollback-legacy.md
node,5,0,0,file:docs/runbook-gateway-rollback.md|file:docs/adr-0019-calder-gateway.md|file:docs/reference-calderctl.md|file:docs/guide-oncall-rota.md|file:docs/runbook-mesh-rollback-legacy.md,file:docs/runbook-gateway-rollback.md|file:docs/adr-0019-calder-gateway.md|file:docs/reference-calderctl.md|file:docs/guide-oncall-rota.md|file:docs/runbook-mesh-rollback-legacy.md
onli,5,0,0,file:docs/reference-calderctl.md|file:docs/reference-deployment-tiers.md|file:docs/adr-0007-helix-mesh.md|file:docs/runbook-mesh-rollback-legacy.md|file:docs/adr-0019-calder-gateway.md,file:docs/reference-calderctl.md|file:docs/reference-deployment-tiers.md|file:docs/adr-0007-helix-mesh.md|file:docs/runbook-mesh-rollback-legacy.md|file:docs/adr-0019-calder-gateway.md
oper,1,0,0,file:docs/adr-0007-helix-mesh.md,file:docs/adr-0007-helix-mesh.md
out,5,0,0,file:docs/adr-0019-calder-gateway.md|file:docs/adr-0007-helix-mesh.md|file:docs/reference-deployment-tiers.md|file:docs/reference-calderctl.md|file:docs/postmortem-checkout-outage.md,file:docs/adr-0019-calder-gateway.md|file:docs/adr-0007-helix-mesh.md|file:docs/reference-deployment-tiers.md|file:docs/reference-calderctl.md|file:docs/postmortem-checkout-outage.md
own,5,0,0,file:docs/adr-0007-helix-mesh.md|file:docs/guide-oncall-rota.md|file:docs/reference-deployment-tiers.md|file:docs/guide-onboarding.md|file:docs/adr-0019-calder-gateway.md,file:docs/adr-0007-helix-mesh.md|file:docs/guide-oncall-rota.md|file:docs/reference-deployment-tiers.md|file:docs/guide-onboarding.md|file:docs/adr-0019-calder-gateway.md
remov,5,0,0,file:docs/reference-calderctl.md|file:docs/postmortem-checkout-outage.md|file:docs/runbook-gateway-rollback.md|file:docs/adr-0019-calder-gateway.md|file:docs/adr-0007-helix-mesh.md,file:docs/reference-calderctl.md|file:docs/postmortem-checkout-outage.md|file:docs/runbook-gateway-rollback.md|file:docs/adr-0019-calder-gateway.md|file:docs/adr-0007-helix-mesh.md
second,5,0,0,file:docs/runbook-gateway-rollback.md|file:docs/runbook-mesh-rollback-legacy.md|file:docs/postmortem-checkout-outage.md|file:docs/guide-oncall-rota.md|file:docs/reference-deployment-tiers.md,file:docs/runbook-gateway-rollback.md|file:docs/runbook-mesh-rollback-legacy.md|file:docs/postmortem-checkout-outage.md|file:docs/guide-oncall-rota.md|file:docs/reference-deployment-tiers.md
sidecar,5,0,0,file:docs/runbook-mesh-rollback-legacy.md|file:docs/adr-0019-calder-gateway.md|file:docs/postmortem-checkout-outage.md|file:docs/adr-0007-helix-mesh.md|file:docs/runbook-gateway-rollback.md,file:docs/runbook-mesh-rollback-legacy.md|file:docs/adr-0019-calder-gateway.md|file:docs/postmortem-checkout-outage.md|file:docs/adr-0007-helix-mesh.md|file:docs/runbook-gateway-rollback.md
singl,5,0,0,file:docs/runbook-gateway-rollback.md|file:docs/runbook-mesh-rollback-legacy.md|file:docs/adr-0019-calder-gateway.md|file:docs/postmortem-checkout-outage.md|file:docs/adr-0007-helix-mesh.md,file:docs/runbook-gateway-rollback.md|file:docs/runbook-mesh-rollback-legacy.md|file:docs/adr-0019-calder-gateway.md|file:docs/postmortem-checkout-outage.md|file:docs/adr-0007-helix-mesh.md
so,5,0,0,file:docs/postmortem-checkout-outage.md|file:docs/runbook-gateway-rollback.md|file:docs/runbook-mesh-rollback-legacy.md|file:docs/reference-calderctl.md|file:docs/guide-onboarding.md,file:docs/postmortem-checkout-outage.md|file:docs/runbook-gateway-rollback.md|file:docs/runbook-mesh-rollback-legacy.md|file:docs/reference-calderctl.md|file:docs/guide-onboarding.md
soak,5,0,0,file:docs/reference-deployment-tiers.md|file:docs/adr-0019-calder-gateway.md|file:docs/guide-onboarding.md|file:docs/postmortem-checkout-outage.md|file:docs/adr-0007-helix-mesh.md,file:docs/reference-deployment-tiers.md|file:docs/adr-0019-calder-gateway.md|file:docs/guide-onboarding.md|file:docs/postmortem-checkout-outage.md|file:docs/adr-0007-helix-mesh.md
still,5,0,0,file:docs/runbook-gateway-rollback.md|file:docs/runbook-mesh-rollback-legacy.md|file:docs/adr-0019-calder-gateway.md|file:docs/reference-calderctl.md|file:docs/adr-0007-helix-mesh.md,file:docs/runbook-gateway-rollback.md|file:docs/runbook-mesh-rollback-legacy.md|file:docs/adr-0019-calder-gateway.md|file:docs/reference-calderctl.md|file:docs/adr-0007-helix-mesh.md
stop,5,0,0,file:docs/policy-data-retention.md|file:docs/runbook-gateway-rollback.md|file:docs/runbook-mesh-rollback-legacy.md|file:docs/adr-0019-calder-gateway.md|file:docs/guide-onboarding.md,file:docs/policy-data-retention.md|file:docs/runbook-gateway-rollback.md|file:docs/runbook-mesh-rollback-legacy.md|file:docs/adr-0019-calder-gateway.md|file:docs/guide-onboarding.md
tool,5,0,0,file:docs/policy-data-retention.md|file:docs/reference-deployment-tiers.md|file:docs/runbook-gateway-rollback.md|file:docs/reference-calderctl.md|file:docs/postmortem-checkout-outage.md,file:docs/policy-data-retention.md|file:docs/reference-deployment-tiers.md|file:docs/runbook-gateway-rollback.md|file:docs/reference-calderctl.md|file:docs/postmortem-checkout-outage.md
traffic,5,0,0,file:docs/adr-0007-helix-mesh.md|file:docs/guide-oncall-rota.md|file:docs/reference-deployment-tiers.md|file:docs/adr-0019-calder-gateway.md|file:docs/guide-onboarding.md,file:docs/adr-0007-helix-mesh.md|file:docs/guide-oncall-rota.md|file:docs/reference-deployment-tiers.md|file:docs/adr-0019-calder-gateway.md|file:docs/guide-onboarding.md
up,5,0,0,file:docs/guide-onboarding.md|file:docs/policy-data-retention.md|file:docs/reference-deployment-tiers.md|file:docs/runbook-gateway-rollback.md|file:docs/runbook-mesh-rollback-legacy.md,file:docs/guide-onboarding.md|file:docs/policy-data-retention.md|file:docs/reference-deployment-tiers.md|file:docs/runbook-gateway-rollback.md|file:docs/runbook-mesh-rollback-legacy.md
window,5,0,0,file:docs/policy-data-retention.md|file:docs/reference-deployment-tiers.md|file:docs/reference-calderctl.md|file:docs/postmortem-checkout-outage.md|file:docs/guide-onboarding.md,file:docs/policy-data-retention.md|file:docs/reference-deployment-tiers.md|file:docs/reference-calderctl.md|file:docs/postmortem-checkout-outage.md|file:docs/guide-onboarding.md
without,5,0,0,file:docs/policy-data-retention.md|file:docs/reference-deployment-tiers.md|file:docs/reference-calderctl.md|file:docs/postmortem-checkout-outage.md|file:docs/guide-onboarding.md,file:docs/policy-data-retention.md|file:docs/reference-deployment-tiers.md|file:docs/reference-calderctl.md|file:docs/postmortem-checkout-outage.md|file:docs/guide-onboarding.md
write,5,0,0,file:docs/reference-calderctl.md|file:docs/adr-0007-helix-mesh.md|file:docs/runbook-gateway-rollback.md|file:docs/runbook-mesh-rollback-legacy.md|file:docs/postmortem-checkout-outage.md,file:docs/reference-calderctl.md|file:docs/adr-0007-helix-mesh.md|file:docs/runbook-gateway-rollback.md|file:docs/runbook-mesh-rollback-legacy.md|file:docs/postmortem-checkout-outage.md
wrong,5,0,0,file:docs/postmortem-checkout-outage.md|file:docs/runbook-gateway-rollback.md|file:docs/runbook-mesh-rollback-legacy.md|file:docs/reference-calderctl.md|file:docs/guide-onboarding.md,file:docs/postmortem-checkout-outage.md|file:docs/runbook-gateway-rollback.md|file:docs/runbook-mesh-rollback-legacy.md|file:docs/reference-calderctl.md|file:docs/guide-onboarding.md
0007,4,0,0,file:docs/adr-0007-helix-mesh.md|file:docs/adr-0019-calder-gateway.md|file:docs/runbook-mesh-rollback-legacy.md|file:docs/reference-calderctl.md,file:docs/adr-0007-helix-mesh.md|file:docs/adr-0019-calder-gateway.md|file:docs/runbook-mesh-rollback-legacy.md|file:docs/reference-calderctl.md
2026,4,0,0,file:docs/postmortem-checkout-outage.md|file:docs/adr-0019-calder-gateway.md|file:docs/runbook-mesh-rollback-legacy.md|file:docs/adr-0007-helix-mesh.md,file:docs/postmortem-checkout-outage.md|file:docs/adr-0019-calder-gateway.md|file:docs/runbook-mesh-rollback-legacy.md|file:docs/adr-0007-helix-mesh.md
24,4,0,0,file:docs/guide-oncall-rota.md|file:docs/reference-deployment-tiers.md|file:docs/guide-onboarding.md|file:docs/adr-0007-helix-mesh.md,file:docs/guide-oncall-rota.md|file:docs/reference-deployment-tiers.md|file:docs/guide-onboarding.md|file:docs/adr-0007-helix-mesh.md
48,4,0,0,file:docs/reference-deployment-tiers.md|file:docs/adr-0019-calder-gateway.md|file:docs/postmortem-checkout-outage.md|file:docs/adr-0007-helix-mesh.md,file:docs/reference-deployment-tiers.md|file:docs/adr-0019-calder-gateway.md|file:docs/postmortem-checkout-outage.md|file:docs/adr-0007-helix-mesh.md
6,4,0,0,file:docs/guide-onboarding.md|file:docs/runbook-gateway-rollback.md|file:docs/runbook-mesh-rollback-legacy.md|file:docs/adr-0019-calder-gateway.md,file:docs/guide-onboarding.md|file:docs/runbook-gateway-rollback.md|file:docs/runbook-mesh-rollback-legacy.md|file:docs/adr-0019-calder-gateway.md
7,4,0,0,file:docs/policy-data-retention.md|file:docs/reference-deployment-tiers.md|file:docs/guide-oncall-rota.md|file:docs/guide-onboarding.md,file:docs/policy-data-retention.md|file:docs/reference-deployment-tiers.md|file:docs/guide-oncall-rota.md|file:docs/guide-onboarding.md
8,4,0,0,file:docs/runbook-gateway-rollback.md|file:docs/adr-0019-calder-gateway.md|file:docs/postmortem-checkout-outage.md|file:docs/adr-0007-helix-mesh.md,file:docs/runbook-gateway-rollback.md|file:docs/adr-0019-calder-gateway.md|file:docs/postmortem-checkout-outage.md|file:docs/adr-0007-helix-mesh.md
90,4,0,0,file:docs/policy-data-retention.md|file:docs/runbook-gateway-rollback.md|file:docs/runbook-mesh-rollback-legacy.md|file:docs/adr-0007-helix-mesh.md,file:docs/policy-data-retention.md|file:docs/runbook-gateway-rollback.md|file:docs/runbook-mesh-rollback-legacy.md|file:docs/adr-0007-helix-mesh.md
alert,4,0,0,file:docs/guide-onboarding.md|file:docs/postmortem-checkout-outage.md|file:docs/guide-oncall-rota.md|file:docs/reference-deployment-tiers.md,file:docs/guide-onboarding.md|file:docs/postmortem-checkout-outage.md|file:docs/guide-oncall-rota.md|file:docs/reference-deployment-tiers.md
ani,4,0,0,file:docs/runbook-gateway-rollback.md|file:docs/runbook-mesh-rollback-legacy.md|file:docs/guide-oncall-rota.md|file:docs/adr-0019-calder-gateway.md,file:docs/runbook-gateway-rollback.md|file:docs/runbook-mesh-rollback-legacy.md|file:docs/guide-oncall-rota.md|file:docs/adr-0019-calder-gateway.md
everyth,2,0,0,file:docs/reference-deployment-tiers.md|file:docs/reference-calderctl.md,file:docs/reference-deployment-tiers.md|file:docs/reference-calderctl.md
except,2,0,0,file:docs/policy-data-retention.md|file:docs/adr-0007-helix-mesh.md,file:docs/policy-data-retention.md|file:docs/adr-0007-helix-mesh.md
expir,2,0,0,file:docs/policy-data-retention.md|file:docs/adr-0007-helix-mesh.md,file:docs/policy-data-retention.md|file:docs/adr-0007-helix-mesh.md
expiri,2,0,0,file:docs/policy-data-retention.md|file:docs/reference-calderctl.md,file:docs/policy-data-retention.md|file:docs/reference-calderctl.md
flag,2,0,0,file:docs/reference-calderctl.md|file:docs/guide-onboarding.md,file:docs/reference-calderctl.md|file:docs/guide-onboarding.md
forc,2,0,0,file:docs/reference-calderctl.md|file:docs/adr-0007-helix-mesh.md,file:docs/reference-calderctl.md|file:docs/adr-0007-helix-mesh.md
frozen,2,0,0,file:docs/reference-calderctl.md|file:docs/adr-0007-helix-mesh.md,file:docs/reference-calderctl.md|file:docs/adr-0007-helix-mesh.md
get,2,0,0,file:docs/guide-onboarding.md|file:docs/adr-0007-helix-mesh.md,file:docs/guide-onboarding.md|file:docs/adr-0007-helix-mesh.md
good,2,0,0,file:docs/runbook-gateway-rollback.md|file:docs/runbook-mesh-rollback-legacy.md,file:docs/runbook-gateway-rollback.md|file:docs/runbook-mesh-rollback-legacy.md
happen,2,0,0,file:docs/adr-0019-calder-gateway.md|file:docs/guide-onboarding.md,file:docs/adr-0019-calder-gateway.md|file:docs/guide-onboarding.md
hide,2,0,0,file:docs/runbook-gateway-rollback.md|file:docs/runbook-mesh-rollback-legacy.md,file:docs/runbook-gateway-rollback.md|file:docs/runbook-mesh-rollback-legacy.md
hsm,2,0,0,file:docs/policy-data-retention.md|file:docs/guide-onboarding.md,file:docs/policy-data-retention.md|file:docs/guide-onboarding.md
ident,2,0,0,file:docs/postmortem-checkout-outage.md|file:docs/reference-deployment-tiers.md,file:docs/postmortem-checkout-outage.md|file:docs/reference-deployment-tiers.md
implement,2,0,0,file:docs/adr-0007-helix-mesh.md|file:docs/adr-0019-calder-gateway.md,file:docs/adr-0007-helix-mesh.md|file:docs/adr-0019-calder-gateway.md
independ,2,0,0,file:docs/policy-data-retention.md|file:docs/guide-oncall-rota.md,file:docs/policy-data-retention.md|file:docs/guide-oncall-rota.md
instead,2,0,0,file:docs/runbook-gateway-rollback.md|file:docs/runbook-mesh-rollback-legacy.md,file:docs/runbook-gateway-rollback.md|file:docs/runbook-mesh-rollback-legacy.md
intern,2,0,0,file:docs/policy-data-retention.md|file:docs/reference-deployment-tiers.md,file:docs/policy-data-retention.md|file:docs/reference-deployment-tiers.md
languag,2,0,0,file:docs/adr-0019-calder-gateway.md|file:docs/adr-0007-helix-mesh.md,file:docs/adr-0019-calder-gateway.md|file:docs/adr-0007-helix-mesh.md
larg,2,0,0,file:docs/runbook-gateway-rollback.md|file:docs/runbook-mesh-rollback-legacy.md,file:docs/runbook-gateway-rollback.md|file:docs/runbook-mesh-rollback-legacy.md
level,2,0,0,file:docs/adr-0019-calder-gateway.md|file:docs/guide-onboarding.md,file:docs/adr-0019-calder-gateway.md|file:docs/guide-onboarding.md
librari,2,0,0,file:docs/adr-0007-helix-mesh.md|file:docs/adr-0019-calder-gateway.md,file:docs/adr-0007-helix-mesh.md|file:docs/adr-0019-calder-gateway.md
live,2,0,0,file:docs/guide-onboarding.md|file:docs/adr-0007-helix-mesh.md,file:docs/guide-onboarding.md|file:docs/adr-0007-helix-mesh.md
look,2,0,0,file:docs/postmortem-checkout-outage.md|file:docs/guide-onboarding.md,file:docs/postmortem-checkout-outage.md|file:docs/guide-onboarding.md
lost,2,0,0,file:docs/guide-oncall-rota.md|file:docs/guide-onboarding.md,file:docs/guide-oncall-rota.md|file:docs/guide-onboarding.md
made,2,0,0,file:docs/guide-oncall-rota.md|file:docs/postmortem-checkout-outage.md,file:docs/guide-oncall-rota.md|file:docs/postmortem-checkout-outage.md
make,2,0,0,file:docs/guide-oncall-rota.md|file:docs/runbook-gateway-rollback.md,file:docs/guide-oncall-rota.md|file:docs/runbook-gateway-rollback.md
mb,2,0,0,file:docs/adr-0019-calder-gateway.md|file:docs/adr-0007-helix-mesh.md,file:docs/adr-0019-calder-gateway.md|file:docs/adr-0007-helix-mesh.md
median,2,0,0,file:docs/guide-oncall-rota.md|file:docs/adr-0019-calder-gateway.md,file:docs/guide-oncall-rota.md|file:docs/adr-0019-calder-gateway.md
mid,2,0,0,file:docs/guide-oncall-rota.md|file:docs/reference-calderctl.md,file:docs/guide-oncall-rota.md|file:docs/reference-calderctl.md
misconfigur,2,0,0,file:docs/guide-oncall-rota.md|file:docs/reference-deployment-tiers.md,file:docs/guide-oncall-rota.md|file:docs/reference-deployment-tiers.md
mitig,2,0,0,file:docs/adr-0019-calder-gateway.md|file:docs/postmortem-checkout-outage.md,file:docs/adr-0019-calder-gateway.md|file:docs/postmortem-checkout-outage.md
model,2,0,0,file:docs/adr-0019-calder-gateway.md|file:docs/runbook-gateway-rollback.md,file:docs/adr-0019-calder-gateway.md|file:docs/runbook-gateway-rollback.md
month,2,0,0,file:docs/guide-onboarding.md|file:docs/postmortem-checkout-outage.md,file:docs/guide-onboarding.md|file:docs/postmortem-checkout-outage.md
neither,2,0,0,file:docs/runbook-gateway-rollback.md|file:docs/runbook-mesh-rollback-legacy.md,file:docs/runbook-gateway-rollback.md|file:docs/runbook-mesh-rollback-legacy.md
next,2,0,0,file:docs/reference-deployment-tiers.md|file:docs/guide-oncall-rota.md,file:docs/reference-deployment-tiers.md|file:docs/guide-oncall-rota.md
note,2,0,0,file:docs/adr-0007-helix-mesh.md|file:docs/guide-oncall-rota.md,file:docs/adr-0007-helix-mesh.md|file:docs/guide-oncall-rota.md
noth,2,0,0,file:docs/policy-data-retention.md|file:docs/adr-0007-helix-mesh.md,file:docs/policy-data-retention.md|file:docs/adr-0007-helix-mesh.md
order,2,0,0,file:docs/reference-deployment-tiers.md|file:docs/policy-data-retention.md,file:docs/reference-deployment-tiers.md|file:docs/policy-data-retention.md
p50,2,0,0,file:docs/adr-0019-calder-gateway.md|file:docs/adr-0007-helix-mesh.md,file:docs/adr-0019-calder-gateway.md|file:docs/adr-0007-helix-mesh.md
p99,2,0,0,file:docs/runbook-gateway-rollback.md|file:docs/runbook-mesh-rollback-legacy.md,file:docs/runbook-gateway-rollback.md|file:docs/runbook-mesh-rollback-legacy.md
person,2,0,0,file:docs/guide-oncall-rota.md|file:docs/policy-data-retention.md,file:docs/guide-oncall-rota.md|file:docs/policy-data-retention.md
post,2,0,0,file:docs/runbook-gateway-rollback.md|file:docs/runbook-mesh-rollback-legacy.md,file:docs/runbook-gateway-rollback.md|file:docs/runbook-mesh-rollback-legacy.md
previou,2,0,0,file:docs/runbook-gateway-rollback.md|file:docs/runbook-mesh-rollback-legacy.md,file:docs/runbook-gateway-rollback.md|file:docs/runbook-mesh-rollback-legacy.md
problem,2,0,0,file:docs/runbook-gateway-rollback.md|file:docs/runbook-mesh-rollback-legacy.md,file:docs/runbook-gateway-rollback.md|file:docs/runbook-mesh-rollback-legacy.md
produc,2,0,0,file:docs/policy-data-retention.md|file:docs/adr-0007-helix-mesh.md,file:docs/policy-data-retention.md|file:docs/adr-0007-helix-mesh.md
progress,2,0,0,file:docs/runbook-gateway-rollback.md|file:docs/runbook-mesh-rollback-legacy.md,file:docs/runbook-gateway-rollback.md|file:docs/runbook-mesh-rollback-legacy.md
protect,2,0,0,file:docs/policy-data-retention.md|file:docs/reference-deployment-tiers.md,file:docs/policy-data-retention.md|file:docs/reference-deployment-tiers.md
pull,2,0,0,file:docs/reference-deployment-tiers.md|file:docs/adr-0007-helix-mesh.md,file:docs/reference-deployment-tiers.md|file:docs/adr-0007-helix-mesh.md
quota,2,0,0,file:docs/reference-calderctl.md|file:docs/reference-deployment-tiers.md,file:docs/reference-calderctl.md|file:docs/reference-deployment-tiers.md
rais,0,0,0,,
reach,2,0,0,file:docs/reference-deployment-tiers.md|file:docs/adr-0019-calder-gateway.md,file:docs/reference-deployment-tiers.md|file:docs/adr-0019-calder-gateway.md
reason,2,0,0,file:docs/policy-data-retention.md|file:docs/adr-0019-calder-gateway.md,file:docs/policy-data-retention.md|file:docs/adr-0019-calder-gateway.md
recoveri,2,0,0,file:docs/runbook-gateway-rollback.md|file:docs/runbook-mesh-rollback-legacy.md,file:docs/runbook-gateway-rollback.md|file:docs/runbook-mesh-rollback-legacy.md
replica,2,0,0,file:docs/policy-data-retention.md|file:docs/adr-0019-calder-gateway.md,file:docs/policy-data-retention.md|file:docs/adr-0019-calder-gateway.md
resolv,2,0,0,file:docs/guide-oncall-rota.md|file:docs/guide-onboarding.md,file:docs/guide-oncall-rota.md|file:docs/guide-onboarding.md
restart,2,0,0,file:docs/runbook-mesh-rollback-legacy.md|file:docs/postmortem-checkout-outage.md,file:docs/runbook-mesh-rollback-legacy.md|file:docs/postmortem-checkout-outage.md
return,2,0,0,file:docs/adr-0019-calder-gateway.md|file:docs/postmortem-checkout-outage.md,file:docs/adr-0019-calder-gateway.md|file:docs/postmortem-checkout-outage.md
revenu,2,0,0,file:docs/reference-deployment-tiers.md|file:docs/guide-oncall-rota.md,file:docs/reference-deployment-tiers.md|file:docs/guide-oncall-rota.md
revert,2,0,0,file:docs/runbook-gateway-rollback.md|file:docs/runbook-mesh-rollback-legacy.md,file:docs/runbook-gateway-rollback.md|file:docs/runbook-mesh-rollback-legacy.md
routin,2,0,0,file:docs/policy-data-retention.md|file:docs/postmortem-checkout-outage.md,file:docs/policy-data-retention.md|file:docs/postmortem-checkout-outage.md
same,2,0,0,file:docs/adr-0019-calder-gateway.md|file:docs/guide-onboarding.md,file:docs/adr-0019-calder-gateway.md|file:docs/guide-onboarding.md
search,2,0,0,file:docs/policy-data-retention.md|file:docs/reference-deployment-tiers.md,file:docs/policy-data-retention.md|file:docs/reference-deployment-tiers.md
separ,2,0,0,file:docs/guide-onboarding.md|file:docs/adr-0007-helix-mesh.md,file:docs/guide-onboarding.md|file:docs/adr-0007-helix-mesh.md
serv,2,0,0,file:docs/runbook-gateway-rollback.md|file:docs/adr-0019-calder-gateway.md,file:docs/runbook-gateway-rollback.md|file:docs/adr-0019-calder-gateway.md
set,2,0,0,file:docs/adr-0019-calder-gateway.md|file:docs/reference-calderctl.md,file:docs/adr-0019-calder-gateway.md|file:docs/reference-calderctl.md
sev1,2,0,0,file:docs/guide-oncall-rota.md|file:docs/postmortem-checkout-outage.md,file:docs/guide-oncall-rota.md|file:docs/postmortem-checkout-outage.md
share,2,0,0,file:docs/adr-0007-helix-mesh.md|file:docs/adr-0019-calder-gateway.md,file:docs/adr-0007-helix-mesh.md|file:docs/adr-0019-calder-gateway.md
ship,2,0,0,file:docs/guide-onboarding.md|file:docs/adr-0007-helix-mesh.md,file:docs/guide-onboarding.md|file:docs/adr-0007-helix-mesh.md
show,2,0,0,file:docs/guide-oncall-rota.md|file:docs/reference-calderctl.md,file:docs/guide-oncall-rota.md|file:docs/reference-calderctl.md
silent,2,0,0,file:docs/postmortem-checkout-outage.md|file:docs/runbook-mesh-rollback-legacy.md,file:docs/postmortem-checkout-outage.md|file:docs/runbook-mesh-rollback-legacy.md
simultan,2,0,0,file:docs/runbook-gateway-rollback.md|file:docs/adr-0019-calder-gateway.md,file:docs/runbook-gateway-rollback.md|file:docs/adr-0019-calder-gateway.md
slow,2,0,0,file:docs/guide-onboarding.md|file:docs/adr-0007-helix-mesh.md,file:docs/guide-onboarding.md|file:docs/adr-0007-helix-mesh.md
small,2,0,0,file:docs/runbook-gateway-rollback.md|file:docs/runbook-mesh-rollback-legacy.md,file:docs/runbook-gateway-rollback.md|file:docs/runbook-mesh-rollback-legacy.md
store,2,0,0,file:docs/policy-data-retention.md|file:docs/reference-calderctl.md,file:docs/policy-data-retention.md|file:docs/reference-calderctl.md
success,2,0,0,file:docs/postmortem-checkout-outage.md|file:docs/reference-calderctl.md,file:docs/postmortem-checkout-outage.md|file:docs/reference-calderctl.md
sustain,2,0,0,file:docs/runbook-gateway-rollback.md|file:docs/runbook-mesh-rollback-legacy.md,file:docs/runbook-gateway-rollback.md|file:docs/runbook-mesh-rollback-legacy.md
tabl,2,0,0,file:docs/runbook-gateway-rollback.md|file:docs/runbook-mesh-rollback-legacy.md,file:docs/runbook-gateway-rollback.md|file:docs/runbook-mesh-rollback-legacy.md
ten,2,0,0,file:docs/guide-oncall-rota.md|file:docs/guide-onboarding.md,file:docs/guide-oncall-rota.md|file:docs/guide-onboarding.md
tend,2,0,0,file:docs/runbook-gateway-rollback.md|file:docs/runbook-mesh-rollback-legacy.md,file:docs/runbook-gateway-rollback.md|file:docs/runbook-mesh-rollback-legacy.md
through,2,0,0,file:docs/adr-0019-calder-gateway.md|file:docs/runbook-mesh-rollback-legacy.md,file:docs/adr-0019-calder-gateway.md|file:docs/runbook-mesh-rollback-legacy.md
ticket,2,0,0,file:docs/reference-deployment-tiers.md|file:docs/policy-data-retention.md,file:docs/reference-deployment-tiers.md|file:docs/policy-data-retention.md
timelin,2,0,0,file:docs/postmortem-checkout-outage.md|file:docs/guide-oncall-rota.md,file:docs/postmortem-checkout-outage.md|file:docs/guide-oncall-rota.md
treat,2,0,0,file:docs/guide-onboarding.md|file:docs/policy-data-retention.md,file:docs/guide-onboarding.md|file:docs/policy-data-retention.md
tune,2,0,0,file:docs/runbook-mesh-rollback-legacy.md|file:docs/adr-0019-calder-gateway.md,file:docs/runbook-mesh-rollback-legacy.md|file:docs/adr-0019-calder-gateway.md
turn,2,0,0,file:docs/policy-data-retention.md|file:docs/adr-0007-helix-mesh.md,file:docs/policy-data-retention.md|file:docs/adr-0007-helix-mesh.md
twice,2,0,0,file:docs/runbook-gateway-rollback.md|file:docs/runbook-mesh-rollback-legacy.md,file:docs/runbook-gateway-rollback.md|file:docs/runbook-mesh-rollback-legacy.md
under,2,0,0,file:docs/postmortem-checkout-outage.md|file:docs/reference-deployment-tiers.md,file:docs/postmortem-checkout-outage.md|file:docs/reference-deployment-tiers.md
unstat,2,0,0,file:docs/reference-calderctl.md|file:docs/guide-onboarding.md,file:docs/reference-calderctl.md|file:docs/guide-onboarding.md
utc,2,0,0,file:docs/guide-oncall-rota.md|file:docs/postmortem-checkout-outage.md,file:docs/guide-oncall-rota.md|file:docs/postmortem-checkout-outage.md
version,2,0,0,file:docs/reference-calderctl.md|file:docs/guide-onboarding.md,file:docs/reference-calderctl.md|file:docs/guide-onboarding.md
want,2,0,0,file:docs/runbook-gateway-rollback.md|file:docs/runbook-mesh-rollback-legacy.md,file:docs/runbook-gateway-rollback.md|file:docs/runbook-mesh-rollback-legacy.md
whose,2,0,0,file:docs/reference-calderctl.md|file:docs/postmortem-checkout-outage.md,file:docs/reference-calderctl.md|file:docs/postmortem-checkout-outage.md
wors,0,0,0,,
worth,2,0,0,file:docs/postmortem-checkout-outage.md|file:docs/adr-0007-helix-mesh.md,file:docs/postmortem-checkout-outage.md|file:docs/adr-0007-helix-mesh.md
would,2,0,0,file:docs/postmortem-checkout-outage.md|file:docs/adr-0007-helix-mesh.md,file:docs/postmortem-checkout-outage.md|file:docs/adr-0007-helix-mesh.md
written,2,0,0,file:docs/guide-oncall-rota.md|file:docs/postmortem-checkout-outage.md,file:docs/guide-oncall-rota.md|file:docs/postmortem-checkout-outage.md
000,1,0,0,file:docs/postmortem-checkout-outage.md,file:docs/postmortem-checkout-outage.md
01,1,0,0,file:docs/postmortem-checkout-outage.md,file:docs/postmortem-checkout-outage.md
06,1,0,0,file:docs/adr-0007-helix-mesh.md,file:docs/adr-0007-helix-mesh.md
07,1,0,0,file:docs/guide-oncall-rota.md,file:docs/guide-oncall-rota.md
09,1,0,0,file:docs/postmortem-checkout-outage.md,file:docs/postmortem-checkout-outage.md
12,1,0,0,file:docs/runbook-gateway-rollback.md,file:docs/runbook-gateway-rollback.md
19,1,0,0,file:docs/postmortem-checkout-outage.md,file:docs/postmortem-checkout-outage.md
2023,1,0,0,file:docs/adr-0007-helix-mesh.md,file:docs/adr-0007-helix-mesh.md
2025,1,0,0,file:docs/policy-data-retention.md,file:docs/policy-data-retention.md
22,1,0,0,file:docs/guide-oncall-rota.md,file:docs/guide-oncall-rota.md
27,1,0,0,file:docs/postmortem-checkout-outage.md,file:docs/postmortem-checkout-outage.md
270,1,0,0,file:docs/adr-0019-calder-gateway.md,file:docs/adr-0019-calder-gateway.md
30,1,0,0,file:docs/policy-data-retention.md,file:docs/policy-data-retention.md
310,1,0,0,file:docs/adr-0019-calder-gateway.md,file:docs/adr-0019-calder-gateway.md
340,1,0,0,file:docs/postmortem-checkout-outage.md,file:docs/postmortem-checkout-outage.md
35,1,0,0,file:docs/policy-data-retention.md,file:docs/policy-data-retention.md
38,1,0,0,file:docs/postmortem-checkout-outage.md,file:docs/postmortem-checkout-outage.md
44,1,0,0,file:docs/postmortem-checkout-outage.md,file:docs/postmortem-checkout-outage.md
47,1,0,0,file:docs/postmortem-checkout-outage.md,file:docs/postmortem-checkout-outage.md
503,1,0,0,file:docs/postmortem-checkout-outage.md,file:docs/postmortem-checkout-outage.md
51,1,0,0,file:docs/postmortem-checkout-outage.md,file:docs/postmortem-checkout-outage.md
abl,1,0,0,file:docs/policy-data-retention.md,file:docs/policy-data-retention.md
absorb,1,0,0,file:docs/reference-deployment-tiers.md,file:docs/reference-deployment-tiers.md
access,1,0,0,file:docs/guide-onboarding.md,file:docs/guide-onboarding.md
accord,1,0,0,file:docs/guide-onboarding.md,file:docs/guide-onboarding.md
achiev,1,0,0,file:docs/adr-0019-calder-gateway.md,file:docs/adr-0019-calder-gateway.md
act,1,0,0,file:docs/guide-oncall-rota.md,file:docs/guide-oncall-rota.md
action,1,0,0,file:docs/postmortem-checkout-outage.md,file:docs/postmortem-checkout-outage.md
add,1,0,0,file:docs/guide-onboarding.md,file:docs/guide-onboarding.md
addit,1,0,0,file:docs/guide-oncall-rota.md,file:docs/guide-oncall-rota.md
adopt,1,0,0,file:docs/adr-0007-helix-mesh.md,file:docs/adr-0007-helix-mesh.md
advisori,1,0,0,file:docs/adr-0019-calder-gateway.md,file:docs/adr-0019-calder-gateway.md
affect,1,0,0,file:docs/guide-oncall-rota.md,file:docs/guide-oncall-rota.md
afterward,1,0,0,file:docs/runbook-mesh-rollback-legacy.md,file:docs/runbook-mesh-rollback-legacy.md
alon,1,0,0,file:docs/adr-0007-helix-mesh.md,file:docs/adr-0007-helix-mesh.md
also,1,0,0,file:docs/adr-0019-calder-gateway.md,file:docs/adr-0019-calder-gateway.md
analyt,1,0,0,file:docs/policy-data-retention.md,file:docs/policy-data-retention.md
anywher,0,0,0,,
api,1,0,0,file:docs/adr-0007-helix-mesh.md,file:docs/adr-0007-helix-mesh.md
appear,1,0,0,file:docs/guide-onboarding.md,file:docs/guide-onboarding.md
argument,1,0,0,file:docs/reference-deployment-tiers.md,file:docs/reference-deployment-tiers.md
attract,1,0,0,file:docs/adr-0019-calder-gateway.md,file:docs/adr-0019-calder-gateway.md
attribut,1,0,0,file:docs/adr-0019-calder-gateway.md,file:docs/adr-0019-calder-gateway.md
audit,1,0,0,file:docs/policy-data-retention.md,file:docs/policy-data-retention.md
automat,1,0,0,file:docs/guide-onboarding.md,file:docs/guide-onboarding.md
base,1,0,0,file:docs/adr-0019-calder-gateway.md,file:docs/adr-0019-calder-gateway.md
batch,1,0,0,file:docs/reference-deployment-tiers.md,file:docs/reference-deployment-tiers.md
begin,1,0,0,file:docs/postmortem-checkout-outage.md,file:docs/postmortem-checkout-outage.md
below,1,0,0,file:docs/reference-calderctl.md,file:docs/reference-calderctl.md
better,1,0,0,file:docs/runbook-gateway-rollback.md,file:docs/runbook-gateway-rollback.md
bill,1,0,0,file:docs/guide-onboarding.md,file:docs/guide-onboarding.md
binari,1,0,0,file:docs/adr-0007-helix-mesh.md,file:docs/adr-0007-helix-mesh.md
bind,1,0,0,file:docs/policy-data-retention.md,file:docs/policy-data-retention.md
blast,1,0,0,file:docs/adr-0019-calder-gateway.md,file:docs/adr-0019-calder-gateway.md
block,1,0,0,file:docs/reference-deployment-tiers.md,file:docs/reference-deployment-tiers.md
bpf,1,0,0,file:docs/adr-0019-calder-gateway.md,file:docs/adr-0019-calder-gateway.md
breaker,1,0,0,file:docs/adr-0007-helix-mesh.md,file:docs/adr-0007-helix-mesh.md
build,1,0,0,file:docs/policy-data-retention.md,file:docs/policy-data-retention.md
c0,1,0,0,file:docs/policy-data-retention.md,file:docs/policy-data-retention.md
c1,1,0,0,file:docs/policy-data-retention.md,file:docs/policy-data-retention.md
c2,1,0,0,file:docs/policy-data-retention.md,file:docs/policy-data-retention.md
cach,1,0,0,file:docs/policy-data-retention.md,file:docs/policy-data-retention.md
caller,1,0,0,file:docs/postmortem-checkout-outage.md,file:docs/postmortem-checkout-outage.md
came,1,0,0,file:docs/postmortem-checkout-outage.md,file:docs/postmortem-checkout-outage.md
card,1,0,0,file:docs/policy-data-retention.md,file:docs/policy-data-retention.md
cart,1,0,0,file:docs/reference-deployment-tiers.md,file:docs/reference-deployment-tiers.md
caught,1,0,0,file:docs/postmortem-checkout-outage.md,file:docs/postmortem-checkout-outage.md
charg,1,0,0,file:docs/postmortem-checkout-outage.md,file:docs/postmortem-checkout-outage.md
choos,0,0,0,,
citat,1,0,0,file:docs/adr-0007-helix-mesh.md,file:docs/adr-0007-helix-mesh.md
claim,1,0,0,file:docs/adr-0019-calder-gateway.md,file:docs/adr-0019-calder-gateway.md
classifi,1,0,0,file:docs/reference-calderctl.md,file:docs/reference-calderctl.md
clean,1,0,0,file:docs/postmortem-checkout-outage.md,file:docs/postmortem-checkout-outage.md
compil,1,0,0,file:docs/adr-0007-helix-mesh.md,file:docs/adr-0007-helix-mesh.md
complet,1,0,0,file:docs/policy-data-retention.md,file:docs/policy-data-retention.md
complianc,1,0,0,file:docs/policy-data-retention.md,file:docs/policy-data-retention.md
compliant,1,0,0,file:docs/policy-data-retention.md,file:docs/policy-data-retention.md
comput,1,0,0,file:docs/adr-0019-calder-gateway.md,file:docs/adr-0019-calder-gateway.md
concurr,1,0,0,file:docs/runbook-mesh-rollback-legacy.md,file:docs/runbook-mesh-rollback-legacy.md
connect,1,0,0,file:docs/adr-0019-calder-gateway.md,file:docs/adr-0019-calder-gateway.md
consecut,1,0,0,file:docs/guide-oncall-rota.md,file:docs/guide-oncall-rota.md
consist,1,0,0,file:docs/adr-0007-helix-mesh.md,file:docs/adr-0007-helix-mesh.md
constant,1,0,0,file:docs/adr-0007-helix-mesh.md,file:docs/adr-0007-helix-mesh.md
contractu,1,0,0,file:docs/policy-data-retention.md,file:docs/policy-data-retention.md
coordin,1,0,0,file:docs/guide-oncall-rota.md,file:docs/guide-oncall-rota.md
copi,1,0,0,file:docs/reference-calderctl.md,file:docs/reference-calderctl.md
correct,1,0,0,file:docs/postmortem-checkout-outage.md,file:docs/postmortem-checkout-outage.md
could,1,0,0,file:docs/runbook-gateway-rollback.md,file:docs/runbook-gateway-rollback.md
cpu,1,0,0,file:docs/reference-calderctl.md,file:docs/reference-calderctl.md
crash,1,0,0,file:docs/policy-data-retention.md,file:docs/policy-data-retention.md
cross,1,0,0,file:docs/postmortem-checkout-outage.md,file:docs/postmortem-checkout-outage.md
custom,1,0,0,file:docs/reference-deployment-tiers.md,file:docs/reference-deployment-tiers.md
dangl,1,0,0,file:docs/adr-0007-helix-mesh.md,file:docs/adr-0007-helix-mesh.md
declar,1,0,0,file:docs/guide-oncall-rota.md,file:docs/guide-oncall-rota.md
degrad,1,0,0,file:docs/guide-oncall-rota.md,file:docs/guide-oncall-rota.md
develop,1,0,0,file:docs/reference-deployment-tiers.md,file:docs/reference-deployment-tiers.md
diff,1,0,0,file:docs/adr-0007-helix-mesh.md,file:docs/adr-0007-helix-mesh.md
direct,1,0,0,file:docs/adr-0019-calder-gateway.md,file:docs/adr-0019-calder-gateway.md
discretionari,1,0,0,file:docs/guide-oncall-rota.md,file:docs/guide-oncall-rota.md
doc,5,0,0,file:docs/policy-data-retention.md|file:docs/guide-oncall-rota.md|file:docs/reference-deployment-tiers.md|file:docs/runbook-gateway-rollback.md|file:docs/runbook-mesh-rollback-legacy.md,file:docs/policy-data-retention.md|file:docs/guide-oncall-rota.md|file:docs/reference-deployment-tiers.md|file:docs/runbook-gateway-rollback.md|file:docs/runbook-mesh-rollback-legacy.md
document,1,0,0,file:docs/postmortem-checkout-outage.md,file:docs/postmortem-checkout-outage.md
domain,1,0,0,file:docs/adr-0007-helix-mesh.md,file:docs/adr-0007-helix-mesh.md
doubl,1,0,0,file:docs/guide-onboarding.md,file:docs/guide-onboarding.md
downward,1,0,0,file:docs/policy-data-retention.md,file:docs/policy-data-retention.md
drain,1,0,0,file:docs/runbook-gateway-rollback.md,file:docs/runbook-gateway-rollback.md
drove,1,0,0,file:docs/adr-0019-calder-gateway.md,file:docs/adr-0019-calder-gateway.md
dump,1,0,0,file:docs/policy-data-retention.md,file:docs/policy-data-retention.md
earli,1,0,0,file:docs/guide-oncall-rota.md,file:docs/guide-oncall-rota.md
ebpf,1,0,0,file:docs/adr-0019-calder-gateway.md,file:docs/adr-0019-calder-gateway.md
email,1,0,0,file:docs/policy-data-retention.md,file:docs/policy-data-retention.md
emit,1,0,0,file:docs/policy-data-retention.md,file:docs/policy-data-retention.md
enough,1,0,0,file:docs/reference-deployment-tiers.md,file:docs/reference-deployment-tiers.md
entir,1,0,0,file:docs/reference-deployment-tiers.md,file:docs/reference-deployment-tiers.md
entri,1,0,0,file:docs/guide-onboarding.md,file:docs/guide-onboarding.md
eu,1,0,0,file:docs/postmortem-checkout-outage.md,file:docs/postmortem-checkout-outage.md
event,1,0,0,file:docs/postmortem-checkout-outage.md,file:docs/postmortem-checkout-outage.md
eventu,1,0,0,file:docs/adr-0007-helix-mesh.md,file:docs/adr-0007-helix-mesh.md
evid,1,0,0,file:docs/adr-0007-helix-mesh.md,file:docs/adr-0007-helix-mesh.md
exampl,1,0,0,file:docs/policy-data-retention.md,file:docs/policy-data-retention.md
exit,1,0,0,file:docs/reference-calderctl.md,file:docs/reference-calderctl.md
000 1,5,0,0,file:docs/postmortem-checkout-outage.md|file:docs/reference-deployment-tiers.md|file:docs/guide-onboarding.md|file:docs/adr-0019-calder-gateway.md|file:docs/reference-calderctl.md,file:docs/postmortem-checkout-outage.md|file:docs/reference-deployment-tiers.md|file:docs/guide-onboarding.md|file:docs/adr-0019-calder-gateway.md|file:docs/reference-calderctl.md
2023 2,5,0,0,file:docs/adr-0007-helix-mesh.md|file:docs/reference-deployment-tiers.md|file:docs/adr-0019-calder-gateway.md|file:docs/guide-onboarding.md|file:docs/reference-calderctl.md,file:docs/adr-0007-helix-mesh.md|file:docs/reference-deployment-tiers.md|file:docs/adr-0019-calder-gateway.md|file:docs/guide-onboarding.md|file:docs/reference-calderctl.md
340 3,5,0,0,file:docs/postmortem-checkout-outage.md|file:docs/guide-onboarding.md|file:docs/reference-deployment-tiers.md|file:docs/guide-oncall-rota.md|file:docs/reference-calderctl.md,file:docs/postmortem-checkout-outage.md|file:docs/guide-onboarding.md|file:docs/reference-deployment-tiers.md|file:docs/guide-oncall-rota.md|file:docs/reference-calderctl.md
abl md,5,0,0,file:docs/policy-data-retention.md|file:docs/runbook-mesh-rollback-legacy.md|file:docs/adr-0019-calder-gateway.md|file:docs/reference-calderctl.md|file:docs/guide-onboarding.md,file:docs/policy-data-retention.md|file:docs/runbook-mesh-rollback-legacy.md|file:docs/adr-0019-calder-gateway.md|file:docs/reference-calderctl.md|file:docs/guide-onboarding.md
add servic,5,0,0,file:docs/guide-onboarding.md|file:docs/reference-deployment-tiers.md|file:docs/reference-calderctl.md|file:docs/adr-0007-helix-mesh.md|file:docs/guide-oncall-rota.md,file:docs/guide-onboarding.md|file:docs/reference-deployment-tiers.md|file:docs/reference-calderctl.md|file:docs/adr-0007-helix-mesh.md|file:docs/guide-oncall-rota.md
also tag,1,0,0,file:docs/adr-0019-calder-gateway.md,file:docs/adr-0019-calder-gateway.md
attribut than,5,0,0,file:docs/adr-0019-calder-gateway.md|file:docs/guide-oncall-rota.md|file:docs/policy-data-retention.md|file:docs/runbook-gateway-rollback.md|file:docs/postmortem-checkout-outage.md,file:docs/adr-0019-calder-gateway.md|file:docs/guide-oncall-rota.md|file:docs/policy-data-retention.md|file:docs/runbook-gateway-rollback.md|file:docs/postmortem-checkout-outage.md
better tier,5,0,0,file:docs/runbook-gateway-rollback.md|file:docs/reference-deployment-tiers.md|file:docs/reference-calderctl.md|file:docs/guide-onboarding.md|file:docs/runbook-mesh-rollback-legacy.md,file:docs/runbook-gateway-rollback.md|file:docs/reference-deployment-tiers.md|file:docs/reference-calderctl.md|file:docs/guide-onboarding.md|file:docs/runbook-mesh-rollback-legacy.md
breaker titl,2,0,0,file:docs/postmortem-checkout-outage.md|file:docs/adr-0007-helix-mesh.md,file:docs/postmortem-checkout-outage.md|file:docs/adr-0007-helix-mesh.md
came calder,5,0,0,file:docs/postmortem-checkout-outage.md|file:docs/adr-0019-calder-gateway.md|file:docs/guide-onboarding.md|file:docs/runbook-gateway-rollback.md|file:docs/adr-0007-helix-mesh.md,file:docs/postmortem-checkout-outage.md|file:docs/adr-0019-calder-gateway.md|file:docs/guide-onboarding.md|file:docs/runbook-gateway-rollback.md|file:docs/adr-0007-helix-mesh.md
claim deploy,4,0,0,file:docs/reference-calderctl.md|file:docs/guide-onboarding.md|file:docs/adr-0019-calder-gateway.md|file:docs/reference-deployment-tiers.md,file:docs/reference-calderctl.md|file:docs/guide-onboarding.md|file:docs/adr-0019-calder-gateway.md|file:docs/reference-deployment-tiers.md
comput gatewai,5,0,0,file:docs/adr-0019-calder-gateway.md|file:docs/runbook-gateway-rollback.md|file:docs/reference-calderctl.md|file:docs/guide-oncall-rota.md|file:docs/runbook-mesh-rollback-legacy.md,file:docs/adr-0019-calder-gateway.md|file:docs/runbook-gateway-rollback.md|file:docs/reference-calderctl.md|file:docs/guide-oncall-rota.md|file:docs/runbook-mesh-rollback-legacy.md
coordin platform,5,0,0,file:docs/guide-oncall-rota.md|file:docs/guide-onboarding.md|file:docs/postmortem-checkout-outage.md|file:docs/adr-0007-helix-mesh.md|file:docs/reference-deployment-tiers.md,file:docs/guide-oncall-rota.md|file:docs/guide-onboarding.md|file:docs/postmortem-checkout-outage.md|file:docs/adr-0007-helix-mesh.md|file:docs/reference-deployment-tiers.md
custom refer,5,0,0,file:docs/reference-deployment-tiers.md|file:docs/reference-calderctl.md|file:docs/guide-onboarding.md|file:docs/adr-0007-helix-mesh.md|file:docs/guide-oncall-rota.md,file:docs/reference-deployment-tiers.md|file:docs/reference-calderctl.md|file:docs/guide-onboarding.md|file:docs/adr-0007-helix-mesh.md|file:docs/guide-oncall-rota.md
discretionari two,5,0,0,file:docs/guide-oncall-rota.md|file:docs/adr-0007-helix-mesh.md|file:docs/adr-0019-calder-gateway.md|file:docs/reference-calderctl.md|file:docs/guide-onboarding.md,file:docs/guide-oncall-rota.md|file:docs/adr-0007-helix-mesh.md|file:docs/adr-0019-calder-gateway.md|file:docs/reference-calderctl.md|file:docs/guide-onboarding.md
drove 4,5,0,0,file:docs/adr-0019-calder-gateway.md|file:docs/postmortem-checkout-outage.md|file:docs/guide-onboarding.md|file:docs/guide-oncall-rota.md|file:docs/policy-data-retention.md,file:docs/adr-0019-calder-gateway.md|file:docs/postmortem-checkout-outage.md|file:docs/guide-onboarding.md|file:docs/guide-oncall-rota.md|file:docs/policy-data-retention.md
entir adr,5,0,0,file:docs/reference-deployment-tiers.md|file:docs/adr-0019-calder-gateway.md|file:docs/adr-0007-helix-mesh.md|file:docs/reference-calderctl.md|file:docs/runbook-gateway-rollback.md,file:docs/reference-deployment-tiers.md|file:docs/adr-0019-calder-gateway.md|file:docs/adr-0007-helix-mesh.md|file:docs/reference-calderctl.md|file:docs/runbook-gateway-rollback.md
exit call,5,0,0,file:docs/reference-calderctl.md|file:docs/guide-oncall-rota.md|file:docs/postmortem-checkout-outage.md|file:docs/reference-deployment-tiers.md|file:docs/runbook-gateway-rollback.md,file:docs/reference-calderctl.md|file:docs/guide-oncall-rota.md|file:docs/postmortem-checkout-outage.md|file:docs/reference-deployment-tiers.md|file:docs/runbook-gateway-rollback.md
19 checkout,5,0,0,file:docs/postmortem-checkout-outage.md|file:docs/reference-deployment-tiers.md|file:docs/runbook-mesh-rollback-legacy.md|file:docs/adr-0019-calder-gateway.md|file:docs/guide-oncall-rota.md,file:docs/postmortem-checkout-outage.md|file:docs/reference-deployment-tiers.md|file:docs/runbook-mesh-rollback-legacy.md|file:docs/adr-0019-calder-gateway.md|file:docs/guide-oncall-rota.md
310 everi,5,0,0,file:docs/adr-0019-calder-gateway.md|file:docs/adr-0007-helix-mesh.md|file:docs/runbook-gateway-rollback.md|file:docs/reference-calderctl.md|file:docs/guide-onboarding.md,file:docs/adr-0019-calder-gateway.md|file:docs/adr-0007-helix-mesh.md|file:docs/runbook-gateway-rollback.md|file:docs/reference-calderctl.md|file:docs/guide-onboarding.md
51 helix,5,0,0,file:docs/postmortem-checkout-outage.md|file:docs/adr-0007-helix-mesh.md|file:docs/adr-0019-calder-gateway.md|file:docs/runbook-mesh-rollback-legacy.md|file:docs/reference-calderctl.md,file:docs/postmortem-checkout-outage.md|file:docs/adr-0007-helix-mesh.md|file:docs/adr-0019-calder-gateway.md|file:docs/runbook-mesh-rollback-legacy.md|file:docs/reference-calderctl.md
action incid,5,0,0,file:docs/postmortem-checkout-outage.md|file:docs/guide-oncall-rota.md|file:docs/reference-deployment-tiers.md|file:docs/runbook-gateway-rollback.md|file:docs/runbook-mesh-rollback-legacy.md,file:docs/postmortem-checkout-outage.md|file:docs/guide-oncall-rota.md|file:docs/reference-deployment-tiers.md|file:docs/runbook-gateway-rollback.md|file:docs/runbook-mesh-rollback-legacy.md
alon mesh,5,0,0,file:docs/adr-0007-helix-mesh.md|file:docs/runbook-mesh-rollback-legacy.md|file:docs/reference-calderctl.md|file:docs/adr-0019-calder-gateway.md|file:docs/postmortem-checkout-outage.md,file:docs/adr-0007-helix-mesh.md|file:docs/runbook-mesh-rollback-legacy.md|file:docs/reference-calderctl.md|file:docs/adr-0019-calder-gateway.md|file:docs/postmortem-checkout-outage.md
attract no,5,0,0,file:docs/adr-0019-calder-gateway.md|file:docs/postmortem-checkout-outage.md|file:docs/adr-0007-helix-mesh.md|file:docs/runbook-gateway-rollback.md|file:docs/runbook-mesh-rollback-legacy.md,file:docs/adr-0019-calder-gateway.md|file:docs/postmortem-checkout-outage.md|file:docs/adr-0007-helix-mesh.md|file:docs/runbook-gateway-rollback.md|file:docs/runbook-mesh-rollback-legacy.md
below on,1,0,0,file:docs/reference-calderctl.md,file:docs/reference-calderctl.md
bpf rollback,5,0,0,file:docs/adr-0019-calder-gateway.md|file:docs/runbook-gateway-rollback.md|file:docs/runbook-mesh-rollback-legacy.md|file:docs/postmortem-checkout-outage.md|file:docs/reference-calderctl.md,file:docs/adr-0019-calder-gateway.md|file:docs/runbook-gateway-rollback.md|file:docs/runbook-mesh-rollback-legacy.md|file:docs/postmortem-checkout-outage.md|file:docs/reference-calderctl.md
caller rollout,5,0,0,file:docs/postmortem-checkout-outage.md|file:docs/reference-deployment-tiers.md|file:docs/guide-oncall-rota.md|file:docs/adr-0007-helix-mesh.md|file:docs/runbook-gateway-rollback.md,file:docs/postmortem-checkout-outage.md|file:docs/reference-deployment-tiers.md|file:docs/guide-oncall-rota.md|file:docs/adr-0007-helix-mesh.md|file:docs/runbook-gateway-rollback.md
citat runbook,5,0,0,file:docs/adr-0007-helix-mesh.md|file:docs/runbook-gateway-rollback.md|file:docs/runbook-mesh-rollback-legacy.md|file:docs/postmortem-checkout-outage.md|file:docs/guide-oncall-rota.md,file:docs/adr-0007-helix-mesh.md|file:docs/runbook-gateway-rollback.md|file:docs/runbook-mesh-rollback-legacy.md|file:docs/postmortem-checkout-outage.md|file:docs/guide-oncall-rota.md
compliant 0019,5,0,0,file:docs/policy-data-retention.md|file:docs/adr-0019-calder-gateway.md|file:docs/adr-0007-helix-mesh.md|file:docs/reference-deployment-tiers.md|file:docs/runbook-gateway-rollback.md,file:docs/policy-data-retention.md|file:docs/adr-0019-calder-gateway.md|file:docs/adr-0007-helix-mesh.md|file:docs/reference-deployment-tiers.md|file:docs/runbook-gateway-rollback.md
contractu anyth,5,0,0,file:docs/policy-data-retention.md|file:docs/guide-oncall-rota.md|file:docs/runbook-gateway-rollback.md|file:docs/runbook-mesh-rollback-legacy.md|file:docs/adr-0019-calder-gateway.md,file:docs/policy-data-retention.md|file:docs/guide-oncall-rota.md|file:docs/runbook-gateway-rollback.md|file:docs/runbook-mesh-rollback-legacy.md|file:docs/adr-0019-calder-gateway.md
cross first,5,0,0,file:docs/postmortem-checkout-outage.md|file:docs/guide-onboarding.md|file:docs/reference-deployment-tiers.md|file:docs/guide-oncall-rota.md|file:docs/runbook-gateway-rollback.md,file:docs/postmortem-checkout-outage.md|file:docs/guide-onboarding.md|file:docs/reference-deployment-tiers.md|file:docs/guide-oncall-rota.md|file:docs/runbook-gateway-rollback.md
direct legaci,5,0,0,file:docs/adr-0019-calder-gateway.md|file:docs/runbook-mesh-rollback-legacy.md|file:docs/reference-calderctl.md|file:docs/runbook-gateway-rollback.md|file:docs/postmortem-checkout-outage.md,file:docs/adr-0019-calder-gateway.md|file:docs/runbook-mesh-rollback-legacy.md|file:docs/reference-calderctl.md|file:docs/runbook-gateway-rollback.md|file:docs/postmortem-checkout-outage.md
drain mean,5,0,0,file:docs/runbook-gateway-rollback.md|file:docs/reference-calderctl.md|file:docs/guide-oncall-rota.md|file:docs/policy-data-retention.md|file:docs/runbook-mesh-rollback-legacy.md,file:docs/runbook-gateway-rollback.md|file:docs/reference-calderctl.md|file:docs/guide-oncall-rota.md|file:docs/policy-data-retention.md|file:docs/runbook-mesh-rollback-legacy.md
enough network,5,0,0,file:docs/reference-deployment-tiers.md|file:docs/postmortem-checkout-outage.md|file:docs/guide-oncall-rota.md|file:docs/adr-0019-calder-gateway.md|file:docs/runbook-gateway-rollback.md,file:docs/reference-deployment-tiers.md|file:docs/postmortem-checkout-outage.md|file:docs/guide-oncall-rota.md|file:docs/adr-0019-calder-gateway.md|file:docs/runbook-gateway-rollback.md
exampl per,5,0,0,file:docs/policy-data-retention.md|file:docs/runbook-gateway-rollback.md|file:docs/runbook-mesh-rollback-legacy.md|file:docs/reference-calderctl.md|file:docs/adr-0019-calder-gateway.md,file:docs/policy-data-retention.md|file:docs/runbook-gateway-rollback.md|file:docs/runbook-mesh-rollback-legacy.md|file:docs/reference-calderctl.md|file:docs/adr-0019-calder-gateway.md
12 polici,5,0,0,file:docs/runbook-gateway-rollback.md|file:docs/policy-data-retention.md|file:docs/reference-deployment-tiers.md|file:docs/adr-0007-helix-mesh.md|file:docs/adr-0019-calder-gateway.md,file:docs/runbook-gateway-rollback.md|file:docs/policy-data-retention.md|file:docs/reference-deployment-tiers.md|file:docs/adr-0007-helix-mesh.md|file:docs/adr-0019-calder-gateway.md
30 postmortem,5,0,0,file:docs/policy-data-retention.md|file:docs/postmortem-checkout-outage.md|file:docs/adr-0019-calder-gateway.md|file:docs/guide-oncall-rota.md|file:docs/reference-deployment-tiers.md,file:docs/policy-data-retention.md|file:docs/postmortem-checkout-outage.md|file:docs/adr-0019-calder-gateway.md|file:docs/guide-oncall-rota.md|file:docs/reference-deployment-tiers.md
503 rather,5,0,0,file:docs/postmortem-checkout-outage.md|file:docs/policy-data-retention.md|file:docs/adr-0019-calder-gateway.md|file:docs/reference-deployment-tiers.md|file:docs/runbook-gateway-rollback.md,file:docs/postmortem-checkout-outage.md|file:docs/policy-data-retention.md|file:docs/adr-0019-calder-gateway.md|file:docs/reference-deployment-tiers.md|file:docs/runbook-gateway-rollback.md
act run,5,0,0,file:docs/guide-oncall-rota.md|file:docs/runbook-mesh-rollback-legacy.md|file:docs/reference-calderctl.md|file:docs/runbook-gateway-rollback.md|file:docs/adr-0007-helix-mesh.md,file:docs/guide-oncall-rota.md|file:docs/runbook-mesh-rollback-legacy.md|file:docs/reference-calderctl.md|file:docs/runbook-gateway-rollback.md|file:docs/adr-0007-helix-mesh.md
afterward statu,5,0,0,file:docs/runbook-mesh-rollback-legacy.md|file:docs/reference-calderctl.md|file:docs/guide-oncall-rota.md|file:docs/runbook-gateway-rollback.md|file:docs/adr-0019-calder-gateway.md,file:docs/runbook-mesh-rollback-legacy.md|file:docs/reference-calderctl.md|file:docs/guide-oncall-rota.md|file:docs/runbook-gateway-rollback.md|file:docs/adr-0019-calder-gateway.md
argument across,5,0,0,file:docs/reference-deployment-tiers.md|file:docs/guide-oncall-rota.md|file:docs/policy-data-retention.md|file:docs/runbook-mesh-rollback-legacy.md|file:docs/adr-0019-calder-gateway.md,file:docs/reference-deployment-tiers.md|file:docs/guide-oncall-rota.md|file:docs/policy-data-retention.md|file:docs/runbook-mesh-rollback-legacy.md|file:docs/adr-0019-calder-gateway.md
begin all,5,0,0,file:docs/postmortem-checkout-outage.md|file:docs/adr-0007-helix-mesh.md|file:docs/guide-oncall-rota.md|file:docs/runbook-mesh-rollback-legacy.md|file:docs/adr-0019-calder-gateway.md,file:docs/postmortem-checkout-outage.md|file:docs/adr-0007-helix-mesh.md|file:docs/guide-oncall-rota.md|file:docs/runbook-mesh-rollback-legacy.md|file:docs/adr-0019-calder-gateway.md
block becom,5,0,0,file:docs/reference-deployment-tiers.md|file:docs/postmortem-checkout-outage.md|file:docs/guide-onboarding.md|file:docs/adr-0007-helix-mesh.md|file:docs/runbook-gateway-rollback.md,file:docs/reference-deployment-tiers.md|file:docs/postmortem-checkout-outage.md|file:docs/guide-onboarding.md|file:docs/adr-0007-helix-mesh.md|file:docs/runbook-gateway-rollback.md
cach befor,5,0,0,file:docs/policy-data-retention.md|file:docs/guide-onboarding.md|file:docs/runbook-gateway-rollback.md|file:docs/runbook-mesh-rollback-legacy.md|file:docs/adr-0019-calder-gateway.md,file:docs/policy-data-retention.md|file:docs/guide-onboarding.md|file:docs/runbook-gateway-rollback.md|file:docs/runbook-mesh-rollback-legacy.md|file:docs/adr-0019-calder-gateway.md
choos config,5,0,0,file:docs/runbook-gateway-rollback.md|file:docs/guide-oncall-rota.md|file:docs/adr-0019-calder-gateway.md|file:docs/reference-calderctl.md|file:docs/guide-onboarding.md,file:docs/runbook-gateway-rollback.md|file:docs/guide-oncall-rota.md|file:docs/adr-0019-calder-gateway.md|file:docs/reference-calderctl.md|file:docs/guide-onboarding.md
complianc dai,5,0,0,file:docs/policy-data-retention.md|file:docs/reference-deployment-tiers.md|file:docs/guide-onboarding.md|file:docs/adr-0019-calder-gateway.md|file:docs/postmortem-checkout-outage.md,file:docs/policy-data-retention.md|file:docs/reference-deployment-tiers.md|file:docs/guide-onboarding.md|file:docs/adr-0019-calder-gateway.md|file:docs/postmortem-checkout-outage.md
constant doe,5,0,0,file:docs/adr-0007-helix-mesh.md|file:docs/reference-deployment-tiers.md|file:docs/guide-onboarding.md|file:docs/postmortem-checkout-outage.md|file:docs/runbook-gateway-rollback.md,file:docs/adr-0007-helix-mesh.md|file:docs/reference-deployment-tiers.md|file:docs/guide-onboarding.md|file:docs/postmortem-checkout-outage.md|file:docs/runbook-gateway-rollback.md
crash group,5,0,0,file:docs/policy-data-retention.md|file:docs/adr-0007-helix-mesh.md|file:docs/guide-oncall-rota.md|file:docs/reference-deployment-tiers.md|file:docs/adr-0019-calder-gateway.md,file:docs/policy-data-retention.md|file:docs/adr-0007-helix-mesh.md|file:docs/guide-oncall-rota.md|file:docs/reference-deployment-tiers.md|file:docs/adr-0019-calder-gateway.md
diff guid,5,0,0,file:docs/adr-0007-helix-mesh.md|file:docs/guide-onboarding.md|file:docs/guide-oncall-rota.md|file:docs/runbook-gateway-rollback.md|file:docs/runbook-mesh-rollback-legacy.md,file:docs/adr-0007-helix-mesh.md|file:docs/guide-onboarding.md|file:docs/guide-oncall-rota.md|file:docs/runbook-gateway-rollback.md|file:docs/runbook-mesh-rollback-legacy.md
downward hour,5,0,0,file:docs/policy-data-retention.md|file:docs/reference-deployment-tiers.md|file:docs/adr-0007-helix-mesh.md|file:docs/guide-oncall-rota.md|file:docs/adr-0019-calder-gateway.md,file:docs/policy-data-retention.md|file:docs/reference-deployment-tiers.md|file:docs/adr-0007-helix-mesh.md|file:docs/guide-oncall-rota.md|file:docs/adr-0019-calder-gateway.md
emit most,5,0,0,file:docs/policy-data-retention.md|file:docs/guide-onboarding.md|file:docs/adr-0019-calder-gateway.md|file:docs/reference-calderctl.md|file:docs/guide-oncall-rota.md,file:docs/policy-data-retention.md|file:docs/guide-onboarding.md|file:docs/adr-0019-calder-gateway.md|file:docs/reference-calderctl.md|file:docs/guide-oncall-rota.md
evid oncal,5,0,0,file:docs/adr-0007-helix-mesh.md|file:docs/guide-oncall-rota.md|file:docs/runbook-gateway-rollback.md|file:docs/runbook-mesh-rollback-legacy.md|file:docs/reference-deployment-tiers.md,file:docs/adr-0007-helix-mesh.md|file:docs/guide-oncall-rota.md|file:docs/runbook-gateway-rollback.md|file:docs/runbook-mesh-rollback-legacy.md|file:docs/reference-deployment-tiers.md
09 outag,5,0,0,file:docs/postmortem-checkout-outage.md|file:docs/guide-onboarding.md|file:docs/guide-oncall-rota.md|file:docs/reference-deployment-tiers.md|file:docs/runbook-mesh-rollback-legacy.md,file:docs/postmortem-checkout-outage.md|file:docs/guide-onboarding.md|file:docs/guide-oncall-rota.md|file:docs/reference-deployment-tiers.md|file:docs/runbook-mesh-rollback-legacy.md
270 page,5,0,0,file:docs/adr-0019-calder-gateway.md|file:docs/guide-oncall-rota.md|file:docs/reference-deployment-tiers.md|file:docs/guide-onboarding.md|file:docs/runbook-gateway-rollback.md,file:docs/adr-0019-calder-gateway.md|file:docs/guide-oncall-rota.md|file:docs/reference-deployment-tiers.md|file:docs/guide-onboarding.md|file:docs/runbook-gateway-rollback.md
47 path,5,0,0,file:docs/postmortem-checkout-outage.md|file:docs/reference-deployment-tiers.md|file:docs/adr-0007-helix-mesh.md|file:docs/guide-oncall-rota.md|file:docs/runbook-gateway-rollback.md,file:docs/postmortem-checkout-outage.md|file:docs/reference-deployment-tiers.md|file:docs/adr-0007-helix-mesh.md|file:docs/guide-oncall-rota.md|file:docs/runbook-gateway-rollback.md
achiev pod,5,0,0,file:docs/adr-0019-calder-gateway.md|file:docs/runbook-mesh-rollback-legacy.md|file:docs/postmortem-checkout-outage.md|file:docs/runbook-gateway-rollback.md|file:docs/reference-calderctl.md,file:docs/adr-0019-calder-gateway.md|file:docs/runbook-mesh-rollback-legacy.md|file:docs/postmortem-checkout-outage.md|file:docs/runbook-gateway-rollback.md|file:docs/reference-calderctl.md
affect procedur,5,0,0,file:docs/guide-oncall-rota.md|file:docs/runbook-gateway-rollback.md|file:docs/runbook-mesh-rollback-legacy.md|file:docs/reference-calderctl.md|file:docs/reference-deployment-tiers.md,file:docs/guide-oncall-rota.md|file:docs/runbook-gateway-rollback.md|file:docs/runbook-mesh-rollback-legacy.md|file:docs/reference-calderctl.md|file:docs/reference-deployment-tiers.md
appear proxi,5,0,0,file:docs/guide-onboarding.md|file:docs/adr-0019-calder-gateway.md|file:docs/runbook-gateway-rollback.md|file:docs/guide-oncall-rota.md|file:docs/runbook-mesh-rollback-legacy.md,file:docs/guide-onboarding.md|file:docs/adr-0019-calder-gateway.md|file:docs/runbook-gateway-rollback.md|file:docs/guide-oncall-rota.md|file:docs/runbook-mesh-rollback-legacy.md
batch reject,5,0,0,file:docs/reference-deployment-tiers.md|file:docs/adr-0019-calder-gateway.md|file:docs/adr-0007-helix-mesh.md|file:docs/postmortem-checkout-outage.md|file:docs/runbook-gateway-rollback.md,file:docs/reference-deployment-tiers.md|file:docs/adr-0019-calder-gateway.md|file:docs/adr-0007-helix-mesh.md|file:docs/postmortem-checkout-outage.md|file:docs/runbook-gateway-rollback.md
blast request,5,0,0,file:docs/adr-0019-calder-gateway.md|file:docs/policy-data-retention.md|file:docs/adr-0007-helix-mesh.md|file:docs/reference-deployment-tiers.md|file:docs/runbook-gateway-rollback.md,file:docs/adr-0019-calder-gateway.md|file:docs/policy-data-retention.md|file:docs/adr-0007-helix-mesh.md|file:docs/reference-deployment-tiers.md|file:docs/runbook-gateway-rollback.md
c2 retri,5,0,0,file:docs/policy-data-retention.md|file:docs/adr-0007-helix-mesh.md|file:docs/guide-onboarding.md|file:docs/adr-0019-calder-gateway.md|file:docs/postmortem-checkout-outage.md,file:docs/policy-data-retention.md|file:docs/adr-0007-helix-mesh.md|file:docs/guide-onboarding.md|file:docs/adr-0019-calder-gateway.md|file:docs/postmortem-checkout-outage.md
charg review,5,0,0,file:docs/postmortem-checkout-outage.md|file:docs/reference-deployment-tiers.md|file:docs/adr-0007-helix-mesh.md|file:docs/reference-calderctl.md|file:docs/guide-onboarding.md,file:docs/postmortem-checkout-outage.md|file:docs/reference-deployment-tiers.md|file:docs/adr-0007-helix-mesh.md|file:docs/reference-calderctl.md|file:docs/guide-onboarding.md
complet rota,5,0,0,file:docs/policy-data-retention.md|file:docs/guide-oncall-rota.md|file:docs/runbook-gateway-rollback.md|file:docs/runbook-mesh-rollback-legacy.md|file:docs/guide-onboarding.md,file:docs/policy-data-retention.md|file:docs/guide-oncall-rota.md|file:docs/runbook-gateway-rollback.md|file:docs/runbook-mesh-rollback-legacy.md|file:docs/guide-onboarding.md
consist s,5,0,0,file:docs/adr-0007-helix-mesh.md|file:docs/reference-deployment-tiers.md|file:docs/guide-onboarding.md|file:docs/guide-oncall-rota.md|file:docs/adr-0019-calder-gateway.md,file:docs/adr-0007-helix-mesh.md|file:docs/reference-deployment-tiers.md|file:docs/guide-onboarding.md|file:docs/guide-oncall-rota.md|file:docs/adr-0019-calder-gateway.md
cpu see,5,0,0,file:docs/reference-calderctl.md|file:docs/guide-onboarding.md|file:docs/reference-deployment-tiers.md|file:docs/policy-data-retention.md|file:docs/runbook-gateway-rollback.md,file:docs/reference-calderctl.md|file:docs/guide-onboarding.md|file:docs/reference-deployment-tiers.md|file:docs/policy-data-retention.md|file:docs/runbook-gateway-rollback.md
develop state,5,0,0,file:docs/reference-deployment-tiers.md|file:docs/guide-onboarding.md|file:docs/runbook-gateway-rollback.md|file:docs/policy-data-retention.md|file:docs/runbook-mesh-rollback-legacy.md,file:docs/reference-deployment-tiers.md|file:docs/guide-onboarding.md|file:docs/runbook-gateway-rollback.md|file:docs/policy-data-retention.md|file:docs/runbook-mesh-rollback-legacy.md
doubl team,5,0,0,file:docs/guide-onboarding.md|file:docs/guide-oncall-rota.md|file:docs/adr-0007-helix-mesh.md|file:docs/reference-deployment-tiers.md|file:docs/policy-data-retention.md,file:docs/guide-onboarding.md|file:docs/guide-oncall-rota.md|file:docs/adr-0007-helix-mesh.md|file:docs/reference-deployment-tiers.md|file:docs/policy-data-retention.md
email time,5,0,0,file:docs/policy-data-retention.md|file:docs/guide-oncall-rota.md|file:docs/runbook-gateway-rollback.md|file:docs/adr-0019-calder-gateway.md|file:docs/reference-calderctl.md,file:docs/policy-data-retention.md|file:docs/guide-oncall-rota.md|file:docs/runbook-gateway-rollback.md|file:docs/adr-0019-calder-gateway.md|file:docs/reference-calderctl.md
eventu 14,5,0,0,file:docs/adr-0007-helix-mesh.md|file:docs/postmortem-checkout-outage.md|file:docs/reference-deployment-tiers.md|file:docs/adr-0019-calder-gateway.md|file:docs/guide-onboarding.md,file:docs/adr-0007-helix-mesh.md|file:docs/postmortem-checkout-outage.md|file:docs/reference-deployment-tiers.md|file:docs/adr-0019-calder-gateway.md|file:docs/guide-onboarding.md
07 400,5,0,0,file:docs/guide-oncall-rota.md|file:docs/runbook-gateway-rollback.md|file:docs/adr-0007-helix-mesh.md|file:docs/policy-data-retention.md|file:docs/runbook-mesh-rollback-legacy.md,file:docs/guide-oncall-rota.md|file:docs/runbook-gateway-rollback.md|file:docs/adr-0007-helix-mesh.md|file:docs/policy-data-retention.md|file:docs/runbook-mesh-rollback-legacy.md
27 5,5,0,0,file:docs/postmortem-checkout-outage.md|file:docs/runbook-gateway-rollback.md|file:docs/runbook-mesh-rollback-legacy.md|file:docs/guide-onboarding.md|file:docs/policy-data-retention.md,file:docs/postmortem-checkout-outage.md|file:docs/runbook-gateway-rollback.md|file:docs/runbook-mesh-rollback-legacy.md|file:docs/guide-onboarding.md|file:docs/policy-data-retention.md
44 attempt,5,0,0,file:docs/postmortem-checkout-outage.md|file:docs/guide-oncall-rota.md|file:docs/runbook-gateway-rollback.md|file:docs/runbook-mesh-rollback-legacy.md|file:docs/adr-0019-calder-gateway.md,file:docs/postmortem-checkout-outage.md|file:docs/guide-oncall-rota.md|file:docs/runbook-gateway-rollback.md|file:docs/runbook-mesh-rollback-legacy.md|file:docs/adr-0019-calder-gateway.md
accord becaus,1,0,0,file:docs/guide-onboarding.md,file:docs/guide-onboarding.md
advisori calderctl,5,0,0,file:docs/adr-0019-calder-gateway.md|file:docs/reference-calderctl.md|file:docs/runbook-gateway-rollback.md|file:docs/runbook-mesh-rollback-legacy.md|file:docs/guide-onboarding.md,file:docs/adr-0019-calder-gateway.md|file:docs/reference-calderctl.md|file:docs/runbook-gateway-rollback.md|file:docs/runbook-mesh-rollback-legacy.md|file:docs/guide-onboarding.md
api chang,5,0,0,file:docs/adr-0007-helix-mesh.md|file:docs/reference-deployment-tiers.md|file:docs/adr-0019-calder-gateway.md|file:docs/postmortem-checkout-outage.md|file:docs/guide-onboarding.md,file:docs/adr-0007-helix-mesh.md|file:docs/reference-deployment-tiers.md|file:docs/adr-0019-calder-gateway.md|file:docs/postmortem-checkout-outage.md|file:docs/guide-onboarding.md
base class,5,0,0,file:docs/adr-0019-calder-gateway.md|file:docs/policy-data-retention.md|file:docs/reference-calderctl.md|file:docs/guide-onboarding.md|file:docs/reference-deployment-tiers.md,file:docs/adr-0019-calder-gateway.md|file:docs/policy-data-retention.md|file:docs/reference-calderctl.md|file:docs/guide-onboarding.md|file:docs/reference-deployment-tiers.md
bind data,5,0,0,file:docs/policy-data-retention.md|file:docs/reference-calderctl.md|file:docs/guide-onboarding.md|file:docs/reference-deployment-tiers.md|file:docs/postmortem-checkout-outage.md,file:docs/policy-data-retention.md|file:docs/reference-calderctl.md|file:docs/guide-onboarding.md|file:docs/reference-deployment-tiers.md|file:docs/postmortem-checkout-outage.md
c1 decid,5,0,0,file:docs/policy-data-retention.md|file:docs/reference-deployment-tiers.md|file:docs/guide-oncall-rota.md|file:docs/adr-0019-calder-gateway.md|file:docs/guide-onboarding.md,file:docs/policy-data-retention.md|file:docs/reference-deployment-tiers.md|file:docs/guide-oncall-rota.md|file:docs/adr-0019-calder-gateway.md|file:docs/guide-onboarding.md
caught differ,5,0,0,file:docs/postmortem-checkout-outage.md|file:docs/reference-deployment-tiers.md|file:docs/runbook-gateway-rollback.md|file:docs/runbook-mesh-rollback-legacy.md|file:docs/reference-calderctl.md,file:docs/postmortem-checkout-outage.md|file:docs/reference-deployment-tiers.md|file:docs/runbook-gateway-rollback.md|file:docs/runbook-mesh-rollback-legacy.md|file:docs/reference-calderctl.md
compil do,5,0,0,file:docs/adr-0007-helix-mesh.md|file:docs/guide-oncall-rota.md|file:docs/guide-onboarding.md|file:docs/runbook-gateway-rollback.md|file:docs/runbook-mesh-rollback-legacy.md,file:docs/adr-0007-helix-mesh.md|file:docs/guide-oncall-rota.md|file:docs/guide-onboarding.md|file:docs/runbook-gateway-rollback.md|file:docs/runbook-mesh-rollback-legacy.md
consecut dry,5,0,0,file:docs/guide-oncall-rota.md|file:docs/reference-calderctl.md|file:docs/runbook-gateway-rollback.md|file:docs/runbook-mesh-rollback-legacy.md|file:docs/postmortem-checkout-outage.md,file:docs/guide-oncall-rota.md|file:docs/reference-calderctl.md|file:docs/runbook-gateway-rollback.md|file:docs/runbook-mesh-rollback-legacy.md|file:docs/postmortem-checkout-outage.md
could dure,5,0,0,file:docs/runbook-gateway-rollback.md|file:docs/guide-oncall-rota.md|file:docs/runbook-mesh-rollback-legacy.md|file:docs/reference-deployment-tiers.md|file:docs/guide-onboarding.md,file:docs/runbook-gateway-rollback.md|file:docs/guide-oncall-rota.md|file:docs/runbook-mesh-rollback-legacy.md|file:docs/reference-deployment-tiers.md|file:docs/guide-onboarding.md
degrad error,5,0,0,file:docs/guide-oncall-rota.md|file:docs/postmortem-checkout-outage.md|file:docs/runbook-gateway-rollback.md|file:docs/runbook-mesh-rollback-legacy.md|file:docs/policy-data-retention.md,file:docs/guide-oncall-rota.md|file:docs/postmortem-checkout-outage.md|file:docs/runbook-gateway-rollback.md|file:docs/runbook-mesh-rollback-legacy.md|file:docs/policy-data-retention.md
domain exactli,5,0,0,file:docs/adr-0007-helix-mesh.md|file:docs/reference-deployment-tiers.md|file:docs/runbook-mesh-rollback-legacy.md|file:docs/postmortem-checkout-outage.md|file:docs/guide-onboarding.md,file:docs/adr-0007-helix-mesh.md|file:docs/reference-deployment-tiers.md|file:docs/runbook-mesh-rollback-legacy.md|file:docs/postmortem-checkout-outage.md|file:docs/guide-onboarding.md
ebpf expect,5,0,0,file:docs/adr-0019-calder-gateway.md|file:docs/runbook-gateway-rollback.md|file:docs/runbook-mesh-rollback-legacy.md|file:docs/postmortem-checkout-outage.md|file:docs/guide-onboarding.md,file:docs/adr-0019-calder-gateway.md|file:docs/runbook-gateway-rollback.md|file:docs/runbook-mesh-rollback-legacy.md|file:docs/postmortem-checkout-outage.md|file:docs/guide-onboarding.md
event fail,5,0,0,file:docs/postmortem-checkout-outage.md|file:docs/runbook-mesh-rollback-legacy.md|file:docs/runbook-gateway-rollback.md|file:docs/guide-oncall-rota.md|file:docs/reference-calderctl.md,file:docs/postmortem-checkout-outage.md|file:docs/runbook-mesh-rollback-legacy.md|file:docs/runbook-gateway-rollback.md|file:docs/guide-oncall-rota.md|file:docs/reference-calderctl.md
06 failur,5,0,0,file:docs/adr-0007-helix-mesh.md|file:docs/postmortem-checkout-outage.md|file:docs/guide-oncall-rota.md|file:docs/reference-deployment-tiers.md|file:docs/runbook-mesh-rollback-legacy.md,file:docs/adr-0007-helix-mesh.md|file:docs/postmortem-checkout-outage.md|file:docs/guide-oncall-rota.md|file:docs/reference-deployment-tiers.md|file:docs/runbook-mesh-rollback-legacy.md
22 minut,5,0,0,file:docs/guide-oncall-rota.md|file:docs/postmortem-checkout-outage.md|file:docs/runbook-gateway-rollback.md|file:docs/runbook-mesh-rollback-legacy.md|file:docs/guide-onboarding.md,file:docs/guide-oncall-rota.md|file:docs/postmortem-checkout-outage.md|file:docs/runbook-gateway-rollback.md|file:docs/runbook-mesh-rollback-legacy.md|file:docs/guide-onboarding.md
38 more,5,0,0,file:docs/postmortem-checkout-outage.md|file:docs/guide-oncall-rota.md|file:docs/runbook-gateway-rollback.md|file:docs/adr-0019-calder-gateway.md|file:docs/reference-calderctl.md,file:docs/postmortem-checkout-outage.md|file:docs/guide-oncall-rota.md|file:docs/runbook-gateway-rollback.md|file:docs/adr-0019-calder-gateway.md|file:docs/reference-calderctl.md
access name,5,0,0,file:docs/guide-onboarding.md|file:docs/guide-oncall-rota.md|file:docs/postmortem-checkout-outage.md|file:docs/runbook-gateway-rollback.md|file:docs/runbook-mesh-rollback-legacy.md,file:docs/guide-onboarding.md|file:docs/guide-oncall-rota.md|file:docs/postmortem-checkout-outage.md|file:docs/runbook-gateway-rollback.md|file:docs/runbook-mesh-rollback-legacy.md
adopt node,5,0,0,file:docs/adr-0007-helix-mesh.md|file:docs/runbook-gateway-rollback.md|file:docs/adr-0019-calder-gateway.md|file:docs/reference-calderctl.md|file:docs/guide-oncall-rota.md,file:docs/adr-0007-helix-mesh.md|file:docs/runbook-gateway-rollback.md|file:docs/adr-0019-calder-gateway.md|file:docs/reference-calderctl.md|file:docs/guide-oncall-rota.md
anywher onli,5,0,0,file:docs/reference-calderctl.md|file:docs/reference-deployment-tiers.md|file:docs/adr-0007-helix-mesh.md|file:docs/runbook-mesh-rollback-legacy.md|file:docs/adr-0019-calder-gateway.md,file:docs/reference-calderctl.md|file:docs/reference-deployment-tiers.md|file:docs/adr-0007-helix-mesh.md|file:docs/runbook-mesh-rollback-legacy.md|file:docs/adr-0019-calder-gateway.md
automat oper,2,0,0,file:docs/adr-0007-helix-mesh.md|file:docs/guide-onboarding.md,file:docs/adr-0007-helix-mesh.md|file:docs/guide-onboarding.md
binari out,5,0,0,file:docs/adr-0007-helix-mesh.md|file:docs/adr-0019-calder-gateway.md|file:docs/reference-deployment-tiers.md|file:docs/reference-calderctl.md|file:docs/postmortem-checkout-outage.md,file:docs/adr-0007-helix-mesh.md|file:docs/adr-0019-calder-gateway.md|file:docs/reference-deployment-tiers.md|file:docs/reference-calderctl.md|file:docs/postmortem-checkout-outage.md
c0 own,5,0,0,file:docs/policy-data-retention.md|file:docs/adr-0007-helix-mesh.md|file:docs/guide-oncall-rota.md|file:docs/reference-deployment-tiers.md|file:docs/guide-onboarding.md,file:docs/policy-data-retention.md|file:docs/adr-0007-helix-mesh.md|file:docs/guide-oncall-rota.md|file:docs/reference-deployment-tiers.md|file:docs/guide-onboarding.md
cart remov,5,0,0,file:docs/reference-deployment-tiers.md|file:docs/reference-calderctl.md|file:docs/postmortem-checkout-outage.md|file:docs/runbook-gateway-rollback.md|file:docs/adr-0019-calder-gateway.md,file:docs/reference-deployment-tiers.md|file:docs/reference-calderctl.md|file:docs/postmortem-checkout-outage.md|file:docs/runbook-gateway-rollback.md|file:docs/adr-0019-calder-gateway.md
clean second,5,0,0,file:docs/postmortem-checkout-outage.md|file:docs/runbook-gateway-rollback.md|file:docs/runbook-mesh-rollback-legacy.md|file:docs/guide-oncall-rota.md|file:docs/reference-deployment-tiers.md,file:docs/postmortem-checkout-outage.md|file:docs/runbook-gateway-rollback.md|file:docs/runbook-mesh-rollback-legacy.md|file:docs/guide-oncall-rota.md|file:docs/reference-deployment-tiers.md
connect sidecar,5,0,0,file:docs/adr-0019-calder-gateway.md|file:docs/runbook-mesh-rollback-legacy.md|file:docs/postmortem-checkout-outage.md|file:docs/adr-0007-helix-mesh.md|file:docs/runbook-gateway-rollback.md,file:docs/adr-0019-calder-gateway.md|file:docs/runbook-mesh-rollback-legacy.md|file:docs/postmortem-checkout-outage.md|file:docs/adr-0007-helix-mesh.md|file:docs/runbook-gateway-rollback.md
correct singl,5,0,0,file:docs/postmortem-checkout-outage.md|file:docs/runbook-gateway-rollback.md|file:docs/runbook-mesh-rollback-legacy.md|file:docs/adr-0019-calder-gateway.md|file:docs/adr-0007-helix-mesh.md,file:docs/postmortem-checkout-outage.md|file:docs/runbook-gateway-rollback.md|file:docs/runbook-mesh-rollback-legacy.md|file:docs/adr-0019-calder-gateway.md|file:docs/adr-0007-helix-mesh.md
declar so,5,0,0,file:docs/guide-oncall-rota.md|file:docs/postmortem-checkout-outage.md|file:docs/runbook-gateway-rollback.md|file:docs/runbook-mesh-rollback-legacy.md|file:docs/reference-calderctl.md,file:docs/guide-oncall-rota.md|file:docs/postmortem-checkout-outage.md|file:docs/runbook-gateway-rollback.md|file:docs/runbook-mesh-rollback-legacy.md|file:docs/reference-calderctl.md
document soak,5,0,0,file:docs/postmortem-checkout-outage.md|file:docs/reference-deployment-tiers.md|file:docs/adr-0019-calder-gateway.md|file:docs/guide-onboarding.md|file:docs/adr-0007-helix-mesh.md,file:docs/postmortem-checkout-outage.md|file:docs/reference-deployment-tiers.md|file:docs/adr-0019-calder-gateway.md|file:docs/guide-onboarding.md|file:docs/adr-0007-helix-mesh.md
earli still,5,0,0,file:docs/guide-oncall-rota.md|file:docs/runbook-gateway-rollback.md|file:docs/runbook-mesh-rollback-legacy.md|file:docs/adr-0019-calder-gateway.md|file:docs/reference-calderctl.md,file:docs/guide-oncall-rota.md|file:docs/runbook-gateway-rollback.md|file:docs/runbook-mesh-rollback-legacy.md|file:docs/adr-0019-calder-gateway.md|file:docs/reference-calderctl.md
eu stop,5,0,0,file:docs/postmortem-checkout-outage.md|file:docs/policy-data-retention.md|file:docs/runbook-gateway-rollback.md|file:docs/runbook-mesh-rollback-legacy.md|file:docs/adr-0019-calder-gateway.md,file:docs/postmortem-checkout-outage.md|file:docs/policy-data-retention.md|file:docs/runbook-gateway-rollback.md|file:docs/runbook-mesh-rollback-legacy.md|file:docs/adr-0019-calder-gateway.md
01 tool,5,0,0,file:docs/postmortem-checkout-outage.md|file:docs/policy-data-retention.md|file:docs/reference-deployment-tiers.md|file:docs/runbook-gateway-rollback.md|file:docs/reference-calderctl.md,file:docs/postmortem-checkout-outage.md|file:docs/policy-data-retention.md|file:docs/reference-deployment-tiers.md|file:docs/runbook-gateway-rollback.md|file:docs/reference-calderctl.md
2025 traffic,5,0,0,file:docs/policy-data-retention.md|file:docs/adr-0007-helix-mesh.md|file:docs/guide-oncall-rota.md|file:docs/reference-deployment-tiers.md|file:docs/adr-0019-calder-gateway.md,file:docs/policy-data-retention.md|file:docs/adr-0007-helix-mesh.md|file:docs/guide-oncall-rota.md|file:docs/reference-deployment-tiers.md|file:docs/adr-0019-calder-gateway.md
35 up,5,0,0,file:docs/policy-data-retention.md|file:docs/guide-onboarding.md|file:docs/reference-deployment-tiers.md|file:docs/runbook-gateway-rollback.md|file:docs/runbook-mesh-rollback-legacy.md,file:docs/policy-data-retention.md|file:docs/guide-onboarding.md|file:docs/reference-deployment-tiers.md|file:docs/runbook-gateway-rollback.md|file:docs/runbook-mesh-rollback-legacy.md
absorb window,5,0,0,file:docs/reference-deployment-tiers.md|file:docs/policy-data-retention.md|file:docs/reference-calderctl.md|file:docs/postmortem-checkout-outage.md|file:docs/guide-onboarding.md,file:docs/reference-deployment-tiers.md|file:docs/policy-data-retention.md|file:docs/reference-calderctl.md|file:docs/postmortem-checkout-outage.md|file:docs/guide-onboarding.md
addit without,5,0,0,file:docs/guide-oncall-rota.md|file:docs/policy-data-retention.md|file:docs/reference-deployment-tiers.md|file:docs/reference-calderctl.md|file:docs/postmortem-checkout-outage.md,file:docs/guide-oncall-rota.md|file:docs/policy-data-retention.md|file:docs/reference-deployment-tiers.md|file:docs/reference-calderctl.md|file:docs/postmortem-checkout-outage.md
analyt write,5,0,0,file:docs/policy-data-retention.md|file:docs/reference-calderctl.md|file:docs/adr-0007-helix-mesh.md|file:docs/runbook-gateway-rollback.md|file:docs/runbook-mesh-rollback-legacy.md,file:docs/policy-data-retention.md|file:docs/reference-calderctl.md|file:docs/adr-0007-helix-mesh.md|file:docs/runbook-gateway-rollback.md|file:docs/runbook-mesh-rollback-legacy.md
audit wrong,5,0,0,file:docs/policy-data-retention.md|file:docs/postmortem-checkout-outage.md|file:docs/runbook-gateway-rollback.md|file:docs/runbook-mesh-rollback-legacy.md|file:docs/reference-calderctl.md,file:docs/policy-data-retention.md|file:docs/postmortem-checkout-outage.md|file:docs/runbook-gateway-rollback.md|file:docs/runbook-mesh-rollback-legacy.md|file:docs/reference-calderctl.md
bill 0007,5,0,0,file:docs/guide-onboarding.md|file:docs/adr-0007-helix-mesh.md|file:docs/adr-0019-calder-gateway.md|file:docs/runbook-mesh-rollback-legacy.md|file:docs/reference-calderctl.md,file:docs/guide-onboarding.md|file:docs/adr-0007-helix-mesh.md|file:docs/adr-0019-calder-gateway.md|file:docs/runbook-mesh-rollback-legacy.md|file:docs/reference-calderctl.md
build 2026,5,0,0,file:docs/policy-data-retention.md|file:docs/postmortem-checkout-outage.md|file:docs/adr-0019-calder-gateway.md|file:docs/runbook-mesh-rollback-legacy.md|file:docs/adr-0007-helix-mesh.md,file:docs/policy-data-retention.md|file:docs/postmortem-checkout-outage.md|file:docs/adr-0019-calder-gateway.md|file:docs/runbook-mesh-rollback-legacy.md|file:docs/adr-0007-helix-mesh.md
card 24,5,0,0,file:docs/policy-data-retention.md|file:docs/guide-oncall-rota.md|file:docs/reference-deployment-tiers.md|file:docs/guide-onboarding.md|file:docs/adr-0007-helix-mesh.md,file:docs/policy-data-retention.md|file:docs/guide-oncall-rota.md|file:docs/reference-deployment-tiers.md|file:docs/guide-onboarding.md|file:docs/adr-0007-helix-mesh.md
classifi 48,5,0,0,file:docs/reference-calderctl.md|file:docs/reference-deployment-tiers.md|file:docs/adr-0019-calder-gateway.md|file:docs/postmortem-checkout-outage.md|file:docs/adr-0007-helix-mesh.md,file:docs/reference-calderctl.md|file:docs/reference-deployment-tiers.md|file:docs/adr-0019-calder-gateway.md|file:docs/postmortem-checkout-outage.md|file:docs/adr-0007-helix-mesh.md
concurr 6,4,0,0,file:docs/runbook-mesh-rollback-legacy.md|file:docs/guide-onboarding.md|file:docs/runbook-gateway-rollback.md|file:docs/adr-0019-calder-gateway.md,file:docs/runbook-mesh-rollback-legacy.md|file:docs/guide-onboarding.md|file:docs/runbook-gateway-rollback.md|file:docs/adr-0019-calder-gateway.md
copi 7,5,0,0,file:docs/reference-calderctl.md|file:docs/policy-data-retention.md|file:docs/reference-deployment-tiers.md|file:docs/guide-oncall-rota.md|file:docs/guide-onboarding.md,file:docs/reference-calderctl.md|file:docs/policy-data-retention.md|file:docs/reference-deployment-tiers.md|file:docs/guide-oncall-rota.md|file:docs/guide-onboarding.md
dangl 8,4,0,0,file:docs/adr-0007-helix-mesh.md|file:docs/runbook-gateway-rollback.md|file:docs/adr-0019-calder-gateway.md|file:docs/postmortem-checkout-outage.md,file:docs/adr-0007-helix-mesh.md|file:docs/runbook-gateway-rollback.md|file:docs/adr-0019-calder-gateway.md|file:docs/postmortem-checkout-outage.md
doc 90,5,0,0,file:docs/policy-data-retention.md|file:docs/runbook-gateway-rollback.md|file:docs/runbook-mesh-rollback-legacy.md|file:docs/adr-0007-helix-mesh.md|file:docs/guide-oncall-rota.md,file:docs/policy-data-retention.md|file:docs/runbook-gateway-rollback.md|file:docs/runbook-mesh-rollback-legacy.md|file:docs/adr-0007-helix-mesh.md|file:docs/guide-oncall-rota.md
dump alert,5,0,0,file:docs/policy-data-retention.md|file:docs/guide-onboarding.md|file:docs/postmortem-checkout-outage.md|file:docs/guide-oncall-rota.md|file:docs/reference-deployment-tiers.md,file:docs/policy-data-retention.md|file:docs/guide-onboarding.md|file:docs/postmortem-checkout-outage.md|file:docs/guide-oncall-rota.md|file:docs/reference-deployment-tiers.md
entri ani,5,0,0,file:docs/guide-onboarding.md|file:docs/runbook-gateway-rollback.md|file:docs/runbook-mesh-rollback-legacy.md|file:docs/guide-oncall-rota.md|file:docs/adr-0019-calder-gateway.md,file:docs/guide-onboarding.md|file:docs/runbook-gateway-rollback.md|file:docs/runbook-mesh-rollback-legacy.md|file:docs/guide-oncall-rota.md|file:docs/adr-0019-calder-gateway.md
1 2,5,0,0,file:docs/reference-deployment-tiers.md|file:docs/adr-0019-calder-gateway.md|file:docs/guide-onboarding.md|file:docs/adr-0007-helix-mesh.md|file:docs/reference-calderctl.md,file:docs/reference-deployment-tiers.md|file:docs/adr-0019-calder-gateway.md|file:docs/guide-onboarding.md|file:docs/adr-0007-helix-mesh.md|file:docs/reference-calderctl.md
2 servic,5,0,0,file:docs/reference-deployment-tiers.md|file:docs/guide-onboarding.md|file:docs/adr-0007-helix-mesh.md|file:docs/reference-calderctl.md|file:docs/guide-oncall-rota.md,file:docs/reference-deployment-tiers.md|file:docs/guide-onboarding.md|file:docs/adr-0007-helix-mesh.md|file:docs/reference-calderctl.md|file:docs/guide-oncall-rota.md
3 tier,5,0,0,file:docs/guide-onboarding.md|file:docs/reference-deployment-tiers.md|file:docs/guide-oncall-rota.md|file:docs/reference-calderctl.md|file:docs/runbook-mesh-rollback-legacy.md,file:docs/guide-onboarding.md|file:docs/reference-deployment-tiers.md|file:docs/guide-oncall-rota.md|file:docs/reference-calderctl.md|file:docs/runbook-mesh-rollback-legacy.md
md deploy,5,0,0,file:docs/reference-calderctl.md|file:docs/guide-onboarding.md|file:docs/reference-deployment-tiers.md|file:docs/runbook-mesh-rollback-legacy.md|file:docs/adr-0019-calder-gateway.md,file:docs/reference-calderctl.md|file:docs/guide-onboarding.md|file:docs/reference-deployment-tiers.md|file:docs/runbook-mesh-rollback-legacy.md|file:docs/adr-0019-calder-gateway.md
servic refer,5,0,0,file:docs/reference-deployment-tiers.md|file:docs/reference-calderctl.md|file:docs/guide-onboarding.md|file:docs/adr-0007-helix-mesh.md|file:docs/guide-oncall-rota.md,file:docs/reference-deployment-tiers.md|file:docs/reference-calderctl.md|file:docs/guide-onboarding.md|file:docs/adr-0007-helix-mesh.md|file:docs/guide-oncall-rota.md
tag adr,5,0,0,file:docs/adr-0019-calder-gateway.md|file:docs/adr-0007-helix-mesh.md|file:docs/reference-calderctl.md|file:docs/reference-deployment-tiers.md|file:docs/runbook-gateway-rollback.md,file:docs/adr-0019-calder-gateway.md|file:docs/adr-0007-helix-mesh.md|file:docs/reference-calderctl.md|file:docs/reference-deployment-tiers.md|file:docs/runbook-gateway-rollback.md
than everi,5,0,0,file:docs/adr-0007-helix-mesh.md|file:docs/runbook-gateway-rollback.md|file:docs/reference-calderctl.md|file:docs/guide-onboarding.md|file:docs/policy-data-retention.md,file:docs/adr-0007-helix-mesh.md|file:docs/runbook-gateway-rollback.md|file:docs/reference-calderctl.md|file:docs/guide-onboarding.md|file:docs/policy-data-retention.md
tier mesh,5,0,0,file:docs/runbook-mesh-rollback-legacy.md|file:docs/reference-calderctl.md|file:docs/adr-0007-helix-mesh.md|file:docs/adr-0019-calder-gateway.md|file:docs/postmortem-checkout-outage.md,file:docs/runbook-mesh-rollback-legacy.md|file:docs/reference-calderctl.md|file:docs/adr-0007-helix-mesh.md|file:docs/adr-0019-calder-gateway.md|file:docs/postmortem-checkout-outage.md
titl rollback,5,0,0,file:docs/postmortem-checkout-outage.md|file:docs/runbook-gateway-rollback.md|file:docs/runbook-mesh-rollback-legacy.md|file:docs/reference-calderctl.md|file:docs/adr-0019-calder-gateway.md,file:docs/postmortem-checkout-outage.md|file:docs/runbook-gateway-rollback.md|file:docs/runbook-mesh-rollback-legacy.md|file:docs/reference-calderctl.md|file:docs/adr-0019-calder-gateway.md
calder 0019,5,0,0,file:docs/adr-0019-calder-gateway.md|file:docs/adr-0007-helix-mesh.md|file:docs/runbook-gateway-rollback.md|file:docs/reference-deployment-tiers.md|file:docs/reference-calderctl.md,file:docs/adr-0019-calder-gateway.md|file:docs/adr-0007-helix-mesh.md|file:docs/runbook-gateway-rollback.md|file:docs/reference-deployment-tiers.md|file:docs/reference-calderctl.md
deploy legaci,5,0,0,file:docs/reference-calderctl.md|file:docs/guide-onboarding.md|file:docs/reference-deployment-tiers.md|file:docs/runbook-mesh-rollback-legacy.md|file:docs/runbook-gateway-rollback.md,file:docs/reference-calderctl.md|file:docs/guide-onboarding.md|file:docs/reference-deployment-tiers.md|file:docs/runbook-mesh-rollback-legacy.md|file:docs/runbook-gateway-rollback.md
gatewai per,5,0,0,file:docs/runbook-gateway-rollback.md|file:docs/reference-calderctl.md|file:docs/adr-0019-calder-gateway.md|file:docs/runbook-mesh-rollback-legacy.md|file:docs/adr-0007-helix-mesh.md,file:docs/runbook-gateway-rollback.md|file:docs/reference-calderctl.md|file:docs/adr-0019-calder-gateway.md|file:docs/runbook-mesh-rollback-legacy.md|file:docs/adr-0007-helix-mesh.md
platform rather,5,0,0,file:docs/postmortem-checkout-outage.md|file:docs/adr-0019-calder-gateway.md|file:docs/reference-deployment-tiers.md|file:docs/adr-0007-helix-mesh.md|file:docs/runbook-gateway-rollback.md,file:docs/postmortem-checkout-outage.md|file:docs/adr-0019-calder-gateway.md|file:docs/reference-deployment-tiers.md|file:docs/adr-0007-helix-mesh.md|file:docs/runbook-gateway-rollback.md
refer across,5,0,0,file:docs/reference-calderctl.md|file:docs/guide-oncall-rota.md|file:docs/policy-data-retention.md|file:docs/adr-0007-helix-mesh.md|file:docs/runbook-mesh-rollback-legacy.md,file:docs/reference-calderctl.md|file:docs/guide-oncall-rota.md|file:docs/policy-data-retention.md|file:docs/adr-0007-helix-mesh.md|file:docs/runbook-mesh-rollback-legacy.md
two befor,5,0,0,file:docs/guide-onboarding.md|file:docs/runbook-gateway-rollback.md|file:docs/runbook-mesh-rollback-legacy.md|file:docs/adr-0007-helix-mesh.md|file:docs/adr-0019-calder-gateway.md,file:docs/guide-onboarding.md|file:docs/runbook-gateway-rollback.md|file:docs/runbook-mesh-rollback-legacy.md|file:docs/adr-0007-helix-mesh.md|file:docs/adr-0019-calder-gateway.md
4 doe,5,0,0,file:docs/guide-onboarding.md|file:docs/postmortem-checkout-outage.md|file:docs/runbook-gateway-rollback.md|file:docs/reference-deployment-tiers.md|file:docs/guide-oncall-rota.md,file:docs/guide-onboarding.md|file:docs/postmortem-checkout-outage.md|file:docs/runbook-gateway-rollback.md|file:docs/reference-deployment-tiers.md|file:docs/guide-oncall-rota.md
adr hour,5,0,0,file:docs/reference-deployment-tiers.md|file:docs/adr-0007-helix-mesh.md|file:docs/adr-0019-calder-gateway.md|file:docs/reference-calderctl.md|file:docs/postmortem-checkout-outage.md,file:docs/reference-deployment-tiers.md|file:docs/adr-0007-helix-mesh.md|file:docs/adr-0019-calder-gateway.md|file:docs/reference-calderctl.md|file:docs/postmortem-checkout-outage.md
call outag,5,0,0,file:docs/guide-oncall-rota.md|file:docs/guide-onboarding.md|file:docs/reference-deployment-tiers.md|file:docs/runbook-mesh-rollback-legacy.md|file:docs/adr-0007-helix-mesh.md,file:docs/guide-oncall-rota.md|file:docs/guide-onboarding.md|file:docs/reference-deployment-tiers.md|file:docs/runbook-mesh-rollback-legacy.md|file:docs/adr-0007-helix-mesh.md
checkout pod,5,0,0,file:docs/postmortem-checkout-outage.md|file:docs/runbook-mesh-rollback-legacy.md|file:docs/adr-0019-calder-gateway.md|file:docs/adr-0007-helix-mesh.md|file:docs/runbook-gateway-rollback.md,file:docs/postmortem-checkout-outage.md|file:docs/runbook-mesh-rollback-legacy.md|file:docs/adr-0019-calder-gateway.md|file:docs/adr-0007-helix-mesh.md|file:docs/runbook-gateway-rollback.md
everi reject,5,0,0,file:docs/adr-0007-helix-mesh.md|file:docs/adr-0019-calder-gateway.md|file:docs/postmortem-checkout-outage.md|file:docs/runbook-gateway-rollback.md|file:docs/guide-onboarding.md,file:docs/adr-0007-helix-mesh.md|file:docs/adr-0019-calder-gateway.md|file:docs/postmortem-checkout-outage.md|file:docs/runbook-gateway-rollback.md|file:docs/guide-onboarding.md
helix review,5,0,0,file:docs/adr-0007-helix-mesh.md|file:docs/reference-calderctl.md|file:docs/adr-0019-calder-gateway.md|file:docs/reference-deployment-tiers.md|file:docs/guide-onboarding.md,file:docs/adr-0007-helix-mesh.md|file:docs/reference-calderctl.md|file:docs/adr-0019-calder-gateway.md|file:docs/reference-deployment-tiers.md|file:docs/guide-onboarding.md
incid see,5,0,0,file:docs/reference-deployment-tiers.md|file:docs/guide-onboarding.md|file:docs/runbook-gateway-rollback.md|file:docs/runbook-mesh-rollback-legacy.md|file:docs/policy-data-retention.md,file:docs/reference-deployment-tiers.md|file:docs/guide-onboarding.md|file:docs/runbook-gateway-rollback.md|file:docs/runbook-mesh-rollback-legacy.md|file:docs/policy-data-retention.md
mesh time,5,0,0,file:docs/reference-calderctl.md|file:docs/adr-0007-helix-mesh.md|file:docs/adr-0019-calder-gateway.md|file:docs/guide-oncall-rota.md|file:docs/postmortem-checkout-outage.md,file:docs/reference-calderctl.md|file:docs/adr-0007-helix-mesh.md|file:docs/adr-0019-calder-gateway.md|file:docs/guide-oncall-rota.md|file:docs/postmortem-checkout-outage.md
no 5,5,0,0,file:docs/postmortem-checkout-outage.md|file:docs/runbook-gateway-rollback.md|file:docs/runbook-mesh-rollback-legacy.md|file:docs/guide-onboarding.md|file:docs/policy-data-retention.md,file:docs/postmortem-checkout-outage.md|file:docs/runbook-gateway-rollback.md|file:docs/runbook-mesh-rollback-legacy.md|file:docs/guide-onboarding.md|file:docs/policy-data-retention.md
on calderctl,5,0,0,file:docs/reference-calderctl.md|file:docs/runbook-gateway-rollback.md|file:docs/runbook-mesh-rollback-legacy.md|file:docs/guide-onboarding.md|file:docs/guide-oncall-rota.md,file:docs/reference-calderctl.md|file:docs/runbook-gateway-rollback.md|file:docs/runbook-mesh-rollback-legacy.md|file:docs/guide-onboarding.md|file:docs/guide-oncall-rota.md
rollback data,5,0,0,file:docs/reference-calderctl.md|file:docs/guide-onboarding.md|file:docs/policy-data-retention.md|file:docs/reference-deployment-tiers.md|file:docs/postmortem-checkout-outage.md,file:docs/reference-calderctl.md|file:docs/guide-onboarding.md|file:docs/policy-data-retention.md|file:docs/reference-deployment-tiers.md|file:docs/postmortem-checkout-outage.md
rollout do,5,0,0,file:docs/guide-oncall-rota.md|file:docs/adr-0007-helix-mesh.md|file:docs/runbook-gateway-rollback.md|file:docs/runbook-mesh-rollback-legacy.md|file:docs/guide-onboarding.md,file:docs/guide-oncall-rota.md|file:docs/adr-0007-helix-mesh.md|file:docs/runbook-gateway-rollback.md|file:docs/runbook-mesh-rollback-legacy.md|file:docs/guide-onboarding.md
runbook error,5,0,0,file:docs/postmortem-checkout-outage.md|file:docs/runbook-gateway-rollback.md|file:docs/runbook-mesh-rollback-legacy.md|file:docs/reference-calderctl.md|file:docs/policy-data-retention.md,file:docs/postmortem-checkout-outage.md|file:docs/runbook-gateway-rollback.md|file:docs/runbook-mesh-rollback-legacy.md|file:docs/reference-calderctl.md|file:docs/policy-data-retention.md
0019 fail,5,0,0,file:docs/runbook-gateway-rollback.md|file:docs/postmortem-checkout-outage.md|file:docs/runbook-mesh-rollback-legacy.md|file:docs/reference-calderctl.md|file:docs/guide-oncall-rota.md,file:docs/runbook-gateway-rollback.md|file:docs/postmortem-checkout-outage.md|file:docs/runbook-mesh-rollback-legacy.md|file:docs/reference-calderctl.md|file:docs/guide-oncall-rota.md
anyth more,5,0,0,file:docs/guide-oncall-rota.md|file:docs/runbook-gateway-rollback.md|file:docs/adr-0019-calder-gateway.md|file:docs/reference-calderctl.md|file:docs/adr-0007-helix-mesh.md,file:docs/guide-oncall-rota.md|file:docs/runbook-gateway-rollback.md|file:docs/adr-0019-calder-gateway.md|file:docs/reference-calderctl.md|file:docs/adr-0007-helix-mesh.md
first onli,5,0,0,file:docs/reference-deployment-tiers.md|file:docs/adr-0007-helix-mesh.md|file:docs/runbook-mesh-rollback-legacy.md|file:docs/reference-calderctl.md|file:docs/adr-0019-calder-gateway.md,file:docs/reference-deployment-tiers.md|file:docs/adr-0007-helix-mesh.md|file:docs/runbook-mesh-rollback-legacy.md|file:docs/reference-calderctl.md|file:docs/adr-0019-calder-gateway.md
legaci own,5,0,0,file:docs/adr-0007-helix-mesh.md|file:docs/guide-oncall-rota.md|file:docs/adr-0019-calder-gateway.md|file:docs/reference-deployment-tiers.md|file:docs/guide-onboarding.md,file:docs/adr-0007-helix-mesh.md|file:docs/guide-oncall-rota.md|file:docs/adr-0019-calder-gateway.md|file:docs/reference-deployment-tiers.md|file:docs/guide-onboarding.md
mean sidecar,5,0,0,file:docs/runbook-mesh-rollback-legacy.md|file:docs/adr-0019-calder-gateway.md|file:docs/adr-0007-helix-mesh.md|file:docs/postmortem-checkout-outage.md|file:docs/runbook-gateway-rollback.md,file:docs/runbook-mesh-rollback-legacy.md|file:docs/adr-0019-calder-gateway.md|file:docs/adr-0007-helix-mesh.md|file:docs/postmortem-checkout-outage.md|file:docs/runbook-gateway-rollback.md
network soak,5,0,0,file:docs/adr-0019-calder-gateway.md|file:docs/reference-deployment-tiers.md|file:docs/guide-onboarding.md|file:docs/postmortem-checkout-outage.md|file:docs/adr-0007-helix-mesh.md,file:docs/adr-0019-calder-gateway.md|file:docs/reference-deployment-tiers.md|file:docs/guide-onboarding.md|file:docs/postmortem-checkout-outage.md|file:docs/adr-0007-helix-mesh.md
per tool,5,0,0,file:docs/runbook-gateway-rollback.md|file:docs/reference-calderctl.md|file:docs/policy-data-retention.md|file:docs/postmortem-checkout-outage.md|file:docs/reference-deployment-tiers.md,file:docs/runbook-gateway-rollback.md|file:docs/reference-calderctl.md|file:docs/policy-data-retention.md|file:docs/postmortem-checkout-outage.md|file:docs/reference-deployment-tiers.md
polici window,5,0,0,file:docs/policy-data-retention.md|file:docs/reference-deployment-tiers.md|file:docs/reference-calderctl.md|file:docs/guide-onboarding.md|file:docs/adr-0007-helix-mesh.md,file:docs/policy-data-retention.md|file:docs/reference-deployment-tiers.md|file:docs/reference-calderctl.md|file:docs/guide-onboarding.md|file:docs/adr-0007-helix-mesh.md
postmortem wrong,5,0,0,file:docs/postmortem-checkout-outage.md|file:docs/runbook-mesh-rollback-legacy.md|file:docs/guide-onboarding.md|file:docs/runbook-gateway-rollback.md|file:docs/reference-calderctl.md,file:docs/postmortem-checkout-outage.md|file:docs/runbook-mesh-rollback-legacy.md|file:docs/guide-onboarding.md|file:docs/runbook-gateway-rollback.md|file:docs/reference-calderctl.md
rather 24,5,0,0,file:docs/reference-deployment-tiers.md|file:docs/adr-0007-helix-mesh.md|file:docs/guide-oncall-rota.md|file:docs/guide-onboarding.md|file:docs/policy-data-retention.md,file:docs/reference-deployment-tiers.md|file:docs/adr-0007-helix-mesh.md|file:docs/guide-oncall-rota.md|file:docs/guide-onboarding.md|file:docs/policy-data-retention.md
run 7,5,0,0,file:docs/policy-data-retention.md|file:docs/guide-oncall-rota.md|file:docs/reference-deployment-tiers.md|file:docs/guide-onboarding.md|file:docs/runbook-mesh-rollback-legacy.md,file:docs/policy-data-retention.md|file:docs/guide-oncall-rota.md|file:docs/reference-deployment-tiers.md|file:docs/guide-onboarding.md|file:docs/runbook-mesh-rollback-legacy.md
statu alert,5,0,0,file:docs/guide-onboarding.md|file:docs/postmortem-checkout-outage.md|file:docs/guide-oncall-rota.md|file:docs/reference-deployment-tiers.md|file:docs/reference-calderctl.md,file:docs/guide-onboarding.md|file:docs/postmortem-checkout-outage.md|file:docs/guide-oncall-rota.md|file:docs/reference-deployment-tiers.md|file:docs/reference-calderctl.md
across 2,5,0,0,file:docs/guide-oncall-rota.md|file:docs/policy-data-retention.md|file:docs/adr-0019-calder-gateway.md|file:docs/runbook-mesh-rollback-legacy.md|file:docs/reference-calderctl.md,file:docs/guide-oncall-rota.md|file:docs/policy-data-retention.md|file:docs/adr-0019-calder-gateway.md|file:docs/runbook-mesh-rollback-legacy.md|file:docs/reference-calderctl.md
all servic,5,0,0,file:docs/adr-0007-helix-mesh.md|file:docs/guide-oncall-rota.md|file:docs/runbook-mesh-rollback-legacy.md|file:docs/guide-onboarding.md|file:docs/postmortem-checkout-outage.md,file:docs/adr-0007-helix-mesh.md|file:docs/guide-oncall-rota.md|file:docs/runbook-mesh-rollback-legacy.md|file:docs/guide-onboarding.md|file:docs/postmortem-checkout-outage.md
becom tier,5,0,0,file:docs/guide-onboarding.md|file:docs/adr-0007-helix-mesh.md|file:docs/postmortem-checkout-outage.md|file:docs/runbook-gateway-rollback.md|file:docs/runbook-mesh-rollback-legacy.md,file:docs/guide-onboarding.md|file:docs/adr-0007-helix-mesh.md|file:docs/postmortem-checkout-outage.md|file:docs/runbook-gateway-rollback.md|file:docs/runbook-mesh-rollback-legacy.md
befor deploy,5,0,0,file:docs/guide-onboarding.md|file:docs/reference-calderctl.md|file:docs/reference-deployment-tiers.md|file:docs/runbook-gateway-rollback.md|file:docs/runbook-mesh-rollback-legacy.md,file:docs/guide-onboarding.md|file:docs/reference-calderctl.md|file:docs/reference-deployment-tiers.md|file:docs/runbook-gateway-rollback.md|file:docs/runbook-mesh-rollback-legacy.md
config refer,5,0,0,file:docs/runbook-gateway-rollback.md|file:docs/reference-calderctl.md|file:docs/guide-onboarding.md|file:docs/guide-oncall-rota.md|file:docs/adr-0007-helix-mesh.md,file:docs/runbook-gateway-rollback.md|file:docs/reference-calderctl.md|file:docs/guide-onboarding.md|file:docs/guide-oncall-rota.md|file:docs/adr-0007-helix-mesh.md
dai adr,5,0,0,file:docs/reference-deployment-tiers.md|file:docs/guide-onboarding.md|file:docs/adr-0019-calder-gateway.md|file:docs/policy-data-retention.md|file:docs/adr-0007-helix-mesh.md,file:docs/reference-deployment-tiers.md|file:docs/guide-onboarding.md|file:docs/adr-0019-calder-gateway.md|file:docs/policy-data-retention.md|file:docs/adr-0007-helix-mesh.md
doe everi,5,0,0,file:docs/guide-onboarding.md|file:docs/reference-deployment-tiers.md|file:docs/runbook-gateway-rollback.md|file:docs/postmortem-checkout-outage.md|file:docs/guide-oncall-rota.md,file:docs/guide-onboarding.md|file:docs/reference-deployment-tiers.md|file:docs/runbook-gateway-rollback.md|file:docs/postmortem-checkout-outage.md|file:docs/guide-oncall-rota.md
group mesh,5,0,0,file:docs/adr-0007-helix-mesh.md|file:docs/adr-0019-calder-gateway.md|file:docs/guide-oncall-rota.md|file:docs/guide-onboarding.md|file:docs/policy-data-retention.md,file:docs/adr-0007-helix-mesh.md|file:docs/adr-0019-calder-gateway.md|file:docs/guide-oncall-rota.md|file:docs/guide-onboarding.md|file:docs/policy-data-retention.md
guid rollback,5,0,0,file:docs/guide-oncall-rota.md|file:docs/guide-onboarding.md|file:docs/runbook-gateway-rollback.md|file:docs/runbook-mesh-rollback-legacy.md|file:docs/adr-0007-helix-mesh.md,file:docs/guide-oncall-rota.md|file:docs/guide-onboarding.md|file:docs/runbook-gateway-rollback.md|file:docs/runbook-mesh-rollback-legacy.md|file:docs/adr-0007-helix-mesh.md
hour 0019,5,0,0,file:docs/reference-deployment-tiers.md|file:docs/adr-0007-helix-mesh.md|file:docs/adr-0019-calder-gateway.md|file:docs/reference-calderctl.md|file:docs/postmortem-checkout-outage.md,file:docs/reference-deployment-tiers.md|file:docs/adr-0007-helix-mesh.md|file:docs/adr-0019-calder-gateway.md|file:docs/reference-calderctl.md|file:docs/postmortem-checkout-outage.md
most legaci,5,0,0,file:docs/reference-calderctl.md|file:docs/runbook-mesh-rollback-legacy.md|file:docs/adr-0019-calder-gateway.md|file:docs/guide-oncall-rota.md|file:docs/policy-data-retention.md,file:docs/reference-calderctl.md|file:docs/runbook-mesh-rollback-legacy.md|file:docs/adr-0019-calder-gateway.md|file:docs/guide-oncall-rota.md|file:docs/policy-data-retention.md
oncal per,5,0,0,file:docs/runbook-gateway-rollback.md|file:docs/runbook-mesh-rollback-legacy.md|file:docs/adr-0007-helix-mesh.md|file:docs/guide-oncall-rota.md|file:docs/reference-calderctl.md,file:docs/runbook-gateway-rollback.md|file:docs/runbook-mesh-rollback-legacy.md|file:docs/adr-0007-helix-mesh.md|file:docs/guide-oncall-rota.md|file:docs/reference-calderctl.md
outag rather,5,0,0,file:docs/adr-0019-calder-gateway.md|file:docs/postmortem-checkout-outage.md|file:docs/reference-deployment-tiers.md|file:docs/runbook-mesh-rollback-legacy.md|file:docs/adr-0007-helix-mesh.md,file:docs/adr-0019-calder-gateway.md|file:docs/postmortem-checkout-outage.md|file:docs/reference-deployment-tiers.md|file:docs/runbook-mesh-rollback-legacy.md|file:docs/adr-0007-helix-mesh.md
page across,5,0,0,file:docs/guide-oncall-rota.md|file:docs/runbook-mesh-rollback-legacy.md|file:docs/reference-deployment-tiers.md|file:docs/guide-onboarding.md|file:docs/policy-data-retention.md,file:docs/guide-oncall-rota.md|file:docs/runbook-mesh-rollback-legacy.md|file:docs/reference-deployment-tiers.md|file:docs/guide-onboarding.md|file:docs/policy-data-retention.md
path befor,5,0,0,file:docs/runbook-gateway-rollback.md|file:docs/runbook-mesh-rollback-legacy.md|file:docs/adr-0007-helix-mesh.md|file:docs/adr-0019-calder-gateway.md|file:docs/guide-onboarding.md,file:docs/runbook-gateway-rollback.md|file:docs/runbook-mesh-rollback-legacy.md|file:docs/adr-0007-helix-mesh.md|file:docs/adr-0019-calder-gateway.md|file:docs/guide-onboarding.md
pod doe,5,0,0,file:docs/postmortem-checkout-outage.md|file:docs/runbook-mesh-rollback-legacy.md|file:docs/runbook-gateway-rollback.md|file:docs/reference-deployment-tiers.md|file:docs/guide-onboarding.md,file:docs/postmortem-checkout-outage.md|file:docs/runbook-mesh-rollback-legacy.md|file:docs/runbook-gateway-rollback.md|file:docs/reference-deployment-tiers.md|file:docs/guide-onboarding.md
procedur hour,5,0,0,file:docs/reference-deployment-tiers.md|file:docs/reference-calderctl.md|file:docs/adr-0019-calder-gateway.md|file:docs/postmortem-checkout-outage.md|file:docs/runbook-gateway-rollback.md,file:docs/reference-deployment-tiers.md|file:docs/reference-calderctl.md|file:docs/adr-0019-calder-gateway.md|file:docs/postmortem-checkout-outage.md|file:docs/runbook-gateway-rollback.md
proxi outag,5,0,0,file:docs/adr-0019-calder-gateway.md|file:docs/guide-onboarding.md|file:docs/guide-oncall-rota.md|file:docs/runbook-mesh-rollback-legacy.md|file:docs/runbook-gateway-rollback.md,file:docs/adr-0019-calder-gateway.md|file:docs/guide-onboarding.md|file:docs/guide-oncall-rota.md|file:docs/runbook-mesh-rollback-legacy.md|file:docs/runbook-gateway-rollback.md
reject pod,5,0,0,file:docs/postmortem-checkout-outage.md|file:docs/adr-0019-calder-gateway.md|file:docs/adr-0007-helix-mesh.md|file:docs/runbook-gateway-rollback.md|file:docs/runbook-mesh-rollback-legacy.md,file:docs/postmortem-checkout-outage.md|file:docs/adr-0019-calder-gateway.md|file:docs/adr-0007-helix-mesh.md|file:docs/runbook-gateway-rollback.md|file:docs/runbook-mesh-rollback-legacy.md
request reject,5,0,0,file:docs/adr-0007-helix-mesh.md|file:docs/reference-deployment-tiers.md|file:docs/runbook-gateway-rollback.md|file:docs/guide-onboarding.md|file:docs/policy-data-retention.md,file:docs/adr-0007-helix-mesh.md|file:docs/reference-deployment-tiers.md|file:docs/runbook-gateway-rollback.md|file:docs/guide-onboarding.md|file:docs/policy-data-retention.md
retri review,5,0,0,file:docs/adr-0007-helix-mesh.md|file:docs/guide-onboarding.md|file:docs/adr-0019-calder-gateway.md|file:docs/reference-deployment-tiers.md|file:docs/reference-calderctl.md,file:docs/adr-0007-helix-mesh.md|file:docs/guide-onboarding.md|file:docs/adr-0019-calder-gateway.md|file:docs/reference-deployment-tiers.md|file:docs/reference-calderctl.md
review see,5,0,0,file:docs/reference-deployment-tiers.md|file:docs/guide-onboarding.md|file:docs/adr-0007-helix-mesh.md|file:docs/policy-data-retention.md|file:docs/reference-calderctl.md,file:docs/reference-deployment-tiers.md|file:docs/guide-onboarding.md|file:docs/adr-0007-helix-mesh.md|file:docs/policy-data-retention.md|file:docs/reference-calderctl.md
rota time,5,0,0,file:docs/guide-oncall-rota.md|file:docs/runbook-gateway-rollback.md|file:docs/adr-0007-helix-mesh.md|file:docs/runbook-mesh-rollback-legacy.md|file:docs/guide-onboarding.md,file:docs/guide-oncall-rota.md|file:docs/runbook-gateway-rollback.md|file:docs/adr-0007-helix-mesh.md|file:docs/runbook-mesh-rollback-legacy.md|file:docs/guide-onboarding.md
s 5,5,0,0,file:docs/guide-onboarding.md|file:docs/postmortem-checkout-outage.md|file:docs/runbook-gateway-rollback.md|file:docs/runbook-mesh-rollback-legacy.md|file:docs/policy-data-retention.md,file:docs/guide-onboarding.md|file:docs/postmortem-checkout-outage.md|file:docs/runbook-gateway-rollback.md|file:docs/runbook-mesh-rollback-legacy.md|file:docs/policy-data-retention.md
see calderctl,5,0,0,file:docs/guide-onboarding.md|file:docs/runbook-gateway-rollback.md|file:docs/runbook-mesh-rollback-legacy.md|file:docs/reference-calderctl.md|file:docs/reference-deployment-tiers.md,file:docs/guide-onboarding.md|file:docs/runbook-gateway-rollback.md|file:docs/runbook-mesh-rollback-legacy.md|file:docs/reference-calderctl.md|file:docs/reference-deployment-tiers.md
state data,5,0,0,file:docs/policy-data-retention.md|file:docs/guide-onboarding.md|file:docs/reference-calderctl.md|file:docs/reference-deployment-tiers.md|file:docs/runbook-gateway-rollback.md,file:docs/policy-data-retention.md|file:docs/guide-onboarding.md|file:docs/reference-calderctl.md|file:docs/reference-deployment-tiers.md|file:docs/runbook-gateway-rollback.md
team do,5,0,0,file:docs/guide-oncall-rota.md|file:docs/guide-onboarding.md|file:docs/adr-0007-helix-mesh.md|file:docs/runbook-gateway-rollback.md|file:docs/runbook-mesh-rollback-legacy.md,file:docs/guide-oncall-rota.md|file:docs/guide-onboarding.md|file:docs/adr-0007-helix-mesh.md|file:docs/runbook-gateway-rollback.md|file:docs/runbook-mesh-rollback-legacy.md
time error,5,0,0,file:docs/postmortem-checkout-outage.md|file:docs/runbook-gateway-rollback.md|file:docs/reference-calderctl.md|file:docs/runbook-mesh-rollback-legacy.md|file:docs/policy-data-retention.md,file:docs/postmortem-checkout-outage.md|file:docs/runbook-gateway-rollback.md|file:docs/reference-calderctl.md|file:docs/runbook-mesh-rollback-legacy.md|file:docs/policy-data-retention.md
14 fail,5,0,0,file:docs/postmortem-checkout-outage.md|file:docs/guide-oncall-rota.md|file:docs/runbook-mesh-rollback-legacy.md|file:docs/runbook-gateway-rollback.md|file:docs/reference-deployment-tiers.md,file:docs/postmortem-checkout-outage.md|file:docs/guide-oncall-rota.md|file:docs/runbook-mesh-rollback-legacy.md|file:docs/runbook-gateway-rollback.md|file:docs/reference-deployment-tiers.md
400 more,5,0,0,file:docs/runbook-gateway-rollback.md|file:docs/adr-0007-helix-mesh.md|file:docs/adr-0019-calder-gateway.md|file:docs/guide-oncall-rota.md|file:docs/policy-data-retention.md,file:docs/runbook-gateway-rollback.md|file:docs/adr-0007-helix-mesh.md|file:docs/adr-0019-calder-gateway.md|file:docs/guide-oncall-rota.md|file:docs/policy-data-retention.md
5 onli,5,0,0,file:docs/runbook-mesh-rollback-legacy.md|file:docs/runbook-gateway-rollback.md|file:docs/reference-calderctl.md|file:docs/postmortem-checkout-outage.md|file:docs/guide-onboarding.md,file:docs/runbook-mesh-rollback-legacy.md|file:docs/runbook-gateway-rollback.md|file:docs/reference-calderctl.md|file:docs/postmortem-checkout-outage.md|file:docs/guide-onboarding.md
attempt own,5,0,0,file:docs/guide-oncall-rota.md|file:docs/adr-0019-calder-gateway.md|file:docs/adr-0007-helix-mesh.md|file:docs/reference-deployment-tiers.md|file:docs/postmortem-checkout-outage.md,file:docs/guide-oncall-rota.md|file:docs/adr-0019-calder-gateway.md|file:docs/adr-0007-helix-mesh.md|file:docs/reference-deployment-tiers.md|file:docs/postmortem-checkout-outage.md
becaus sidecar,5,0,0,file:docs/runbook-mesh-rollback-legacy.md|file:docs/adr-0019-calder-gateway.md|file:docs/postmortem-checkout-outage.md|file:docs/adr-0007-helix-mesh.md|file:docs/runbook-gateway-rollback.md,file:docs/runbook-mesh-rollback-legacy.md|file:docs/adr-0019-calder-gateway.md|file:docs/postmortem-checkout-outage.md|file:docs/adr-0007-helix-mesh.md|file:docs/runbook-gateway-rollback.md
calderctl soak,5,0,0,file:docs/guide-onboarding.md|file:docs/reference-calderctl.md|file:docs/reference-deployment-tiers.md|file:docs/runbook-gateway-rollback.md|file:docs/runbook-mesh-rollback-legacy.md,file:docs/guide-onboarding.md|file:docs/reference-calderctl.md|file:docs/reference-deployment-tiers.md|file:docs/runbook-gateway-rollback.md|file:docs/runbook-mesh-rollback-legacy.md
chang tool,5,0,0,file:docs/reference-deployment-tiers.md|file:docs/postmortem-checkout-outage.md|file:docs/adr-0019-calder-gateway.md|file:docs/policy-data-retention.md|file:docs/runbook-gateway-rollback.md,file:docs/reference-deployment-tiers.md|file:docs/postmortem-checkout-outage.md|file:docs/adr-0019-calder-gateway.md|file:docs/policy-data-retention.md|file:docs/runbook-gateway-rollback.md
class window,5,0,0,file:docs/policy-data-retention.md|file:docs/reference-calderctl.md|file:docs/guide-onboarding.md|file:docs/reference-deployment-tiers.md|file:docs/postmortem-checkout-outage.md,file:docs/policy-data-retention.md|file:docs/reference-calderctl.md|file:docs/guide-onboarding.md|file:docs/reference-deployment-tiers.md|file:docs/postmortem-checkout-outage.md
data wrong,5,0,0,file:docs/reference-calderctl.md|file:docs/postmortem-checkout-outage.md|file:docs/guide-onboarding.md|file:docs/policy-data-retention.md|file:docs/reference-deployment-tiers.md,file:docs/reference-calderctl.md|file:docs/postmortem-checkout-outage.md|file:docs/guide-onboarding.md|file:docs/policy-data-retention.md|file:docs/reference-deployment-tiers.md
decid 24,5,0,0,file:docs/reference-deployment-tiers.md|file:docs/guide-oncall-rota.md|file:docs/guide-onboarding.md|file:docs/adr-0007-helix-mesh.md|file:docs/adr-0019-calder-gateway.md,file:docs/reference-deployment-tiers.md|file:docs/guide-oncall-rota.md|file:docs/guide-onboarding.md|file:docs/adr-0007-helix-mesh.md|file:docs/adr-0019-calder-gateway.md
differ 7,5,0,0,file:docs/reference-deployment-tiers.md|file:docs/policy-data-retention.md|file:docs/guide-oncall-rota.md|file:docs/runbook-gateway-rollback.md|file:docs/runbook-mesh-rollback-legacy.md,file:docs/reference-deployment-tiers.md|file:docs/policy-data-retention.md|file:docs/guide-oncall-rota.md|file:docs/runbook-gateway-rollback.md|file:docs/runbook-mesh-rollback-legacy.md
do alert,5,0,0,file:docs/guide-onboarding.md|file:docs/guide-oncall-rota.md|file:docs/postmortem-checkout-outage.md|file:docs/runbook-gateway-rollback.md|file:docs/runbook-mesh-rollback-legacy.md,file:docs/guide-onboarding.md|file:docs/guide-oncall-rota.md|file:docs/postmortem-checkout-outage.md|file:docs/runbook-gateway-rollback.md|file:docs/runbook-mesh-rollback-legacy.md
dry 2,5,0,0,file:docs/reference-calderctl.md|file:docs/runbook-gateway-rollback.md|file:docs/runbook-mesh-rollback-legacy.md|file:docs/guide-onboarding.md|file:docs/postmortem-checkout-outage.md,file:docs/reference-calderctl.md|file:docs/runbook-gateway-rollback.md|file:docs/runbook-mesh-rollback-legacy.md|file:docs/guide-onboarding.md|file:docs/postmortem-checkout-outage.md
dure servic,5,0,0,file:docs/guide-oncall-rota.md|file:docs/runbook-mesh-rollback-legacy.md|file:docs/reference-deployment-tiers.md|file:docs/runbook-gateway-rollback.md|file:docs/guide-onboarding.md,file:docs/guide-oncall-rota.md|file:docs/runbook-mesh-rollback-legacy.md|file:docs/reference-deployment-tiers.md|file:docs/runbook-gateway-rollback.md|file:docs/guide-onboarding.md
error tier,5,0,0,file:docs/postmortem-checkout-outage.md|file:docs/runbook-gateway-rollback.md|file:docs/runbook-mesh-rollback-legacy.md|file:docs/policy-data-retention.md|file:docs/reference-calderctl.md,file:docs/postmortem-checkout-outage.md|file:docs/runbook-gateway-rollback.md|file:docs/runbook-mesh-rollback-legacy.md|file:docs/policy-data-retention.md|file:docs/reference-calderctl.md
exactli deploy,5,0,0,file:docs/guide-onboarding.md|file:docs/reference-calderctl.md|file:docs/reference-deployment-tiers.md|file:docs/runbook-mesh-rollback-legacy.md|file:docs/postmortem-checkout-outage.md,file:docs/guide-onboarding.md|file:docs/reference-calderctl.md|file:docs/reference-deployment-tiers.md|file:docs/runbook-mesh-rollback-legacy.md|file:docs/postmortem-checkout-outage.md
expect refer,5,0,0,file:docs/guide-onboarding.md|file:docs/runbook-gateway-rollback.md|file:docs/runbook-mesh-rollback-legacy.md|file:docs/adr-0019-calder-gateway.md|file:docs/postmortem-checkout-outage.md,file:docs/guide-onboarding.md|file:docs/runbook-gateway-rollback.md|file:docs/runbook-mesh-rollback-legacy.md|file:docs/adr-0019-calder-gateway.md|file:docs/postmortem-checkout-outage.md
fail adr,5,0,0,file:docs/runbook-mesh-rollback-legacy.md|file:docs/runbook-gateway-rollback.md|file:docs/postmortem-checkout-outage.md|file:docs/reference-calderctl.md|file:docs/guide-oncall-rota.md,file:docs/runbook-mesh-rollback-legacy.md|file:docs/runbook-gateway-rollback.md|file:docs/postmortem-checkout-outage.md|file:docs/reference-calderctl.md|file:docs/guide-oncall-rota.md
failur everi,5,0,0,file:docs/postmortem-checkout-outage.md|file:docs/adr-0007-helix-mesh.md|file:docs/reference-deployment-tiers.md|file:docs/guide-oncall-rota.md|file:docs/runbook-mesh-rollback-legacy.md,file:docs/postmortem-checkout-outage.md|file:docs/adr-0007-helix-mesh.md|file:docs/reference-deployment-tiers.md|file:docs/guide-oncall-rota.md|file:docs/runbook-mesh-rollback-legacy.md
minut mesh,5,0,0,file:docs/postmortem-checkout-outage.md|file:docs/runbook-mesh-rollback-legacy.md|file:docs/guide-oncall-rota.md|file:docs/runbook-gateway-rollback.md|file:docs/guide-onboarding.md,file:docs/postmortem-checkout-outage.md|file:docs/runbook-mesh-rollback-legacy.md|file:docs/guide-oncall-rota.md|file:docs/runbook-gateway-rollback.md|file:docs/guide-onboarding.md
more rollback,5,0,0,file:docs/guide-oncall-rota.md|file:docs/runbook-gateway-rollback.md|file:docs/reference-calderctl.md|file:docs/adr-0019-calder-gateway.md|file:docs/adr-0007-helix-mesh.md,file:docs/guide-oncall-rota.md|file:docs/runbook-gateway-rollback.md|file:docs/reference-calderctl.md|file:docs/adr-0019-calder-gateway.md|file:docs/adr-0007-helix-mesh.md
name 0019,5,0,0,file:docs/postmortem-checkout-outage.md|file:docs/guide-onboarding.md|file:docs/runbook-gateway-rollback.md|file:docs/guide-oncall-rota.md|file:docs/adr-0019-calder-gateway.md,file:docs/postmortem-checkout-outage.md|file:docs/guide-onboarding.md|file:docs/runbook-gateway-rollback.md|file:docs/guide-oncall-rota.md|file:docs/adr-0019-calder-gateway.md
node legaci,5,0,0,file:docs/runbook-gateway-rollback.md|file:docs/reference-calderctl.md|file:docs/adr-0019-calder-gateway.md|file:docs/runbook-mesh-rollback-legacy.md|file:docs/guide-oncall-rota.md,file:docs/runbook-gateway-rollback.md|file:docs/reference-calderctl.md|file:docs/adr-0019-calder-gateway.md|file:docs/runbook-mesh-rollback-legacy.md|file:docs/guide-oncall-rota.md
onli per,5,0,0,file:docs/reference-calderctl.md|file:docs/adr-0007-helix-mesh.md|file:docs/runbook-mesh-rollback-legacy.md|file:docs/adr-0019-calder-gateway.md|file:docs/reference-deployment-tiers.md,file:docs/reference-calderctl.md|file:docs/adr-0007-helix-mesh.md|file:docs/runbook-mesh-rollback-legacy.md|file:docs/adr-0019-calder-gateway.md|file:docs/reference-deployment-tiers.md
oper rather,5,0,0,file:docs/adr-0007-helix-mesh.md|file:docs/policy-data-retention.md|file:docs/adr-0019-calder-gateway.md|file:docs/postmortem-checkout-outage.md|file:docs/reference-deployment-tiers.md,file:docs/adr-0007-helix-mesh.md|file:docs/policy-data-retention.md|file:docs/adr-0019-calder-gateway.md|file:docs/postmortem-checkout-outage.md|file:docs/reference-deployment-tiers.md
out across,5,0,0,file:docs/adr-0019-calder-gateway.md|file:docs/adr-0007-helix-mesh.md|file:docs/reference-calderctl.md|file:docs/reference-deployment-tiers.md|file:docs/postmortem-checkout-outage.md,file:docs/adr-0019-calder-gateway.md|file:docs/adr-0007-helix-mesh.md|file:docs/reference-calderctl.md|file:docs/reference-deployment-tiers.md|file:docs/postmortem-checkout-outage.md
own befor,5,0,0,file:docs/guide-onboarding.md|file:docs/adr-0007-helix-mesh.md|file:docs/adr-0019-calder-gateway.md|file:docs/guide-oncall-rota.md|file:docs/reference-deployment-tiers.md,file:docs/guide-onboarding.md|file:docs/adr-0007-helix-mesh.md|file:docs/adr-0019-calder-gateway.md|file:docs/guide-oncall-rota.md|file:docs/reference-deployment-tiers.md
remov doe,5,0,0,file:docs/postmortem-checkout-outage.md|file:docs/runbook-gateway-rollback.md|file:docs/reference-deployment-tiers.md|file:docs/reference-calderctl.md|file:docs/guide-onboarding.md,file:docs/postmortem-checkout-outage.md|file:docs/runbook-gateway-rollback.md|file:docs/reference-deployment-tiers.md|file:docs/reference-calderctl.md|file:docs/guide-onboarding.md
second hour,5,0,0,file:docs/reference-deployment-tiers.md|file:docs/postmortem-checkout-outage.md|file:docs/guide-oncall-rota.md|file:docs/runbook-gateway-rollback.md|file:docs/runbook-mesh-rollback-legacy.md,file:docs/reference-deployment-tiers.md|file:docs/postmortem-checkout-outage.md|file:docs/guide-oncall-rota.md|file:docs/runbook-gateway-rollback.md|file:docs/runbook-mesh-rollback-legacy.md
sidecar outag,5,0,0,file:docs/runbook-mesh-rollback-legacy.md|file:docs/adr-0019-calder-gateway.md|file:docs/postmortem-checkout-outage.md|file:docs/adr-0007-helix-mesh.md|file:docs/runbook-gateway-rollback.md,file:docs/runbook-mesh-rollback-legacy.md|file:docs/adr-0019-calder-gateway.md|file:docs/postmortem-checkout-outage.md|file:docs/adr-0007-helix-mesh.md|file:docs/runbook-gateway-rollback.md
singl pod,5,0,0,file:docs/runbook-mesh-rollback-legacy.md|file:docs/postmortem-checkout-outage.md|file:docs/adr-0019-calder-gateway.md|file:docs/runbook-gateway-rollback.md|file:docs/adr-0007-helix-mesh.md,file:docs/runbook-mesh-rollback-legacy.md|file:docs/postmortem-checkout-outage.md|file:docs/adr-0019-calder-gateway.md|file:docs/runbook-gateway-rollback.md|file:docs/adr-0007-helix-mesh.md
so reject,5,0,0,file:docs/postmortem-checkout-outage.md|file:docs/runbook-gateway-rollback.md|file:docs/guide-onboarding.md|file:docs/adr-0019-calder-gateway.md|file:docs/adr-0007-helix-mesh.md,file:docs/postmortem-checkout-outage.md|file:docs/runbook-gateway-rollback.md|file:docs/guide-onboarding.md|file:docs/adr-0019-calder-gateway.md|file:docs/adr-0007-helix-mesh.md
000 everyth 1,5,0,0,file:docs/postmortem-checkout-outage.md|file:docs/reference-deployment-tiers.md|file:docs/reference-calderctl.md|file:docs/guide-onboarding.md|file:docs/adr-0019-calder-gateway.md,file:docs/postmortem-checkout-outage.md|file:docs/reference-deployment-tiers.md|file:docs/reference-calderctl.md|file:docs/guide-onboarding.md|file:docs/adr-0019-calder-gateway.md
12 hsm refer,5,0,0,file:docs/runbook-gateway-rollback.md|file:docs/policy-data-retention.md|file:docs/guide-onboarding.md|file:docs/reference-deployment-tiers.md|file:docs/reference-calderctl.md,file:docs/runbook-gateway-rollback.md|file:docs/policy-data-retention.md|file:docs/guide-onboarding.md|file:docs/reference-deployment-tiers.md|file:docs/reference-calderctl.md
27 look rollout,5,0,0,file:docs/postmortem-checkout-outage.md|file:docs/guide-onboarding.md|file:docs/reference-deployment-tiers.md|file:docs/guide-oncall-rota.md|file:docs/adr-0007-helix-mesh.md,file:docs/postmortem-checkout-outage.md|file:docs/guide-onboarding.md|file:docs/reference-deployment-tiers.md|file:docs/guide-oncall-rota.md|file:docs/adr-0007-helix-mesh.md
35 neither statu,5,0,0,file:docs/policy-data-retention.md|file:docs/runbook-gateway-rollback.md|file:docs/runbook-mesh-rollback-legacy.md|file:docs/reference-calderctl.md|file:docs/guide-oncall-rota.md,file:docs/policy-data-retention.md|file:docs/runbook-gateway-rollback.md|file:docs/runbook-mesh-rollback-legacy.md|file:docs/reference-calderctl.md|file:docs/guide-oncall-rota.md
51 produc outag,5,0,0,file:docs/postmortem-checkout-outage.md|file:docs/adr-0007-helix-mesh.md|file:docs/policy-data-retention.md|file:docs/guide-onboarding.md|file:docs/guide-oncall-rota.md,file:docs/postmortem-checkout-outage.md|file:docs/adr-0007-helix-mesh.md|file:docs/policy-data-retention.md|file:docs/guide-onboarding.md|file:docs/guide-oncall-rota.md
achiev restart state,5,0,0,file:docs/runbook-mesh-rollback-legacy.md|file:docs/adr-0019-calder-gateway.md|file:docs/postmortem-checkout-outage.md|file:docs/guide-onboarding.md|file:docs/runbook-gateway-rollback.md,file:docs/runbook-mesh-rollback-legacy.md|file:docs/adr-0019-calder-gateway.md|file:docs/postmortem-checkout-outage.md|file:docs/guide-onboarding.md|file:docs/runbook-gateway-rollback.md
adopt share differ,5,0,0,file:docs/adr-0007-helix-mesh.md|file:docs/adr-0019-calder-gateway.md|file:docs/reference-deployment-tiers.md|file:docs/runbook-gateway-rollback.md|file:docs/runbook-mesh-rollback-legacy.md,file:docs/adr-0007-helix-mesh.md|file:docs/adr-0019-calder-gateway.md|file:docs/reference-deployment-tiers.md|file:docs/runbook-gateway-rollback.md|file:docs/runbook-mesh-rollback-legacy.md
also ten onli,5,0,0,file:docs/adr-0019-calder-gateway.md|file:docs/guide-oncall-rota.md|file:docs/guide-onboarding.md|file:docs/reference-calderctl.md|file:docs/reference-deployment-tiers.md,file:docs/adr-0019-calder-gateway.md|file:docs/guide-oncall-rota.md|file:docs/guide-onboarding.md|file:docs/reference-calderctl.md|file:docs/reference-deployment-tiers.md
argument utc traffic,5,0,0,file:docs/guide-oncall-rota.md|file:docs/reference-deployment-tiers.md|file:docs/postmortem-checkout-outage.md|file:docs/adr-0007-helix-mesh.md|file:docs/adr-0019-calder-gateway.md,file:docs/guide-oncall-rota.md|file:docs/reference-deployment-tiers.md|file:docs/postmortem-checkout-outage.md|file:docs/adr-0007-helix-mesh.md|file:docs/adr-0019-calder-gateway.md
base 07 90,5,0,0,file:docs/guide-oncall-rota.md|file:docs/adr-0019-calder-gateway.md|file:docs/policy-data-retention.md|file:docs/runbook-gateway-rollback.md|file:docs/runbook-mesh-rollback-legacy.md,file:docs/guide-oncall-rota.md|file:docs/adr-0019-calder-gateway.md|file:docs/policy-data-retention.md|file:docs/runbook-gateway-rollback.md|file:docs/runbook-mesh-rollback-legacy.md
bill 340 deploy,4,0,0,file:docs/guide-onboarding.md|file:docs/postmortem-checkout-outage.md|file:docs/reference-calderctl.md|file:docs/reference-deployment-tiers.md,file:docs/guide-onboarding.md|file:docs/postmortem-checkout-outage.md|file:docs/reference-calderctl.md|file:docs/reference-deployment-tiers.md
bpf except no,5,0,0,file:docs/policy-data-retention.md|file:docs/adr-0007-helix-mesh.md|file:docs/adr-0019-calder-gateway.md|file:docs/postmortem-checkout-outage.md|file:docs/runbook-gateway-rollback.md,file:docs/policy-data-retention.md|file:docs/adr-0007-helix-mesh.md|file:docs/adr-0019-calder-gateway.md|file:docs/postmortem-checkout-outage.md|file:docs/runbook-gateway-rollback.md
c2 ident postmortem,5,0,0,file:docs/policy-data-retention.md|file:docs/postmortem-checkout-outage.md|file:docs/reference-deployment-tiers.md|file:docs/adr-0019-calder-gateway.md|file:docs/guide-oncall-rota.md,file:docs/policy-data-retention.md|file:docs/postmortem-checkout-outage.md|file:docs/reference-deployment-tiers.md|file:docs/adr-0019-calder-gateway.md|file:docs/guide-oncall-rota.md
cart lost hour,5,0,0,file:docs/reference-deployment-tiers.md|file:docs/guide-oncall-rota.md|file:docs/guide-onboarding.md|file:docs/adr-0007-helix-mesh.md|file:docs/adr-0019-calder-gateway.md,file:docs/reference-deployment-tiers.md|file:docs/guide-oncall-rota.md|file:docs/guide-onboarding.md|file:docs/adr-0007-helix-mesh.md|file:docs/adr-0019-calder-gateway.md
claim next rota,5,0,0,file:docs/reference-deployment-tiers.md|file:docs/guide-oncall-rota.md|file:docs/adr-0019-calder-gateway.md|file:docs/runbook-gateway-rollback.md|file:docs/runbook-mesh-rollback-legacy.md,file:docs/reference-deployment-tiers.md|file:docs/guide-oncall-rota.md|file:docs/adr-0019-calder-gateway.md|file:docs/runbook-gateway-rollback.md|file:docs/runbook-mesh-rollback-legacy.md
complianc progress class,5,0,0,file:docs/policy-data-retention.md|file:docs/runbook-gateway-rollback.md|file:docs/runbook-mesh-rollback-legacy.md|file:docs/reference-calderctl.md|file:docs/guide-onboarding.md,file:docs/policy-data-retention.md|file:docs/runbook-gateway-rollback.md|file:docs/runbook-mesh-rollback-legacy.md|file:docs/reference-calderctl.md|file:docs/guide-onboarding.md
consecut return more,5,0,0,file:docs/guide-oncall-rota.md|file:docs/adr-0019-calder-gateway.md|file:docs/postmortem-checkout-outage.md|file:docs/runbook-gateway-rollback.md|file:docs/reference-calderctl.md,file:docs/guide-oncall-rota.md|file:docs/adr-0019-calder-gateway.md|file:docs/postmortem-checkout-outage.md|file:docs/runbook-gateway-rollback.md|file:docs/reference-calderctl.md
copi ship still,5,0,0,file:docs/reference-calderctl.md|file:docs/adr-0007-helix-mesh.md|file:docs/guide-onboarding.md|file:docs/runbook-gateway-rollback.md|file:docs/runbook-mesh-rollback-legacy.md,file:docs/reference-calderctl.md|file:docs/adr-0007-helix-mesh.md|file:docs/guide-onboarding.md|file:docs/runbook-gateway-rollback.md|file:docs/runbook-mesh-rollback-legacy.md
cross tend 6,5,0,0,file:docs/runbook-gateway-rollback.md|file:docs/runbook-mesh-rollback-legacy.md|file:docs/postmortem-checkout-outage.md|file:docs/guide-onboarding.md|file:docs/adr-0019-calder-gateway.md,file:docs/runbook-gateway-rollback.md|file:docs/runbook-mesh-rollback-legacy.md|file:docs/postmortem-checkout-outage.md|file:docs/guide-onboarding.md|file:docs/adr-0019-calder-gateway.md
develop version tier,5,0,0,file:docs/reference-deployment-tiers.md|file:docs/reference-calderctl.md|file:docs/guide-onboarding.md|file:docs/runbook-mesh-rollback-legacy.md|file:docs/runbook-gateway-rollback.md,file:docs/reference-deployment-tiers.md|file:docs/reference-calderctl.md|file:docs/guide-onboarding.md|file:docs/runbook-mesh-rollback-legacy.md|file:docs/runbook-gateway-rollback.md
document 09 helix,5,0,0,file:docs/postmortem-checkout-outage.md|file:docs/adr-0007-helix-mesh.md|file:docs/adr-0019-calder-gateway.md|file:docs/runbook-mesh-rollback-legacy.md|file:docs/reference-calderctl.md,file:docs/postmortem-checkout-outage.md|file:docs/adr-0007-helix-mesh.md|file:docs/adr-0019-calder-gateway.md|file:docs/runbook-mesh-rollback-legacy.md|file:docs/reference-calderctl.md
drove 35 network,5,0,0,file:docs/adr-0019-calder-gateway.md|file:docs/policy-data-retention.md|file:docs/postmortem-checkout-outage.md|file:docs/guide-oncall-rota.md|file:docs/runbook-gateway-rollback.md,file:docs/adr-0019-calder-gateway.md|file:docs/policy-data-retention.md|file:docs/postmortem-checkout-outage.md|file:docs/guide-oncall-rota.md|file:docs/runbook-gateway-rollback.md
emit expir doe,5,0,0,file:docs/policy-data-retention.md|file:docs/adr-0007-helix-mesh.md|file:docs/reference-deployment-tiers.md|file:docs/guide-onboarding.md|file:docs/postmortem-checkout-outage.md,file:docs/policy-data-retention.md|file:docs/adr-0007-helix-mesh.md|file:docs/reference-deployment-tiers.md|file:docs/guide-onboarding.md|file:docs/postmortem-checkout-outage.md
event implement request,5,0,0,file:docs/adr-0007-helix-mesh.md|file:docs/postmortem-checkout-outage.md|file:docs/adr-0019-calder-gateway.md|file:docs/policy-data-retention.md|file:docs/reference-deployment-tiers.md,file:docs/adr-0007-helix-mesh.md|file:docs/postmortem-checkout-outage.md|file:docs/adr-0019-calder-gateway.md|file:docs/policy-data-retention.md|file:docs/reference-deployment-tiers.md
000 made becaus,2,0,0,file:docs/postmortem-checkout-outage.md|file:docs/guide-oncall-rota.md,file:docs/postmortem-checkout-outage.md|file:docs/guide-oncall-rota.md
12 note fail,5,0,0,file:docs/runbook-gateway-rollback.md|file:docs/guide-oncall-rota.md|file:docs/adr-0007-helix-mesh.md|file:docs/runbook-mesh-rollback-legacy.md|file:docs/postmortem-checkout-outage.md,file:docs/runbook-gateway-rollback.md|file:docs/guide-oncall-rota.md|file:docs/adr-0007-helix-mesh.md|file:docs/runbook-mesh-rollback-legacy.md|file:docs/postmortem-checkout-outage.md
27 protect singl,5,0,0,file:docs/postmortem-checkout-outage.md|file:docs/policy-data-retention.md|file:docs/reference-deployment-tiers.md|file:docs/runbook-gateway-rollback.md|file:docs/runbook-mesh-rollback-legacy.md,file:docs/postmortem-checkout-outage.md|file:docs/policy-data-retention.md|file:docs/reference-deployment-tiers.md|file:docs/runbook-gateway-rollback.md|file:docs/runbook-mesh-rollback-legacy.md
35 revenu 2026,5,0,0,file:docs/reference-deployment-tiers.md|file:docs/policy-data-retention.md|file:docs/guide-oncall-rota.md|file:docs/postmortem-checkout-outage.md|file:docs/adr-0019-calder-gateway.md,file:docs/reference-deployment-tiers.md|file:docs/policy-data-retention.md|file:docs/guide-oncall-rota.md|file:docs/postmortem-checkout-outage.md|file:docs/adr-0019-calder-gateway.md
51 show servic,5,0,0,file:docs/postmortem-checkout-outage.md|file:docs/guide-oncall-rota.md|file:docs/reference-calderctl.md|file:docs/guide-onboarding.md|file:docs/reference-deployment-tiers.md,file:docs/postmortem-checkout-outage.md|file:docs/guide-oncall-rota.md|file:docs/reference-calderctl.md|file:docs/guide-onboarding.md|file:docs/reference-deployment-tiers.md
achiev through call,5,0,0,file:docs/adr-0019-calder-gateway.md|file:docs/runbook-mesh-rollback-legacy.md|file:docs/guide-oncall-rota.md|file:docs/postmortem-checkout-outage.md|file:docs/reference-deployment-tiers.md,file:docs/adr-0019-calder-gateway.md|file:docs/runbook-mesh-rollback-legacy.md|file:docs/guide-oncall-rota.md|file:docs/postmortem-checkout-outage.md|file:docs/reference-deployment-tiers.md
adopt want first,5,0,0,file:docs/adr-0007-helix-mesh.md|file:docs/runbook-gateway-rollback.md|file:docs/runbook-mesh-rollback-legacy.md|file:docs/guide-onboarding.md|file:docs/reference-deployment-tiers.md,file:docs/adr-0007-helix-mesh.md|file:docs/runbook-gateway-rollback.md|file:docs/runbook-mesh-rollback-legacy.md|file:docs/guide-onboarding.md|file:docs/reference-deployment-tiers.md
also 12 befor,5,0,0,file:docs/runbook-gateway-rollback.md|file:docs/adr-0019-calder-gateway.md|file:docs/guide-onboarding.md|file:docs/runbook-mesh-rollback-legacy.md|file:docs/reference-calderctl.md,file:docs/runbook-gateway-rollback.md|file:docs/adr-0019-calder-gateway.md|file:docs/guide-onboarding.md|file:docs/runbook-mesh-rollback-legacy.md|file:docs/reference-calderctl.md
argument 38 procedur,5,0,0,file:docs/postmortem-checkout-outage.md|file:docs/reference-deployment-tiers.md|file:docs/runbook-gateway-rollback.md|file:docs/runbook-mesh-rollback-legacy.md|file:docs/reference-calderctl.md,file:docs/postmortem-checkout-outage.md|file:docs/reference-deployment-tiers.md|file:docs/runbook-gateway-rollback.md|file:docs/runbook-mesh-rollback-legacy.md|file:docs/reference-calderctl.md
base expiri 400,5,0,0,file:docs/policy-data-retention.md|file:docs/adr-0019-calder-gateway.md|file:docs/reference-calderctl.md|file:docs/runbook-gateway-rollback.md|file:docs/adr-0007-helix-mesh.md,file:docs/policy-data-retention.md|file:docs/adr-0019-calder-gateway.md|file:docs/reference-calderctl.md|file:docs/runbook-gateway-rollback.md|file:docs/adr-0007-helix-mesh.md
bill independ error,5,0,0,file:docs/policy-data-retention.md|file:docs/guide-onboarding.md|file:docs/guide-oncall-rota.md|file:docs/postmortem-checkout-outage.md|file:docs/runbook-gateway-rollback.md,file:docs/policy-data-retention.md|file:docs/guide-onboarding.md|file:docs/guide-oncall-rota.md|file:docs/postmortem-checkout-outage.md|file:docs/runbook-gateway-rollback.md
bpf make remov,5,0,0,file:docs/adr-0019-calder-gateway.md|file:docs/runbook-gateway-rollback.md|file:docs/guide-oncall-rota.md|file:docs/reference-calderctl.md|file:docs/postmortem-checkout-outage.md,file:docs/adr-0019-calder-gateway.md|file:docs/runbook-gateway-rollback.md|file:docs/guide-oncall-rota.md|file:docs/reference-calderctl.md|file:docs/postmortem-checkout-outage.md
c2 noth write,5,0,0,file:docs/policy-data-retention.md|file:docs/adr-0007-helix-mesh.md|file:docs/reference-calderctl.md|file:docs/runbook-gateway-rollback.md|file:docs/runbook-mesh-rollback-legacy.md,file:docs/policy-data-retention.md|file:docs/adr-0007-helix-mesh.md|file:docs/reference-calderctl.md|file:docs/runbook-gateway-rollback.md|file:docs/runbook-mesh-rollback-legacy.md
cart pull 2,5,0,0,file:docs/reference-deployment-tiers.md|file:docs/adr-0007-helix-mesh.md|file:docs/adr-0019-calder-gateway.md|file:docs/guide-onboarding.md|file:docs/reference-calderctl.md,file:docs/reference-deployment-tiers.md|file:docs/adr-0007-helix-mesh.md|file:docs/adr-0019-calder-gateway.md|file:docs/guide-onboarding.md|file:docs/reference-calderctl.md
claim revert two,5,0,0,file:docs/runbook-gateway-rollback.md|file:docs/runbook-mesh-rollback-legacy.md|file:docs/adr-0019-calder-gateway.md|file:docs/adr-0007-helix-mesh.md|file:docs/reference-calderctl.md,file:docs/runbook-gateway-rollback.md|file:docs/runbook-mesh-rollback-legacy.md|file:docs/adr-0019-calder-gateway.md|file:docs/adr-0007-helix-mesh.md|file:docs/reference-calderctl.md
complianc silent runbook,5,0,0,file:docs/policy-data-retention.md|file:docs/postmortem-checkout-outage.md|file:docs/runbook-mesh-rollback-legacy.md|file:docs/runbook-gateway-rollback.md|file:docs/guide-oncall-rota.md,file:docs/policy-data-retention.md|file:docs/postmortem-checkout-outage.md|file:docs/runbook-mesh-rollback-legacy.md|file:docs/runbook-gateway-rollback.md|file:docs/guide-oncall-rota.md
consecut ticket across,5,0,0,file:docs/guide-oncall-rota.md|file:docs/policy-data-retention.md|file:docs/reference-deployment-tiers.md|file:docs/runbook-mesh-rollback-legacy.md|file:docs/adr-0019-calder-gateway.md,file:docs/guide-oncall-rota.md|file:docs/policy-data-retention.md|file:docs/reference-deployment-tiers.md|file:docs/runbook-mesh-rollback-legacy.md|file:docs/adr-0019-calder-gateway.md
copi whose page,5,0,0,file:docs/reference-calderctl.md|file:docs/postmortem-checkout-outage.md|file:docs/guide-oncall-rota.md|file:docs/reference-deployment-tiers.md|file:docs/guide-onboarding.md,file:docs/reference-calderctl.md|file:docs/postmortem-checkout-outage.md|file:docs/guide-oncall-rota.md|file:docs/reference-deployment-tiers.md|file:docs/guide-onboarding.md
cross 19 team,5,0,0,file:docs/postmortem-checkout-outage.md|file:docs/guide-oncall-rota.md|file:docs/adr-0007-helix-mesh.md|file:docs/reference-deployment-tiers.md|file:docs/guide-onboarding.md,file:docs/postmortem-checkout-outage.md|file:docs/guide-oncall-rota.md|file:docs/adr-0007-helix-mesh.md|file:docs/reference-deployment-tiers.md|file:docs/guide-onboarding.md
develop 44 do,5,0,0,file:docs/reference-deployment-tiers.md|file:docs/postmortem-checkout-outage.md|file:docs/guide-oncall-rota.md|file:docs/guide-onboarding.md|file:docs/runbook-gateway-rollback.md,file:docs/reference-deployment-tiers.md|file:docs/postmortem-checkout-outage.md|file:docs/guide-oncall-rota.md|file:docs/guide-onboarding.md|file:docs/runbook-gateway-rollback.md
document flag oper,4,0,0,file:docs/adr-0007-helix-mesh.md|file:docs/reference-calderctl.md|file:docs/postmortem-checkout-outage.md|file:docs/guide-onboarding.md,file:docs/adr-0007-helix-mesh.md|file:docs/reference-calderctl.md|file:docs/postmortem-checkout-outage.md|file:docs/guide-onboarding.md
drove instead up,5,0,0,file:docs/runbook-gateway-rollback.md|file:docs/runbook-mesh-rollback-legacy.md|file:docs/adr-0019-calder-gateway.md|file:docs/guide-onboarding.md|file:docs/policy-data-retention.md,file:docs/runbook-gateway-rollback.md|file:docs/runbook-mesh-rollback-legacy.md|file:docs/adr-0019-calder-gateway.md|file:docs/guide-onboarding.md|file:docs/policy-data-retention.md
emit mb alert,5,0,0,file:docs/adr-0019-calder-gateway.md|file:docs/policy-data-retention.md|file:docs/guide-onboarding.md|file:docs/adr-0007-helix-mesh.md|file:docs/postmortem-checkout-outage.md,file:docs/adr-0019-calder-gateway.md|file:docs/policy-data-retention.md|file:docs/guide-onboarding.md|file:docs/adr-0007-helix-mesh.md|file:docs/postmortem-checkout-outage.md
event order gatewai,5,0,0,file:docs/reference-deployment-tiers.md|file:docs/postmortem-checkout-outage.md|file:docs/policy-data-retention.md|file:docs/runbook-gateway-rollback.md|file:docs/reference-calderctl.md,file:docs/reference-deployment-tiers.md|file:docs/postmortem-checkout-outage.md|file:docs/policy-data-retention.md|file:docs/runbook-gateway-rollback.md|file:docs/reference-calderctl.md
000 quota on,3,0,0,file:docs/reference-calderctl.md|file:docs/postmortem-checkout-outage.md|file:docs/reference-deployment-tiers.md,file:docs/reference-calderctl.md|file:docs/postmortem-checkout-outage.md|file:docs/reference-deployment-tiers.md
12 routin rather,5,0,0,file:docs/runbook-gateway-rollback.md|file:docs/policy-data-retention.md|file:docs/postmortem-checkout-outage.md|file:docs/adr-0019-calder-gateway.md|file:docs/reference-deployment-tiers.md,file:docs/runbook-gateway-rollback.md|file:docs/policy-data-retention.md|file:docs/postmortem-checkout-outage.md|file:docs/adr-0019-calder-gateway.md|file:docs/reference-deployment-tiers.md
27 simultan most,5,0,0,file:docs/adr-0019-calder-gateway.md|file:docs/postmortem-checkout-outage.md|file:docs/runbook-gateway-rollback.md|file:docs/policy-data-retention.md|file:docs/guide-onboarding.md,file:docs/adr-0019-calder-gateway.md|file:docs/postmortem-checkout-outage.md|file:docs/runbook-gateway-rollback.md|file:docs/policy-data-retention.md|file:docs/guide-onboarding.md
35 timelin s,5,0,0,file:docs/postmortem-checkout-outage.md|file:docs/guide-oncall-rota.md|file:docs/policy-data-retention.md|file:docs/reference-deployment-tiers.md|file:docs/guide-onboarding.md,file:docs/postmortem-checkout-outage.md|file:docs/guide-oncall-rota.md|file:docs/policy-data-retention.md|file:docs/reference-deployment-tiers.md|file:docs/guide-onboarding.md
51 wors data,5,0,0,file:docs/postmortem-checkout-outage.md|file:docs/policy-data-retention.md|file:docs/reference-calderctl.md|file:docs/guide-onboarding.md|file:docs/reference-deployment-tiers.md,file:docs/postmortem-checkout-outage.md|file:docs/policy-data-retention.md|file:docs/reference-calderctl.md|file:docs/guide-onboarding.md|file:docs/reference-deployment-tiers.md
achiev 2023 name,5,0,0,file:docs/adr-0019-calder-gateway.md|file:docs/adr-0007-helix-mesh.md|file:docs/guide-oncall-rota.md|file:docs/postmortem-checkout-outage.md|file:docs/guide-onboarding.md,file:docs/adr-0019-calder-gateway.md|file:docs/adr-0007-helix-mesh.md|file:docs/guide-oncall-rota.md|file:docs/postmortem-checkout-outage.md|file:docs/guide-onboarding.md
adopt 47 stop,5,0,0,file:docs/postmortem-checkout-outage.md|file:docs/adr-0007-helix-mesh.md|file:docs/policy-data-retention.md|file:docs/runbook-gateway-rollback.md|file:docs/runbook-mesh-rollback-legacy.md,file:docs/postmortem-checkout-outage.md|file:docs/adr-0007-helix-mesh.md|file:docs/policy-data-retention.md|file:docs/runbook-gateway-rollback.md|file:docs/runbook-mesh-rollback-legacy.md
also forc 7,5,0,0,file:docs/adr-0019-calder-gateway.md|file:docs/policy-data-retention.md|file:docs/reference-calderctl.md|file:docs/adr-0007-helix-mesh.md|file:docs/reference-deployment-tiers.md,file:docs/adr-0019-calder-gateway.md|file:docs/policy-data-retention.md|file:docs/reference-calderctl.md|file:docs/adr-0007-helix-mesh.md|file:docs/reference-deployment-tiers.md
argument intern titl,3,0,0,file:docs/reference-deployment-tiers.md|file:docs/policy-data-retention.md|file:docs/postmortem-checkout-outage.md,file:docs/reference-deployment-tiers.md|file:docs/policy-data-retention.md|file:docs/postmortem-checkout-outage.md
base median incid,5,0,0,file:docs/adr-0019-calder-gateway.md|file:docs/guide-oncall-rota.md|file:docs/reference-deployment-tiers.md|file:docs/runbook-gateway-rollback.md|file:docs/runbook-mesh-rollback-legacy.md,file:docs/adr-0019-calder-gateway.md|file:docs/guide-oncall-rota.md|file:docs/reference-deployment-tiers.md|file:docs/runbook-gateway-rollback.md|file:docs/runbook-mesh-rollback-legacy.md
bill p50 per,5,0,0,file:docs/adr-0019-calder-gateway.md|file:docs/adr-0007-helix-mesh.md|file:docs/guide-onboarding.md|file:docs/runbook-gateway-rollback.md|file:docs/runbook-mesh-rollback-legacy.md,file:docs/adr-0019-calder-gateway.md|file:docs/adr-0007-helix-mesh.md|file:docs/guide-onboarding.md|file:docs/runbook-gateway-rollback.md|file:docs/runbook-mesh-rollback-legacy.md
bpf rais group,5,0,0,file:docs/adr-0019-calder-gateway.md|file:docs/adr-0007-helix-mesh.md|file:docs/guide-oncall-rota.md|file:docs/policy-data-retention.md|file:docs/reference-deployment-tiers.md,file:docs/adr-0019-calder-gateway.md|file:docs/adr-0007-helix-mesh.md|file:docs/guide-oncall-rota.md|file:docs/policy-data-retention.md|file:docs/reference-deployment-tiers.md
c2 same retri,5,0,0,file:docs/policy-data-retention.md|file:docs/adr-0019-calder-gateway.md|file:docs/guide-onboarding.md|file:docs/adr-0007-helix-mesh.md|file:docs/postmortem-checkout-outage.md,file:docs/policy-data-retention.md|file:docs/adr-0019-calder-gateway.md|file:docs/guide-onboarding.md|file:docs/adr-0007-helix-mesh.md|file:docs/postmortem-checkout-outage.md
cart slow calderctl,5,0,0,file:docs/guide-onboarding.md|file:docs/reference-deployment-tiers.md|file:docs/adr-0007-helix-mesh.md|file:docs/reference-calderctl.md|file:docs/runbook-gateway-rollback.md,file:docs/guide-onboarding.md|file:docs/reference-deployment-tiers.md|file:docs/adr-0007-helix-mesh.md|file:docs/reference-calderctl.md|file:docs/runbook-gateway-rollback.md
claim treat failur,5,0,0,file:docs/guide-onboarding.md|file:docs/adr-0019-calder-gateway.md|file:docs/policy-data-retention.md|file:docs/postmortem-checkout-outage.md|file:docs/guide-oncall-rota.md,file:docs/guide-onboarding.md|file:docs/adr-0019-calder-gateway.md|file:docs/policy-data-retention.md|file:docs/postmortem-checkout-outage.md|file:docs/guide-oncall-rota.md
complianc worth so,5,0,0,file:docs/postmortem-checkout-outage.md|file:docs/policy-data-retention.md|file:docs/adr-0007-helix-mesh.md|file:docs/runbook-gateway-rollback.md|file:docs/runbook-mesh-rollback-legacy.md,file:docs/postmortem-checkout-outage.md|file:docs/policy-data-retention.md|file:docs/adr-0007-helix-mesh.md|file:docs/runbook-gateway-rollback.md|file:docs/runbook-mesh-rollback-legacy.md
consecut 2025 24,5,0,0,file:docs/guide-oncall-rota.md|file:docs/policy-data-retention.md|file:docs/reference-deployment-tiers.md|file:docs/guide-onboarding.md|file:docs/adr-0007-helix-mesh.md,file:docs/guide-oncall-rota.md|file:docs/policy-data-retention.md|file:docs/reference-deployment-tiers.md|file:docs/guide-onboarding.md|file:docs/adr-0007-helix-mesh.md
copi 503 tag,2,0,0,file:docs/reference-calderctl.md|file:docs/postmortem-checkout-outage.md,file:docs/reference-calderctl.md|file:docs/postmortem-checkout-outage.md
cross frozen checkout,5,0,0,file:docs/postmortem-checkout-outage.md|file:docs/adr-0007-helix-mesh.md|file:docs/reference-calderctl.md|file:docs/reference-deployment-tiers.md|file:docs/runbook-mesh-rollback-legacy.md,file:docs/postmortem-checkout-outage.md|file:docs/adr-0007-helix-mesh.md|file:docs/reference-calderctl.md|file:docs/reference-deployment-tiers.md|file:docs/runbook-mesh-rollback-legacy.md
develop languag legaci,5,0,0,file:docs/reference-deployment-tiers.md|file:docs/adr-0019-calder-gateway.md|file:docs/adr-0007-helix-mesh.md|file:docs/runbook-mesh-rollback-legacy.md|file:docs/reference-calderctl.md,file:docs/reference-deployment-tiers.md|file:docs/adr-0019-calder-gateway.md|file:docs/adr-0007-helix-mesh.md|file:docs/runbook-mesh-rollback-legacy.md|file:docs/reference-calderctl.md
document mid config,5,0,0,file:docs/guide-oncall-rota.md|file:docs/reference-calderctl.md|file:docs/postmortem-checkout-outage.md|file:docs/runbook-gateway-rollback.md|file:docs/adr-0019-calder-gateway.md,file:docs/guide-oncall-rota.md|file:docs/reference-calderctl.md|file:docs/postmortem-checkout-outage.md|file:docs/runbook-gateway-rollback.md|file:docs/adr-0019-calder-gateway.md
drove p99 proxi,5,0,0,file:docs/adr-0019-calder-gateway.md|file:docs/runbook-gateway-rollback.md|file:docs/runbook-mesh-rollback-legacy.md|file:docs/guide-onboarding.md|file:docs/guide-oncall-rota.md,file:docs/adr-0019-calder-gateway.md|file:docs/runbook-gateway-rollback.md|file:docs/runbook-mesh-rollback-legacy.md|file:docs/guide-onboarding.md|file:docs/guide-oncall-rota.md
emit reach 5,5,0,0,file:docs/policy-data-retention.md|file:docs/reference-deployment-tiers.md|file:docs/adr-0019-calder-gateway.md|file:docs/runbook-gateway-rollback.md|file:docs/runbook-mesh-rollback-legacy.md,file:docs/policy-data-retention.md|file:docs/reference-deployment-tiers.md|file:docs/adr-0019-calder-gateway.md|file:docs/runbook-gateway-rollback.md|file:docs/runbook-mesh-rollback-legacy.md
event search exactli,5,0,0,file:docs/postmortem-checkout-outage.md|file:docs/reference-deployment-tiers.md|file:docs/policy-data-retention.md|file:docs/runbook-mesh-rollback-legacy.md|file:docs/guide-onboarding.md,file:docs/postmortem-checkout-outage.md|file:docs/reference-deployment-tiers.md|file:docs/policy-data-retention.md|file:docs/runbook-mesh-rollback-legacy.md|file:docs/guide-onboarding.md
000 small second,5,0,0,file:docs/postmortem-checkout-outage.md|file:docs/runbook-gateway-rollback.md|file:docs/runbook-mesh-rollback-legacy.md|file:docs/guide-oncall-rota.md|file:docs/reference-deployment-tiers.md,file:docs/postmortem-checkout-outage.md|file:docs/runbook-gateway-rollback.md|file:docs/runbook-mesh-rollback-legacy.md|file:docs/guide-oncall-rota.md|file:docs/reference-deployment-tiers.md
12 tune wrong,5,0,0,file:docs/runbook-gateway-rollback.md|file:docs/runbook-mesh-rollback-legacy.md|file:docs/adr-0019-calder-gateway.md|file:docs/postmortem-checkout-outage.md|file:docs/reference-calderctl.md,file:docs/runbook-gateway-rollback.md|file:docs/runbook-mesh-rollback-legacy.md|file:docs/adr-0019-calder-gateway.md|file:docs/postmortem-checkout-outage.md|file:docs/reference-calderctl.md
27 would 3,5,0,0,file:docs/postmortem-checkout-outage.md|file:docs/adr-0007-helix-mesh.md|file:docs/guide-onboarding.md|file:docs/reference-deployment-tiers.md|file:docs/guide-oncall-rota.md,file:docs/postmortem-checkout-outage.md|file:docs/adr-0007-helix-mesh.md|file:docs/guide-onboarding.md|file:docs/reference-deployment-tiers.md|file:docs/guide-oncall-rota.md
35 22 4,5,0,0,file:docs/guide-oncall-rota.md|file:docs/policy-data-retention.md|file:docs/postmortem-checkout-outage.md|file:docs/guide-onboarding.md|file:docs/adr-0019-calder-gateway.md,file:docs/guide-oncall-rota.md|file:docs/policy-data-retention.md|file:docs/postmortem-checkout-outage.md|file:docs/guide-onboarding.md|file:docs/adr-0019-calder-gateway.md
51 51 0019,5,0,0,file:docs/postmortem-checkout-outage.md|file:docs/adr-0019-calder-gateway.md|file:docs/adr-0007-helix-mesh.md|file:docs/reference-deployment-tiers.md|file:docs/runbook-gateway-rollback.md,file:docs/postmortem-checkout-outage.md|file:docs/adr-0019-calder-gateway.md|file:docs/adr-0007-helix-mesh.md|file:docs/reference-deployment-tiers.md|file:docs/runbook-gateway-rollback.md
achiev get all,5,0,0,file:docs/adr-0019-calder-gateway.md|file:docs/adr-0007-helix-mesh.md|file:docs/guide-onboarding.md|file:docs/guide-oncall-rota.md|file:docs/runbook-mesh-rollback-legacy.md,file:docs/adr-0019-calder-gateway.md|file:docs/adr-0007-helix-mesh.md|file:docs/guide-onboarding.md|file:docs/guide-oncall-rota.md|file:docs/runbook-mesh-rollback-legacy.md
adopt larg path,5,0,0,file:docs/adr-0007-helix-mesh.md|file:docs/runbook-gateway-rollback.md|file:docs/runbook-mesh-rollback-legacy.md|file:docs/reference-deployment-tiers.md|file:docs/guide-oncall-rota.md,file:docs/adr-0007-helix-mesh.md|file:docs/runbook-gateway-rollback.md|file:docs/runbook-mesh-rollback-legacy.md|file:docs/reference-deployment-tiers.md|file:docs/guide-oncall-rota.md
also misconfigur time,5,0,0,file:docs/adr-0019-calder-gateway.md|file:docs/guide-oncall-rota.md|file:docs/reference-deployment-tiers.md|file:docs/runbook-gateway-rollback.md|file:docs/reference-calderctl.md,file:docs/adr-0019-calder-gateway.md|file:docs/guide-oncall-rota.md|file:docs/reference-deployment-tiers.md|file:docs/runbook-gateway-rollback.md|file:docs/reference-calderctl.md
argument person dry,5,0,0,file:docs/reference-deployment-tiers.md|file:docs/guide-oncall-rota.md|file:docs/policy-data-retention.md|file:docs/reference-calderctl.md|file:docs/runbook-gateway-rollback.md,file:docs/reference-deployment-tiers.md|file:docs/guide-oncall-rota.md|file:docs/policy-data-retention.md|file:docs/reference-calderctl.md|file:docs/runbook-gateway-rollback.md
base reason out,5,0,0,file:docs/adr-0019-calder-gateway.md|file:docs/policy-data-retention.md|file:docs/adr-0007-helix-mesh.md|file:docs/reference-deployment-tiers.md|file:docs/reference-calderctl.md,file:docs/adr-0019-calder-gateway.md|file:docs/policy-data-retention.md|file:docs/adr-0007-helix-mesh.md|file:docs/reference-deployment-tiers.md|file:docs/reference-calderctl.md
bill separ window,5,0,0,file:docs/guide-onboarding.md|file:docs/adr-0007-helix-mesh.md|file:docs/policy-data-retention.md|file:docs/reference-deployment-tiers.md|file:docs/reference-calderctl.md,file:docs/guide-onboarding.md|file:docs/adr-0007-helix-mesh.md|file:docs/policy-data-retention.md|file:docs/reference-deployment-tiers.md|file:docs/reference-calderctl.md
bpf store ani,5,0,0,file:docs/adr-0019-calder-gateway.md|file:docs/policy-data-retention.md|file:docs/runbook-gateway-rollback.md|file:docs/reference-calderctl.md|file:docs/runbook-mesh-rollback-legacy.md,file:docs/adr-0019-calder-gateway.md|file:docs/policy-data-retention.md|file:docs/runbook-gateway-rollback.md|file:docs/reference-calderctl.md|file:docs/runbook-mesh-rollback-legacy.md
c2 turn platform,5,0,0,file:docs/policy-data-retention.md|file:docs/adr-0007-helix-mesh.md|file:docs/guide-onboarding.md|file:docs/guide-oncall-rota.md|file:docs/postmortem-checkout-outage.md,file:docs/policy-data-retention.md|file:docs/adr-0007-helix-mesh.md|file:docs/guide-onboarding.md|file:docs/guide-oncall-rota.md|file:docs/postmortem-checkout-outage.md
cart written rollback,5,0,0,file:docs/reference-deployment-tiers.md|file:docs/guide-oncall-rota.md|file:docs/postmortem-checkout-outage.md|file:docs/runbook-gateway-rollback.md|file:docs/runbook-mesh-rollback-legacy.md,file:docs/reference-deployment-tiers.md|file:docs/guide-oncall-rota.md|file:docs/postmortem-checkout-outage.md|file:docs/runbook-gateway-rollback.md|file:docs/runbook-mesh-rollback-legacy.md
claim 27 run,5,0,0,file:docs/postmortem-checkout-outage.md|file:docs/adr-0019-calder-gateway.md|file:docs/runbook-mesh-rollback-legacy.md|file:docs/reference-calderctl.md|file:docs/runbook-gateway-rollback.md,file:docs/postmortem-checkout-outage.md|file:docs/adr-0019-calder-gateway.md|file:docs/runbook-mesh-rollback-legacy.md|file:docs/reference-calderctl.md|file:docs/runbook-gateway-rollback.md
complianc abl oncal,5,0,0,file:docs/policy-data-retention.md|file:docs/guide-oncall-rota.md|file:docs/runbook-gateway-rollback.md|file:docs/runbook-mesh-rollback-legacy.md|file:docs/reference-deployment-tiers.md,file:docs/policy-data-retention.md|file:docs/guide-oncall-rota.md|file:docs/runbook-gateway-rollback.md|file:docs/runbook-mesh-rollback-legacy.md|file:docs/reference-deployment-tiers.md
consecut good see,5,0,0,file:docs/guide-oncall-rota.md|file:docs/runbook-gateway-rollback.md|file:docs/runbook-mesh-rollback-legacy.md|file:docs/guide-onboarding.md|file:docs/reference-deployment-tiers.md,file:docs/guide-oncall-rota.md|file:docs/runbook-gateway-rollback.md|file:docs/runbook-mesh-rollback-legacy.md|file:docs/guide-onboarding.md|file:docs/reference-deployment-tiers.md
copi level decid,5,0,0,file:docs/reference-calderctl.md|file:docs/adr-0019-calder-gateway.md|file:docs/guide-onboarding.md|file:docs/reference-deployment-tiers.md|file:docs/guide-oncall-rota.md,file:docs/reference-calderctl.md|file:docs/adr-0019-calder-gateway.md|file:docs/guide-onboarding.md|file:docs/reference-deployment-tiers.md|file:docs/guide-oncall-rota.md
cross mitig node,5,0,0,file:docs/postmortem-checkout-outage.md|file:docs/adr-0019-calder-gateway.md|file:docs/runbook-gateway-rollback.md|file:docs/reference-calderctl.md|file:docs/guide-oncall-rota.md,file:docs/postmortem-checkout-outage.md|file:docs/adr-0019-calder-gateway.md|file:docs/runbook-gateway-rollback.md|file:docs/reference-calderctl.md|file:docs/guide-oncall-rota.md
develop post tool,5,0,0,file:docs/reference-deployment-tiers.md|file:docs/runbook-gateway-rollback.md|file:docs/runbook-mesh-rollback-legacy.md|file:docs/policy-data-retention.md|file:docs/reference-calderctl.md,file:docs/reference-deployment-tiers.md|file:docs/runbook-gateway-rollback.md|file:docs/runbook-mesh-rollback-legacy.md|file:docs/policy-data-retention.md|file:docs/reference-calderctl.md
document recoveri 8,5,0,0,file:docs/postmortem-checkout-outage.md|file:docs/runbook-gateway-rollback.md|file:docs/runbook-mesh-rollback-legacy.md|file:docs/adr-0019-calder-gateway.md|file:docs/adr-0007-helix-mesh.md,file:docs/postmortem-checkout-outage.md|file:docs/runbook-gateway-rollback.md|file:docs/runbook-mesh-rollback-legacy.md|file:docs/adr-0019-calder-gateway.md|file:docs/adr-0007-helix-mesh.md
drove serv calder,5,0,0,file:docs/adr-0019-calder-gateway.md|file:docs/runbook-gateway-rollback.md|file:docs/guide-onboarding.md|file:docs/adr-0007-helix-mesh.md|file:docs/reference-calderctl.md,file:docs/adr-0019-calder-gateway.md|file:docs/runbook-gateway-rollback.md|file:docs/guide-onboarding.md|file:docs/adr-0007-helix-mesh.md|file:docs/reference-calderctl.md
emit success mesh,5,0,0,file:docs/postmortem-checkout-outage.md|file:docs/policy-data-retention.md|file:docs/reference-calderctl.md|file:docs/runbook-mesh-rollback-legacy.md|file:docs/adr-0007-helix-mesh.md,file:docs/postmortem-checkout-outage.md|file:docs/policy-data-retention.md|file:docs/reference-calderctl.md|file:docs/runbook-mesh-rollback-legacy.md|file:docs/adr-0007-helix-mesh.md
event twice polici,5,0,0,file:docs/postmortem-checkout-outage.md|file:docs/runbook-gateway-rollback.md|file:docs/runbook-mesh-rollback-legacy.md|file:docs/policy-data-retention.md|file:docs/reference-deployment-tiers.md,file:docs/postmortem-checkout-outage.md|file:docs/runbook-gateway-rollback.md|file:docs/runbook-mesh-rollback-legacy.md|file:docs/policy-data-retention.md|file:docs/reference-deployment-tiers.md
000 000 guid,5,0,0,file:docs/postmortem-checkout-outage.md|file:docs/guide-onboarding.md|file:docs/guide-oncall-rota.md|file:docs/adr-0007-helix-mesh.md|file:docs/runbook-gateway-rollback.md,file:docs/postmortem-checkout-outage.md|file:docs/guide-onboarding.md|file:docs/guide-oncall-rota.md|file:docs/adr-0007-helix-mesh.md|file:docs/runbook-gateway-rollback.md
12 270 review,5,0,0,file:docs/adr-0019-calder-gateway.md|file:docs/runbook-gateway-rollback.md|file:docs/reference-deployment-tiers.md|file:docs/adr-0007-helix-mesh.md|file:docs/reference-calderctl.md,file:docs/adr-0019-calder-gateway.md|file:docs/runbook-gateway-rollback.md|file:docs/reference-deployment-tiers.md|file:docs/adr-0007-helix-mesh.md|file:docs/reference-calderctl.md
27 absorb chang,5,0,0,file:docs/reference-deployment-tiers.md|file:docs/postmortem-checkout-outage.md|file:docs/adr-0019-calder-gateway.md|file:docs/guide-onboarding.md|file:docs/adr-0007-helix-mesh.md,file:docs/reference-deployment-tiers.md|file:docs/postmortem-checkout-outage.md|file:docs/adr-0019-calder-gateway.md|file:docs/guide-onboarding.md|file:docs/adr-0007-helix-mesh.md
35 happen minut,5,0,0,file:docs/policy-data-retention.md|file:docs/guide-onboarding.md|file:docs/adr-0019-calder-gateway.md|file:docs/postmortem-checkout-outage.md|file:docs/guide-oncall-rota.md,file:docs/policy-data-retention.md|file:docs/guide-onboarding.md|file:docs/adr-0019-calder-gateway.md|file:docs/postmortem-checkout-outage.md|file:docs/guide-oncall-rota.md
,0,0,0,,
the,0,0,0,,
a the is of and,0,0,0,,
x,0,0,0,,
zzzzzzzzzzzz,0,0,0,,
Å,0,0,0,,
00112233445566778899aabbccddeeff,0,0,0,,
deadbeefdeadbeef,0,0,0,,
index index index index index index index index index index index index index index index index index index index index index index index index index index index index index index index index index index index index index index index index index index index index index index index index index index index index index index index index index index index index index index index index,1,0,0,file:docs/policy-data-retention.md,file:docs/policy-data-retention.md
why did pruning fail,5,0,0,file:docs/postmortem-checkout-outage.md|file:docs/adr-0007-helix-mesh.md|file:docs/runbook-mesh-rollback-legacy.md|file:docs/runbook-gateway-rollback.md|file:docs/guide-oncall-rota.md,file:docs/postmortem-checkout-outage.md|file:docs/adr-0007-helix-mesh.md|file:docs/runbook-mesh-rollback-legacy.md|file:docs/runbook-gateway-rollback.md|file:docs/guide-oncall-rota.md
what format is the committed index,1,0,0,file:docs/policy-data-retention.md,file:docs/policy-data-retention.md
supersession penalty safe interval,1,0,0,file:docs/runbook-gateway-rollback.md,file:docs/runbook-gateway-rollback.md
