id	rung	band	answerable	rank1	rank2	rank3	rank4	rank5
g001	rung-seed	partial	true	seed/archive/a04-driver-hours-policy-2019.md	seed/08-driver-hours-and-safety-policy.md	seed/04-night-shift-handover-log.txt	seed/archive/a05-induction-checklist-2020.txt	seed/13-dock-scheduling-rules-2026.md
g001	rung-00100	partial	true	seed/archive/a04-driver-hours-policy-2019.md	seed/08-driver-hours-and-safety-policy.md	ext/archive/00025-hours-retired.md	ext/sibling/00026-hours.md	seed/04-night-shift-handover-log.txt
g001	rung-00200	partial	true	seed/archive/a04-driver-hours-policy-2019.md	seed/08-driver-hours-and-safety-policy.md	ext/archive/00095-hours-retired.md	ext/archive/00025-hours-retired.md	ext/sibling/00026-hours.md
g001	rung-00500	partial	true	seed/archive/a04-driver-hours-policy-2019.md	seed/08-driver-hours-and-safety-policy.md	ext/archive/00235-hours-retired.md	ext/archive/00095-hours-retired.md	ext/archive/00305-hours-retired.md
g001	rung-01000	partial	true	seed/archive/a04-driver-hours-policy-2019.md	seed/08-driver-hours-and-safety-policy.md	ext/sibling/00936-hours.md	ext/sibling/00446-hours.md	ext/sibling/00586-hours.md
g002	rung-seed	partial	true	seed/03-postmortem-nagpur-vaccine-excursion.md	seed/01-sop-temperature-excursion.md	seed/archive/a02-kalpa-alert-routing-guide-2021.md	seed/04-night-shift-handover-log.txt	seed/08-driver-hours-and-safety-policy.md
g002	rung-00100	partial	true	ext/sibling/a03-petrichor-postmortem-insulin.md	ext/sibling/a04-okapi-night-handover.txt	ext/sibling/a01-marrowbeck-excursion-sop.md	seed/archive/a02-kalpa-alert-routing-guide-2021.md	ext/sibling/00010-postmortem.md
g002	rung-00200	partial	true	ext/sibling/a03-petrichor-postmortem-insulin.md	ext/sibling/a04-okapi-night-handover.txt	seed/archive/a02-kalpa-alert-routing-guide-2021.md	ext/sibling/a01-marrowbeck-excursion-sop.md	ext/sibling/00010-postmortem.md
g002	rung-00500	partial	true	ext/sibling/a03-petrichor-postmortem-insulin.md	seed/archive/a02-kalpa-alert-routing-guide-2021.md	ext/sibling/a01-marrowbeck-excursion-sop.md	ext/sibling/a04-okapi-night-handover.txt	ext/sibling/00229-postmortem.md
g002	rung-01000	partial	true	ext/sibling/a03-petrichor-postmortem-insulin.md	seed/archive/a02-kalpa-alert-routing-guide-2021.md	ext/sibling/a01-marrowbeck-excursion-sop.md	ext/sibling/a04-okapi-night-handover.txt	ext/sibling/00229-postmortem.md
g003	rung-seed	partial	true	seed/01-sop-temperature-excursion.md	seed/archive/a01-sop-temperature-excursion-rev2.md	seed/03-postmortem-nagpur-vaccine-excursion.md	seed/14-customer-notification-matrix-2025.md	seed/15-customer-notification-matrix-2026.md
g003	rung-00100	weak	true	ext/sibling/a01-marrowbeck-excursion-sop.md	seed/archive/a01-sop-temperature-excursion-rev2.md	seed/01-sop-temperature-excursion.md	ext/sibling/a03-petrichor-postmortem-insulin.md	seed/03-postmortem-nagpur-vaccine-excursion.md
g003	rung-00200	weak	true	ext/sibling/a01-marrowbeck-excursion-sop.md	seed/archive/a01-sop-temperature-excursion-rev2.md	seed/01-sop-temperature-excursion.md	ext/sibling/00126-sop.md	ext/sibling/a03-petrichor-postmortem-insulin.md
g003	rung-00500	weak	true	ext/sibling/a01-marrowbeck-excursion-sop.md	seed/archive/a01-sop-temperature-excursion-rev2.md	seed/01-sop-temperature-excursion.md	ext/sibling/00453-sop.md	ext/sibling/00126-sop.md
g003	rung-01000	weak	true	ext/sibling/a01-marrowbeck-excursion-sop.md	seed/archive/a01-sop-temperature-excursion-rev2.md	seed/01-sop-temperature-excursion.md	ext/sibling/00476-sop.md	ext/sibling/00819-sop.md
g004	rung-seed	weak	true	seed/10-new-joiner-faq.md	seed/08-driver-hours-and-safety-policy.md	seed/archive/a05-induction-checklist-2020.txt	seed/02-sensor-thresholds.yaml	seed/11-decision-telematics-vendor-2026.md
g004	rung-00100	weak	true	ext/sibling/00010-postmortem.md	ext/sibling/00043-postmortem.md	ext/sibling/00049-postmortem.md	ext/sibling/a03-petrichor-postmortem-insulin.md	seed/10-new-joiner-faq.md
g004	rung-00200	weak	true	ext/sibling/00010-postmortem.md	ext/sibling/00130-postmortem.md	ext/sibling/00136-postmortem.md	ext/sibling/00066-postmortem.md	ext/sibling/00043-postmortem.md
g004	rung-00500	weak	true	ext/sibling/00229-postmortem.md	ext/sibling/00010-postmortem.md	ext/sibling/00310-postmortem.md	ext/sibling/00416-postmortem.md	ext/sibling/00223-postmortem.md
g004	rung-01000	weak	true	ext/sibling/00229-postmortem.md	ext/sibling/00589-postmortem.md	seed/10-new-joiner-faq.md	ext/sibling/00670-postmortem.md	ext/sibling/00010-postmortem.md
g005	rung-seed	partial	true	seed/04-night-shift-handover-log.txt	seed/09-dock-scheduling-wiki-export.html	seed/03-postmortem-nagpur-vaccine-excursion.md	seed/14-customer-notification-matrix-2025.md	seed/13-dock-scheduling-rules-2026.md
g005	rung-00100	weak	true	seed/04-night-shift-handover-log.txt	seed/09-dock-scheduling-wiki-export.html	ext/sibling/a01-marrowbeck-excursion-sop.md	seed/14-customer-notification-matrix-2025.md	seed/03-postmortem-nagpur-vaccine-excursion.md
g005	rung-00200	grounded	true	ext/filler/00148-release-notes.md	seed/04-night-shift-handover-log.txt	seed/09-dock-scheduling-wiki-export.html	seed/14-customer-notification-matrix-2025.md	ext/sibling/a01-marrowbeck-excursion-sop.md
g005	rung-00500	grounded	true	ext/filler/00148-release-notes.md	ext/sibling/00349-postmortem.md	ext/sibling/00206-postmortem.md	ext/sibling/00403-postmortem.md	seed/09-dock-scheduling-wiki-export.html
g005	rung-01000	grounded	true	ext/filler/00148-release-notes.md	ext/sibling/00349-postmortem.md	ext/sibling/00463-postmortem.md	ext/sibling/00206-postmortem.md	ext/sibling/00613-dockwiki.html
g006	rung-seed	partial	true	seed/10-new-joiner-faq.md	seed/01-sop-temperature-excursion.md	seed/09-dock-scheduling-wiki-export.html	seed/05-decision-telematics-vendor-2023.md	seed/archive/a03-dock-scheduling-wiki-2021.html
g006	rung-00100	partial	true	seed/10-new-joiner-faq.md	seed/01-sop-temperature-excursion.md	ext/archive/00055-sop-retired.md	ext/sibling/00033-sop.md	ext/sibling/00039-sop.md
g006	rung-00200	partial	true	seed/10-new-joiner-faq.md	ext/archive/00125-sop-retired.md	ext/archive/00055-sop-retired.md	seed/01-sop-temperature-excursion.md	ext/sibling/00080-decision.md
g006	rung-00500	partial	true	seed/10-new-joiner-faq.md	ext/archive/00125-sop-retired.md	ext/archive/00405-sop-retired.md	ext/archive/00195-sop-retired.md	ext/archive/00265-sop-retired.md
g006	rung-01000	partial	true	seed/10-new-joiner-faq.md	ext/archive/00545-sop-retired.md	ext/archive/00475-sop-retired.md	ext/archive/00615-sop-retired.md	ext/archive/00895-sop-retired.md
g007	rung-seed	partial	true	seed/09-dock-scheduling-wiki-export.html	seed/04-night-shift-handover-log.txt	seed/10-new-joiner-faq.md	seed/06-re-fw-telematics-cutover.eml	seed/01-sop-temperature-excursion.md
g007	rung-00100	partial	true	ext/adjacent/a10-vantorix-it-access.md	ext/sibling/a07-halberd-dock-wiki.html	seed/09-dock-scheduling-wiki-export.html	seed/10-new-joiner-faq.md	seed/06-re-fw-telematics-cutover.eml
g007	rung-00200	partial	true	ext/adjacent/a10-vantorix-it-access.md	ext/sibling/a07-halberd-dock-wiki.html	seed/09-dock-scheduling-wiki-export.html	seed/10-new-joiner-faq.md	seed/06-re-fw-telematics-cutover.eml
g007	rung-00500	partial	true	ext/adjacent/a10-vantorix-it-access.md	ext/sibling/a07-halberd-dock-wiki.html	seed/09-dock-scheduling-wiki-export.html	seed/10-new-joiner-faq.md	seed/06-re-fw-telematics-cutover.eml
g007	rung-01000	partial	true	ext/adjacent/a10-vantorix-it-access.md	ext/sibling/a07-halberd-dock-wiki.html	seed/09-dock-scheduling-wiki-export.html	seed/10-new-joiner-faq.md	seed/06-re-fw-telematics-cutover.eml
g008	rung-seed	partial	true	seed/05-decision-telematics-vendor-2023.md	seed/archive/a02-kalpa-alert-routing-guide-2021.md	seed/03-postmortem-nagpur-vaccine-excursion.md	seed/01-sop-temperature-excursion.md	seed/10-new-joiner-faq.md
g008	rung-00100	partial	true	ext/adjacent/a11-petrichor-hr-leave.md	seed/05-decision-telematics-vendor-2023.md	ext/adjacent/a13-halberd-insurance-claim.eml	ext/sibling/a08-sundari-notification-matrix.md	ext/archive/00055-sop-retired.md
g008	rung-00200	partial	true	ext/adjacent/a11-petrichor-hr-leave.md	seed/05-decision-telematics-vendor-2023.md	ext/adjacent/a13-halberd-insurance-claim.eml	ext/sibling/a08-sundari-notification-matrix.md	ext/archive/00125-sop-retired.md
g008	rung-00500	partial	true	ext/adjacent/a11-petrichor-hr-leave.md	seed/05-decision-telematics-vendor-2023.md	ext/adjacent/a13-halberd-insurance-claim.eml	ext/sibling/a08-sundari-notification-matrix.md	ext/archive/00125-sop-retired.md
g008	rung-01000	partial	true	ext/adjacent/a11-petrichor-hr-leave.md	ext/adjacent/a13-halberd-insurance-claim.eml	seed/05-decision-telematics-vendor-2023.md	ext/filler/a16-ward-notice.html	ext/sibling/a08-sundari-notification-matrix.md
g009	rung-seed	grounded	true	seed/03-postmortem-nagpur-vaccine-excursion.md	seed/04-night-shift-handover-log.txt	seed/07-rate-card-and-surcharges.md	seed/01-sop-temperature-excursion.md	seed/12-rate-card-2026-h2.md
g009	rung-00100	grounded	true	seed/03-postmortem-nagpur-vaccine-excursion.md	ext/adjacent/a13-halberd-insurance-claim.eml	ext/adjacent/a09-marrowbeck-ammonia-facilities.md	seed/07-rate-card-and-surcharges.md	seed/04-night-shift-handover-log.txt
g009	rung-00200	grounded	true	seed/03-postmortem-nagpur-vaccine-excursion.md	ext/adjacent/a13-halberd-insurance-claim.eml	ext/adjacent/a09-marrowbeck-ammonia-facilities.md	seed/07-rate-card-and-surcharges.md	seed/12-rate-card-2026-h2.md
g009	rung-00500	grounded	true	seed/03-postmortem-nagpur-vaccine-excursion.md	ext/adjacent/a13-halberd-insurance-claim.eml	ext/adjacent/a09-marrowbeck-ammonia-facilities.md	seed/07-rate-card-and-surcharges.md	seed/12-rate-card-2026-h2.md
g009	rung-01000	grounded	true	seed/03-postmortem-nagpur-vaccine-excursion.md	ext/adjacent/a13-halberd-insurance-claim.eml	ext/adjacent/a09-marrowbeck-ammonia-facilities.md	seed/07-rate-card-and-surcharges.md	seed/12-rate-card-2026-h2.md
g010	rung-seed	partial	true	seed/06-re-fw-telematics-cutover.eml	seed/04-night-shift-handover-log.txt	seed/02-sensor-thresholds.yaml	seed/08-driver-hours-and-safety-policy.md	seed/05-decision-telematics-vendor-2023.md
g010	rung-00100	partial	true	seed/06-re-fw-telematics-cutover.eml	seed/04-night-shift-handover-log.txt	seed/02-sensor-thresholds.yaml	ext/adjacent/00007-finance-close.md	ext/adjacent/00021-finance-close.md
g010	rung-00200	partial	true	seed/06-re-fw-telematics-cutover.eml	seed/02-sensor-thresholds.yaml	seed/04-night-shift-handover-log.txt	ext/sibling/00053-decision.md	ext/adjacent/a13-halberd-insurance-claim.eml
g010	rung-00500	partial	true	seed/06-re-fw-telematics-cutover.eml	seed/02-sensor-thresholds.yaml	seed/04-night-shift-handover-log.txt	ext/sibling/00053-decision.md	ext/sibling/00353-decision.md
g010	rung-01000	partial	true	seed/06-re-fw-telematics-cutover.eml	seed/02-sensor-thresholds.yaml	seed/04-night-shift-handover-log.txt	ext/sibling/00053-decision.md	ext/sibling/00353-decision.md
g011	rung-seed	partial	true	seed/09-dock-scheduling-wiki-export.html	seed/13-dock-scheduling-rules-2026.md	seed/archive/a03-dock-scheduling-wiki-2021.html	seed/10-new-joiner-faq.md	seed/04-night-shift-handover-log.txt
g011	rung-00100	partial	true	seed/09-dock-scheduling-wiki-export.html	seed/13-dock-scheduling-rules-2026.md	ext/sibling/a07-halberd-dock-wiki.html	seed/archive/a03-dock-scheduling-wiki-2021.html	seed/10-new-joiner-faq.md
g011	rung-00200	partial	true	seed/09-dock-scheduling-wiki-export.html	seed/13-dock-scheduling-rules-2026.md	ext/sibling/a07-halberd-dock-wiki.html	seed/archive/a03-dock-scheduling-wiki-2021.html	seed/10-new-joiner-faq.md
g011	rung-00500	partial	true	seed/09-dock-scheduling-wiki-export.html	seed/13-dock-scheduling-rules-2026.md	seed/10-new-joiner-faq.md	seed/archive/a03-dock-scheduling-wiki-2021.html	ext/sibling/a07-halberd-dock-wiki.html
g011	rung-01000	partial	true	seed/09-dock-scheduling-wiki-export.html	seed/13-dock-scheduling-rules-2026.md	seed/10-new-joiner-faq.md	seed/archive/a03-dock-scheduling-wiki-2021.html	ext/sibling/a07-halberd-dock-wiki.html
g012	rung-seed	weak	true	seed/13-dock-scheduling-rules-2026.md	seed/03-postmortem-nagpur-vaccine-excursion.md	seed/01-sop-temperature-excursion.md	seed/10-new-joiner-faq.md	seed/archive/a01-sop-temperature-excursion-rev2.md
g012	rung-00100	weak	true	seed/03-postmortem-nagpur-vaccine-excursion.md	ext/sibling/a01-marrowbeck-excursion-sop.md	seed/01-sop-temperature-excursion.md	ext/filler/00042-chess.md	ext/filler/00048-chess.md
g012	rung-00200	weak	true	seed/03-postmortem-nagpur-vaccine-excursion.md	ext/sibling/a01-marrowbeck-excursion-sop.md	seed/01-sop-temperature-excursion.md	ext/sibling/00126-sop.md	ext/sibling/00046-quarantine.md
g012	rung-00500	grounded	true	seed/03-postmortem-nagpur-vaccine-excursion.md	ext/sibling/a01-marrowbeck-excursion-sop.md	ext/sibling/00453-sop.md	seed/01-sop-temperature-excursion.md	ext/sibling/00126-sop.md
g012	rung-01000	grounded	true	seed/03-postmortem-nagpur-vaccine-excursion.md	ext/sibling/a01-marrowbeck-excursion-sop.md	ext/sibling/00819-sop.md	ext/sibling/00476-sop.md	ext/sibling/00453-sop.md
g013	rung-seed	grounded	true	seed/08-driver-hours-and-safety-policy.md	seed/13-dock-scheduling-rules-2026.md	seed/archive/a04-driver-hours-policy-2019.md	seed/11-decision-telematics-vendor-2026.md	seed/archive/a05-induction-checklist-2020.txt
g013	rung-00100	grounded	true	seed/08-driver-hours-and-safety-policy.md	seed/13-dock-scheduling-rules-2026.md	ext/sibling/00026-hours.md	ext/sibling/00033-sop.md	ext/sibling/00046-quarantine.md
g013	rung-00200	weak	true	ext/sibling/00096-hours.md	seed/08-driver-hours-and-safety-policy.md	seed/13-dock-scheduling-rules-2026.md	ext/sibling/00026-hours.md	ext/sibling/00033-sop.md
g013	rung-00500	weak	true	ext/sibling/00446-hours.md	ext/sibling/00376-hours.md	ext/sibling/00096-hours.md	ext/sibling/00166-hours.md	seed/13-dock-scheduling-rules-2026.md
g013	rung-01000	weak	true	ext/sibling/00446-hours.md	ext/sibling/00796-hours.md	ext/sibling/00376-hours.md	ext/sibling/00096-hours.md	ext/sibling/00656-hours.md
g014	rung-seed	weak	true	seed/13-dock-scheduling-rules-2026.md	seed/03-postmortem-nagpur-vaccine-excursion.md	seed/01-sop-temperature-excursion.md	seed/14-customer-notification-matrix-2025.md	seed/15-customer-notification-matrix-2026.md
g014	rung-00100	grounded	true	ext/sibling/00036-notification.md	ext/adjacent/a13-halberd-insurance-claim.eml	ext/sibling/00050-notification.md	ext/sibling/00023-notification.md	ext/sibling/00029-notification.md
g014	rung-00200	grounded	true	ext/sibling/00036-notification.md	ext/adjacent/a13-halberd-insurance-claim.eml	ext/sibling/00143-notification.md	ext/sibling/00050-notification.md	ext/sibling/00023-notification.md
g014	rung-00500	weak	true	ext/sibling/00323-notification.md	ext/sibling/00036-notification.md	ext/sibling/00203-notification.md	ext/sibling/00269-notification.md	ext/adjacent/a13-halberd-insurance-claim.eml
g014	rung-01000	weak	true	ext/sibling/00590-notification.md	ext/sibling/00323-notification.md	ext/sibling/00036-notification.md	ext/sibling/00869-notification.md	ext/sibling/00563-notification.md
g015	rung-seed	grounded	true	seed/06-re-fw-telematics-cutover.eml	seed/11-decision-telematics-vendor-2026.md	seed/02-sensor-thresholds.yaml	seed/05-decision-telematics-vendor-2023.md	seed/04-night-shift-handover-log.txt
g015	rung-00100	grounded	true	seed/06-re-fw-telematics-cutover.eml	seed/11-decision-telematics-vendor-2026.md	seed/02-sensor-thresholds.yaml	ext/adjacent/a09-marrowbeck-ammonia-facilities.md	seed/05-decision-telematics-vendor-2023.md
g015	rung-00200	grounded	true	seed/06-re-fw-telematics-cutover.eml	seed/11-decision-telematics-vendor-2026.md	seed/02-sensor-thresholds.yaml	ext/adjacent/a09-marrowbeck-ammonia-facilities.md	seed/05-decision-telematics-vendor-2023.md
g015	rung-00500	grounded	true	seed/06-re-fw-telematics-cutover.eml	seed/11-decision-telematics-vendor-2026.md	seed/02-sensor-thresholds.yaml	ext/adjacent/a09-marrowbeck-ammonia-facilities.md	seed/05-decision-telematics-vendor-2023.md
g015	rung-01000	grounded	true	seed/06-re-fw-telematics-cutover.eml	seed/11-decision-telematics-vendor-2026.md	seed/02-sensor-thresholds.yaml	ext/adjacent/a09-marrowbeck-ammonia-facilities.md	seed/05-decision-telematics-vendor-2023.md
g016	rung-seed	partial	true	seed/08-driver-hours-and-safety-policy.md	seed/03-postmortem-nagpur-vaccine-excursion.md	seed/04-night-shift-handover-log.txt	seed/01-sop-temperature-excursion.md	seed/09-dock-scheduling-wiki-export.html
g016	rung-00100	grounded	true	ext/filler/a17-beekeeping-minutes.md	ext/filler/a16-ward-notice.html	ext/archive/00035-notification-retired.md	ext/archive/00005-decision-retired.md	ext/archive/00015-ratecard-retired.md
g016	rung-00200	weak	true	ext/filler/a17-beekeeping-minutes.md	ext/filler/a16-ward-notice.html	ext/sibling/a04-okapi-night-handover.txt	seed/08-driver-hours-and-safety-policy.md	seed/04-night-shift-handover-log.txt
g016	rung-00500	weak	true	ext/filler/a16-ward-notice.html	ext/filler/a17-beekeeping-minutes.md	ext/sibling/a04-okapi-night-handover.txt	seed/04-night-shift-handover-log.txt	seed/08-driver-hours-and-safety-policy.md
g016	rung-01000	weak	true	ext/filler/a16-ward-notice.html	ext/filler/a17-beekeeping-minutes.md	seed/04-night-shift-handover-log.txt	ext/sibling/a04-okapi-night-handover.txt	seed/08-driver-hours-and-safety-policy.md
g017	rung-seed	partial	true	seed/04-night-shift-handover-log.txt	seed/09-dock-scheduling-wiki-export.html	seed/05-decision-telematics-vendor-2023.md	seed/03-postmortem-nagpur-vaccine-excursion.md	seed/10-new-joiner-faq.md
g017	rung-00100	partial	true	ext/filler/a17-beekeeping-minutes.md	ext/filler/00052-bicycle.txt	ext/filler/00058-bicycle.txt	ext/sibling/a05-norvell-telematics-decision-2026.md	ext/filler/00028-release-notes.md
g017	rung-00200	partial	true	ext/filler/a17-beekeeping-minutes.md	ext/filler/00052-bicycle.txt	ext/filler/00118-bicycle.txt	ext/filler/00112-bicycle.txt	ext/filler/00058-bicycle.txt
g017	rung-00500	partial	true	ext/filler/a17-beekeeping-minutes.md	ext/sibling/a05-norvell-telematics-decision-2026.md	ext/adjacent/a11-petrichor-hr-leave.md	ext/filler/00412-bicycle.txt	ext/filler/00238-bicycle.txt
g017	rung-01000	partial	true	ext/filler/a17-beekeeping-minutes.md	ext/adjacent/a11-petrichor-hr-leave.md	ext/adjacent/a10-vantorix-it-access.md	ext/sibling/a05-norvell-telematics-decision-2026.md	seed/09-dock-scheduling-wiki-export.html
g018	rung-seed	partial	true	seed/archive/a02-kalpa-alert-routing-guide-2021.md	seed/04-night-shift-handover-log.txt	seed/13-dock-scheduling-rules-2026.md	seed/01-sop-temperature-excursion.md	seed/08-driver-hours-and-safety-policy.md
g018	rung-00100	partial	true	seed/archive/a02-kalpa-alert-routing-guide-2021.md	seed/04-night-shift-handover-log.txt	ext/filler/00042-chess.md	ext/filler/00048-chess.md	ext/sibling/a08-sundari-notification-matrix.md
g018	rung-00200	partial	true	seed/archive/a02-kalpa-alert-routing-guide-2021.md	seed/04-night-shift-handover-log.txt	seed/01-sop-temperature-excursion.md	ext/sibling/a08-sundari-notification-matrix.md	ext/filler/00108-chess.md
g018	rung-00500	partial	true	seed/archive/a02-kalpa-alert-routing-guide-2021.md	seed/04-night-shift-handover-log.txt	seed/01-sop-temperature-excursion.md	seed/10-new-joiner-faq.md	ext/sibling/a04-okapi-night-handover.txt
g018	rung-01000	partial	true	seed/archive/a02-kalpa-alert-routing-guide-2021.md	seed/04-night-shift-handover-log.txt	seed/10-new-joiner-faq.md	seed/01-sop-temperature-excursion.md	ext/sibling/a04-okapi-night-handover.txt
g019	rung-seed	partial	true	seed/01-sop-temperature-excursion.md	seed/archive/a01-sop-temperature-excursion-rev2.md	seed/08-driver-hours-and-safety-policy.md	seed/11-decision-telematics-vendor-2026.md	seed/04-night-shift-handover-log.txt
g019	rung-00100	weak	true	ext/sibling/00033-sop.md	ext/sibling/00046-quarantine.md	ext/sibling/00039-sop.md	ext/sibling/00000-sop.md	ext/sibling/00056-sop.md
g019	rung-00200	weak	true	ext/sibling/00033-sop.md	ext/sibling/00046-quarantine.md	ext/sibling/00060-sop.md	ext/sibling/00120-sop.md	ext/sibling/00126-sop.md
g019	rung-00500	weak	true	ext/sibling/00033-sop.md	ext/sibling/00219-sop.md	ext/sibling/00046-quarantine.md	ext/sibling/00300-sop.md	ext/sibling/00406-sop.md
g019	rung-01000	weak	true	ext/sibling/00033-sop.md	ext/sibling/00219-sop.md	ext/sibling/00933-sop.md	ext/sibling/00046-quarantine.md	ext/sibling/00300-sop.md
g020	rung-seed	partial	true	seed/09-dock-scheduling-wiki-export.html	seed/13-dock-scheduling-rules-2026.md	seed/04-night-shift-handover-log.txt	seed/10-new-joiner-faq.md	seed/08-driver-hours-and-safety-policy.md
g020	rung-00100	partial	true	seed/09-dock-scheduling-wiki-export.html	seed/13-dock-scheduling-rules-2026.md	seed/10-new-joiner-faq.md	ext/sibling/00013-dockwiki.html	ext/sibling/00040-dockwiki.html
g020	rung-00200	partial	true	seed/09-dock-scheduling-wiki-export.html	seed/13-dock-scheduling-rules-2026.md	seed/10-new-joiner-faq.md	ext/sibling/00100-dockwiki.html	ext/sibling/00139-dockwiki.html
g020	rung-00500	partial	true	seed/09-dock-scheduling-wiki-export.html	seed/10-new-joiner-faq.md	seed/13-dock-scheduling-rules-2026.md	ext/sibling/00379-dockwiki.html	ext/sibling/00100-dockwiki.html
g020	rung-01000	partial	true	seed/09-dock-scheduling-wiki-export.html	seed/10-new-joiner-faq.md	seed/13-dock-scheduling-rules-2026.md	ext/sibling/00379-dockwiki.html	ext/sibling/00859-dockwiki.html
g021	rung-seed	partial	true	seed/01-sop-temperature-excursion.md	seed/03-postmortem-nagpur-vaccine-excursion.md	seed/08-driver-hours-and-safety-policy.md	seed/archive/a01-sop-temperature-excursion-rev2.md	seed/14-customer-notification-matrix-2025.md
g021	rung-00100	partial	true	ext/sibling/00046-quarantine.md	ext/sibling/a01-marrowbeck-excursion-sop.md	seed/01-sop-temperature-excursion.md	seed/03-postmortem-nagpur-vaccine-excursion.md	ext/sibling/00033-sop.md
g021	rung-00200	partial	true	ext/sibling/00126-sop.md	ext/sibling/00046-quarantine.md	ext/sibling/a01-marrowbeck-excursion-sop.md	seed/01-sop-temperature-excursion.md	seed/03-postmortem-nagpur-vaccine-excursion.md
g021	rung-00500	partial	true	ext/sibling/00346-postmortem.md	ext/sibling/00276-postmortem.md	ext/sibling/00283-postmortem.md	ext/sibling/00453-sop.md	ext/sibling/00126-sop.md
g021	rung-01000	partial	true	ext/sibling/00550-postmortem.md	ext/sibling/00346-postmortem.md	ext/sibling/00276-postmortem.md	ext/sibling/00529-postmortem.md	ext/sibling/00283-postmortem.md
g022	rung-seed	grounded	true	seed/10-new-joiner-faq.md	seed/01-sop-temperature-excursion.md	seed/08-driver-hours-and-safety-policy.md	seed/archive/a04-driver-hours-policy-2019.md	seed/05-decision-telematics-vendor-2023.md
g022	rung-00100	grounded	true	seed/10-new-joiner-faq.md	seed/08-driver-hours-and-safety-policy.md	seed/archive/a04-driver-hours-policy-2019.md	ext/filler/00008-syllabus.md	ext/filler/00002-syllabus.md
g022	rung-00200	grounded	true	seed/10-new-joiner-faq.md	seed/08-driver-hours-and-safety-policy.md	seed/archive/a04-driver-hours-policy-2019.md	ext/sibling/00106-notification.md	ext/sibling/00029-notification.md
g022	rung-00500	grounded	true	seed/10-new-joiner-faq.md	seed/08-driver-hours-and-safety-policy.md	seed/archive/a04-driver-hours-policy-2019.md	ext/sibling/00106-notification.md	ext/sibling/00029-notification.md
g022	rung-01000	grounded	true	seed/10-new-joiner-faq.md	seed/08-driver-hours-and-safety-policy.md	seed/archive/a04-driver-hours-policy-2019.md	ext/sibling/00106-notification.md	ext/sibling/00029-notification.md
g023	rung-seed	weak	true	seed/10-new-joiner-faq.md	seed/09-dock-scheduling-wiki-export.html	seed/04-night-shift-handover-log.txt	seed/13-dock-scheduling-rules-2026.md	seed/archive/a03-dock-scheduling-wiki-2021.html
g023	rung-00100	weak	true	seed/09-dock-scheduling-wiki-export.html	seed/10-new-joiner-faq.md	ext/sibling/a07-halberd-dock-wiki.html	seed/13-dock-scheduling-rules-2026.md	seed/04-night-shift-handover-log.txt
g023	rung-00200	grounded	true	seed/09-dock-scheduling-wiki-export.html	seed/10-new-joiner-faq.md	seed/13-dock-scheduling-rules-2026.md	ext/sibling/a07-halberd-dock-wiki.html	seed/04-night-shift-handover-log.txt
g023	rung-00500	grounded	true	seed/09-dock-scheduling-wiki-export.html	seed/10-new-joiner-faq.md	seed/13-dock-scheduling-rules-2026.md	ext/sibling/a07-halberd-dock-wiki.html	seed/04-night-shift-handover-log.txt
g023	rung-01000	grounded	true	seed/09-dock-scheduling-wiki-export.html	seed/10-new-joiner-faq.md	seed/13-dock-scheduling-rules-2026.md	ext/sibling/a07-halberd-dock-wiki.html	seed/04-night-shift-handover-log.txt
g024	rung-seed	weak	true	seed/10-new-joiner-faq.md	seed/archive/a05-induction-checklist-2020.txt	seed/11-decision-telematics-vendor-2026.md	seed/13-dock-scheduling-rules-2026.md	seed/04-night-shift-handover-log.txt
g024	rung-00100	weak	true	seed/10-new-joiner-faq.md	seed/archive/a05-induction-checklist-2020.txt	seed/03-postmortem-nagpur-vaccine-excursion.md	seed/02-sensor-thresholds.yaml	seed/11-decision-telematics-vendor-2026.md
g024	rung-00200	weak	true	ext/sibling/00060-sop.md	seed/03-postmortem-nagpur-vaccine-excursion.md	seed/archive/a05-induction-checklist-2020.txt	seed/10-new-joiner-faq.md	seed/02-sensor-thresholds.yaml
g024	rung-00500	grounded	true	ext/sibling/00229-postmortem.md	seed/03-postmortem-nagpur-vaccine-excursion.md	ext/sibling/00060-sop.md	seed/archive/a05-induction-checklist-2020.txt	seed/10-new-joiner-faq.md
g024	rung-01000	grounded	true	ext/sibling/00229-postmortem.md	seed/03-postmortem-nagpur-vaccine-excursion.md	seed/archive/a05-induction-checklist-2020.txt	ext/sibling/00060-sop.md	seed/10-new-joiner-faq.md
g025	rung-seed	weak	true	seed/04-night-shift-handover-log.txt	seed/10-new-joiner-faq.md	seed/01-sop-temperature-excursion.md	seed/02-sensor-thresholds.yaml	seed/05-decision-telematics-vendor-2023.md
g025	rung-00100	grounded	true	ext/sibling/a02-vantorix-sensor-thresholds.yaml	seed/10-new-joiner-faq.md	seed/04-night-shift-handover-log.txt	ext/sibling/00033-sop.md	ext/sibling/00046-quarantine.md
g025	rung-00200	weak	true	ext/sibling/a02-vantorix-sensor-thresholds.yaml	seed/10-new-joiner-faq.md	seed/04-night-shift-handover-log.txt	ext/sibling/00033-sop.md	ext/sibling/00046-quarantine.md
g025	rung-00500	weak	true	ext/sibling/a02-vantorix-sensor-thresholds.yaml	seed/10-new-joiner-faq.md	seed/04-night-shift-handover-log.txt	ext/sibling/00033-sop.md	ext/sibling/00219-sop.md
g025	rung-01000	weak	true	ext/sibling/a02-vantorix-sensor-thresholds.yaml	seed/10-new-joiner-faq.md	seed/04-night-shift-handover-log.txt	ext/sibling/00033-sop.md	ext/sibling/00219-sop.md
g026	rung-seed	partial	true	seed/11-decision-telematics-vendor-2026.md	seed/archive/a05-induction-checklist-2020.txt	seed/06-re-fw-telematics-cutover.eml	seed/13-dock-scheduling-rules-2026.md	seed/08-driver-hours-and-safety-policy.md
g026	rung-00100	grounded	true	seed/11-decision-telematics-vendor-2026.md	ext/adjacent/a10-vantorix-it-access.md	ext/sibling/00026-hours.md	seed/06-re-fw-telematics-cutover.eml	ext/sibling/a03-petrichor-postmortem-insulin.md
g026	rung-00200	grounded	true	seed/11-decision-telematics-vendor-2026.md	ext/adjacent/a10-vantorix-it-access.md	ext/sibling/00026-hours.md	ext/sibling/00096-hours.md	seed/06-re-fw-telematics-cutover.eml
g026	rung-00500	grounded	true	seed/11-decision-telematics-vendor-2026.md	ext/adjacent/a10-vantorix-it-access.md	seed/06-re-fw-telematics-cutover.eml	ext/sibling/00446-hours.md	ext/sibling/00376-hours.md
g026	rung-01000	grounded	true	seed/11-decision-telematics-vendor-2026.md	ext/adjacent/a10-vantorix-it-access.md	seed/06-re-fw-telematics-cutover.eml	seed/05-decision-telematics-vendor-2023.md	seed/02-sensor-thresholds.yaml
g027	rung-seed	partial	true	seed/03-postmortem-nagpur-vaccine-excursion.md	seed/13-dock-scheduling-rules-2026.md	seed/12-rate-card-2026-h2.md	seed/archive/a01-sop-temperature-excursion-rev2.md	seed/11-decision-telematics-vendor-2026.md
g027	rung-00100	partial	true	seed/03-postmortem-nagpur-vaccine-excursion.md	seed/11-decision-telematics-vendor-2026.md	ext/sibling/00006-decision.md	ext/sibling/00059-decision.md	seed/archive/a01-sop-temperature-excursion-rev2.md
g027	rung-00200	partial	true	seed/03-postmortem-nagpur-vaccine-excursion.md	seed/11-decision-telematics-vendor-2026.md	ext/sibling/00006-decision.md	ext/sibling/00146-decision.md	ext/sibling/00059-decision.md
g027	rung-00500	partial	true	seed/03-postmortem-nagpur-vaccine-excursion.md	seed/11-decision-telematics-vendor-2026.md	ext/sibling/00173-decision.md	ext/sibling/00216-decision.md	ext/sibling/00006-decision.md
g027	rung-01000	partial	true	seed/03-postmortem-nagpur-vaccine-excursion.md	seed/11-decision-telematics-vendor-2026.md	seed/12-rate-card-2026-h2.md	ext/sibling/00479-decision.md	ext/sibling/00173-decision.md
g028	rung-seed	partial	true	seed/05-decision-telematics-vendor-2023.md	seed/06-re-fw-telematics-cutover.eml	seed/11-decision-telematics-vendor-2026.md	seed/01-sop-temperature-excursion.md	seed/04-night-shift-handover-log.txt
g028	rung-00100	partial	true	seed/05-decision-telematics-vendor-2023.md	seed/06-re-fw-telematics-cutover.eml	ext/sibling/a05-norvell-telematics-decision-2026.md	seed/11-decision-telematics-vendor-2026.md	ext/adjacent/a10-vantorix-it-access.md
g028	rung-00200	partial	true	seed/05-decision-telematics-vendor-2023.md	seed/06-re-fw-telematics-cutover.eml	seed/11-decision-telematics-vendor-2026.md	ext/sibling/a05-norvell-telematics-decision-2026.md	ext/adjacent/a10-vantorix-it-access.md
g028	rung-00500	partial	true	seed/05-decision-telematics-vendor-2023.md	seed/06-re-fw-telematics-cutover.eml	seed/11-decision-telematics-vendor-2026.md	ext/adjacent/a10-vantorix-it-access.md	ext/sibling/a05-norvell-telematics-decision-2026.md
g028	rung-01000	partial	true	seed/05-decision-telematics-vendor-2023.md	seed/06-re-fw-telematics-cutover.eml	seed/11-decision-telematics-vendor-2026.md	ext/adjacent/a10-vantorix-it-access.md	ext/sibling/a05-norvell-telematics-decision-2026.md
g029	rung-seed	partial	true	seed/09-dock-scheduling-wiki-export.html	seed/13-dock-scheduling-rules-2026.md	seed/08-driver-hours-and-safety-policy.md	seed/04-night-shift-handover-log.txt	seed/archive/a02-kalpa-alert-routing-guide-2021.md
g029	rung-00100	partial	true	seed/13-dock-scheduling-rules-2026.md	ext/sibling/a07-halberd-dock-wiki.html	seed/09-dock-scheduling-wiki-export.html	ext/filler/00042-chess.md	ext/filler/00048-chess.md
g029	rung-00200	partial	true	ext/sibling/a07-halberd-dock-wiki.html	ext/filler/00108-chess.md	ext/filler/00042-chess.md	ext/filler/00102-chess.md	ext/filler/00048-chess.md
g029	rung-00500	partial	true	ext/sibling/a07-halberd-dock-wiki.html	ext/filler/00288-chess.md	ext/filler/00348-chess.md	ext/filler/00108-chess.md	ext/filler/00162-chess.md
g029	rung-01000	partial	true	ext/sibling/a07-halberd-dock-wiki.html	seed/09-dock-scheduling-wiki-export.html	ext/filler/00528-chess.md	ext/filler/00288-chess.md	ext/filler/00888-chess.md
g030	rung-seed	partial	true	seed/04-night-shift-handover-log.txt	seed/09-dock-scheduling-wiki-export.html	seed/13-dock-scheduling-rules-2026.md	seed/12-rate-card-2026-h2.md	seed/archive/a05-induction-checklist-2020.txt
g030	rung-00100	weak	true	seed/09-dock-scheduling-wiki-export.html	seed/04-night-shift-handover-log.txt	seed/13-dock-scheduling-rules-2026.md	ext/sibling/a07-halberd-dock-wiki.html	seed/12-rate-card-2026-h2.md
g030	rung-00200	grounded	true	seed/09-dock-scheduling-wiki-export.html	seed/04-night-shift-handover-log.txt	seed/13-dock-scheduling-rules-2026.md	ext/sibling/a07-halberd-dock-wiki.html	seed/12-rate-card-2026-h2.md
g030	rung-00500	grounded	true	seed/09-dock-scheduling-wiki-export.html	seed/13-dock-scheduling-rules-2026.md	seed/04-night-shift-handover-log.txt	ext/sibling/a07-halberd-dock-wiki.html	seed/12-rate-card-2026-h2.md
g030	rung-01000	grounded	true	seed/09-dock-scheduling-wiki-export.html	seed/13-dock-scheduling-rules-2026.md	seed/04-night-shift-handover-log.txt	ext/sibling/a07-halberd-dock-wiki.html	ext/adjacent/a10-vantorix-it-access.md
g031	rung-seed	partial	true	seed/10-new-joiner-faq.md	seed/04-night-shift-handover-log.txt	seed/03-postmortem-nagpur-vaccine-excursion.md	seed/08-driver-hours-and-safety-policy.md	seed/archive/a05-induction-checklist-2020.txt
g031	rung-00100	partial	true	seed/10-new-joiner-faq.md	ext/archive/00055-sop-retired.md	seed/04-night-shift-handover-log.txt	ext/archive/00035-notification-retired.md	ext/archive/00005-decision-retired.md
g031	rung-00200	partial	true	seed/10-new-joiner-faq.md	ext/archive/00125-sop-retired.md	ext/archive/00055-sop-retired.md	seed/04-night-shift-handover-log.txt	ext/adjacent/a13-halberd-insurance-claim.eml
g031	rung-00500	partial	true	seed/10-new-joiner-faq.md	ext/archive/00125-sop-retired.md	ext/archive/00405-sop-retired.md	ext/archive/00195-sop-retired.md	ext/archive/00265-sop-retired.md
g031	rung-01000	partial	true	seed/10-new-joiner-faq.md	ext/archive/00545-sop-retired.md	ext/archive/00475-sop-retired.md	ext/archive/00615-sop-retired.md	ext/archive/00895-sop-retired.md
g032	rung-seed	partial	true	seed/13-dock-scheduling-rules-2026.md	seed/01-sop-temperature-excursion.md	seed/05-decision-telematics-vendor-2023.md	seed/06-re-fw-telematics-cutover.eml	seed/04-night-shift-handover-log.txt
g032	rung-00100	partial	true	ext/adjacent/a10-vantorix-it-access.md	ext/filler/00042-chess.md	ext/filler/00048-chess.md	ext/adjacent/a13-halberd-insurance-claim.eml	ext/filler/00052-bicycle.txt
g032	rung-00200	partial	true	ext/adjacent/a10-vantorix-it-access.md	ext/filler/00108-chess.md	ext/filler/00042-chess.md	ext/filler/00102-chess.md	ext/filler/00048-chess.md
g032	rung-00500	partial	true	ext/adjacent/a10-vantorix-it-access.md	ext/adjacent/a13-halberd-insurance-claim.eml	ext/filler/00288-chess.md	ext/filler/00348-chess.md	ext/filler/00108-chess.md
g032	rung-01000	partial	true	ext/adjacent/a10-vantorix-it-access.md	ext/adjacent/a13-halberd-insurance-claim.eml	ext/filler/a15-release-notes-tilecutter.md	ext/filler/00528-chess.md	ext/filler/00288-chess.md
g033	rung-seed	grounded	true	seed/01-sop-temperature-excursion.md	seed/archive/a02-kalpa-alert-routing-guide-2021.md	seed/03-postmortem-nagpur-vaccine-excursion.md	seed/02-sensor-thresholds.yaml	seed/13-dock-scheduling-rules-2026.md
g033	rung-00100	weak	true	ext/sibling/00046-quarantine.md	seed/03-postmortem-nagpur-vaccine-excursion.md	seed/archive/a02-kalpa-alert-routing-guide-2021.md	ext/sibling/00010-postmortem.md	ext/sibling/00043-postmortem.md
g033	rung-00200	weak	true	seed/03-postmortem-nagpur-vaccine-excursion.md	ext/sibling/00046-quarantine.md	seed/archive/a02-kalpa-alert-routing-guide-2021.md	ext/sibling/00126-sop.md	seed/01-sop-temperature-excursion.md
g033	rung-00500	weak	true	seed/03-postmortem-nagpur-vaccine-excursion.md	ext/sibling/00346-postmortem.md	ext/sibling/00276-postmortem.md	ext/sibling/00283-postmortem.md	seed/archive/a02-kalpa-alert-routing-guide-2021.md
g033	rung-01000	weak	true	seed/03-postmortem-nagpur-vaccine-excursion.md	ext/sibling/00550-postmortem.md	ext/sibling/00346-postmortem.md	ext/sibling/00276-postmortem.md	ext/sibling/00529-postmortem.md
g034	rung-seed	weak	true	seed/archive/a02-kalpa-alert-routing-guide-2021.md	seed/10-new-joiner-faq.md	seed/archive/a05-induction-checklist-2020.txt	seed/13-dock-scheduling-rules-2026.md	seed/09-dock-scheduling-wiki-export.html
g034	rung-00100	grounded	true	seed/archive/a02-kalpa-alert-routing-guide-2021.md	seed/10-new-joiner-faq.md	seed/archive/a05-induction-checklist-2020.txt	seed/09-dock-scheduling-wiki-export.html	seed/13-dock-scheduling-rules-2026.md
g034	rung-00200	weak	true	seed/archive/a02-kalpa-alert-routing-guide-2021.md	seed/10-new-joiner-faq.md	seed/archive/a05-induction-checklist-2020.txt	seed/09-dock-scheduling-wiki-export.html	ext/sibling/a07-halberd-dock-wiki.html
g034	rung-00500	weak	true	seed/archive/a02-kalpa-alert-routing-guide-2021.md	seed/10-new-joiner-faq.md	seed/archive/a05-induction-checklist-2020.txt	seed/09-dock-scheduling-wiki-export.html	ext/sibling/a07-halberd-dock-wiki.html
g034	rung-01000	weak	true	seed/archive/a02-kalpa-alert-routing-guide-2021.md	seed/10-new-joiner-faq.md	seed/archive/a05-induction-checklist-2020.txt	seed/09-dock-scheduling-wiki-export.html	ext/sibling/a07-halberd-dock-wiki.html
g035	rung-seed	weak	true	seed/04-night-shift-handover-log.txt	seed/13-dock-scheduling-rules-2026.md	seed/07-rate-card-and-surcharges.md	seed/08-driver-hours-and-safety-policy.md	seed/12-rate-card-2026-h2.md
g035	rung-00100	weak	true	seed/04-night-shift-handover-log.txt	seed/13-dock-scheduling-rules-2026.md	seed/07-rate-card-and-surcharges.md	ext/archive/a20-braidwood-rate-card-2023.md	ext/sibling/a06-braidwood-rate-card-2026.md
g035	rung-00200	weak	true	seed/04-night-shift-handover-log.txt	seed/13-dock-scheduling-rules-2026.md	seed/07-rate-card-and-surcharges.md	ext/archive/a20-braidwood-rate-card-2023.md	ext/sibling/a06-braidwood-rate-card-2026.md
g035	rung-00500	weak	true	seed/04-night-shift-handover-log.txt	seed/07-rate-card-and-surcharges.md	seed/13-dock-scheduling-rules-2026.md	ext/archive/a20-braidwood-rate-card-2023.md	ext/sibling/a06-braidwood-rate-card-2026.md
g035	rung-01000	weak	true	seed/04-night-shift-handover-log.txt	seed/07-rate-card-and-surcharges.md	seed/13-dock-scheduling-rules-2026.md	ext/archive/a20-braidwood-rate-card-2023.md	ext/sibling/a06-braidwood-rate-card-2026.md
g036	rung-seed	partial	true	seed/archive/a04-driver-hours-policy-2019.md	seed/08-driver-hours-and-safety-policy.md	seed/archive/a01-sop-temperature-excursion-rev2.md	seed/01-sop-temperature-excursion.md	seed/11-decision-telematics-vendor-2026.md
g036	rung-00100	partial	true	ext/sibling/00026-hours.md	seed/archive/a04-driver-hours-policy-2019.md	seed/08-driver-hours-and-safety-policy.md	seed/archive/a01-sop-temperature-excursion-rev2.md	ext/sibling/00033-sop.md
g036	rung-00200	partial	true	ext/sibling/00026-hours.md	ext/sibling/00096-hours.md	seed/archive/a04-driver-hours-policy-2019.md	seed/08-driver-hours-and-safety-policy.md	seed/archive/a01-sop-temperature-excursion-rev2.md
g036	rung-00500	partial	true	ext/sibling/00446-hours.md	ext/sibling/00376-hours.md	ext/sibling/00026-hours.md	ext/sibling/00096-hours.md	ext/sibling/00236-hours.md
g036	rung-01000	partial	true	ext/sibling/00936-hours.md	ext/sibling/00446-hours.md	ext/sibling/00586-hours.md	ext/sibling/00866-hours.md	ext/sibling/00796-hours.md
g037	rung-seed	partial	true	seed/04-night-shift-handover-log.txt	seed/02-sensor-thresholds.yaml	seed/10-new-joiner-faq.md	seed/06-re-fw-telematics-cutover.eml	seed/01-sop-temperature-excursion.md
g037	rung-00100	partial	true	seed/04-night-shift-handover-log.txt	seed/02-sensor-thresholds.yaml	seed/06-re-fw-telematics-cutover.eml	seed/10-new-joiner-faq.md	seed/11-decision-telematics-vendor-2026.md
g037	rung-00200	partial	true	seed/04-night-shift-handover-log.txt	seed/02-sensor-thresholds.yaml	seed/06-re-fw-telematics-cutover.eml	seed/10-new-joiner-faq.md	seed/11-decision-telematics-vendor-2026.md
g037	rung-00500	partial	true	seed/04-night-shift-handover-log.txt	seed/02-sensor-thresholds.yaml	seed/06-re-fw-telematics-cutover.eml	seed/10-new-joiner-faq.md	ext/sibling/00426-decision.md
g037	rung-01000	partial	true	seed/04-night-shift-handover-log.txt	seed/02-sensor-thresholds.yaml	seed/06-re-fw-telematics-cutover.eml	seed/10-new-joiner-faq.md	seed/11-decision-telematics-vendor-2026.md
g038	rung-seed	partial	true	seed/04-night-shift-handover-log.txt	seed/12-rate-card-2026-h2.md	seed/06-re-fw-telematics-cutover.eml	seed/07-rate-card-and-surcharges.md	seed/05-decision-telematics-vendor-2023.md
g038	rung-00100	partial	true	ext/filler/00028-release-notes.md	ext/filler/00022-release-notes.md	ext/filler/a16-ward-notice.html	seed/04-night-shift-handover-log.txt	seed/12-rate-card-2026-h2.md
g038	rung-00200	partial	true	ext/filler/a16-ward-notice.html	ext/filler/00028-release-notes.md	ext/filler/00148-release-notes.md	ext/filler/00088-release-notes.md	ext/filler/00022-release-notes.md
g038	rung-00500	partial	true	ext/filler/a16-ward-notice.html	ext/filler/00028-release-notes.md	ext/filler/00442-release-notes.md	ext/filler/00448-release-notes.md	ext/filler/00322-release-notes.md
g038	rung-01000	partial	true	ext/filler/a16-ward-notice.html	ext/filler/00028-release-notes.md	ext/filler/00442-release-notes.md	ext/filler/00928-release-notes.md	ext/filler/00448-release-notes.md
g039	rung-seed	partial	true	seed/archive/a04-driver-hours-policy-2019.md	seed/08-driver-hours-and-safety-policy.md	seed/04-night-shift-handover-log.txt	seed/10-new-joiner-faq.md	seed/archive/a05-induction-checklist-2020.txt
g039	rung-00100	grounded	true	seed/archive/a04-driver-hours-policy-2019.md	seed/08-driver-hours-and-safety-policy.md	ext/sibling/00026-hours.md	ext/archive/00025-hours-retired.md	ext/archive/00035-notification-retired.md
g039	rung-00200	grounded	true	seed/archive/a04-driver-hours-policy-2019.md	seed/08-driver-hours-and-safety-policy.md	ext/sibling/00026-hours.md	ext/sibling/00096-hours.md	ext/archive/00095-hours-retired.md
g039	rung-00500	grounded	true	seed/archive/a04-driver-hours-policy-2019.md	seed/08-driver-hours-and-safety-policy.md	ext/sibling/00446-hours.md	ext/sibling/00376-hours.md	ext/sibling/00026-hours.md
g039	rung-01000	grounded	true	seed/archive/a04-driver-hours-policy-2019.md	ext/archive/00725-hours-retired.md	seed/08-driver-hours-and-safety-policy.md	ext/sibling/00936-hours.md	ext/sibling/00446-hours.md
g040	rung-seed	partial	true	seed/08-driver-hours-and-safety-policy.md	seed/09-dock-scheduling-wiki-export.html	seed/04-night-shift-handover-log.txt	seed/03-postmortem-nagpur-vaccine-excursion.md	seed/archive/a02-kalpa-alert-routing-guide-2021.md
g040	rung-00100	weak	true	ext/sibling/a04-okapi-night-handover.txt	ext/sibling/a07-halberd-dock-wiki.html	seed/09-dock-scheduling-wiki-export.html	seed/08-driver-hours-and-safety-policy.md	ext/sibling/a08-sundari-notification-matrix.md
g040	rung-00200	grounded	true	ext/sibling/a04-okapi-night-handover.txt	ext/sibling/a07-halberd-dock-wiki.html	seed/08-driver-hours-and-safety-policy.md	seed/09-dock-scheduling-wiki-export.html	ext/sibling/a08-sundari-notification-matrix.md
g040	rung-00500	grounded	true	ext/sibling/a04-okapi-night-handover.txt	ext/sibling/a07-halberd-dock-wiki.html	seed/08-driver-hours-and-safety-policy.md	seed/09-dock-scheduling-wiki-export.html	ext/sibling/a08-sundari-notification-matrix.md
g040	rung-01000	grounded	true	ext/sibling/a04-okapi-night-handover.txt	ext/sibling/a07-halberd-dock-wiki.html	seed/08-driver-hours-and-safety-policy.md	seed/09-dock-scheduling-wiki-export.html	ext/sibling/a08-sundari-notification-matrix.md
g041	rung-seed	weak	true	seed/01-sop-temperature-excursion.md	seed/03-postmortem-nagpur-vaccine-excursion.md	seed/archive/a01-sop-temperature-excursion-rev2.md	seed/15-customer-notification-matrix-2026.md	seed/02-sensor-thresholds.yaml
g041	rung-00100	weak	true	ext/sibling/a03-petrichor-postmortem-insulin.md	ext/sibling/00033-sop.md	ext/sibling/a01-marrowbeck-excursion-sop.md	seed/01-sop-temperature-excursion.md	seed/archive/a01-sop-temperature-excursion-rev2.md
g041	rung-00200	weak	true	ext/sibling/a03-petrichor-postmortem-insulin.md	ext/sibling/00033-sop.md	ext/sibling/00060-sop.md	ext/sibling/a01-marrowbeck-excursion-sop.md	seed/01-sop-temperature-excursion.md
g041	rung-00500	weak	true	ext/sibling/a03-petrichor-postmortem-insulin.md	ext/sibling/00033-sop.md	ext/sibling/00300-sop.md	ext/sibling/00060-sop.md	ext/sibling/00289-postmortem.md
g041	rung-01000	weak	true	ext/sibling/a03-petrichor-postmortem-insulin.md	ext/sibling/00709-postmortem.md	ext/sibling/00033-sop.md	ext/sibling/00943-postmortem.md	ext/sibling/00289-postmortem.md
g042	rung-seed	grounded	true	seed/05-decision-telematics-vendor-2023.md	seed/06-re-fw-telematics-cutover.eml	seed/11-decision-telematics-vendor-2026.md	seed/12-rate-card-2026-h2.md	seed/04-night-shift-handover-log.txt
g042	rung-00100	weak	true	ext/sibling/00059-decision.md	ext/sibling/00006-decision.md	ext/sibling/00020-decision.md	ext/sibling/00053-decision.md	ext/archive/a19-norvell-telematics-decision-2022.md
g042	rung-00200	weak	true	ext/sibling/00146-decision.md	ext/sibling/00059-decision.md	ext/sibling/00006-decision.md	ext/sibling/00020-decision.md	ext/sibling/00080-decision.md
g042	rung-00500	weak	true	ext/sibling/00216-decision.md	ext/sibling/00359-decision.md	ext/sibling/00299-decision.md	ext/sibling/00146-decision.md	ext/sibling/00413-decision.md
g042	rung-01000	weak	true	ext/sibling/00216-decision.md	ext/sibling/00566-decision.md	ext/sibling/00359-decision.md	ext/sibling/00299-decision.md	ext/sibling/00146-decision.md
g043	rung-seed	partial	true	seed/01-sop-temperature-excursion.md	seed/11-decision-telematics-vendor-2026.md	seed/13-dock-scheduling-rules-2026.md	seed/archive/a04-driver-hours-policy-2019.md	seed/08-driver-hours-and-safety-policy.md
g043	rung-00100	partial	true	seed/archive/a04-driver-hours-policy-2019.md	seed/01-sop-temperature-excursion.md	ext/filler/a15-release-notes-tilecutter.md	ext/sibling/a02-vantorix-sensor-thresholds.yaml	ext/sibling/a08-sundari-notification-matrix.md
g043	rung-00200	partial	true	seed/archive/a04-driver-hours-policy-2019.md	ext/sibling/a08-sundari-notification-matrix.md	seed/01-sop-temperature-excursion.md	ext/filler/a15-release-notes-tilecutter.md	seed/08-driver-hours-and-safety-policy.md
g043	rung-00500	partial	true	seed/archive/a04-driver-hours-policy-2019.md	seed/08-driver-hours-and-safety-policy.md	ext/sibling/a08-sundari-notification-matrix.md	ext/filler/a15-release-notes-tilecutter.md	seed/01-sop-temperature-excursion.md
g043	rung-01000	partial	true	seed/archive/a04-driver-hours-policy-2019.md	seed/08-driver-hours-and-safety-policy.md	ext/sibling/a08-sundari-notification-matrix.md	ext/filler/a15-release-notes-tilecutter.md	seed/01-sop-temperature-excursion.md
g044	rung-seed	weak	true	seed/15-customer-notification-matrix-2026.md	seed/14-customer-notification-matrix-2025.md	seed/03-postmortem-nagpur-vaccine-excursion.md	seed/01-sop-temperature-excursion.md	seed/13-dock-scheduling-rules-2026.md
g044	rung-00100	weak	true	ext/sibling/a08-sundari-notification-matrix.md	ext/sibling/00050-notification.md	seed/14-customer-notification-matrix-2025.md	seed/15-customer-notification-matrix-2026.md	ext/sibling/00023-notification.md
g044	rung-00200	weak	true	ext/sibling/00050-notification.md	ext/sibling/00083-notification.md	ext/sibling/a08-sundari-notification-matrix.md	seed/14-customer-notification-matrix-2025.md	seed/15-customer-notification-matrix-2026.md
g044	rung-00500	weak	true	ext/sibling/00050-notification.md	ext/sibling/a08-sundari-notification-matrix.md	ext/sibling/00269-notification.md	ext/sibling/00083-notification.md	ext/sibling/00170-notification.md
g044	rung-01000	weak	true	ext/sibling/a08-sundari-notification-matrix.md	ext/sibling/00050-notification.md	ext/sibling/00863-notification.md	ext/sibling/00736-notification.md	ext/sibling/00683-notification.md
g045	rung-seed	partial	true	seed/11-decision-telematics-vendor-2026.md	seed/06-re-fw-telematics-cutover.eml	seed/05-decision-telematics-vendor-2023.md	seed/04-night-shift-handover-log.txt	seed/archive/a01-sop-temperature-excursion-rev2.md
g045	rung-00100	partial	true	seed/11-decision-telematics-vendor-2026.md	seed/06-re-fw-telematics-cutover.eml	seed/05-decision-telematics-vendor-2023.md	ext/adjacent/a14-sundari-onboarding.html	seed/04-night-shift-handover-log.txt
g045	rung-00200	partial	true	seed/11-decision-telematics-vendor-2026.md	seed/06-re-fw-telematics-cutover.eml	seed/05-decision-telematics-vendor-2023.md	ext/adjacent/a14-sundari-onboarding.html	seed/04-night-shift-handover-log.txt
g045	rung-00500	partial	true	seed/11-decision-telematics-vendor-2026.md	seed/06-re-fw-telematics-cutover.eml	seed/05-decision-telematics-vendor-2023.md	ext/adjacent/a14-sundari-onboarding.html	seed/archive/a01-sop-temperature-excursion-rev2.md
g045	rung-01000	partial	true	seed/11-decision-telematics-vendor-2026.md	seed/06-re-fw-telematics-cutover.eml	seed/05-decision-telematics-vendor-2023.md	ext/adjacent/a14-sundari-onboarding.html	seed/archive/a01-sop-temperature-excursion-rev2.md
g046	rung-seed	partial	true	seed/11-decision-telematics-vendor-2026.md	seed/10-new-joiner-faq.md	seed/14-customer-notification-matrix-2025.md	seed/archive/a01-sop-temperature-excursion-rev2.md	seed/archive/a05-induction-checklist-2020.txt
g046	rung-00100	partial	true	seed/10-new-joiner-faq.md	ext/adjacent/a14-sundari-onboarding.html	seed/15-customer-notification-matrix-2026.md	seed/11-decision-telematics-vendor-2026.md	seed/14-customer-notification-matrix-2025.md
g046	rung-00200	partial	true	seed/10-new-joiner-faq.md	seed/15-customer-notification-matrix-2026.md	ext/adjacent/a14-sundari-onboarding.html	seed/14-customer-notification-matrix-2025.md	seed/04-night-shift-handover-log.txt
g046	rung-00500	partial	true	seed/10-new-joiner-faq.md	seed/15-customer-notification-matrix-2026.md	ext/adjacent/a14-sundari-onboarding.html	seed/14-customer-notification-matrix-2025.md	seed/04-night-shift-handover-log.txt
g046	rung-01000	partial	true	seed/10-new-joiner-faq.md	seed/15-customer-notification-matrix-2026.md	seed/14-customer-notification-matrix-2025.md	seed/04-night-shift-handover-log.txt	ext/adjacent/a14-sundari-onboarding.html
g047	rung-seed	partial	true	seed/13-dock-scheduling-rules-2026.md	seed/09-dock-scheduling-wiki-export.html	seed/archive/a03-dock-scheduling-wiki-2021.html	seed/01-sop-temperature-excursion.md	seed/02-sensor-thresholds.yaml
g047	rung-00100	partial	true	seed/13-dock-scheduling-rules-2026.md	seed/09-dock-scheduling-wiki-export.html	seed/archive/a03-dock-scheduling-wiki-2021.html	seed/02-sensor-thresholds.yaml	ext/adjacent/a11-petrichor-hr-leave.md
g047	rung-00200	partial	true	seed/13-dock-scheduling-rules-2026.md	seed/09-dock-scheduling-wiki-export.html	seed/archive/a03-dock-scheduling-wiki-2021.html	seed/02-sensor-thresholds.yaml	ext/adjacent/a11-petrichor-hr-leave.md
g047	rung-00500	partial	true	seed/13-dock-scheduling-rules-2026.md	seed/archive/a03-dock-scheduling-wiki-2021.html	seed/09-dock-scheduling-wiki-export.html	seed/02-sensor-thresholds.yaml	ext/adjacent/a11-petrichor-hr-leave.md
g047	rung-01000	partial	true	seed/13-dock-scheduling-rules-2026.md	seed/archive/a03-dock-scheduling-wiki-2021.html	seed/09-dock-scheduling-wiki-export.html	seed/02-sensor-thresholds.yaml	seed/archive/a05-induction-checklist-2020.txt
g048	rung-seed	partial	true	seed/04-night-shift-handover-log.txt	seed/08-driver-hours-and-safety-policy.md	seed/13-dock-scheduling-rules-2026.md	seed/06-re-fw-telematics-cutover.eml	seed/03-postmortem-nagpur-vaccine-excursion.md
g048	rung-00100	partial	true	seed/04-night-shift-handover-log.txt	ext/sibling/00026-hours.md	ext/sibling/a04-okapi-night-handover.txt	seed/08-driver-hours-and-safety-policy.md	seed/13-dock-scheduling-rules-2026.md
g048	rung-00200	partial	true	seed/04-night-shift-handover-log.txt	ext/sibling/00026-hours.md	ext/sibling/00096-hours.md	ext/sibling/a04-okapi-night-handover.txt	seed/08-driver-hours-and-safety-policy.md
g048	rung-00500	partial	true	seed/04-night-shift-handover-log.txt	ext/sibling/00446-hours.md	ext/sibling/00376-hours.md	ext/sibling/00026-hours.md	ext/sibling/00096-hours.md
g048	rung-01000	partial	true	seed/04-night-shift-handover-log.txt	ext/sibling/00936-hours.md	ext/sibling/00446-hours.md	ext/sibling/00586-hours.md	ext/sibling/00866-hours.md
g049	rung-seed	grounded	true	seed/10-new-joiner-faq.md	seed/01-sop-temperature-excursion.md	seed/archive/a05-induction-checklist-2020.txt	seed/archive/a02-kalpa-alert-routing-guide-2021.md	seed/06-re-fw-telematics-cutover.eml
g049	rung-00100	grounded	true	seed/10-new-joiner-faq.md	seed/archive/a05-induction-checklist-2020.txt	seed/archive/a02-kalpa-alert-routing-guide-2021.md	seed/06-re-fw-telematics-cutover.eml	seed/03-postmortem-nagpur-vaccine-excursion.md
g049	rung-00200	grounded	true	seed/10-new-joiner-faq.md	seed/archive/a05-induction-checklist-2020.txt	seed/03-postmortem-nagpur-vaccine-excursion.md	seed/archive/a02-kalpa-alert-routing-guide-2021.md	seed/archive/a03-dock-scheduling-wiki-2021.html
g049	rung-00500	grounded	true	seed/10-new-joiner-faq.md	seed/archive/a03-dock-scheduling-wiki-2021.html	seed/03-postmortem-nagpur-vaccine-excursion.md	seed/archive/a05-induction-checklist-2020.txt	seed/06-re-fw-telematics-cutover.eml
g049	rung-01000	grounded	true	seed/10-new-joiner-faq.md	seed/archive/a03-dock-scheduling-wiki-2021.html	seed/03-postmortem-nagpur-vaccine-excursion.md	seed/06-re-fw-telematics-cutover.eml	seed/archive/a05-induction-checklist-2020.txt
g050	rung-seed	partial	true	seed/14-customer-notification-matrix-2025.md	seed/13-dock-scheduling-rules-2026.md	seed/11-decision-telematics-vendor-2026.md	seed/08-driver-hours-and-safety-policy.md	seed/archive/a05-induction-checklist-2020.txt
g050	rung-00100	partial	true	ext/sibling/a08-sundari-notification-matrix.md	ext/sibling/a07-halberd-dock-wiki.html	seed/14-customer-notification-matrix-2025.md	seed/11-decision-telematics-vendor-2026.md	seed/archive/a05-induction-checklist-2020.txt
g050	rung-00200	partial	true	ext/sibling/a08-sundari-notification-matrix.md	seed/11-decision-telematics-vendor-2026.md	seed/14-customer-notification-matrix-2025.md	ext/sibling/a07-halberd-dock-wiki.html	seed/07-rate-card-and-surcharges.md
g050	rung-00500	partial	true	ext/sibling/a08-sundari-notification-matrix.md	ext/sibling/00346-postmortem.md	ext/sibling/00276-postmortem.md	ext/sibling/00283-postmortem.md	seed/07-rate-card-and-surcharges.md
g050	rung-01000	partial	true	ext/sibling/a08-sundari-notification-matrix.md	ext/sibling/00550-postmortem.md	ext/sibling/00346-postmortem.md	ext/sibling/00276-postmortem.md	ext/sibling/00529-postmortem.md
g051	rung-seed	partial	true	seed/03-postmortem-nagpur-vaccine-excursion.md	seed/01-sop-temperature-excursion.md	seed/archive/a02-kalpa-alert-routing-guide-2021.md	seed/05-decision-telematics-vendor-2023.md	seed/08-driver-hours-and-safety-policy.md
g051	rung-00100	partial	true	seed/03-postmortem-nagpur-vaccine-excursion.md	ext/sibling/a03-petrichor-postmortem-insulin.md	seed/01-sop-temperature-excursion.md	ext/sibling/00010-postmortem.md	ext/sibling/00043-postmortem.md
g051	rung-00200	partial	true	seed/03-postmortem-nagpur-vaccine-excursion.md	ext/sibling/a03-petrichor-postmortem-insulin.md	seed/01-sop-temperature-excursion.md	ext/sibling/00010-postmortem.md	ext/sibling/00130-postmortem.md
g051	rung-00500	partial	true	seed/03-postmortem-nagpur-vaccine-excursion.md	ext/sibling/a03-petrichor-postmortem-insulin.md	seed/01-sop-temperature-excursion.md	ext/sibling/00229-postmortem.md	ext/sibling/00010-postmortem.md
g051	rung-01000	partial	true	seed/03-postmortem-nagpur-vaccine-excursion.md	ext/sibling/a03-petrichor-postmortem-insulin.md	seed/01-sop-temperature-excursion.md	seed/archive/a02-kalpa-alert-routing-guide-2021.md	ext/sibling/00229-postmortem.md
g052	rung-seed	weak	true	seed/archive/a04-driver-hours-policy-2019.md	seed/08-driver-hours-and-safety-policy.md	seed/04-night-shift-handover-log.txt	seed/01-sop-temperature-excursion.md	seed/05-decision-telematics-vendor-2023.md
g052	rung-00100	grounded	true	seed/archive/a04-driver-hours-policy-2019.md	seed/08-driver-hours-and-safety-policy.md	ext/sibling/00026-hours.md	seed/04-night-shift-handover-log.txt	ext/filler/a16-ward-notice.html
g052	rung-00200	grounded	true	seed/archive/a04-driver-hours-policy-2019.md	seed/08-driver-hours-and-safety-policy.md	ext/sibling/00026-hours.md	ext/sibling/00096-hours.md	seed/04-night-shift-handover-log.txt
g052	rung-00500	grounded	true	seed/archive/a04-driver-hours-policy-2019.md	seed/08-driver-hours-and-safety-policy.md	ext/sibling/00446-hours.md	ext/sibling/00376-hours.md	ext/sibling/00026-hours.md
g052	rung-01000	grounded	true	seed/archive/a04-driver-hours-policy-2019.md	seed/08-driver-hours-and-safety-policy.md	ext/sibling/00936-hours.md	ext/sibling/00446-hours.md	ext/sibling/00586-hours.md
g053	rung-seed	grounded	true	seed/09-dock-scheduling-wiki-export.html	seed/13-dock-scheduling-rules-2026.md	seed/04-night-shift-handover-log.txt	seed/10-new-joiner-faq.md	seed/03-postmortem-nagpur-vaccine-excursion.md
g053	rung-00100	weak	true	ext/sibling/a07-halberd-dock-wiki.html	seed/09-dock-scheduling-wiki-export.html	ext/sibling/00013-dockwiki.html	ext/sibling/00040-dockwiki.html	ext/sibling/00019-dockwiki.html
g053	rung-00200	weak	true	ext/sibling/a07-halberd-dock-wiki.html	seed/09-dock-scheduling-wiki-export.html	ext/sibling/00100-dockwiki.html	ext/sibling/00139-dockwiki.html	ext/sibling/00013-dockwiki.html
g053	rung-00500	weak	true	ext/sibling/a07-halberd-dock-wiki.html	seed/09-dock-scheduling-wiki-export.html	ext/sibling/00379-dockwiki.html	ext/sibling/00100-dockwiki.html	ext/sibling/00139-dockwiki.html
g053	rung-01000	weak	true	ext/sibling/a07-halberd-dock-wiki.html	seed/09-dock-scheduling-wiki-export.html	ext/sibling/00379-dockwiki.html	ext/sibling/00859-dockwiki.html	ext/sibling/00700-dockwiki.html
g054	rung-seed	partial	true	seed/11-decision-telematics-vendor-2026.md	seed/01-sop-temperature-excursion.md	seed/10-new-joiner-faq.md	seed/13-dock-scheduling-rules-2026.md	seed/02-sensor-thresholds.yaml
g054	rung-00100	partial	true	ext/archive/00035-notification-retired.md	ext/archive/00005-decision-retired.md	ext/archive/00015-ratecard-retired.md	ext/archive/00045-quarantine-retired.md	ext/archive/00025-hours-retired.md
g054	rung-00200	partial	true	ext/archive/00035-notification-retired.md	ext/archive/00085-ratecard-retired.md	ext/archive/00005-decision-retired.md	ext/archive/00105-notification-retired.md	ext/archive/00015-ratecard-retired.md
g054	rung-00500	partial	true	ext/archive/00035-notification-retired.md	ext/archive/00245-notification-retired.md	ext/archive/00455-notification-retired.md	ext/archive/00435-ratecard-retired.md	ext/archive/00175-notification-retired.md
g054	rung-01000	partial	true	ext/archive/00035-notification-retired.md	ext/archive/00625-postmortem-retired.md	ext/archive/00485-postmortem-retired.md	ext/archive/00245-notification-retired.md	ext/archive/00455-notification-retired.md
g055	rung-seed	partial	true	seed/13-dock-scheduling-rules-2026.md	seed/03-postmortem-nagpur-vaccine-excursion.md	seed/04-night-shift-handover-log.txt	seed/09-dock-scheduling-wiki-export.html	seed/11-decision-telematics-vendor-2026.md
g055	rung-00100	partial	true	seed/13-dock-scheduling-rules-2026.md	seed/03-postmortem-nagpur-vaccine-excursion.md	ext/sibling/00013-dockwiki.html	ext/sibling/a07-halberd-dock-wiki.html	ext/filler/00042-chess.md
g055	rung-00200	partial	true	seed/13-dock-scheduling-rules-2026.md	seed/03-postmortem-nagpur-vaccine-excursion.md	ext/sibling/00013-dockwiki.html	ext/sibling/00073-dockwiki.html	ext/filler/00042-chess.md
g055	rung-00500	partial	true	seed/13-dock-scheduling-rules-2026.md	ext/sibling/00379-dockwiki.html	ext/sibling/00373-dockwiki.html	ext/sibling/00013-dockwiki.html	ext/sibling/00199-dockwiki.html
g055	rung-01000	partial	true	seed/13-dock-scheduling-rules-2026.md	ext/sibling/00379-dockwiki.html	ext/sibling/00700-dockwiki.html	ext/sibling/00499-dockwiki.html	ext/sibling/00373-dockwiki.html
g056	rung-seed	partial	true	seed/14-customer-notification-matrix-2025.md	seed/15-customer-notification-matrix-2026.md	seed/10-new-joiner-faq.md	seed/01-sop-temperature-excursion.md	seed/07-rate-card-and-surcharges.md
g056	rung-00100	partial	true	ext/sibling/a08-sundari-notification-matrix.md	ext/sibling/00050-notification.md	ext/sibling/00023-notification.md	ext/sibling/00029-notification.md	ext/sibling/00036-notification.md
g056	rung-00200	partial	true	ext/sibling/a08-sundari-notification-matrix.md	ext/sibling/00143-notification.md	ext/sibling/00050-notification.md	ext/sibling/00023-notification.md	ext/sibling/00106-notification.md
g056	rung-00500	partial	true	ext/sibling/a08-sundari-notification-matrix.md	ext/sibling/00143-notification.md	ext/sibling/00050-notification.md	ext/sibling/00443-notification.md	ext/sibling/00263-notification.md
g056	rung-01000	partial	true	ext/sibling/a08-sundari-notification-matrix.md	ext/sibling/00143-notification.md	ext/sibling/00890-notification.md	ext/sibling/00809-notification.md	ext/sibling/00929-notification.md
g057	rung-seed	weak	true	seed/archive/a01-sop-temperature-excursion-rev2.md	seed/01-sop-temperature-excursion.md	seed/11-decision-telematics-vendor-2026.md	seed/04-night-shift-handover-log.txt	seed/08-driver-hours-and-safety-policy.md
g057	rung-00100	weak	true	seed/archive/a01-sop-temperature-excursion-rev2.md	seed/01-sop-temperature-excursion.md	ext/sibling/a01-marrowbeck-excursion-sop.md	seed/11-decision-telematics-vendor-2026.md	ext/sibling/00033-sop.md
g057	rung-00200	weak	true	seed/01-sop-temperature-excursion.md	seed/archive/a01-sop-temperature-excursion-rev2.md	seed/11-decision-telematics-vendor-2026.md	ext/sibling/a01-marrowbeck-excursion-sop.md	seed/08-driver-hours-and-safety-policy.md
g057	rung-00500	weak	true	seed/01-sop-temperature-excursion.md	seed/archive/a01-sop-temperature-excursion-rev2.md	seed/11-decision-telematics-vendor-2026.md	ext/sibling/a01-marrowbeck-excursion-sop.md	seed/08-driver-hours-and-safety-policy.md
g057	rung-01000	weak	true	seed/01-sop-temperature-excursion.md	seed/11-decision-telematics-vendor-2026.md	seed/archive/a01-sop-temperature-excursion-rev2.md	ext/sibling/a01-marrowbeck-excursion-sop.md	seed/09-dock-scheduling-wiki-export.html
g058	rung-seed	partial	true	seed/04-night-shift-handover-log.txt	seed/01-sop-temperature-excursion.md	seed/03-postmortem-nagpur-vaccine-excursion.md	seed/08-driver-hours-and-safety-policy.md	seed/06-re-fw-telematics-cutover.eml
g058	rung-00100	partial	true	ext/sibling/a04-okapi-night-handover.txt	ext/filler/00028-release-notes.md	ext/filler/00022-release-notes.md	ext/sibling/00026-hours.md	seed/08-driver-hours-and-safety-policy.md
g058	rung-00200	partial	true	ext/sibling/a04-okapi-night-handover.txt	ext/sibling/00026-hours.md	ext/sibling/00096-hours.md	ext/filler/00028-release-notes.md	ext/filler/00148-release-notes.md
g058	rung-00500	partial	true	ext/sibling/a04-okapi-night-handover.txt	ext/sibling/00446-hours.md	ext/sibling/00376-hours.md	ext/sibling/00026-hours.md	ext/sibling/00096-hours.md
g058	rung-01000	partial	true	ext/sibling/a04-okapi-night-handover.txt	ext/sibling/00936-hours.md	ext/sibling/00446-hours.md	ext/sibling/00586-hours.md	ext/sibling/00866-hours.md
g059	rung-seed	grounded	true	seed/03-postmortem-nagpur-vaccine-excursion.md	seed/01-sop-temperature-excursion.md	seed/archive/a02-kalpa-alert-routing-guide-2021.md	seed/06-re-fw-telematics-cutover.eml	seed/02-sensor-thresholds.yaml
g059	rung-00100	grounded	true	seed/03-postmortem-nagpur-vaccine-excursion.md	seed/archive/a02-kalpa-alert-routing-guide-2021.md	seed/01-sop-temperature-excursion.md	seed/06-re-fw-telematics-cutover.eml	seed/02-sensor-thresholds.yaml
g059	rung-00200	grounded	true	seed/03-postmortem-nagpur-vaccine-excursion.md	seed/archive/a02-kalpa-alert-routing-guide-2021.md	seed/01-sop-temperature-excursion.md	seed/06-re-fw-telematics-cutover.eml	seed/02-sensor-thresholds.yaml
g059	rung-00500	grounded	true	seed/03-postmortem-nagpur-vaccine-excursion.md	seed/archive/a02-kalpa-alert-routing-guide-2021.md	seed/01-sop-temperature-excursion.md	seed/06-re-fw-telematics-cutover.eml	seed/02-sensor-thresholds.yaml
g059	rung-01000	grounded	true	seed/03-postmortem-nagpur-vaccine-excursion.md	seed/archive/a02-kalpa-alert-routing-guide-2021.md	seed/01-sop-temperature-excursion.md	seed/06-re-fw-telematics-cutover.eml	seed/02-sensor-thresholds.yaml
g060	rung-seed	grounded	true	seed/archive/a04-driver-hours-policy-2019.md	seed/08-driver-hours-and-safety-policy.md	seed/01-sop-temperature-excursion.md	seed/06-re-fw-telematics-cutover.eml	seed/archive/a05-induction-checklist-2020.txt
g060	rung-00100	weak	true	ext/sibling/00026-hours.md	seed/archive/a04-driver-hours-policy-2019.md	seed/08-driver-hours-and-safety-policy.md	seed/04-night-shift-handover-log.txt	seed/archive/a05-induction-checklist-2020.txt
g060	rung-00200	weak	true	ext/sibling/00026-hours.md	ext/sibling/00096-hours.md	seed/archive/a04-driver-hours-policy-2019.md	seed/08-driver-hours-and-safety-policy.md	seed/archive/a05-induction-checklist-2020.txt
g060	rung-00500	weak	true	ext/sibling/00446-hours.md	ext/sibling/00376-hours.md	ext/sibling/00026-hours.md	ext/sibling/00096-hours.md	ext/sibling/00236-hours.md
g060	rung-01000	weak	true	ext/sibling/00936-hours.md	ext/sibling/00446-hours.md	ext/sibling/00586-hours.md	ext/sibling/00866-hours.md	ext/sibling/00796-hours.md
g061	rung-seed	weak	true	seed/14-customer-notification-matrix-2025.md	seed/15-customer-notification-matrix-2026.md	seed/01-sop-temperature-excursion.md	seed/archive/a04-driver-hours-policy-2019.md	seed/02-sensor-thresholds.yaml
g061	rung-00100	weak	true	seed/14-customer-notification-matrix-2025.md	seed/15-customer-notification-matrix-2026.md	ext/filler/a17-beekeeping-minutes.md	ext/filler/00012-bee.md	ext/filler/00018-bee.md
g061	rung-00200	weak	true	seed/14-customer-notification-matrix-2025.md	seed/15-customer-notification-matrix-2026.md	ext/filler/00138-bee.md	ext/filler/00012-bee.md	ext/filler/00018-bee.md
g061	rung-00500	weak	true	seed/14-customer-notification-matrix-2025.md	seed/15-customer-notification-matrix-2026.md	ext/filler/00318-bee.md	ext/filler/00138-bee.md	ext/filler/00192-bee.md
g061	rung-01000	weak	true	seed/14-customer-notification-matrix-2025.md	ext/filler/00318-bee.md	ext/filler/00138-bee.md	ext/filler/00192-bee.md	ext/filler/00612-bee.md
g062	rung-seed	partial	true	seed/06-re-fw-telematics-cutover.eml	seed/11-decision-telematics-vendor-2026.md	seed/08-driver-hours-and-safety-policy.md	seed/01-sop-temperature-excursion.md	seed/archive/a01-sop-temperature-excursion-rev2.md
g062	rung-00100	partial	true	seed/06-re-fw-telematics-cutover.eml	seed/11-decision-telematics-vendor-2026.md	ext/adjacent/a13-halberd-insurance-claim.eml	seed/archive/a01-sop-temperature-excursion-rev2.md	seed/03-postmortem-nagpur-vaccine-excursion.md
g062	rung-00200	partial	true	seed/06-re-fw-telematics-cutover.eml	seed/11-decision-telematics-vendor-2026.md	ext/adjacent/a13-halberd-insurance-claim.eml	seed/03-postmortem-nagpur-vaccine-excursion.md	seed/archive/a01-sop-temperature-excursion-rev2.md
g062	rung-00500	partial	true	seed/06-re-fw-telematics-cutover.eml	seed/11-decision-telematics-vendor-2026.md	ext/adjacent/a13-halberd-insurance-claim.eml	seed/archive/a01-sop-temperature-excursion-rev2.md	seed/03-postmortem-nagpur-vaccine-excursion.md
g062	rung-01000	partial	true	seed/06-re-fw-telematics-cutover.eml	seed/11-decision-telematics-vendor-2026.md	ext/adjacent/a13-halberd-insurance-claim.eml	ext/sibling/00706-decision.md	seed/archive/a01-sop-temperature-excursion-rev2.md
g063	rung-seed	weak	true	seed/01-sop-temperature-excursion.md	seed/03-postmortem-nagpur-vaccine-excursion.md	seed/10-new-joiner-faq.md	seed/14-customer-notification-matrix-2025.md	seed/15-customer-notification-matrix-2026.md
g063	rung-00100	weak	true	seed/10-new-joiner-faq.md	ext/sibling/a08-sundari-notification-matrix.md	seed/03-postmortem-nagpur-vaccine-excursion.md	seed/01-sop-temperature-excursion.md	seed/archive/a02-kalpa-alert-routing-guide-2021.md
g063	rung-00200	grounded	true	seed/10-new-joiner-faq.md	seed/03-postmortem-nagpur-vaccine-excursion.md	ext/sibling/a08-sundari-notification-matrix.md	seed/01-sop-temperature-excursion.md	seed/archive/a02-kalpa-alert-routing-guide-2021.md
g063	rung-00500	grounded	true	seed/10-new-joiner-faq.md	seed/03-postmortem-nagpur-vaccine-excursion.md	ext/sibling/a08-sundari-notification-matrix.md	seed/archive/a02-kalpa-alert-routing-guide-2021.md	seed/01-sop-temperature-excursion.md
g063	rung-01000	grounded	true	seed/10-new-joiner-faq.md	seed/03-postmortem-nagpur-vaccine-excursion.md	seed/archive/a02-kalpa-alert-routing-guide-2021.md	ext/sibling/a08-sundari-notification-matrix.md	seed/archive/a05-induction-checklist-2020.txt
g064	rung-seed	partial	true	seed/09-dock-scheduling-wiki-export.html	seed/02-sensor-thresholds.yaml	seed/04-night-shift-handover-log.txt	seed/08-driver-hours-and-safety-policy.md	seed/03-postmortem-nagpur-vaccine-excursion.md
g064	rung-00100	partial	true	seed/09-dock-scheduling-wiki-export.html	ext/sibling/00039-sop.md	ext/archive/00045-quarantine-retired.md	ext/sibling/00013-dockwiki.html	ext/sibling/00040-dockwiki.html
g064	rung-00200	partial	true	ext/sibling/00099-sop.md	seed/09-dock-scheduling-wiki-export.html	ext/sibling/00039-sop.md	ext/archive/00045-quarantine-retired.md	ext/archive/00075-decision-retired.md
g064	rung-00500	partial	true	ext/sibling/00099-sop.md	seed/09-dock-scheduling-wiki-export.html	ext/sibling/00266-sop.md	ext/sibling/00039-sop.md	ext/sibling/00393-sop.md
g064	rung-01000	partial	true	seed/09-dock-scheduling-wiki-export.html	ext/sibling/00099-sop.md	ext/sibling/00746-quarantine.md	ext/sibling/00873-sop.md	ext/sibling/00266-sop.md
g065	rung-seed	weak	true	seed/01-sop-temperature-excursion.md	seed/03-postmortem-nagpur-vaccine-excursion.md	seed/archive/a01-sop-temperature-excursion-rev2.md	seed/archive/a03-dock-scheduling-wiki-2021.html	seed/11-decision-telematics-vendor-2026.md
g065	rung-00100	weak	true	seed/01-sop-temperature-excursion.md	seed/03-postmortem-nagpur-vaccine-excursion.md	seed/archive/a03-dock-scheduling-wiki-2021.html	seed/11-decision-telematics-vendor-2026.md	seed/13-dock-scheduling-rules-2026.md
g065	rung-00200	weak	true	seed/01-sop-temperature-excursion.md	seed/03-postmortem-nagpur-vaccine-excursion.md	seed/archive/a03-dock-scheduling-wiki-2021.html	seed/13-dock-scheduling-rules-2026.md	seed/11-decision-telematics-vendor-2026.md
g065	rung-00500	weak	true	seed/03-postmortem-nagpur-vaccine-excursion.md	seed/01-sop-temperature-excursion.md	seed/archive/a03-dock-scheduling-wiki-2021.html	seed/13-dock-scheduling-rules-2026.md	seed/11-decision-telematics-vendor-2026.md
g065	rung-01000	weak	true	seed/03-postmortem-nagpur-vaccine-excursion.md	seed/01-sop-temperature-excursion.md	seed/archive/a03-dock-scheduling-wiki-2021.html	seed/13-dock-scheduling-rules-2026.md	seed/11-decision-telematics-vendor-2026.md
g066	rung-seed	partial	true	seed/04-night-shift-handover-log.txt	seed/01-sop-temperature-excursion.md	seed/10-new-joiner-faq.md	seed/13-dock-scheduling-rules-2026.md	seed/08-driver-hours-and-safety-policy.md
g066	rung-00100	partial	true	ext/filler/a15-release-notes-tilecutter.md	ext/archive/00035-notification-retired.md	ext/archive/00005-decision-retired.md	ext/archive/00015-ratecard-retired.md	ext/archive/00045-quarantine-retired.md
g066	rung-00200	partial	true	ext/filler/a15-release-notes-tilecutter.md	ext/archive/00035-notification-retired.md	ext/archive/00085-ratecard-retired.md	ext/archive/00005-decision-retired.md	ext/archive/00105-notification-retired.md
g066	rung-00500	partial	true	ext/filler/a15-release-notes-tilecutter.md	ext/archive/00035-notification-retired.md	ext/archive/00245-notification-retired.md	ext/archive/00455-notification-retired.md	ext/archive/00435-ratecard-retired.md
g066	rung-01000	partial	true	ext/filler/a15-release-notes-tilecutter.md	ext/archive/00035-notification-retired.md	ext/archive/00625-postmortem-retired.md	ext/archive/00485-postmortem-retired.md	ext/archive/00245-notification-retired.md
g067	rung-seed	grounded	true	seed/02-sensor-thresholds.yaml	seed/01-sop-temperature-excursion.md	seed/10-new-joiner-faq.md	seed/03-postmortem-nagpur-vaccine-excursion.md	seed/archive/a03-dock-scheduling-wiki-2021.html
g067	rung-00100	grounded	true	seed/02-sensor-thresholds.yaml	ext/archive/00045-quarantine-retired.md	ext/sibling/00046-quarantine.md	seed/01-sop-temperature-excursion.md	seed/archive/a03-dock-scheduling-wiki-2021.html
g067	rung-00200	grounded	true	seed/02-sensor-thresholds.yaml	ext/archive/00045-quarantine-retired.md	ext/archive/00115-quarantine-retired.md	ext/sibling/00046-quarantine.md	ext/sibling/00116-quarantine.md
g067	rung-00500	grounded	true	seed/02-sensor-thresholds.yaml	seed/archive/a03-dock-scheduling-wiki-2021.html	seed/13-dock-scheduling-rules-2026.md	ext/archive/00255-quarantine-retired.md	ext/archive/00045-quarantine-retired.md
g067	rung-01000	grounded	true	seed/02-sensor-thresholds.yaml	seed/archive/a03-dock-scheduling-wiki-2021.html	seed/13-dock-scheduling-rules-2026.md	seed/09-dock-scheduling-wiki-export.html	ext/archive/00255-quarantine-retired.md
g068	rung-seed	partial	true	seed/01-sop-temperature-excursion.md	seed/09-dock-scheduling-wiki-export.html	seed/03-postmortem-nagpur-vaccine-excursion.md	seed/04-night-shift-handover-log.txt	seed/12-rate-card-2026-h2.md
g068	rung-00100	weak	true	seed/09-dock-scheduling-wiki-export.html	seed/01-sop-temperature-excursion.md	seed/03-postmortem-nagpur-vaccine-excursion.md	ext/sibling/a07-halberd-dock-wiki.html	seed/13-dock-scheduling-rules-2026.md
g068	rung-00200	weak	true	seed/09-dock-scheduling-wiki-export.html	seed/01-sop-temperature-excursion.md	seed/03-postmortem-nagpur-vaccine-excursion.md	ext/sibling/a07-halberd-dock-wiki.html	seed/13-dock-scheduling-rules-2026.md
g068	rung-00500	weak	true	seed/09-dock-scheduling-wiki-export.html	seed/01-sop-temperature-excursion.md	seed/03-postmortem-nagpur-vaccine-excursion.md	ext/sibling/a07-halberd-dock-wiki.html	seed/13-dock-scheduling-rules-2026.md
g068	rung-01000	weak	true	seed/09-dock-scheduling-wiki-export.html	seed/01-sop-temperature-excursion.md	seed/03-postmortem-nagpur-vaccine-excursion.md	ext/sibling/a07-halberd-dock-wiki.html	seed/13-dock-scheduling-rules-2026.md
g069	rung-seed	partial	true	seed/05-decision-telematics-vendor-2023.md	seed/06-re-fw-telematics-cutover.eml	seed/03-postmortem-nagpur-vaccine-excursion.md	seed/08-driver-hours-and-safety-policy.md	seed/11-decision-telematics-vendor-2026.md
g069	rung-00100	partial	true	seed/05-decision-telematics-vendor-2023.md	seed/06-re-fw-telematics-cutover.eml	seed/11-decision-telematics-vendor-2026.md	ext/sibling/a08-sundari-notification-matrix.md	seed/10-new-joiner-faq.md
g069	rung-00200	partial	true	seed/05-decision-telematics-vendor-2023.md	seed/06-re-fw-telematics-cutover.eml	seed/11-decision-telematics-vendor-2026.md	ext/sibling/a08-sundari-notification-matrix.md	seed/10-new-joiner-faq.md
g069	rung-00500	partial	true	seed/05-decision-telematics-vendor-2023.md	seed/06-re-fw-telematics-cutover.eml	seed/11-decision-telematics-vendor-2026.md	seed/10-new-joiner-faq.md	seed/04-night-shift-handover-log.txt
g069	rung-01000	partial	true	seed/05-decision-telematics-vendor-2023.md	seed/06-re-fw-telematics-cutover.eml	seed/11-decision-telematics-vendor-2026.md	seed/10-new-joiner-faq.md	seed/04-night-shift-handover-log.txt
g070	rung-seed	partial	true	seed/05-decision-telematics-vendor-2023.md	seed/03-postmortem-nagpur-vaccine-excursion.md	seed/11-decision-telematics-vendor-2026.md	seed/archive/a01-sop-temperature-excursion-rev2.md	seed/08-driver-hours-and-safety-policy.md
g070	rung-00100	partial	true	seed/05-decision-telematics-vendor-2023.md	seed/03-postmortem-nagpur-vaccine-excursion.md	seed/11-decision-telematics-vendor-2026.md	ext/archive/a19-norvell-telematics-decision-2022.md	seed/08-driver-hours-and-safety-policy.md
g070	rung-00200	partial	true	seed/05-decision-telematics-vendor-2023.md	seed/03-postmortem-nagpur-vaccine-excursion.md	seed/11-decision-telematics-vendor-2026.md	ext/archive/a19-norvell-telematics-decision-2022.md	seed/08-driver-hours-and-safety-policy.md
g070	rung-00500	partial	true	seed/05-decision-telematics-vendor-2023.md	seed/03-postmortem-nagpur-vaccine-excursion.md	seed/11-decision-telematics-vendor-2026.md	ext/archive/a19-norvell-telematics-decision-2022.md	seed/08-driver-hours-and-safety-policy.md
g070	rung-01000	partial	true	seed/05-decision-telematics-vendor-2023.md	seed/03-postmortem-nagpur-vaccine-excursion.md	seed/11-decision-telematics-vendor-2026.md	ext/archive/a19-norvell-telematics-decision-2022.md	seed/10-new-joiner-faq.md
g071	rung-seed	grounded	true	seed/04-night-shift-handover-log.txt	seed/01-sop-temperature-excursion.md	seed/09-dock-scheduling-wiki-export.html	seed/archive/a01-sop-temperature-excursion-rev2.md	seed/archive/a05-induction-checklist-2020.txt
g071	rung-00100	grounded	true	seed/04-night-shift-handover-log.txt	ext/sibling/00039-sop.md	seed/archive/a01-sop-temperature-excursion-rev2.md	seed/09-dock-scheduling-wiki-export.html	seed/01-sop-temperature-excursion.md
g071	rung-00200	grounded	true	seed/04-night-shift-handover-log.txt	ext/sibling/00039-sop.md	ext/sibling/00099-sop.md	seed/archive/a01-sop-temperature-excursion-rev2.md	seed/09-dock-scheduling-wiki-export.html
g071	rung-00500	grounded	true	seed/04-night-shift-handover-log.txt	seed/archive/a01-sop-temperature-excursion-rev2.md	seed/09-dock-scheduling-wiki-export.html	ext/sibling/00266-sop.md	ext/sibling/00039-sop.md
g071	rung-01000	grounded	true	seed/04-night-shift-handover-log.txt	seed/archive/a01-sop-temperature-excursion-rev2.md	seed/09-dock-scheduling-wiki-export.html	seed/archive/a05-induction-checklist-2020.txt	seed/01-sop-temperature-excursion.md
g072	rung-seed	partial	true	seed/09-dock-scheduling-wiki-export.html	seed/10-new-joiner-faq.md	seed/13-dock-scheduling-rules-2026.md	seed/04-night-shift-handover-log.txt	seed/archive/a03-dock-scheduling-wiki-2021.html
g072	rung-00100	partial	true	seed/09-dock-scheduling-wiki-export.html	ext/sibling/a07-halberd-dock-wiki.html	ext/sibling/00013-dockwiki.html	ext/sibling/00040-dockwiki.html	ext/sibling/00019-dockwiki.html
g072	rung-00200	partial	true	seed/09-dock-scheduling-wiki-export.html	ext/sibling/a07-halberd-dock-wiki.html	ext/sibling/00100-dockwiki.html	ext/sibling/00139-dockwiki.html	ext/sibling/00013-dockwiki.html
g072	rung-00500	partial	true	seed/09-dock-scheduling-wiki-export.html	ext/sibling/a07-halberd-dock-wiki.html	ext/sibling/00379-dockwiki.html	ext/sibling/00100-dockwiki.html	ext/sibling/00139-dockwiki.html
g072	rung-01000	partial	true	seed/09-dock-scheduling-wiki-export.html	ext/sibling/a07-halberd-dock-wiki.html	ext/sibling/00379-dockwiki.html	ext/sibling/00859-dockwiki.html	ext/sibling/00700-dockwiki.html
g073	rung-seed	partial	true	seed/06-re-fw-telematics-cutover.eml	seed/05-decision-telematics-vendor-2023.md	seed/11-decision-telematics-vendor-2026.md	seed/01-sop-temperature-excursion.md	seed/09-dock-scheduling-wiki-export.html
g073	rung-00100	weak	true	ext/sibling/a04-okapi-night-handover.txt	ext/adjacent/a14-sundari-onboarding.html	seed/06-re-fw-telematics-cutover.eml	ext/archive/a19-norvell-telematics-decision-2022.md	seed/05-decision-telematics-vendor-2023.md
g073	rung-00200	weak	true	ext/sibling/a04-okapi-night-handover.txt	ext/adjacent/a14-sundari-onboarding.html	seed/06-re-fw-telematics-cutover.eml	ext/archive/a19-norvell-telematics-decision-2022.md	seed/05-decision-telematics-vendor-2023.md
g073	rung-00500	weak	true	ext/adjacent/a14-sundari-onboarding.html	ext/sibling/a04-okapi-night-handover.txt	seed/06-re-fw-telematics-cutover.eml	ext/archive/a19-norvell-telematics-decision-2022.md	seed/05-decision-telematics-vendor-2023.md
g073	rung-01000	weak	true	ext/adjacent/a14-sundari-onboarding.html	ext/sibling/a04-okapi-night-handover.txt	seed/06-re-fw-telematics-cutover.eml	seed/05-decision-telematics-vendor-2023.md	ext/archive/a19-norvell-telematics-decision-2022.md
g074	rung-seed	grounded	true	seed/08-driver-hours-and-safety-policy.md	seed/archive/a02-kalpa-alert-routing-guide-2021.md	seed/archive/a04-driver-hours-policy-2019.md	seed/11-decision-telematics-vendor-2026.md	seed/01-sop-temperature-excursion.md
g074	rung-00100	grounded	true	seed/08-driver-hours-and-safety-policy.md	seed/archive/a04-driver-hours-policy-2019.md	seed/archive/a02-kalpa-alert-routing-guide-2021.md	seed/11-decision-telematics-vendor-2026.md	ext/adjacent/a14-sundari-onboarding.html
g074	rung-00200	grounded	true	seed/08-driver-hours-and-safety-policy.md	seed/archive/a04-driver-hours-policy-2019.md	seed/archive/a02-kalpa-alert-routing-guide-2021.md	seed/11-decision-telematics-vendor-2026.md	ext/sibling/00026-hours.md
g074	rung-00500	weak	true	seed/08-driver-hours-and-safety-policy.md	seed/archive/a04-driver-hours-policy-2019.md	seed/archive/a02-kalpa-alert-routing-guide-2021.md	ext/sibling/00446-hours.md	ext/sibling/00376-hours.md
g074	rung-01000	weak	true	seed/08-driver-hours-and-safety-policy.md	seed/archive/a04-driver-hours-policy-2019.md	seed/archive/a02-kalpa-alert-routing-guide-2021.md	ext/adjacent/a14-sundari-onboarding.html	ext/sibling/00936-hours.md
g075	rung-seed	partial	true	seed/06-re-fw-telematics-cutover.eml	seed/09-dock-scheduling-wiki-export.html	seed/03-postmortem-nagpur-vaccine-excursion.md	seed/archive/a01-sop-temperature-excursion-rev2.md	seed/10-new-joiner-faq.md
g075	rung-00100	grounded	true	seed/06-re-fw-telematics-cutover.eml	seed/09-dock-scheduling-wiki-export.html	ext/sibling/a08-sundari-notification-matrix.md	seed/03-postmortem-nagpur-vaccine-excursion.md	seed/05-decision-telematics-vendor-2023.md
g075	rung-00200	weak	true	seed/06-re-fw-telematics-cutover.eml	seed/09-dock-scheduling-wiki-export.html	seed/05-decision-telematics-vendor-2023.md	seed/11-decision-telematics-vendor-2026.md	seed/03-postmortem-nagpur-vaccine-excursion.md
g075	rung-00500	weak	true	seed/06-re-fw-telematics-cutover.eml	seed/09-dock-scheduling-wiki-export.html	seed/05-decision-telematics-vendor-2023.md	seed/11-decision-telematics-vendor-2026.md	seed/03-postmortem-nagpur-vaccine-excursion.md
g075	rung-01000	weak	true	seed/06-re-fw-telematics-cutover.eml	seed/09-dock-scheduling-wiki-export.html	seed/05-decision-telematics-vendor-2023.md	seed/11-decision-telematics-vendor-2026.md	seed/archive/a02-kalpa-alert-routing-guide-2021.md
g076	rung-seed	partial	true	seed/04-night-shift-handover-log.txt	seed/06-re-fw-telematics-cutover.eml	seed/13-dock-scheduling-rules-2026.md	seed/02-sensor-thresholds.yaml	seed/08-driver-hours-and-safety-policy.md
g076	rung-00100	partial	true	seed/04-night-shift-handover-log.txt	seed/06-re-fw-telematics-cutover.eml	seed/02-sensor-thresholds.yaml	ext/filler/00042-chess.md	ext/filler/00048-chess.md
g076	rung-00200	partial	true	seed/04-night-shift-handover-log.txt	seed/06-re-fw-telematics-cutover.eml	ext/filler/00108-chess.md	ext/filler/00042-chess.md	ext/filler/00102-chess.md
g076	rung-00500	partial	true	seed/04-night-shift-handover-log.txt	seed/06-re-fw-telematics-cutover.eml	seed/02-sensor-thresholds.yaml	ext/filler/00288-chess.md	ext/filler/00348-chess.md
g076	rung-01000	partial	true	seed/04-night-shift-handover-log.txt	seed/06-re-fw-telematics-cutover.eml	seed/02-sensor-thresholds.yaml	ext/filler/00528-chess.md	ext/filler/00288-chess.md
g077	rung-seed	partial	true	seed/03-postmortem-nagpur-vaccine-excursion.md	seed/01-sop-temperature-excursion.md	seed/13-dock-scheduling-rules-2026.md	seed/10-new-joiner-faq.md	seed/06-re-fw-telematics-cutover.eml
g077	rung-00100	partial	true	seed/03-postmortem-nagpur-vaccine-excursion.md	seed/01-sop-temperature-excursion.md	seed/10-new-joiner-faq.md	ext/sibling/a01-marrowbeck-excursion-sop.md	ext/sibling/00046-quarantine.md
g077	rung-00200	partial	true	seed/03-postmortem-nagpur-vaccine-excursion.md	seed/01-sop-temperature-excursion.md	ext/sibling/00126-sop.md	ext/sibling/a01-marrowbeck-excursion-sop.md	seed/10-new-joiner-faq.md
g077	rung-00500	partial	true	seed/03-postmortem-nagpur-vaccine-excursion.md	ext/sibling/00346-postmortem.md	ext/sibling/00276-postmortem.md	ext/sibling/00283-postmortem.md	seed/01-sop-temperature-excursion.md
g077	rung-01000	partial	true	seed/03-postmortem-nagpur-vaccine-excursion.md	ext/sibling/00550-postmortem.md	ext/sibling/00346-postmortem.md	ext/sibling/00276-postmortem.md	ext/sibling/00529-postmortem.md
g078	rung-seed	partial	true	seed/01-sop-temperature-excursion.md	seed/08-driver-hours-and-safety-policy.md	seed/04-night-shift-handover-log.txt	seed/03-postmortem-nagpur-vaccine-excursion.md	seed/10-new-joiner-faq.md
g078	rung-00100	weak	true	ext/sibling/00033-sop.md	ext/sibling/00046-quarantine.md	ext/sibling/00039-sop.md	ext/sibling/00000-sop.md	ext/sibling/00056-sop.md
g078	rung-00200	weak	true	ext/sibling/00033-sop.md	ext/sibling/00046-quarantine.md	ext/sibling/00060-sop.md	ext/sibling/00120-sop.md	ext/sibling/00126-sop.md
g078	rung-00500	weak	true	ext/sibling/00033-sop.md	ext/sibling/00219-sop.md	ext/sibling/00046-quarantine.md	ext/sibling/00300-sop.md	ext/sibling/00406-sop.md
g078	rung-01000	weak	true	ext/sibling/00033-sop.md	ext/sibling/00219-sop.md	ext/sibling/00933-sop.md	ext/sibling/00046-quarantine.md	ext/sibling/00300-sop.md
g079	rung-seed	partial	true	seed/06-re-fw-telematics-cutover.eml	seed/01-sop-temperature-excursion.md	seed/05-decision-telematics-vendor-2023.md	seed/10-new-joiner-faq.md	seed/04-night-shift-handover-log.txt
g079	rung-00100	partial	true	seed/06-re-fw-telematics-cutover.eml	seed/05-decision-telematics-vendor-2023.md	seed/01-sop-temperature-excursion.md	seed/11-decision-telematics-vendor-2026.md	seed/04-night-shift-handover-log.txt
g079	rung-00200	partial	true	seed/06-re-fw-telematics-cutover.eml	seed/05-decision-telematics-vendor-2023.md	seed/01-sop-temperature-excursion.md	seed/11-decision-telematics-vendor-2026.md	seed/04-night-shift-handover-log.txt
g079	rung-00500	partial	true	seed/06-re-fw-telematics-cutover.eml	seed/05-decision-telematics-vendor-2023.md	seed/11-decision-telematics-vendor-2026.md	seed/01-sop-temperature-excursion.md	seed/04-night-shift-handover-log.txt
g079	rung-01000	partial	true	seed/06-re-fw-telematics-cutover.eml	seed/05-decision-telematics-vendor-2023.md	seed/11-decision-telematics-vendor-2026.md	seed/04-night-shift-handover-log.txt	seed/01-sop-temperature-excursion.md
g080	rung-seed	partial	true	seed/archive/a05-induction-checklist-2020.txt	seed/archive/a02-kalpa-alert-routing-guide-2021.md	seed/03-postmortem-nagpur-vaccine-excursion.md	seed/archive/a01-sop-temperature-excursion-rev2.md	seed/04-night-shift-handover-log.txt
g080	rung-00100	weak	true	seed/archive/a02-kalpa-alert-routing-guide-2021.md	seed/archive/a05-induction-checklist-2020.txt	ext/sibling/a04-okapi-night-handover.txt	seed/03-postmortem-nagpur-vaccine-excursion.md	seed/archive/a01-sop-temperature-excursion-rev2.md
g080	rung-00200	weak	true	seed/archive/a02-kalpa-alert-routing-guide-2021.md	seed/archive/a05-induction-checklist-2020.txt	ext/sibling/a04-okapi-night-handover.txt	seed/03-postmortem-nagpur-vaccine-excursion.md	seed/archive/a01-sop-temperature-excursion-rev2.md
g080	rung-00500	grounded	true	seed/archive/a02-kalpa-alert-routing-guide-2021.md	seed/archive/a05-induction-checklist-2020.txt	ext/sibling/a04-okapi-night-handover.txt	seed/03-postmortem-nagpur-vaccine-excursion.md	seed/archive/a01-sop-temperature-excursion-rev2.md
g080	rung-01000	grounded	true	seed/archive/a02-kalpa-alert-routing-guide-2021.md	seed/archive/a05-induction-checklist-2020.txt	ext/sibling/a04-okapi-night-handover.txt	seed/03-postmortem-nagpur-vaccine-excursion.md	seed/archive/a01-sop-temperature-excursion-rev2.md
g081	rung-seed	grounded	true	seed/06-re-fw-telematics-cutover.eml	seed/10-new-joiner-faq.md	seed/04-night-shift-handover-log.txt	seed/archive/a01-sop-temperature-excursion-rev2.md	seed/01-sop-temperature-excursion.md
g081	rung-00100	weak	true	seed/10-new-joiner-faq.md	seed/06-re-fw-telematics-cutover.eml	ext/adjacent/a14-sundari-onboarding.html	ext/sibling/a08-sundari-notification-matrix.md	ext/sibling/a05-norvell-telematics-decision-2026.md
g081	rung-00200	grounded	true	seed/10-new-joiner-faq.md	seed/06-re-fw-telematics-cutover.eml	ext/adjacent/a14-sundari-onboarding.html	ext/sibling/a08-sundari-notification-matrix.md	ext/adjacent/a09-marrowbeck-ammonia-facilities.md
g081	rung-00500	grounded	true	seed/10-new-joiner-faq.md	seed/06-re-fw-telematics-cutover.eml	ext/adjacent/a14-sundari-onboarding.html	ext/sibling/a08-sundari-notification-matrix.md	ext/adjacent/a09-marrowbeck-ammonia-facilities.md
g081	rung-01000	grounded	true	seed/10-new-joiner-faq.md	seed/06-re-fw-telematics-cutover.eml	ext/adjacent/a14-sundari-onboarding.html	ext/sibling/a08-sundari-notification-matrix.md	seed/04-night-shift-handover-log.txt
g082	rung-seed	grounded	true	seed/04-night-shift-handover-log.txt	seed/01-sop-temperature-excursion.md	seed/02-sensor-thresholds.yaml	seed/13-dock-scheduling-rules-2026.md	seed/archive/a02-kalpa-alert-routing-guide-2021.md
g082	rung-00100	grounded	true	seed/04-night-shift-handover-log.txt	ext/sibling/a03-petrichor-postmortem-insulin.md	ext/sibling/a04-okapi-night-handover.txt	seed/01-sop-temperature-excursion.md	ext/sibling/a01-marrowbeck-excursion-sop.md
g082	rung-00200	grounded	true	seed/04-night-shift-handover-log.txt	ext/sibling/a03-petrichor-postmortem-insulin.md	ext/sibling/a04-okapi-night-handover.txt	seed/01-sop-temperature-excursion.md	ext/sibling/a01-marrowbeck-excursion-sop.md
g082	rung-00500	grounded	true	seed/04-night-shift-handover-log.txt	ext/sibling/a03-petrichor-postmortem-insulin.md	ext/sibling/a04-okapi-night-handover.txt	seed/01-sop-temperature-excursion.md	ext/adjacent/a14-sundari-onboarding.html
g082	rung-01000	grounded	true	seed/04-night-shift-handover-log.txt	ext/sibling/a03-petrichor-postmortem-insulin.md	ext/sibling/a04-okapi-night-handover.txt	ext/adjacent/a14-sundari-onboarding.html	seed/01-sop-temperature-excursion.md
g083	rung-seed	grounded	true	seed/07-rate-card-and-surcharges.md	seed/12-rate-card-2026-h2.md	seed/10-new-joiner-faq.md	seed/archive/a05-induction-checklist-2020.txt	seed/05-decision-telematics-vendor-2023.md
g083	rung-00100	weak	true	seed/07-rate-card-and-surcharges.md	ext/archive/a20-braidwood-rate-card-2023.md	ext/archive/00015-ratecard-retired.md	seed/12-rate-card-2026-h2.md	ext/sibling/a06-braidwood-rate-card-2026.md
g083	rung-00200	weak	true	ext/sibling/00129-ratecard.md	seed/07-rate-card-and-surcharges.md	ext/archive/a20-braidwood-rate-card-2023.md	ext/archive/00085-ratecard-retired.md	ext/archive/00015-ratecard-retired.md
g083	rung-00500	weak	true	ext/archive/00365-ratecard-retired.md	ext/sibling/00129-ratecard.md	ext/sibling/00296-ratecard.md	ext/sibling/00423-ratecard.md	ext/sibling/00369-ratecard.md
g083	rung-01000	weak	true	ext/archive/00365-ratecard-retired.md	ext/sibling/00129-ratecard.md	ext/sibling/00296-ratecard.md	ext/sibling/00926-ratecard.md	ext/sibling/00549-ratecard.md
g084	rung-seed	partial	true	seed/01-sop-temperature-excursion.md	seed/03-postmortem-nagpur-vaccine-excursion.md	seed/08-driver-hours-and-safety-policy.md	seed/archive/a01-sop-temperature-excursion-rev2.md	seed/14-customer-notification-matrix-2025.md
g084	rung-00100	weak	true	ext/sibling/00049-postmortem.md	ext/sibling/a01-marrowbeck-excursion-sop.md	ext/sibling/00010-postmortem.md	ext/sibling/a03-petrichor-postmortem-insulin.md	ext/sibling/00043-postmortem.md
g084	rung-00200	weak	true	ext/sibling/00120-sop.md	ext/sibling/00049-postmortem.md	ext/sibling/a01-marrowbeck-excursion-sop.md	ext/sibling/00010-postmortem.md	ext/sibling/00130-postmortem.md
g084	rung-00500	weak	true	ext/sibling/00349-postmortem.md	ext/sibling/00430-postmortem.md	ext/sibling/00206-postmortem.md	ext/sibling/00403-postmortem.md	ext/sibling/00196-sop.md
g084	rung-01000	weak	true	ext/sibling/00349-postmortem.md	ext/sibling/00430-postmortem.md	ext/sibling/00463-postmortem.md	ext/sibling/00949-postmortem.md	ext/sibling/00206-postmortem.md
g085	rung-seed	grounded	true	seed/03-postmortem-nagpur-vaccine-excursion.md	seed/01-sop-temperature-excursion.md	seed/06-re-fw-telematics-cutover.eml	seed/04-night-shift-handover-log.txt	seed/14-customer-notification-matrix-2025.md
g085	rung-00100	grounded	true	seed/03-postmortem-nagpur-vaccine-excursion.md	ext/sibling/a03-petrichor-postmortem-insulin.md	seed/01-sop-temperature-excursion.md	seed/06-re-fw-telematics-cutover.eml	ext/sibling/00010-postmortem.md
g085	rung-00200	grounded	true	seed/03-postmortem-nagpur-vaccine-excursion.md	seed/01-sop-temperature-excursion.md	seed/06-re-fw-telematics-cutover.eml	ext/sibling/a03-petrichor-postmortem-insulin.md	ext/archive/00135-postmortem-retired.md
g085	rung-00500	grounded	true	seed/03-postmortem-nagpur-vaccine-excursion.md	seed/06-re-fw-telematics-cutover.eml	seed/01-sop-temperature-excursion.md	seed/10-new-joiner-faq.md	seed/archive/a03-dock-scheduling-wiki-2021.html
g085	rung-01000	grounded	true	seed/03-postmortem-nagpur-vaccine-excursion.md	seed/06-re-fw-telematics-cutover.eml	seed/10-new-joiner-faq.md	seed/archive/a03-dock-scheduling-wiki-2021.html	seed/01-sop-temperature-excursion.md
g086	rung-seed	weak	true	seed/08-driver-hours-and-safety-policy.md	seed/archive/a04-driver-hours-policy-2019.md	seed/01-sop-temperature-excursion.md	seed/10-new-joiner-faq.md	seed/04-night-shift-handover-log.txt
g086	rung-00100	weak	true	seed/08-driver-hours-and-safety-policy.md	seed/archive/a04-driver-hours-policy-2019.md	ext/sibling/00026-hours.md	ext/filler/a18-bicycle-bench-notes.txt	seed/04-night-shift-handover-log.txt
g086	rung-00200	weak	true	seed/archive/a04-driver-hours-policy-2019.md	seed/08-driver-hours-and-safety-policy.md	ext/sibling/00026-hours.md	ext/sibling/00096-hours.md	ext/filler/a18-bicycle-bench-notes.txt
g086	rung-00500	weak	true	seed/archive/a04-driver-hours-policy-2019.md	seed/08-driver-hours-and-safety-policy.md	ext/sibling/00446-hours.md	ext/sibling/00376-hours.md	ext/sibling/00026-hours.md
g086	rung-01000	weak	true	seed/archive/a04-driver-hours-policy-2019.md	seed/08-driver-hours-and-safety-policy.md	ext/sibling/00936-hours.md	ext/sibling/00446-hours.md	ext/sibling/00586-hours.md
g087	rung-seed	grounded	true	seed/03-postmortem-nagpur-vaccine-excursion.md	seed/01-sop-temperature-excursion.md			
g087	rung-00100	grounded	true	seed/03-postmortem-nagpur-vaccine-excursion.md	ext/adjacent/a13-halberd-insurance-claim.eml	seed/01-sop-temperature-excursion.md	ext/sibling/00033-sop.md	ext/sibling/00046-quarantine.md
g087	rung-00200	grounded	true	seed/03-postmortem-nagpur-vaccine-excursion.md	ext/adjacent/a13-halberd-insurance-claim.eml	seed/01-sop-temperature-excursion.md	ext/sibling/00033-sop.md	ext/sibling/00046-quarantine.md
g087	rung-00500	grounded	true	seed/03-postmortem-nagpur-vaccine-excursion.md	ext/adjacent/a13-halberd-insurance-claim.eml	seed/01-sop-temperature-excursion.md	ext/sibling/00033-sop.md	ext/sibling/00219-sop.md
g087	rung-01000	grounded	true	seed/03-postmortem-nagpur-vaccine-excursion.md	ext/adjacent/a13-halberd-insurance-claim.eml	seed/01-sop-temperature-excursion.md	ext/sibling/00033-sop.md	ext/sibling/00219-sop.md
g088	rung-seed	partial	true	seed/archive/a03-dock-scheduling-wiki-2021.html	seed/13-dock-scheduling-rules-2026.md	seed/09-dock-scheduling-wiki-export.html	seed/03-postmortem-nagpur-vaccine-excursion.md	seed/archive/a02-kalpa-alert-routing-guide-2021.md
g088	rung-00100	partial	true	seed/archive/a03-dock-scheduling-wiki-2021.html	seed/13-dock-scheduling-rules-2026.md	ext/sibling/00013-dockwiki.html	ext/sibling/00040-dockwiki.html	ext/sibling/00019-dockwiki.html
g088	rung-00200	partial	true	seed/archive/a03-dock-scheduling-wiki-2021.html	seed/13-dock-scheduling-rules-2026.md	ext/sibling/00100-dockwiki.html	ext/sibling/00139-dockwiki.html	ext/sibling/00013-dockwiki.html
g088	rung-00500	partial	true	seed/archive/a03-dock-scheduling-wiki-2021.html	seed/13-dock-scheduling-rules-2026.md	ext/sibling/00379-dockwiki.html	ext/sibling/00373-dockwiki.html	ext/sibling/00193-dockwiki.html
g088	rung-01000	partial	true	seed/archive/a03-dock-scheduling-wiki-2021.html	seed/13-dock-scheduling-rules-2026.md	ext/sibling/00379-dockwiki.html	ext/sibling/00859-dockwiki.html	ext/sibling/00700-dockwiki.html
g089	rung-seed	partial	true	seed/01-sop-temperature-excursion.md	seed/03-postmortem-nagpur-vaccine-excursion.md	seed/04-night-shift-handover-log.txt	seed/08-driver-hours-and-safety-policy.md	seed/10-new-joiner-faq.md
g089	rung-00100	partial	true	seed/01-sop-temperature-excursion.md	ext/sibling/a01-marrowbeck-excursion-sop.md	ext/sibling/a08-sundari-notification-matrix.md	seed/03-postmortem-nagpur-vaccine-excursion.md	ext/filler/00032-library.md
g089	rung-00200	partial	true	seed/01-sop-temperature-excursion.md	ext/sibling/a01-marrowbeck-excursion-sop.md	ext/sibling/a08-sundari-notification-matrix.md	ext/filler/00158-library.md	ext/filler/00152-library.md
g089	rung-00500	partial	true	ext/sibling/a01-marrowbeck-excursion-sop.md	seed/01-sop-temperature-excursion.md	ext/sibling/a08-sundari-notification-matrix.md	seed/04-night-shift-handover-log.txt	ext/filler/00452-library.md
g089	rung-01000	partial	true	ext/sibling/a01-marrowbeck-excursion-sop.md	seed/01-sop-temperature-excursion.md	seed/04-night-shift-handover-log.txt	ext/sibling/a08-sundari-notification-matrix.md	ext/filler/00638-library.md
g090	rung-seed	grounded	true	seed/04-night-shift-handover-log.txt	seed/10-new-joiner-faq.md	seed/13-dock-scheduling-rules-2026.md	seed/06-re-fw-telematics-cutover.eml	seed/09-dock-scheduling-wiki-export.html
g090	rung-00100	grounded	true	seed/13-dock-scheduling-rules-2026.md	seed/04-night-shift-handover-log.txt	seed/10-new-joiner-faq.md	seed/09-dock-scheduling-wiki-export.html	seed/02-sensor-thresholds.yaml
g090	rung-00200	grounded	true	seed/13-dock-scheduling-rules-2026.md	seed/09-dock-scheduling-wiki-export.html	seed/04-night-shift-handover-log.txt	seed/10-new-joiner-faq.md	seed/02-sensor-thresholds.yaml
g090	rung-00500	grounded	true	seed/13-dock-scheduling-rules-2026.md	seed/09-dock-scheduling-wiki-export.html	seed/10-new-joiner-faq.md	seed/04-night-shift-handover-log.txt	seed/02-sensor-thresholds.yaml
g090	rung-01000	grounded	true	seed/13-dock-scheduling-rules-2026.md	seed/09-dock-scheduling-wiki-export.html	seed/10-new-joiner-faq.md	seed/04-night-shift-handover-log.txt	seed/02-sensor-thresholds.yaml
g091	rung-seed	grounded	true	seed/02-sensor-thresholds.yaml	seed/06-re-fw-telematics-cutover.eml	seed/04-night-shift-handover-log.txt	seed/05-decision-telematics-vendor-2023.md	seed/11-decision-telematics-vendor-2026.md
g091	rung-00100	grounded	true	seed/02-sensor-thresholds.yaml	seed/06-re-fw-telematics-cutover.eml	seed/11-decision-telematics-vendor-2026.md	seed/04-night-shift-handover-log.txt	seed/05-decision-telematics-vendor-2023.md
g091	rung-00200	grounded	true	seed/02-sensor-thresholds.yaml	seed/06-re-fw-telematics-cutover.eml	seed/11-decision-telematics-vendor-2026.md	seed/04-night-shift-handover-log.txt	seed/05-decision-telematics-vendor-2023.md
g091	rung-00500	grounded	true	seed/02-sensor-thresholds.yaml	seed/06-re-fw-telematics-cutover.eml	seed/11-decision-telematics-vendor-2026.md	seed/04-night-shift-handover-log.txt	seed/05-decision-telematics-vendor-2023.md
g091	rung-01000	grounded	true	seed/02-sensor-thresholds.yaml	seed/06-re-fw-telematics-cutover.eml	seed/11-decision-telematics-vendor-2026.md	seed/04-night-shift-handover-log.txt	seed/05-decision-telematics-vendor-2023.md
g092	rung-seed	partial	true	seed/03-postmortem-nagpur-vaccine-excursion.md	seed/04-night-shift-handover-log.txt	seed/11-decision-telematics-vendor-2026.md	seed/01-sop-temperature-excursion.md	seed/14-customer-notification-matrix-2025.md
g092	rung-00100	grounded	true	seed/03-postmortem-nagpur-vaccine-excursion.md	ext/sibling/a03-petrichor-postmortem-insulin.md	seed/11-decision-telematics-vendor-2026.md	seed/04-night-shift-handover-log.txt	seed/01-sop-temperature-excursion.md
g092	rung-00200	grounded	true	seed/03-postmortem-nagpur-vaccine-excursion.md	seed/11-decision-telematics-vendor-2026.md	ext/sibling/a03-petrichor-postmortem-insulin.md	seed/04-night-shift-handover-log.txt	ext/sibling/00136-postmortem.md
g092	rung-00500	grounded	true	seed/03-postmortem-nagpur-vaccine-excursion.md	seed/11-decision-telematics-vendor-2026.md	ext/sibling/a03-petrichor-postmortem-insulin.md	seed/04-night-shift-handover-log.txt	ext/sibling/00416-postmortem.md
g092	rung-01000	grounded	true	seed/03-postmortem-nagpur-vaccine-excursion.md	seed/11-decision-telematics-vendor-2026.md	ext/sibling/a03-petrichor-postmortem-insulin.md	seed/04-night-shift-handover-log.txt	seed/02-sensor-thresholds.yaml
g093	rung-seed	weak	true	seed/13-dock-scheduling-rules-2026.md	seed/archive/a03-dock-scheduling-wiki-2021.html	seed/09-dock-scheduling-wiki-export.html	seed/04-night-shift-handover-log.txt	seed/archive/a05-induction-checklist-2020.txt
g093	rung-00100	weak	true	seed/archive/a03-dock-scheduling-wiki-2021.html	seed/13-dock-scheduling-rules-2026.md	seed/09-dock-scheduling-wiki-export.html	ext/sibling/a07-halberd-dock-wiki.html	seed/archive/a05-induction-checklist-2020.txt
g093	rung-00200	weak	true	seed/archive/a03-dock-scheduling-wiki-2021.html	seed/13-dock-scheduling-rules-2026.md	seed/09-dock-scheduling-wiki-export.html	seed/archive/a05-induction-checklist-2020.txt	ext/sibling/a07-halberd-dock-wiki.html
g093	rung-00500	weak	true	seed/archive/a03-dock-scheduling-wiki-2021.html	seed/13-dock-scheduling-rules-2026.md	seed/09-dock-scheduling-wiki-export.html	seed/archive/a05-induction-checklist-2020.txt	ext/sibling/a07-halberd-dock-wiki.html
g093	rung-01000	weak	true	seed/archive/a03-dock-scheduling-wiki-2021.html	seed/13-dock-scheduling-rules-2026.md	seed/09-dock-scheduling-wiki-export.html	seed/archive/a05-induction-checklist-2020.txt	seed/04-night-shift-handover-log.txt
g094	rung-seed	partial	true	seed/09-dock-scheduling-wiki-export.html	seed/13-dock-scheduling-rules-2026.md	seed/04-night-shift-handover-log.txt	seed/10-new-joiner-faq.md	seed/01-sop-temperature-excursion.md
g094	rung-00100	partial	true	seed/10-new-joiner-faq.md	seed/09-dock-scheduling-wiki-export.html	seed/13-dock-scheduling-rules-2026.md	seed/04-night-shift-handover-log.txt	seed/archive/a05-induction-checklist-2020.txt
g094	rung-00200	partial	true	seed/10-new-joiner-faq.md	seed/09-dock-scheduling-wiki-export.html	seed/13-dock-scheduling-rules-2026.md	seed/04-night-shift-handover-log.txt	seed/archive/a05-induction-checklist-2020.txt
g094	rung-00500	partial	true	seed/10-new-joiner-faq.md	seed/09-dock-scheduling-wiki-export.html	seed/13-dock-scheduling-rules-2026.md	seed/04-night-shift-handover-log.txt	seed/archive/a05-induction-checklist-2020.txt
g094	rung-01000	partial	true	seed/10-new-joiner-faq.md	seed/09-dock-scheduling-wiki-export.html	seed/13-dock-scheduling-rules-2026.md	seed/04-night-shift-handover-log.txt	seed/archive/a05-induction-checklist-2020.txt
g095	rung-seed	partial	true	seed/01-sop-temperature-excursion.md	seed/04-night-shift-handover-log.txt	seed/13-dock-scheduling-rules-2026.md	seed/09-dock-scheduling-wiki-export.html	seed/archive/a01-sop-temperature-excursion-rev2.md
g095	rung-00100	partial	true	seed/04-night-shift-handover-log.txt	seed/01-sop-temperature-excursion.md	ext/archive/00045-quarantine-retired.md	seed/archive/a01-sop-temperature-excursion-rev2.md	ext/sibling/a07-halberd-dock-wiki.html
g095	rung-00200	partial	true	seed/04-night-shift-handover-log.txt	seed/01-sop-temperature-excursion.md	ext/archive/00045-quarantine-retired.md	seed/archive/a01-sop-temperature-excursion-rev2.md	ext/sibling/a07-halberd-dock-wiki.html
g095	rung-00500	partial	true	ext/sibling/00429-ratecard.md	seed/04-night-shift-handover-log.txt	ext/archive/00045-quarantine-retired.md	seed/01-sop-temperature-excursion.md	seed/archive/a01-sop-temperature-excursion-rev2.md
g095	rung-01000	partial	true	ext/sibling/00429-ratecard.md	ext/sibling/00716-ratecard.md	seed/04-night-shift-handover-log.txt	ext/sibling/00746-quarantine.md	ext/sibling/00886-quarantine.md
g096	rung-seed	partial	true	seed/03-postmortem-nagpur-vaccine-excursion.md	seed/11-decision-telematics-vendor-2026.md	seed/archive/a05-induction-checklist-2020.txt	seed/archive/a02-kalpa-alert-routing-guide-2021.md	seed/04-night-shift-handover-log.txt
g096	rung-00100	partial	true	seed/03-postmortem-nagpur-vaccine-excursion.md	ext/sibling/a04-okapi-night-handover.txt	seed/11-decision-telematics-vendor-2026.md	ext/adjacent/a11-petrichor-hr-leave.md	ext/adjacent/a14-sundari-onboarding.html
g096	rung-00200	partial	true	seed/03-postmortem-nagpur-vaccine-excursion.md	ext/sibling/a04-okapi-night-handover.txt	ext/adjacent/a11-petrichor-hr-leave.md	seed/11-decision-telematics-vendor-2026.md	ext/adjacent/a14-sundari-onboarding.html
g096	rung-00500	partial	true	seed/03-postmortem-nagpur-vaccine-excursion.md	ext/sibling/a04-okapi-night-handover.txt	ext/adjacent/a11-petrichor-hr-leave.md	seed/11-decision-telematics-vendor-2026.md	ext/adjacent/a14-sundari-onboarding.html
g096	rung-01000	partial	true	seed/03-postmortem-nagpur-vaccine-excursion.md	ext/sibling/a04-okapi-night-handover.txt	ext/adjacent/a11-petrichor-hr-leave.md	ext/adjacent/a14-sundari-onboarding.html	seed/11-decision-telematics-vendor-2026.md
g097	rung-seed	partial	true	seed/12-rate-card-2026-h2.md	seed/07-rate-card-and-surcharges.md	seed/13-dock-scheduling-rules-2026.md	seed/06-re-fw-telematics-cutover.eml	seed/archive/a02-kalpa-alert-routing-guide-2021.md
g097	rung-00100	weak	true	seed/12-rate-card-2026-h2.md	ext/sibling/a06-braidwood-rate-card-2026.md	seed/07-rate-card-and-surcharges.md	ext/sibling/00016-ratecard.md	ext/archive/a20-braidwood-rate-card-2023.md
g097	rung-00200	weak	true	seed/12-rate-card-2026-h2.md	ext/sibling/a06-braidwood-rate-card-2026.md	seed/07-rate-card-and-surcharges.md	ext/sibling/00016-ratecard.md	ext/sibling/00156-ratecard.md
g097	rung-00500	weak	true	seed/12-rate-card-2026-h2.md	ext/sibling/a06-braidwood-rate-card-2026.md	seed/07-rate-card-and-surcharges.md	ext/sibling/00450-ratecard.md	ext/sibling/00016-ratecard.md
g097	rung-01000	weak	true	seed/12-rate-card-2026-h2.md	ext/sibling/a06-braidwood-rate-card-2026.md	seed/07-rate-card-and-surcharges.md	ext/sibling/00450-ratecard.md	ext/sibling/00669-ratecard.md
g098	rung-seed	grounded	true	seed/03-postmortem-nagpur-vaccine-excursion.md	seed/08-driver-hours-and-safety-policy.md	seed/13-dock-scheduling-rules-2026.md	seed/01-sop-temperature-excursion.md	seed/04-night-shift-handover-log.txt
g098	rung-00100	weak	true	seed/03-postmortem-nagpur-vaccine-excursion.md	seed/13-dock-scheduling-rules-2026.md	ext/sibling/a04-okapi-night-handover.txt	ext/sibling/a01-marrowbeck-excursion-sop.md	seed/08-driver-hours-and-safety-policy.md
g098	rung-00200	weak	true	seed/03-postmortem-nagpur-vaccine-excursion.md	seed/13-dock-scheduling-rules-2026.md	ext/sibling/a04-okapi-night-handover.txt	seed/archive/a02-kalpa-alert-routing-guide-2021.md	ext/sibling/a01-marrowbeck-excursion-sop.md
g098	rung-00500	weak	true	seed/03-postmortem-nagpur-vaccine-excursion.md	seed/13-dock-scheduling-rules-2026.md	ext/sibling/a04-okapi-night-handover.txt	seed/archive/a02-kalpa-alert-routing-guide-2021.md	ext/sibling/a01-marrowbeck-excursion-sop.md
g098	rung-01000	weak	true	seed/03-postmortem-nagpur-vaccine-excursion.md	seed/13-dock-scheduling-rules-2026.md	ext/sibling/a04-okapi-night-handover.txt	seed/archive/a02-kalpa-alert-routing-guide-2021.md	seed/08-driver-hours-and-safety-policy.md
g099	rung-seed	grounded	true	seed/01-sop-temperature-excursion.md	seed/11-decision-telematics-vendor-2026.md	seed/14-customer-notification-matrix-2025.md	seed/08-driver-hours-and-safety-policy.md	seed/15-customer-notification-matrix-2026.md
g099	rung-00100	weak	true	ext/sibling/a03-petrichor-postmortem-insulin.md	seed/01-sop-temperature-excursion.md	seed/15-customer-notification-matrix-2026.md	seed/14-customer-notification-matrix-2025.md	ext/sibling/00010-postmortem.md
g099	rung-00200	weak	true	seed/01-sop-temperature-excursion.md	ext/sibling/a03-petrichor-postmortem-insulin.md	seed/15-customer-notification-matrix-2026.md	seed/14-customer-notification-matrix-2025.md	seed/09-dock-scheduling-wiki-export.html
g099	rung-00500	weak	true	seed/01-sop-temperature-excursion.md	ext/sibling/a03-petrichor-postmortem-insulin.md	seed/15-customer-notification-matrix-2026.md	seed/09-dock-scheduling-wiki-export.html	seed/10-new-joiner-faq.md
g099	rung-01000	grounded	true	seed/01-sop-temperature-excursion.md	seed/10-new-joiner-faq.md	seed/09-dock-scheduling-wiki-export.html	seed/15-customer-notification-matrix-2026.md	ext/sibling/a03-petrichor-postmortem-insulin.md
g100	rung-seed	partial	true	seed/11-decision-telematics-vendor-2026.md	seed/15-customer-notification-matrix-2026.md	seed/01-sop-temperature-excursion.md	seed/04-night-shift-handover-log.txt	seed/13-dock-scheduling-rules-2026.md
g100	rung-00100	weak	true	ext/archive/00005-decision-retired.md	ext/sibling/00050-notification.md	ext/sibling/00023-notification.md	ext/sibling/00029-notification.md	ext/sibling/00036-notification.md
g100	rung-00200	weak	true	ext/archive/00005-decision-retired.md	ext/sibling/00143-notification.md	ext/sibling/00050-notification.md	ext/sibling/00023-notification.md	ext/sibling/00106-notification.md
g100	rung-00500	weak	true	seed/11-decision-telematics-vendor-2026.md	ext/sibling/00046-quarantine.md	ext/sibling/00453-sop.md	ext/sibling/00126-sop.md	ext/archive/00435-ratecard-retired.md
g100	rung-01000	weak	true	seed/11-decision-telematics-vendor-2026.md	ext/archive/00945-notification-retired.md	ext/sibling/00046-quarantine.md	ext/sibling/00476-sop.md	ext/sibling/00819-sop.md
g101	rung-seed	weak	true	seed/archive/a05-induction-checklist-2020.txt	seed/05-decision-telematics-vendor-2023.md	seed/08-driver-hours-and-safety-policy.md	seed/01-sop-temperature-excursion.md	seed/archive/a01-sop-temperature-excursion-rev2.md
g101	rung-00100	grounded	true	seed/archive/a05-induction-checklist-2020.txt	ext/sibling/a05-norvell-telematics-decision-2026.md	seed/05-decision-telematics-vendor-2023.md	ext/adjacent/a09-marrowbeck-ammonia-facilities.md	ext/sibling/a02-vantorix-sensor-thresholds.yaml
g101	rung-00200	grounded	true	seed/archive/a05-induction-checklist-2020.txt	ext/sibling/a05-norvell-telematics-decision-2026.md	ext/sibling/a02-vantorix-sensor-thresholds.yaml	seed/05-decision-telematics-vendor-2023.md	seed/10-new-joiner-faq.md
g101	rung-00500	weak	true	seed/archive/a05-induction-checklist-2020.txt	ext/sibling/a02-vantorix-sensor-thresholds.yaml	ext/sibling/a05-norvell-telematics-decision-2026.md	seed/05-decision-telematics-vendor-2023.md	seed/10-new-joiner-faq.md
g101	rung-01000	weak	true	seed/archive/a05-induction-checklist-2020.txt	ext/sibling/a02-vantorix-sensor-thresholds.yaml	ext/sibling/a05-norvell-telematics-decision-2026.md	seed/05-decision-telematics-vendor-2023.md	seed/13-dock-scheduling-rules-2026.md
g102	rung-seed	partial	true	seed/06-re-fw-telematics-cutover.eml	seed/05-decision-telematics-vendor-2023.md	seed/11-decision-telematics-vendor-2026.md	seed/13-dock-scheduling-rules-2026.md	seed/03-postmortem-nagpur-vaccine-excursion.md
g102	rung-00100	partial	true	ext/sibling/00006-decision.md	ext/sibling/00053-decision.md	seed/05-decision-telematics-vendor-2023.md	ext/sibling/00020-decision.md	ext/sibling/00059-decision.md
g102	rung-00200	partial	true	ext/sibling/00006-decision.md	ext/sibling/00080-decision.md	ext/sibling/00053-decision.md	ext/sibling/00140-decision.md	seed/05-decision-telematics-vendor-2023.md
g102	rung-00500	partial	true	ext/sibling/00006-decision.md	ext/sibling/00080-decision.md	ext/sibling/00419-decision.md	ext/sibling/00200-decision.md	ext/sibling/00053-decision.md
g102	rung-01000	partial	true	ext/sibling/00006-decision.md	ext/sibling/00953-decision.md	ext/sibling/00080-decision.md	ext/sibling/00419-decision.md	ext/sibling/00920-decision.md
g103	rung-seed	weak	true	seed/archive/a01-sop-temperature-excursion-rev2.md	seed/01-sop-temperature-excursion.md	seed/03-postmortem-nagpur-vaccine-excursion.md	seed/04-night-shift-handover-log.txt	seed/15-customer-notification-matrix-2026.md
g103	rung-00100	grounded	true	seed/archive/a01-sop-temperature-excursion-rev2.md	seed/01-sop-temperature-excursion.md	seed/03-postmortem-nagpur-vaccine-excursion.md	ext/sibling/a01-marrowbeck-excursion-sop.md	ext/sibling/00000-sop.md
g103	rung-00200	weak	true	ext/sibling/00116-quarantine.md	ext/sibling/00130-postmortem.md	ext/sibling/00103-postmortem.md	seed/archive/a01-sop-temperature-excursion-rev2.md	seed/01-sop-temperature-excursion.md
g103	rung-00500	weak	true	ext/sibling/00219-sop.md	ext/sibling/00406-sop.md	ext/sibling/00180-sop.md	ext/sibling/00310-postmortem.md	ext/sibling/00416-postmortem.md
g103	rung-01000	weak	true	ext/sibling/00639-sop.md	ext/sibling/00219-sop.md	ext/sibling/00406-sop.md	ext/sibling/00180-sop.md	ext/sibling/00840-sop.md
g104	rung-seed	weak	true	seed/02-sensor-thresholds.yaml	seed/01-sop-temperature-excursion.md	seed/13-dock-scheduling-rules-2026.md	seed/04-night-shift-handover-log.txt	seed/10-new-joiner-faq.md
g104	rung-00100	grounded	true	ext/sibling/00046-quarantine.md	seed/13-dock-scheduling-rules-2026.md	ext/sibling/00033-sop.md	ext/sibling/00039-sop.md	ext/sibling/00000-sop.md
g104	rung-00200	weak	true	ext/sibling/00046-quarantine.md	ext/sibling/00116-quarantine.md	seed/13-dock-scheduling-rules-2026.md	ext/sibling/00033-sop.md	ext/sibling/00060-sop.md
g104	rung-00500	weak	true	seed/13-dock-scheduling-rules-2026.md	ext/sibling/00046-quarantine.md	ext/sibling/00186-quarantine.md	ext/sibling/00396-quarantine.md	ext/sibling/00326-quarantine.md
g104	rung-01000	grounded	true	seed/13-dock-scheduling-rules-2026.md	ext/sibling/00046-quarantine.md	ext/sibling/00746-quarantine.md	ext/sibling/00186-quarantine.md	ext/sibling/00816-quarantine.md
g105	rung-seed	weak	true	seed/10-new-joiner-faq.md	seed/archive/a02-kalpa-alert-routing-guide-2021.md	seed/03-postmortem-nagpur-vaccine-excursion.md	seed/14-customer-notification-matrix-2025.md	seed/archive/a01-sop-temperature-excursion-rev2.md
g105	rung-00100	weak	true	seed/archive/a02-kalpa-alert-routing-guide-2021.md	seed/10-new-joiner-faq.md	seed/03-postmortem-nagpur-vaccine-excursion.md	seed/archive/a05-induction-checklist-2020.txt	seed/archive/a01-sop-temperature-excursion-rev2.md
g105	rung-00200	grounded	true	seed/archive/a02-kalpa-alert-routing-guide-2021.md	seed/10-new-joiner-faq.md	seed/archive/a05-induction-checklist-2020.txt	seed/03-postmortem-nagpur-vaccine-excursion.md	seed/archive/a01-sop-temperature-excursion-rev2.md
g105	rung-00500	grounded	true	seed/archive/a02-kalpa-alert-routing-guide-2021.md	seed/10-new-joiner-faq.md	seed/archive/a05-induction-checklist-2020.txt	seed/archive/a01-sop-temperature-excursion-rev2.md	seed/03-postmortem-nagpur-vaccine-excursion.md
g105	rung-01000	grounded	true	seed/archive/a02-kalpa-alert-routing-guide-2021.md	seed/10-new-joiner-faq.md	seed/archive/a05-induction-checklist-2020.txt	seed/archive/a01-sop-temperature-excursion-rev2.md	seed/03-postmortem-nagpur-vaccine-excursion.md
g106	rung-seed	partial	true	seed/13-dock-scheduling-rules-2026.md	seed/11-decision-telematics-vendor-2026.md	seed/06-re-fw-telematics-cutover.eml	seed/05-decision-telematics-vendor-2023.md	seed/08-driver-hours-and-safety-policy.md
g106	rung-00100	partial	true	ext/filler/a17-beekeeping-minutes.md	ext/sibling/a08-sundari-notification-matrix.md	ext/adjacent/a10-vantorix-it-access.md	ext/sibling/00050-notification.md	ext/sibling/00023-notification.md
g106	rung-00200	partial	true	ext/filler/a17-beekeeping-minutes.md	ext/sibling/a08-sundari-notification-matrix.md	ext/sibling/00143-notification.md	ext/sibling/00050-notification.md	ext/adjacent/a10-vantorix-it-access.md
g106	rung-00500	partial	true	ext/filler/a17-beekeeping-minutes.md	ext/sibling/a08-sundari-notification-matrix.md	ext/adjacent/a13-halberd-insurance-claim.eml	ext/adjacent/a10-vantorix-it-access.md	ext/sibling/00143-notification.md
g106	rung-01000	partial	true	ext/filler/a17-beekeeping-minutes.md	ext/sibling/a08-sundari-notification-matrix.md	ext/adjacent/a13-halberd-insurance-claim.eml	ext/filler/00028-release-notes.md	ext/filler/00442-release-notes.md
g107	rung-seed	partial	true	seed/archive/a01-sop-temperature-excursion-rev2.md	seed/01-sop-temperature-excursion.md	seed/02-sensor-thresholds.yaml	seed/10-new-joiner-faq.md	seed/03-postmortem-nagpur-vaccine-excursion.md
g107	rung-00100	weak	true	ext/sibling/a01-marrowbeck-excursion-sop.md	seed/archive/a01-sop-temperature-excursion-rev2.md	seed/01-sop-temperature-excursion.md	ext/sibling/00033-sop.md	ext/sibling/00039-sop.md
g107	rung-00200	weak	true	ext/sibling/00126-sop.md	ext/sibling/a01-marrowbeck-excursion-sop.md	seed/archive/a01-sop-temperature-excursion-rev2.md	seed/01-sop-temperature-excursion.md	ext/sibling/00033-sop.md
g107	rung-00500	weak	true	ext/sibling/00453-sop.md	ext/sibling/00126-sop.md	ext/sibling/a01-marrowbeck-excursion-sop.md	seed/archive/a01-sop-temperature-excursion-rev2.md	seed/01-sop-temperature-excursion.md
g107	rung-01000	weak	true	ext/sibling/00476-sop.md	ext/sibling/00819-sop.md	ext/sibling/00453-sop.md	ext/sibling/00546-sop.md	ext/sibling/00126-sop.md
g108	rung-seed	partial	true	seed/09-dock-scheduling-wiki-export.html	seed/04-night-shift-handover-log.txt	seed/03-postmortem-nagpur-vaccine-excursion.md	seed/archive/a05-induction-checklist-2020.txt	seed/10-new-joiner-faq.md
g108	rung-00100	partial	true	ext/sibling/a03-petrichor-postmortem-insulin.md	ext/sibling/a07-halberd-dock-wiki.html	ext/adjacent/a11-petrichor-hr-leave.md	ext/sibling/a04-okapi-night-handover.txt	ext/adjacent/a09-marrowbeck-ammonia-facilities.md
g108	rung-00200	partial	true	ext/sibling/a03-petrichor-postmortem-insulin.md	ext/sibling/a07-halberd-dock-wiki.html	ext/adjacent/a11-petrichor-hr-leave.md	ext/sibling/a04-okapi-night-handover.txt	seed/09-dock-scheduling-wiki-export.html
g108	rung-00500	partial	true	ext/sibling/a03-petrichor-postmortem-insulin.md	ext/sibling/a07-halberd-dock-wiki.html	ext/adjacent/a11-petrichor-hr-leave.md	ext/sibling/a04-okapi-night-handover.txt	seed/09-dock-scheduling-wiki-export.html
g108	rung-01000	partial	true	ext/adjacent/a11-petrichor-hr-leave.md	ext/sibling/a03-petrichor-postmortem-insulin.md	ext/sibling/a07-halberd-dock-wiki.html	ext/sibling/a04-okapi-night-handover.txt	seed/09-dock-scheduling-wiki-export.html
g109	rung-seed	partial	true	seed/05-decision-telematics-vendor-2023.md	seed/11-decision-telematics-vendor-2026.md	seed/03-postmortem-nagpur-vaccine-excursion.md	seed/06-re-fw-telematics-cutover.eml	seed/archive/a03-dock-scheduling-wiki-2021.html
g109	rung-00100	partial	true	seed/05-decision-telematics-vendor-2023.md	seed/11-decision-telematics-vendor-2026.md	ext/archive/00005-decision-retired.md	ext/archive/a19-norvell-telematics-decision-2022.md	ext/sibling/00006-decision.md
g109	rung-00200	partial	true	seed/05-decision-telematics-vendor-2023.md	seed/11-decision-telematics-vendor-2026.md	ext/archive/00005-decision-retired.md	ext/archive/00075-decision-retired.md	ext/archive/00145-decision-retired.md
g109	rung-00500	partial	true	seed/05-decision-telematics-vendor-2023.md	ext/sibling/00200-decision.md	ext/sibling/00413-decision.md	ext/sibling/00353-decision.md	ext/archive/00285-decision-retired.md
g109	rung-01000	partial	true	seed/05-decision-telematics-vendor-2023.md	ext/sibling/00953-decision.md	ext/sibling/00200-decision.md	ext/sibling/00620-decision.md	ext/sibling/00500-decision.md
g110	rung-seed	partial	true	seed/archive/a04-driver-hours-policy-2019.md	seed/08-driver-hours-and-safety-policy.md	seed/01-sop-temperature-excursion.md	seed/13-dock-scheduling-rules-2026.md	seed/archive/a01-sop-temperature-excursion-rev2.md
g110	rung-00100	weak	true	ext/adjacent/a10-vantorix-it-access.md	ext/sibling/00026-hours.md	seed/archive/a04-driver-hours-policy-2019.md	seed/08-driver-hours-and-safety-policy.md	ext/adjacent/a14-sundari-onboarding.html
g110	rung-00200	weak	true	ext/adjacent/a10-vantorix-it-access.md	ext/sibling/00026-hours.md	ext/sibling/00096-hours.md	seed/archive/a04-driver-hours-policy-2019.md	seed/08-driver-hours-and-safety-policy.md
g110	rung-00500	grounded	true	ext/adjacent/a10-vantorix-it-access.md	ext/sibling/00446-hours.md	ext/sibling/00376-hours.md	ext/sibling/00026-hours.md	ext/sibling/00096-hours.md
g110	rung-01000	grounded	true	ext/adjacent/a10-vantorix-it-access.md	ext/sibling/00936-hours.md	ext/sibling/00446-hours.md	ext/sibling/00586-hours.md	ext/sibling/00866-hours.md
g111	rung-seed	grounded	true	seed/01-sop-temperature-excursion.md	seed/15-customer-notification-matrix-2026.md	seed/14-customer-notification-matrix-2025.md	seed/08-driver-hours-and-safety-policy.md	seed/archive/a04-driver-hours-policy-2019.md
g111	rung-00100	grounded	true	ext/sibling/a04-okapi-night-handover.txt	ext/archive/00035-notification-retired.md	ext/archive/00005-decision-retired.md	ext/archive/00015-ratecard-retired.md	ext/archive/00045-quarantine-retired.md
g111	rung-00200	grounded	true	ext/sibling/a04-okapi-night-handover.txt	ext/archive/00035-notification-retired.md	ext/archive/00085-ratecard-retired.md	ext/archive/00005-decision-retired.md	ext/archive/00105-notification-retired.md
g111	rung-00500	grounded	true	ext/sibling/a04-okapi-night-handover.txt	ext/archive/00035-notification-retired.md	ext/archive/00245-notification-retired.md	ext/archive/00455-notification-retired.md	ext/archive/00435-ratecard-retired.md
g111	rung-01000	grounded	true	ext/sibling/a04-okapi-night-handover.txt	ext/archive/00035-notification-retired.md	ext/archive/00625-postmortem-retired.md	ext/archive/00485-postmortem-retired.md	ext/archive/00245-notification-retired.md
g112	rung-seed	partial	true	seed/01-sop-temperature-excursion.md	seed/13-dock-scheduling-rules-2026.md	seed/archive/a01-sop-temperature-excursion-rev2.md	seed/03-postmortem-nagpur-vaccine-excursion.md	seed/06-re-fw-telematics-cutover.eml
g112	rung-00100	partial	true	ext/filler/a15-release-notes-tilecutter.md	ext/adjacent/a14-sundari-onboarding.html	ext/sibling/a04-okapi-night-handover.txt	seed/13-dock-scheduling-rules-2026.md	seed/01-sop-temperature-excursion.md
g112	rung-00200	partial	true	ext/adjacent/a14-sundari-onboarding.html	ext/filler/a15-release-notes-tilecutter.md	ext/sibling/a04-okapi-night-handover.txt	seed/13-dock-scheduling-rules-2026.md	seed/01-sop-temperature-excursion.md
g112	rung-00500	partial	true	ext/adjacent/a14-sundari-onboarding.html	ext/filler/a15-release-notes-tilecutter.md	ext/sibling/a04-okapi-night-handover.txt	seed/13-dock-scheduling-rules-2026.md	ext/adjacent/a10-vantorix-it-access.md
g112	rung-01000	partial	true	ext/adjacent/a14-sundari-onboarding.html	ext/filler/a15-release-notes-tilecutter.md	ext/sibling/a04-okapi-night-handover.txt	seed/13-dock-scheduling-rules-2026.md	ext/adjacent/a10-vantorix-it-access.md
g113	rung-seed	partial	true	seed/02-sensor-thresholds.yaml	seed/06-re-fw-telematics-cutover.eml	seed/08-driver-hours-and-safety-policy.md	seed/04-night-shift-handover-log.txt	seed/10-new-joiner-faq.md
g113	rung-00100	partial	true	seed/02-sensor-thresholds.yaml	seed/06-re-fw-telematics-cutover.eml	seed/04-night-shift-handover-log.txt	seed/10-new-joiner-faq.md	ext/sibling/00049-postmortem.md
g113	rung-00200	partial	true	seed/02-sensor-thresholds.yaml	seed/06-re-fw-telematics-cutover.eml	seed/04-night-shift-handover-log.txt	seed/10-new-joiner-faq.md	seed/11-decision-telematics-vendor-2026.md
g113	rung-00500	partial	true	seed/02-sensor-thresholds.yaml	seed/06-re-fw-telematics-cutover.eml	seed/04-night-shift-handover-log.txt	seed/10-new-joiner-faq.md	seed/11-decision-telematics-vendor-2026.md
g113	rung-01000	partial	true	seed/02-sensor-thresholds.yaml	seed/06-re-fw-telematics-cutover.eml	seed/04-night-shift-handover-log.txt	seed/10-new-joiner-faq.md	seed/11-decision-telematics-vendor-2026.md
g114	rung-seed	partial	true	seed/13-dock-scheduling-rules-2026.md	seed/01-sop-temperature-excursion.md	seed/archive/a03-dock-scheduling-wiki-2021.html	seed/04-night-shift-handover-log.txt	seed/09-dock-scheduling-wiki-export.html
g114	rung-00100	partial	true	ext/adjacent/a09-marrowbeck-ammonia-facilities.md	seed/13-dock-scheduling-rules-2026.md	ext/sibling/a04-okapi-night-handover.txt	seed/04-night-shift-handover-log.txt	ext/sibling/00010-postmortem.md
g114	rung-00200	partial	true	ext/adjacent/a09-marrowbeck-ammonia-facilities.md	seed/13-dock-scheduling-rules-2026.md	ext/sibling/a04-okapi-night-handover.txt	seed/04-night-shift-handover-log.txt	seed/01-sop-temperature-excursion.md
g114	rung-00500	partial	true	ext/adjacent/a09-marrowbeck-ammonia-facilities.md	ext/sibling/a04-okapi-night-handover.txt	seed/13-dock-scheduling-rules-2026.md	seed/04-night-shift-handover-log.txt	seed/01-sop-temperature-excursion.md
g114	rung-01000	partial	true	ext/adjacent/a09-marrowbeck-ammonia-facilities.md	ext/sibling/a04-okapi-night-handover.txt	seed/13-dock-scheduling-rules-2026.md	seed/04-night-shift-handover-log.txt	seed/01-sop-temperature-excursion.md
g115	rung-seed	partial	true	seed/03-postmortem-nagpur-vaccine-excursion.md	seed/09-dock-scheduling-wiki-export.html	seed/13-dock-scheduling-rules-2026.md	seed/10-new-joiner-faq.md	seed/12-rate-card-2026-h2.md
g115	rung-00100	weak	true	seed/03-postmortem-nagpur-vaccine-excursion.md	seed/09-dock-scheduling-wiki-export.html	ext/adjacent/a13-halberd-insurance-claim.eml	seed/13-dock-scheduling-rules-2026.md	ext/sibling/a07-halberd-dock-wiki.html
g115	rung-00200	weak	true	seed/09-dock-scheduling-wiki-export.html	seed/03-postmortem-nagpur-vaccine-excursion.md	ext/adjacent/a13-halberd-insurance-claim.eml	ext/sibling/a07-halberd-dock-wiki.html	seed/13-dock-scheduling-rules-2026.md
g115	rung-00500	grounded	true	seed/09-dock-scheduling-wiki-export.html	ext/sibling/a07-halberd-dock-wiki.html	seed/03-postmortem-nagpur-vaccine-excursion.md	ext/adjacent/a13-halberd-insurance-claim.eml	ext/adjacent/a10-vantorix-it-access.md
g115	rung-01000	weak	true	seed/09-dock-scheduling-wiki-export.html	ext/sibling/a07-halberd-dock-wiki.html	ext/adjacent/a10-vantorix-it-access.md	ext/adjacent/a13-halberd-insurance-claim.eml	seed/03-postmortem-nagpur-vaccine-excursion.md
g116	rung-seed	grounded	true	seed/11-decision-telematics-vendor-2026.md	seed/03-postmortem-nagpur-vaccine-excursion.md	seed/06-re-fw-telematics-cutover.eml	seed/10-new-joiner-faq.md	seed/04-night-shift-handover-log.txt
g116	rung-00100	weak	true	seed/11-decision-telematics-vendor-2026.md	seed/03-postmortem-nagpur-vaccine-excursion.md	seed/10-new-joiner-faq.md	seed/06-re-fw-telematics-cutover.eml	seed/04-night-shift-handover-log.txt
g116	rung-00200	weak	true	seed/11-decision-telematics-vendor-2026.md	seed/03-postmortem-nagpur-vaccine-excursion.md	seed/10-new-joiner-faq.md	seed/archive/a02-kalpa-alert-routing-guide-2021.md	seed/04-night-shift-handover-log.txt
g116	rung-00500	weak	true	seed/03-postmortem-nagpur-vaccine-excursion.md	seed/11-decision-telematics-vendor-2026.md	seed/10-new-joiner-faq.md	seed/archive/a02-kalpa-alert-routing-guide-2021.md	seed/04-night-shift-handover-log.txt
g116	rung-01000	weak	true	seed/03-postmortem-nagpur-vaccine-excursion.md	seed/11-decision-telematics-vendor-2026.md	seed/10-new-joiner-faq.md	seed/04-night-shift-handover-log.txt	seed/archive/a02-kalpa-alert-routing-guide-2021.md
g117	rung-seed	weak	true	seed/12-rate-card-2026-h2.md	seed/07-rate-card-and-surcharges.md	seed/10-new-joiner-faq.md	seed/04-night-shift-handover-log.txt	seed/06-re-fw-telematics-cutover.eml
g117	rung-00100	weak	true	seed/12-rate-card-2026-h2.md	seed/07-rate-card-and-surcharges.md	ext/archive/a20-braidwood-rate-card-2023.md	ext/sibling/a06-braidwood-rate-card-2026.md	seed/10-new-joiner-faq.md
g117	rung-00200	weak	true	seed/12-rate-card-2026-h2.md	seed/07-rate-card-and-surcharges.md	ext/archive/a20-braidwood-rate-card-2023.md	seed/10-new-joiner-faq.md	ext/sibling/a06-braidwood-rate-card-2026.md
g117	rung-00500	weak	true	seed/07-rate-card-and-surcharges.md	seed/12-rate-card-2026-h2.md	ext/archive/a20-braidwood-rate-card-2023.md	seed/10-new-joiner-faq.md	seed/04-night-shift-handover-log.txt
g117	rung-01000	weak	true	seed/07-rate-card-and-surcharges.md	seed/12-rate-card-2026-h2.md	ext/archive/a20-braidwood-rate-card-2023.md	seed/10-new-joiner-faq.md	seed/04-night-shift-handover-log.txt
g118	rung-seed	partial	true	seed/10-new-joiner-faq.md	seed/04-night-shift-handover-log.txt	seed/archive/a05-induction-checklist-2020.txt	seed/09-dock-scheduling-wiki-export.html	seed/13-dock-scheduling-rules-2026.md
g118	rung-00100	grounded	true	seed/10-new-joiner-faq.md	ext/adjacent/a10-vantorix-it-access.md	seed/04-night-shift-handover-log.txt	seed/archive/a05-induction-checklist-2020.txt	seed/09-dock-scheduling-wiki-export.html
g118	rung-00200	grounded	true	seed/10-new-joiner-faq.md	ext/adjacent/a10-vantorix-it-access.md	seed/04-night-shift-handover-log.txt	seed/archive/a05-induction-checklist-2020.txt	seed/09-dock-scheduling-wiki-export.html
g118	rung-00500	grounded	true	seed/10-new-joiner-faq.md	ext/adjacent/a10-vantorix-it-access.md	seed/archive/a05-induction-checklist-2020.txt	seed/04-night-shift-handover-log.txt	seed/09-dock-scheduling-wiki-export.html
g118	rung-01000	grounded	true	seed/10-new-joiner-faq.md	ext/adjacent/a10-vantorix-it-access.md	seed/archive/a05-induction-checklist-2020.txt	seed/04-night-shift-handover-log.txt	seed/09-dock-scheduling-wiki-export.html
g119	rung-seed	weak	true	seed/archive/a01-sop-temperature-excursion-rev2.md	seed/01-sop-temperature-excursion.md	seed/14-customer-notification-matrix-2025.md	seed/15-customer-notification-matrix-2026.md	seed/13-dock-scheduling-rules-2026.md
g119	rung-00100	weak	true	seed/archive/a01-sop-temperature-excursion-rev2.md	seed/01-sop-temperature-excursion.md	ext/sibling/a01-marrowbeck-excursion-sop.md	seed/14-customer-notification-matrix-2025.md	seed/15-customer-notification-matrix-2026.md
g119	rung-00200	weak	true	seed/archive/a01-sop-temperature-excursion-rev2.md	seed/01-sop-temperature-excursion.md	ext/sibling/00120-sop.md	ext/sibling/a01-marrowbeck-excursion-sop.md	seed/14-customer-notification-matrix-2025.md
g119	rung-00500	weak	true	seed/archive/a01-sop-temperature-excursion-rev2.md	ext/sibling/00196-sop.md	ext/sibling/00459-sop.md	ext/sibling/00120-sop.md	ext/sibling/00213-sop.md
g119	rung-01000	weak	true	seed/archive/a01-sop-temperature-excursion-rev2.md	ext/sibling/00196-sop.md	ext/sibling/00459-sop.md	ext/sibling/00879-sop.md	ext/sibling/00120-sop.md
g120	rung-seed	partial	true	seed/01-sop-temperature-excursion.md	seed/archive/a01-sop-temperature-excursion-rev2.md	seed/02-sensor-thresholds.yaml	seed/11-decision-telematics-vendor-2026.md	seed/03-postmortem-nagpur-vaccine-excursion.md
g120	rung-00100	partial	true	seed/archive/a01-sop-temperature-excursion-rev2.md	seed/02-sensor-thresholds.yaml	seed/01-sop-temperature-excursion.md	ext/sibling/00033-sop.md	ext/sibling/00046-quarantine.md
g120	rung-00200	partial	true	ext/sibling/00116-quarantine.md	ext/sibling/00130-postmortem.md	ext/sibling/00103-postmortem.md	seed/02-sensor-thresholds.yaml	seed/archive/a01-sop-temperature-excursion-rev2.md
g120	rung-00500	partial	true	ext/sibling/00219-sop.md	ext/sibling/00406-sop.md	ext/sibling/00180-sop.md	ext/sibling/00116-quarantine.md	ext/sibling/00416-postmortem.md
g120	rung-01000	partial	true	ext/sibling/00219-sop.md	ext/sibling/00639-sop.md	ext/sibling/00406-sop.md	ext/sibling/00720-sop.md	ext/sibling/00180-sop.md
g121	rung-seed	grounded	true	seed/archive/a04-driver-hours-policy-2019.md	seed/08-driver-hours-and-safety-policy.md	seed/01-sop-temperature-excursion.md	seed/13-dock-scheduling-rules-2026.md	seed/archive/a01-sop-temperature-excursion-rev2.md
g121	rung-00100	grounded	true	seed/archive/a04-driver-hours-policy-2019.md	seed/08-driver-hours-and-safety-policy.md	ext/adjacent/a12-okapi-workshop.md	seed/01-sop-temperature-excursion.md	seed/13-dock-scheduling-rules-2026.md
g121	rung-00200	grounded	true	seed/archive/a04-driver-hours-policy-2019.md	seed/08-driver-hours-and-safety-policy.md	ext/adjacent/a12-okapi-workshop.md	seed/01-sop-temperature-excursion.md	ext/sibling/00046-quarantine.md
g121	rung-00500	grounded	true	seed/archive/a04-driver-hours-policy-2019.md	seed/08-driver-hours-and-safety-policy.md	ext/adjacent/a12-okapi-workshop.md	ext/adjacent/a14-sundari-onboarding.html	seed/01-sop-temperature-excursion.md
g121	rung-01000	grounded	true	seed/archive/a04-driver-hours-policy-2019.md	seed/08-driver-hours-and-safety-policy.md	ext/adjacent/a12-okapi-workshop.md	ext/adjacent/a14-sundari-onboarding.html	ext/sibling/00936-hours.md
g122	rung-seed	partial	true	seed/13-dock-scheduling-rules-2026.md	seed/09-dock-scheduling-wiki-export.html	seed/15-customer-notification-matrix-2026.md	seed/archive/a04-driver-hours-policy-2019.md	seed/14-customer-notification-matrix-2025.md
g122	rung-00100	partial	true	ext/sibling/00026-hours.md	ext/adjacent/a12-okapi-workshop.md	ext/sibling/00010-postmortem.md	ext/sibling/00043-postmortem.md	ext/sibling/00049-postmortem.md
g122	rung-00200	partial	true	ext/sibling/00026-hours.md	ext/sibling/00096-hours.md	ext/adjacent/a12-okapi-workshop.md	ext/adjacent/a09-marrowbeck-ammonia-facilities.md	ext/sibling/00010-postmortem.md
g122	rung-00500	partial	true	ext/sibling/00446-hours.md	ext/sibling/00376-hours.md	ext/sibling/00026-hours.md	ext/sibling/00096-hours.md	ext/sibling/00236-hours.md
g122	rung-01000	partial	true	ext/sibling/00936-hours.md	ext/sibling/00446-hours.md	ext/sibling/00586-hours.md	ext/sibling/00866-hours.md	ext/sibling/00796-hours.md
g123	rung-seed	weak	true	seed/11-decision-telematics-vendor-2026.md	seed/05-decision-telematics-vendor-2023.md	seed/10-new-joiner-faq.md	seed/06-re-fw-telematics-cutover.eml	seed/08-driver-hours-and-safety-policy.md
g123	rung-00100	weak	true	ext/sibling/00006-decision.md	ext/sibling/00053-decision.md	seed/11-decision-telematics-vendor-2026.md	ext/archive/00005-decision-retired.md	ext/sibling/00020-decision.md
g123	rung-00200	weak	true	ext/sibling/00006-decision.md	ext/sibling/00080-decision.md	ext/sibling/00053-decision.md	ext/sibling/00140-decision.md	seed/11-decision-telematics-vendor-2026.md
g123	rung-00500	weak	true	ext/sibling/00006-decision.md	ext/sibling/00080-decision.md	ext/sibling/00419-decision.md	ext/sibling/00200-decision.md	ext/sibling/00053-decision.md
g123	rung-01000	weak	true	ext/sibling/00006-decision.md	ext/sibling/00953-decision.md	ext/sibling/00080-decision.md	ext/sibling/00419-decision.md	ext/sibling/00920-decision.md
g124	rung-seed	grounded	true	seed/01-sop-temperature-excursion.md	seed/archive/a01-sop-temperature-excursion-rev2.md	seed/04-night-shift-handover-log.txt	seed/06-re-fw-telematics-cutover.eml	seed/03-postmortem-nagpur-vaccine-excursion.md
g124	rung-00100	weak	true	ext/sibling/a01-marrowbeck-excursion-sop.md	ext/sibling/00046-quarantine.md	seed/01-sop-temperature-excursion.md	ext/sibling/00033-sop.md	ext/sibling/00039-sop.md
g124	rung-00200	weak	true	ext/sibling/a01-marrowbeck-excursion-sop.md	ext/sibling/00046-quarantine.md	ext/sibling/00126-sop.md	seed/01-sop-temperature-excursion.md	seed/archive/a01-sop-temperature-excursion-rev2.md
g124	rung-00500	weak	true	ext/sibling/a01-marrowbeck-excursion-sop.md	ext/sibling/00046-quarantine.md	ext/sibling/00453-sop.md	ext/sibling/00126-sop.md	seed/01-sop-temperature-excursion.md
g124	rung-01000	weak	true	ext/sibling/00046-quarantine.md	ext/sibling/00476-sop.md	ext/sibling/00819-sop.md	ext/sibling/00453-sop.md	ext/sibling/a01-marrowbeck-excursion-sop.md
