rung,path,arm,rerank_weight,question_id,repeat,warmup,ok,ms
rung-01000,ask,off,0.0,g001,0,1,1,93.715
rung-01000,ask,on,1.0,g001,0,1,1,105.161
rung-01000,ask,off,0.0,g001,1,1,1,91.558
rung-01000,ask,on,1.0,g001,1,1,1,104.661
rung-01000,ask,off,0.0,g001,2,1,1,100.816
rung-01000,ask,on,1.0,g001,2,1,1,106.602
rung-01000,ask,off,0.0,g001,3,0,1,92.238
rung-01000,ask,on,1.0,g001,3,0,1,105.800
rung-01000,ask,off,0.0,g001,4,0,1,92.712
rung-01000,ask,on,1.0,g001,4,0,1,104.489
rung-01000,ask,off,0.0,g001,5,0,1,93.764
rung-01000,ask,on,1.0,g001,5,0,1,105.182
rung-01000,ask,off,0.0,g001,6,0,1,92.539
rung-01000,ask,on,1.0,g001,6,0,1,106.963
rung-01000,ask,off,0.0,g001,7,0,1,92.367
rung-01000,ask,on,1.0,g001,7,0,1,105.702
rung-01000,ask,off,0.0,g001,8,0,1,91.275
rung-01000,ask,on,1.0,g001,8,0,1,106.529
rung-01000,ask,off,0.0,g001,9,0,1,92.136
rung-01000,ask,on,1.0,g001,9,0,1,105.118
rung-01000,ask,off,0.0,g002,0,1,1,100.342
rung-01000,ask,on,1.0,g002,0,1,1,114.152
rung-01000,ask,off,0.0,g002,1,1,1,97.607
rung-01000,ask,on,1.0,g002,1,1,1,114.674
rung-01000,ask,off,0.0,g002,2,1,1,100.974
rung-01000,ask,on,1.0,g002,2,1,1,113.962
rung-01000,ask,off,0.0,g002,3,0,1,98.146
rung-01000,ask,on,1.0,g002,3,0,1,115.206
rung-01000,ask,off,0.0,g002,4,0,1,98.523
rung-01000,ask,on,1.0,g002,4,0,1,114.898
rung-01000,ask,off,0.0,g002,5,0,1,98.904
rung-01000,ask,on,1.0,g002,5,0,1,114.969
rung-01000,ask,off,0.0,g002,6,0,1,100.637
rung-01000,ask,on,1.0,g002,6,0,1,116.130
rung-01000,ask,off,0.0,g002,7,0,1,101.425
rung-01000,ask,on,1.0,g002,7,0,1,114.928
rung-01000,ask,off,0.0,g002,8,0,1,100.253
rung-01000,ask,on,1.0,g002,8,0,1,113.772
rung-01000,ask,off,0.0,g002,9,0,1,100.674
rung-01000,ask,on,1.0,g002,9,0,1,114.942
rung-01000,ask,off,0.0,g003,0,1,1,97.143
rung-01000,ask,on,1.0,g003,0,1,1,120.179
rung-01000,ask,off,0.0,g003,1,1,1,97.926
rung-01000,ask,on,1.0,g003,1,1,1,120.011
rung-01000,ask,off,0.0,g003,2,1,1,100.539
rung-01000,ask,on,1.0,g003,2,1,1,118.865
rung-01000,ask,off,0.0,g003,3,0,1,97.088
rung-01000,ask,on,1.0,g003,3,0,1,116.781
rung-01000,ask,off,0.0,g003,4,0,1,97.476
rung-01000,ask,on,1.0,g003,4,0,1,119.040
rung-01000,ask,off,0.0,g003,5,0,1,97.958
rung-01000,ask,on,1.0,g003,5,0,1,132.901
rung-01000,ask,off,0.0,g003,6,0,1,97.337
rung-01000,ask,on,1.0,g003,6,0,1,120.420
rung-01000,ask,off,0.0,g003,7,0,1,98.445
rung-01000,ask,on,1.0,g003,7,0,1,118.988
rung-01000,ask,off,0.0,g003,8,0,1,96.849
rung-01000,ask,on,1.0,g003,8,0,1,117.992
rung-01000,ask,off,0.0,g003,9,0,1,99.130
rung-01000,ask,on,1.0,g003,9,0,1,118.376
rung-01000,ask,off,0.0,g004,0,1,1,87.927
rung-01000,ask,on,1.0,g004,0,1,1,101.873
rung-01000,ask,off,0.0,g004,1,1,1,88.949
rung-01000,ask,on,1.0,g004,1,1,1,105.233
rung-01000,ask,off,0.0,g004,2,1,1,88.792
rung-01000,ask,on,1.0,g004,2,1,1,103.297
rung-01000,ask,off,0.0,g004,3,0,1,87.957
rung-01000,ask,on,1.0,g004,3,0,1,101.252
rung-01000,ask,off,0.0,g004,4,0,1,89.263
rung-01000,ask,on,1.0,g004,4,0,1,100.992
rung-01000,ask,off,0.0,g004,5,0,1,88.455
rung-01000,ask,on,1.0,g004,5,0,1,101.564
rung-01000,ask,off,0.0,g004,6,0,1,87.031
rung-01000,ask,on,1.0,g004,6,0,1,101.789
rung-01000,ask,off,0.0,g004,7,0,1,92.682
rung-01000,ask,on,1.0,g004,7,0,1,101.630
rung-01000,ask,off,0.0,g004,8,0,1,87.049
rung-01000,ask,on,1.0,g004,8,0,1,102.907
rung-01000,ask,off,0.0,g004,9,0,1,87.200
rung-01000,ask,on,1.0,g004,9,0,1,100.351
rung-01000,ask,off,0.0,g005,0,1,1,95.238
rung-01000,ask,on,1.0,g005,0,1,1,112.747
rung-01000,ask,off,0.0,g005,1,1,1,95.306
rung-01000,ask,on,1.0,g005,1,1,1,111.496
rung-01000,ask,off,0.0,g005,2,1,1,95.479
rung-01000,ask,on,1.0,g005,2,1,1,116.977
rung-01000,ask,off,0.0,g005,3,0,1,96.825
rung-01000,ask,on,1.0,g005,3,0,1,111.564
rung-01000,ask,off,0.0,g005,4,0,1,95.125
rung-01000,ask,on,1.0,g005,4,0,1,112.893
rung-01000,ask,off,0.0,g005,5,0,1,95.139
rung-01000,ask,on,1.0,g005,5,0,1,111.676
rung-01000,ask,off,0.0,g005,6,0,1,95.170
rung-01000,ask,on,1.0,g005,6,0,1,110.854
rung-01000,ask,off,0.0,g005,7,0,1,96.743
rung-01000,ask,on,1.0,g005,7,0,1,111.718
rung-01000,ask,off,0.0,g005,8,0,1,98.083
rung-01000,ask,on,1.0,g005,8,0,1,110.861
rung-01000,ask,off,0.0,g005,9,0,1,95.445
rung-01000,ask,on,1.0,g005,9,0,1,111.782
rung-01000,ask,off,0.0,g006,0,1,1,89.189
rung-01000,ask,on,1.0,g006,0,1,1,103.933
rung-01000,ask,off,0.0,g006,1,1,1,90.856
rung-01000,ask,on,1.0,g006,1,1,1,104.412
rung-01000,ask,off,0.0,g006,2,1,1,90.474
rung-01000,ask,on,1.0,g006,2,1,1,104.322
rung-01000,ask,off,0.0,g006,3,0,1,89.481
rung-01000,ask,on,1.0,g006,3,0,1,107.062
rung-01000,ask,off,0.0,g006,4,0,1,89.582
rung-01000,ask,on,1.0,g006,4,0,1,103.128
rung-01000,ask,off,0.0,g006,5,0,1,89.994
rung-01000,ask,on,1.0,g006,5,0,1,104.674
rung-01000,ask,off,0.0,g006,6,0,1,89.408
rung-01000,ask,on,1.0,g006,6,0,1,104.173
rung-01000,ask,off,0.0,g006,7,0,1,90.550
rung-01000,ask,on,1.0,g006,7,0,1,104.564
rung-01000,ask,off,0.0,g006,8,0,1,90.677
rung-01000,ask,on,1.0,g006,8,0,1,105.600
rung-01000,ask,off,0.0,g006,9,0,1,91.563
rung-01000,ask,on,1.0,g006,9,0,1,104.409
rung-01000,ask,off,0.0,g007,0,1,1,85.351
rung-01000,ask,on,1.0,g007,0,1,1,98.472
rung-01000,ask,off,0.0,g007,1,1,1,86.735
rung-01000,ask,on,1.0,g007,1,1,1,96.901
rung-01000,ask,off,0.0,g007,2,1,1,85.564
rung-01000,ask,on,1.0,g007,2,1,1,96.807
rung-01000,ask,off,0.0,g007,3,0,1,84.335
rung-01000,ask,on,1.0,g007,3,0,1,97.364
rung-01000,ask,off,0.0,g007,4,0,1,85.053
rung-01000,ask,on,1.0,g007,4,0,1,100.750
rung-01000,ask,off,0.0,g007,5,0,1,84.818
rung-01000,ask,on,1.0,g007,5,0,1,97.729
rung-01000,ask,off,0.0,g007,6,0,1,85.697
rung-01000,ask,on,1.0,g007,6,0,1,99.586
rung-01000,ask,off,0.0,g007,7,0,1,86.305
rung-01000,ask,on,1.0,g007,7,0,1,97.828
rung-01000,ask,off,0.0,g007,8,0,1,84.506
rung-01000,ask,on,1.0,g007,8,0,1,96.557
rung-01000,ask,off,0.0,g007,9,0,1,84.433
rung-01000,ask,on,1.0,g007,9,0,1,99.139
rung-01000,ask,off,0.0,g008,0,1,1,95.259
rung-01000,ask,on,1.0,g008,0,1,1,107.039
rung-01000,ask,off,0.0,g008,1,1,1,93.851
rung-01000,ask,on,1.0,g008,1,1,1,109.218
rung-01000,ask,off,0.0,g008,2,1,1,94.472
rung-01000,ask,on,1.0,g008,2,1,1,107.007
rung-01000,ask,off,0.0,g008,3,0,1,93.743
rung-01000,ask,on,1.0,g008,3,0,1,106.451
rung-01000,ask,off,0.0,g008,4,0,1,94.834
rung-01000,ask,on,1.0,g008,4,0,1,126.031
rung-01000,ask,off,0.0,g008,5,0,1,94.196
rung-01000,ask,on,1.0,g008,5,0,1,107.401
rung-01000,ask,off,0.0,g008,6,0,1,94.245
rung-01000,ask,on,1.0,g008,6,0,1,106.777
rung-01000,ask,off,0.0,g008,7,0,1,94.139
rung-01000,ask,on,1.0,g008,7,0,1,105.785
rung-01000,ask,off,0.0,g008,8,0,1,94.955
rung-01000,ask,on,1.0,g008,8,0,1,106.112
rung-01000,ask,off,0.0,g008,9,0,1,94.288
rung-01000,ask,on,1.0,g008,9,0,1,107.638
rung-01000,ask,off,0.0,g009,0,1,1,84.350
rung-01000,ask,on,1.0,g009,0,1,1,106.264
rung-01000,ask,off,0.0,g009,1,1,1,83.405
rung-01000,ask,on,1.0,g009,1,1,1,100.567
rung-01000,ask,off,0.0,g009,2,1,1,115.571
rung-01000,ask,on,1.0,g009,2,1,1,99.248
rung-01000,ask,off,0.0,g009,3,0,1,84.605
rung-01000,ask,on,1.0,g009,3,0,1,100.404
rung-01000,ask,off,0.0,g009,4,0,1,84.035
rung-01000,ask,on,1.0,g009,4,0,1,100.674
rung-01000,ask,off,0.0,g009,5,0,1,83.708
rung-01000,ask,on,1.0,g009,5,0,1,98.316
rung-01000,ask,off,0.0,g009,6,0,1,84.585
rung-01000,ask,on,1.0,g009,6,0,1,100.394
rung-01000,ask,off,0.0,g009,7,0,1,86.570
rung-01000,ask,on,1.0,g009,7,0,1,103.737
rung-01000,ask,off,0.0,g009,8,0,1,90.495
rung-01000,ask,on,1.0,g009,8,0,1,106.092
rung-01000,ask,off,0.0,g009,9,0,1,84.779
rung-01000,ask,on,1.0,g009,9,0,1,98.582
rung-01000,ask,off,0.0,g010,0,1,1,80.801
rung-01000,ask,on,1.0,g010,0,1,1,91.091
rung-01000,ask,off,0.0,g010,1,1,1,81.560
rung-01000,ask,on,1.0,g010,1,1,1,90.582
rung-01000,ask,off,0.0,g010,2,1,1,81.218
rung-01000,ask,on,1.0,g010,2,1,1,91.515
rung-01000,ask,off,0.0,g010,3,0,1,81.578
rung-01000,ask,on,1.0,g010,3,0,1,92.188
rung-01000,ask,off,0.0,g010,4,0,1,80.353
rung-01000,ask,on,1.0,g010,4,0,1,91.261
rung-01000,ask,off,0.0,g010,5,0,1,81.025
rung-01000,ask,on,1.0,g010,5,0,1,92.149
rung-01000,ask,off,0.0,g010,6,0,1,79.369
rung-01000,ask,on,1.0,g010,6,0,1,92.040
rung-01000,ask,off,0.0,g010,7,0,1,81.820
rung-01000,ask,on,1.0,g010,7,0,1,92.472
rung-01000,ask,off,0.0,g010,8,0,1,82.596
rung-01000,ask,on,1.0,g010,8,0,1,92.856
rung-01000,ask,off,0.0,g010,9,0,1,81.079
rung-01000,ask,on,1.0,g010,9,0,1,95.544
rung-01000,ask,off,0.0,g011,0,1,1,88.796
rung-01000,ask,on,1.0,g011,0,1,1,105.418
rung-01000,ask,off,0.0,g011,1,1,1,87.280
rung-01000,ask,on,1.0,g011,1,1,1,104.904
rung-01000,ask,off,0.0,g011,2,1,1,87.301
rung-01000,ask,on,1.0,g011,2,1,1,105.406
rung-01000,ask,off,0.0,g011,3,0,1,86.909
rung-01000,ask,on,1.0,g011,3,0,1,104.850
rung-01000,ask,off,0.0,g011,4,0,1,88.137
rung-01000,ask,on,1.0,g011,4,0,1,104.698
rung-01000,ask,off,0.0,g011,5,0,1,87.378
rung-01000,ask,on,1.0,g011,5,0,1,107.063
rung-01000,ask,off,0.0,g011,6,0,1,87.788
rung-01000,ask,on,1.0,g011,6,0,1,106.148
rung-01000,ask,off,0.0,g011,7,0,1,86.268
rung-01000,ask,on,1.0,g011,7,0,1,105.676
rung-01000,ask,off,0.0,g011,8,0,1,87.373
rung-01000,ask,on,1.0,g011,8,0,1,106.487
rung-01000,ask,off,0.0,g011,9,0,1,87.052
rung-01000,ask,on,1.0,g011,9,0,1,105.133
rung-01000,ask,off,0.0,g012,0,1,1,90.212
rung-01000,ask,on,1.0,g012,0,1,1,110.285
rung-01000,ask,off,0.0,g012,1,1,1,87.931
rung-01000,ask,on,1.0,g012,1,1,1,107.901
rung-01000,ask,off,0.0,g012,2,1,1,88.245
rung-01000,ask,on,1.0,g012,2,1,1,106.610
rung-01000,ask,off,0.0,g012,3,0,1,89.037
rung-01000,ask,on,1.0,g012,3,0,1,106.397
rung-01000,ask,off,0.0,g012,4,0,1,88.712
rung-01000,ask,on,1.0,g012,4,0,1,106.422
rung-01000,ask,off,0.0,g012,5,0,1,89.666
rung-01000,ask,on,1.0,g012,5,0,1,106.939
rung-01000,ask,off,0.0,g012,6,0,1,90.954
rung-01000,ask,on,1.0,g012,6,0,1,106.716
rung-01000,ask,off,0.0,g012,7,0,1,88.642
rung-01000,ask,on,1.0,g012,7,0,1,107.376
rung-01000,ask,off,0.0,g012,8,0,1,89.091
rung-01000,ask,on,1.0,g012,8,0,1,106.862
rung-01000,ask,off,0.0,g012,9,0,1,87.685
rung-01000,ask,on,1.0,g012,9,0,1,106.198
rung-01000,ask,off,0.0,g013,0,1,1,87.887
rung-01000,ask,on,1.0,g013,0,1,1,103.798
rung-01000,ask,off,0.0,g013,1,1,1,88.654
rung-01000,ask,on,1.0,g013,1,1,1,103.635
rung-01000,ask,off,0.0,g013,2,1,1,91.669
rung-01000,ask,on,1.0,g013,2,1,1,106.222
rung-01000,ask,off,0.0,g013,3,0,1,89.220
rung-01000,ask,on,1.0,g013,3,0,1,103.640
rung-01000,ask,off,0.0,g013,4,0,1,87.993
rung-01000,ask,on,1.0,g013,4,0,1,106.202
rung-01000,ask,off,0.0,g013,5,0,1,87.978
rung-01000,ask,on,1.0,g013,5,0,1,103.393
rung-01000,ask,off,0.0,g013,6,0,1,88.804
rung-01000,ask,on,1.0,g013,6,0,1,104.009
rung-01000,ask,off,0.0,g013,7,0,1,87.582
rung-01000,ask,on,1.0,g013,7,0,1,102.060
rung-01000,ask,off,0.0,g013,8,0,1,89.367
rung-01000,ask,on,1.0,g013,8,0,1,103.721
rung-01000,ask,off,0.0,g013,9,0,1,88.094
rung-01000,ask,on,1.0,g013,9,0,1,110.121
rung-01000,ask,off,0.0,g014,0,1,1,89.454
rung-01000,ask,on,1.0,g014,0,1,1,102.938
rung-01000,ask,off,0.0,g014,1,1,1,88.237
rung-01000,ask,on,1.0,g014,1,1,1,100.680
rung-01000,ask,off,0.0,g014,2,1,1,89.869
rung-01000,ask,on,1.0,g014,2,1,1,101.510
rung-01000,ask,off,0.0,g014,3,0,1,88.325
rung-01000,ask,on,1.0,g014,3,0,1,101.793
rung-01000,ask,off,0.0,g014,4,0,1,88.105
rung-01000,ask,on,1.0,g014,4,0,1,99.604
rung-01000,ask,off,0.0,g014,5,0,1,88.879
rung-01000,ask,on,1.0,g014,5,0,1,101.067
rung-01000,ask,off,0.0,g014,6,0,1,88.689
rung-01000,ask,on,1.0,g014,6,0,1,101.455
rung-01000,ask,off,0.0,g014,7,0,1,87.686
rung-01000,ask,on,1.0,g014,7,0,1,102.460
rung-01000,ask,off,0.0,g014,8,0,1,88.236
rung-01000,ask,on,1.0,g014,8,0,1,101.389
rung-01000,ask,off,0.0,g014,9,0,1,91.174
rung-01000,ask,on,1.0,g014,9,0,1,99.740
rung-01000,ask,off,0.0,g015,0,1,1,74.077
rung-01000,ask,on,1.0,g015,0,1,1,94.212
rung-01000,ask,off,0.0,g015,1,1,1,75.364
rung-01000,ask,on,1.0,g015,1,1,1,95.340
rung-01000,ask,off,0.0,g015,2,1,1,73.680
rung-01000,ask,on,1.0,g015,2,1,1,94.238
rung-01000,ask,off,0.0,g015,3,0,1,73.746
rung-01000,ask,on,1.0,g015,3,0,1,94.090
rung-01000,ask,off,0.0,g015,4,0,1,74.282
rung-01000,ask,on,1.0,g015,4,0,1,92.048
rung-01000,ask,off,0.0,g015,5,0,1,75.032
rung-01000,ask,on,1.0,g015,5,0,1,93.806
rung-01000,ask,off,0.0,g015,6,0,1,76.553
rung-01000,ask,on,1.0,g015,6,0,1,92.257
rung-01000,ask,off,0.0,g015,7,0,1,73.338
rung-01000,ask,on,1.0,g015,7,0,1,94.942
rung-01000,ask,off,0.0,g015,8,0,1,79.440
rung-01000,ask,on,1.0,g015,8,0,1,92.636
rung-01000,ask,off,0.0,g015,9,0,1,73.704
rung-01000,ask,on,1.0,g015,9,0,1,94.311
rung-01000,ask,off,0.0,g016,0,1,1,84.832
rung-01000,ask,on,1.0,g016,0,1,1,99.150
rung-01000,ask,off,0.0,g016,1,1,1,83.077
rung-01000,ask,on,1.0,g016,1,1,1,102.431
rung-01000,ask,off,0.0,g016,2,1,1,83.088
rung-01000,ask,on,1.0,g016,2,1,1,99.405
rung-01000,ask,off,0.0,g016,3,0,1,85.768
rung-01000,ask,on,1.0,g016,3,0,1,101.231
rung-01000,ask,off,0.0,g016,4,0,1,84.933
rung-01000,ask,on,1.0,g016,4,0,1,99.356
rung-01000,ask,off,0.0,g016,5,0,1,85.210
rung-01000,ask,on,1.0,g016,5,0,1,99.264
rung-01000,ask,off,0.0,g016,6,0,1,84.795
rung-01000,ask,on,1.0,g016,6,0,1,99.927
rung-01000,ask,off,0.0,g016,7,0,1,88.629
rung-01000,ask,on,1.0,g016,7,0,1,100.799
rung-01000,ask,off,0.0,g016,8,0,1,84.649
rung-01000,ask,on,1.0,g016,8,0,1,100.269
rung-01000,ask,off,0.0,g016,9,0,1,83.755
rung-01000,ask,on,1.0,g016,9,0,1,100.917
rung-01000,ask,off,0.0,g017,0,1,1,82.630
rung-01000,ask,on,1.0,g017,0,1,1,95.841
rung-01000,ask,off,0.0,g017,1,1,1,84.261
rung-01000,ask,on,1.0,g017,1,1,1,95.390
rung-01000,ask,off,0.0,g017,2,1,1,82.598
rung-01000,ask,on,1.0,g017,2,1,1,93.654
rung-01000,ask,off,0.0,g017,3,0,1,82.785
rung-01000,ask,on,1.0,g017,3,0,1,95.381
rung-01000,ask,off,0.0,g017,4,0,1,83.832
rung-01000,ask,on,1.0,g017,4,0,1,95.301
rung-01000,ask,off,0.0,g017,5,0,1,82.679
rung-01000,ask,on,1.0,g017,5,0,1,95.115
rung-01000,ask,off,0.0,g017,6,0,1,82.439
rung-01000,ask,on,1.0,g017,6,0,1,95.017
rung-01000,ask,off,0.0,g017,7,0,1,82.406
rung-01000,ask,on,1.0,g017,7,0,1,94.894
rung-01000,ask,off,0.0,g017,8,0,1,82.097
rung-01000,ask,on,1.0,g017,8,0,1,96.401
rung-01000,ask,off,0.0,g017,9,0,1,82.219
rung-01000,ask,on,1.0,g017,9,0,1,95.113
rung-01000,ask,off,0.0,g018,0,1,1,90.597
rung-01000,ask,on,1.0,g018,0,1,1,102.159
rung-01000,ask,off,0.0,g018,1,1,1,89.379
rung-01000,ask,on,1.0,g018,1,1,1,103.873
rung-01000,ask,off,0.0,g018,2,1,1,90.767
rung-01000,ask,on,1.0,g018,2,1,1,102.305
rung-01000,ask,off,0.0,g018,3,0,1,88.534
rung-01000,ask,on,1.0,g018,3,0,1,103.884
rung-01000,ask,off,0.0,g018,4,0,1,90.952
rung-01000,ask,on,1.0,g018,4,0,1,102.564
rung-01000,ask,off,0.0,g018,5,0,1,89.327
rung-01000,ask,on,1.0,g018,5,0,1,105.732
rung-01000,ask,off,0.0,g018,6,0,1,91.026
rung-01000,ask,on,1.0,g018,6,0,1,102.415
rung-01000,ask,off,0.0,g018,7,0,1,91.242
rung-01000,ask,on,1.0,g018,7,0,1,103.544
rung-01000,ask,off,0.0,g018,8,0,1,89.261
rung-01000,ask,on,1.0,g018,8,0,1,105.319
rung-01000,ask,off,0.0,g018,9,0,1,89.981
rung-01000,ask,on,1.0,g018,9,0,1,104.489
rung-01000,ask,off,0.0,g019,0,1,1,91.449
rung-01000,ask,on,1.0,g019,0,1,1,106.364
rung-01000,ask,off,0.0,g019,1,1,1,89.606
rung-01000,ask,on,1.0,g019,1,1,1,107.998
rung-01000,ask,off,0.0,g019,2,1,1,94.422
rung-01000,ask,on,1.0,g019,2,1,1,106.020
rung-01000,ask,off,0.0,g019,3,0,1,90.137
rung-01000,ask,on,1.0,g019,3,0,1,109.377
rung-01000,ask,off,0.0,g019,4,0,1,94.293
rung-01000,ask,on,1.0,g019,4,0,1,109.767
rung-01000,ask,off,0.0,g019,5,0,1,94.834
rung-01000,ask,on,1.0,g019,5,0,1,110.914
rung-01000,ask,off,0.0,g019,6,0,1,91.540
rung-01000,ask,on,1.0,g019,6,0,1,108.995
rung-01000,ask,off,0.0,g019,7,0,1,95.478
rung-01000,ask,on,1.0,g019,7,0,1,130.118
rung-01000,ask,off,0.0,g019,8,0,1,92.107
rung-01000,ask,on,1.0,g019,8,0,1,109.034
rung-01000,ask,off,0.0,g019,9,0,1,94.411
rung-01000,ask,on,1.0,g019,9,0,1,109.378
rung-01000,ask,off,0.0,g020,0,1,1,89.384
rung-01000,ask,on,1.0,g020,0,1,1,100.837
rung-01000,ask,off,0.0,g020,1,1,1,91.197
rung-01000,ask,on,1.0,g020,1,1,1,100.913
rung-01000,ask,off,0.0,g020,2,1,1,86.924
rung-01000,ask,on,1.0,g020,2,1,1,99.801
rung-01000,ask,off,0.0,g020,3,0,1,87.976
rung-01000,ask,on,1.0,g020,3,0,1,99.610
rung-01000,ask,off,0.0,g020,4,0,1,89.101
rung-01000,ask,on,1.0,g020,4,0,1,101.700
rung-01000,ask,off,0.0,g020,5,0,1,88.660
rung-01000,ask,on,1.0,g020,5,0,1,99.665
rung-01000,ask,off,0.0,g020,6,0,1,87.683
rung-01000,ask,on,1.0,g020,6,0,1,103.866
rung-01000,ask,off,0.0,g020,7,0,1,88.105
rung-01000,ask,on,1.0,g020,7,0,1,98.298
rung-01000,ask,off,0.0,g020,8,0,1,88.118
rung-01000,ask,on,1.0,g020,8,0,1,102.458
rung-01000,ask,off,0.0,g020,9,0,1,88.621
rung-01000,ask,on,1.0,g020,9,0,1,100.687
rung-01000,ask,off,0.0,g021,0,1,1,93.420
rung-01000,ask,on,1.0,g021,0,1,1,114.053
rung-01000,ask,off,0.0,g021,1,1,1,94.028
rung-01000,ask,on,1.0,g021,1,1,1,113.229
rung-01000,ask,off,0.0,g021,2,1,1,92.127
rung-01000,ask,on,1.0,g021,2,1,1,114.833
rung-01000,ask,off,0.0,g021,3,0,1,94.690
rung-01000,ask,on,1.0,g021,3,0,1,111.870
rung-01000,ask,off,0.0,g021,4,0,1,94.297
rung-01000,ask,on,1.0,g021,4,0,1,113.407
rung-01000,ask,off,0.0,g021,5,0,1,94.454
rung-01000,ask,on,1.0,g021,5,0,1,112.223
rung-01000,ask,off,0.0,g021,6,0,1,93.500
rung-01000,ask,on,1.0,g021,6,0,1,113.003
rung-01000,ask,off,0.0,g021,7,0,1,95.256
rung-01000,ask,on,1.0,g021,7,0,1,113.272
rung-01000,ask,off,0.0,g021,8,0,1,93.670
rung-01000,ask,on,1.0,g021,8,0,1,113.266
rung-01000,ask,off,0.0,g021,9,0,1,98.216
rung-01000,ask,on,1.0,g021,9,0,1,114.440
rung-01000,ask,off,0.0,g022,0,1,1,77.972
rung-01000,ask,on,1.0,g022,0,1,1,96.104
rung-01000,ask,off,0.0,g022,1,1,1,77.841
rung-01000,ask,on,1.0,g022,1,1,1,89.147
rung-01000,ask,off,0.0,g022,2,1,1,78.965
rung-01000,ask,on,1.0,g022,2,1,1,88.959
rung-01000,ask,off,0.0,g022,3,0,1,77.743
rung-01000,ask,on,1.0,g022,3,0,1,90.666
rung-01000,ask,off,0.0,g022,4,0,1,78.667
rung-01000,ask,on,1.0,g022,4,0,1,89.020
rung-01000,ask,off,0.0,g022,5,0,1,77.831
rung-01000,ask,on,1.0,g022,5,0,1,91.595
rung-01000,ask,off,0.0,g022,6,0,1,79.136
rung-01000,ask,on,1.0,g022,6,0,1,88.913
rung-01000,ask,off,0.0,g022,7,0,1,77.594
rung-01000,ask,on,1.0,g022,7,0,1,90.825
rung-01000,ask,off,0.0,g022,8,0,1,77.569
rung-01000,ask,on,1.0,g022,8,0,1,90.629
rung-01000,ask,off,0.0,g022,9,0,1,81.947
rung-01000,ask,on,1.0,g022,9,0,1,93.444
rung-01000,ask,off,0.0,g023,0,1,1,93.283
rung-01000,ask,on,1.0,g023,0,1,1,104.966
rung-01000,ask,off,0.0,g023,1,1,1,89.172
rung-01000,ask,on,1.0,g023,1,1,1,102.342
rung-01000,ask,off,0.0,g023,2,1,1,87.872
rung-01000,ask,on,1.0,g023,2,1,1,99.963
rung-01000,ask,off,0.0,g023,3,0,1,86.450
rung-01000,ask,on,1.0,g023,3,0,1,102.451
rung-01000,ask,off,0.0,g023,4,0,1,86.351
rung-01000,ask,on,1.0,g023,4,0,1,101.778
rung-01000,ask,off,0.0,g023,5,0,1,85.885
rung-01000,ask,on,1.0,g023,5,0,1,101.442
rung-01000,ask,off,0.0,g023,6,0,1,86.517
rung-01000,ask,on,1.0,g023,6,0,1,101.428
rung-01000,ask,off,0.0,g023,7,0,1,87.438
rung-01000,ask,on,1.0,g023,7,0,1,102.386
rung-01000,ask,off,0.0,g023,8,0,1,86.051
rung-01000,ask,on,1.0,g023,8,0,1,99.557
rung-01000,ask,off,0.0,g023,9,0,1,87.630
rung-01000,ask,on,1.0,g023,9,0,1,102.351
rung-01000,ask,off,0.0,g024,0,1,1,77.584
rung-01000,ask,on,1.0,g024,0,1,1,100.086
rung-01000,ask,off,0.0,g024,1,1,1,77.699
rung-01000,ask,on,1.0,g024,1,1,1,98.490
rung-01000,ask,off,0.0,g024,2,1,1,78.479
rung-01000,ask,on,1.0,g024,2,1,1,98.721
rung-01000,ask,off,0.0,g024,3,0,1,85.096
rung-01000,ask,on,1.0,g024,3,0,1,101.735
rung-01000,ask,off,0.0,g024,4,0,1,80.465
rung-01000,ask,on,1.0,g024,4,0,1,99.951
rung-01000,ask,off,0.0,g024,5,0,1,79.670
rung-01000,ask,on,1.0,g024,5,0,1,102.755
rung-01000,ask,off,0.0,g024,6,0,1,80.281
rung-01000,ask,on,1.0,g024,6,0,1,99.245
rung-01000,ask,off,0.0,g024,7,0,1,78.596
rung-01000,ask,on,1.0,g024,7,0,1,99.573
rung-01000,ask,off,0.0,g024,8,0,1,80.146
rung-01000,ask,on,1.0,g024,8,0,1,99.046
rung-01000,ask,off,0.0,g024,9,0,1,80.093
rung-01000,ask,on,1.0,g024,9,0,1,100.016
rung-01000,ask,off,0.0,g025,0,1,1,86.035
rung-01000,ask,on,1.0,g025,0,1,1,102.908
rung-01000,ask,off,0.0,g025,1,1,1,87.187
rung-01000,ask,on,1.0,g025,1,1,1,104.870
rung-01000,ask,off,0.0,g025,2,1,1,85.973
rung-01000,ask,on,1.0,g025,2,1,1,103.929
rung-01000,ask,off,0.0,g025,3,0,1,87.119
rung-01000,ask,on,1.0,g025,3,0,1,103.216
rung-01000,ask,off,0.0,g025,4,0,1,84.564
rung-01000,ask,on,1.0,g025,4,0,1,104.547
rung-01000,ask,off,0.0,g025,5,0,1,85.684
rung-01000,ask,on,1.0,g025,5,0,1,101.788
rung-01000,ask,off,0.0,g025,6,0,1,92.252
rung-01000,ask,on,1.0,g025,6,0,1,103.831
rung-01000,ask,off,0.0,g025,7,0,1,84.099
rung-01000,ask,on,1.0,g025,7,0,1,102.296
rung-01000,ask,off,0.0,g025,8,0,1,86.731
rung-01000,ask,on,1.0,g025,8,0,1,109.973
rung-01000,ask,off,0.0,g025,9,0,1,88.791
rung-01000,ask,on,1.0,g025,9,0,1,104.170
rung-01000,ask,off,0.0,g026,0,1,1,85.208
rung-01000,ask,on,1.0,g026,0,1,1,102.223
rung-01000,ask,off,0.0,g026,1,1,1,85.267
rung-01000,ask,on,1.0,g026,1,1,1,100.772
rung-01000,ask,off,0.0,g026,2,1,1,87.057
rung-01000,ask,on,1.0,g026,2,1,1,100.488
rung-01000,ask,off,0.0,g026,3,0,1,90.040
rung-01000,ask,on,1.0,g026,3,0,1,106.999
rung-01000,ask,off,0.0,g026,4,0,1,85.835
rung-01000,ask,on,1.0,g026,4,0,1,100.768
rung-01000,ask,off,0.0,g026,5,0,1,89.032
rung-01000,ask,on,1.0,g026,5,0,1,110.187
rung-01000,ask,off,0.0,g026,6,0,1,88.431
rung-01000,ask,on,1.0,g026,6,0,1,106.477
rung-01000,ask,off,0.0,g026,7,0,1,87.058
rung-01000,ask,on,1.0,g026,7,0,1,101.394
rung-01000,ask,off,0.0,g026,8,0,1,86.885
rung-01000,ask,on,1.0,g026,8,0,1,102.272
rung-01000,ask,off,0.0,g026,9,0,1,92.022
rung-01000,ask,on,1.0,g026,9,0,1,100.506
rung-01000,ask,off,0.0,g027,0,1,1,94.326
rung-01000,ask,on,1.0,g027,0,1,1,110.150
rung-01000,ask,off,0.0,g027,1,1,1,93.140
rung-01000,ask,on,1.0,g027,1,1,1,105.480
rung-01000,ask,off,0.0,g027,2,1,1,90.920
rung-01000,ask,on,1.0,g027,2,1,1,112.690
rung-01000,ask,off,0.0,g027,3,0,1,92.754
rung-01000,ask,on,1.0,g027,3,0,1,110.039
rung-01000,ask,off,0.0,g027,4,0,1,92.804
rung-01000,ask,on,1.0,g027,4,0,1,104.227
rung-01000,ask,off,0.0,g027,5,0,1,91.737
rung-01000,ask,on,1.0,g027,5,0,1,106.121
rung-01000,ask,off,0.0,g027,6,0,1,92.610
rung-01000,ask,on,1.0,g027,6,0,1,105.907
rung-01000,ask,off,0.0,g027,7,0,1,91.067
rung-01000,ask,on,1.0,g027,7,0,1,105.618
rung-01000,ask,off,0.0,g027,8,0,1,92.479
rung-01000,ask,on,1.0,g027,8,0,1,103.801
rung-01000,ask,off,0.0,g027,9,0,1,90.788
rung-01000,ask,on,1.0,g027,9,0,1,105.687
rung-01000,ask,off,0.0,g028,0,1,1,93.295
rung-01000,ask,on,1.0,g028,0,1,1,106.887
rung-01000,ask,off,0.0,g028,1,1,1,87.854
rung-01000,ask,on,1.0,g028,1,1,1,108.668
rung-01000,ask,off,0.0,g028,2,1,1,89.624
rung-01000,ask,on,1.0,g028,2,1,1,109.501
rung-01000,ask,off,0.0,g028,3,0,1,87.959
rung-01000,ask,on,1.0,g028,3,0,1,108.737
rung-01000,ask,off,0.0,g028,4,0,1,90.853
rung-01000,ask,on,1.0,g028,4,0,1,108.674
rung-01000,ask,off,0.0,g028,5,0,1,90.194
rung-01000,ask,on,1.0,g028,5,0,1,109.104
rung-01000,ask,off,0.0,g028,6,0,1,88.402
rung-01000,ask,on,1.0,g028,6,0,1,110.027
rung-01000,ask,off,0.0,g028,7,0,1,91.398
rung-01000,ask,on,1.0,g028,7,0,1,110.379
rung-01000,ask,off,0.0,g028,8,0,1,88.908
rung-01000,ask,on,1.0,g028,8,0,1,107.408
rung-01000,ask,off,0.0,g028,9,0,1,91.348
rung-01000,ask,on,1.0,g028,9,0,1,109.375
rung-01000,ask,off,0.0,g029,0,1,1,90.804
rung-01000,ask,on,1.0,g029,0,1,1,98.906
rung-01000,ask,off,0.0,g029,1,1,1,90.836
rung-01000,ask,on,1.0,g029,1,1,1,98.879
rung-01000,ask,off,0.0,g029,2,1,1,88.814
rung-01000,ask,on,1.0,g029,2,1,1,97.757
rung-01000,ask,off,0.0,g029,3,0,1,91.043
rung-01000,ask,on,1.0,g029,3,0,1,98.863
rung-01000,ask,off,0.0,g029,4,0,1,89.929
rung-01000,ask,on,1.0,g029,4,0,1,97.960
rung-01000,ask,off,0.0,g029,5,0,1,90.652
rung-01000,ask,on,1.0,g029,5,0,1,97.485
rung-01000,ask,off,0.0,g029,6,0,1,95.257
rung-01000,ask,on,1.0,g029,6,0,1,102.743
rung-01000,ask,off,0.0,g029,7,0,1,94.194
rung-01000,ask,on,1.0,g029,7,0,1,102.361
rung-01000,ask,off,0.0,g029,8,0,1,94.668
rung-01000,ask,on,1.0,g029,8,0,1,104.118
rung-01000,ask,off,0.0,g029,9,0,1,93.592
rung-01000,ask,on,1.0,g029,9,0,1,103.344
rung-01000,ask,off,0.0,g030,0,1,1,100.981
rung-01000,ask,on,1.0,g030,0,1,1,118.502
rung-01000,ask,off,0.0,g030,1,1,1,99.848
rung-01000,ask,on,1.0,g030,1,1,1,116.892
rung-01000,ask,off,0.0,g030,2,1,1,98.635
rung-01000,ask,on,1.0,g030,2,1,1,114.003
rung-01000,ask,off,0.0,g030,3,0,1,97.443
rung-01000,ask,on,1.0,g030,3,0,1,114.080
rung-01000,ask,off,0.0,g030,4,0,1,98.687
rung-01000,ask,on,1.0,g030,4,0,1,116.279
rung-01000,ask,off,0.0,g030,5,0,1,100.760
rung-01000,ask,on,1.0,g030,5,0,1,117.331
rung-01000,ask,off,0.0,g030,6,0,1,97.823
rung-01000,ask,on,1.0,g030,6,0,1,115.284
rung-01000,ask,off,0.0,g030,7,0,1,98.217
rung-01000,ask,on,1.0,g030,7,0,1,114.741
rung-01000,ask,off,0.0,g030,8,0,1,99.697
rung-01000,ask,on,1.0,g030,8,0,1,115.702
rung-01000,ask,off,0.0,g030,9,0,1,99.740
rung-01000,ask,on,1.0,g030,9,0,1,117.800
rung-01000,ask,off,0.0,g031,0,1,1,100.405
rung-01000,ask,on,1.0,g031,0,1,1,118.534
rung-01000,ask,off,0.0,g031,1,1,1,97.335
rung-01000,ask,on,1.0,g031,1,1,1,109.239
rung-01000,ask,off,0.0,g031,2,1,1,99.505
rung-01000,ask,on,1.0,g031,2,1,1,108.712
rung-01000,ask,off,0.0,g031,3,0,1,95.780
rung-01000,ask,on,1.0,g031,3,0,1,112.158
rung-01000,ask,off,0.0,g031,4,0,1,99.014
rung-01000,ask,on,1.0,g031,4,0,1,110.152
rung-01000,ask,off,0.0,g031,5,0,1,98.281
rung-01000,ask,on,1.0,g031,5,0,1,108.888
rung-01000,ask,off,0.0,g031,6,0,1,98.937
rung-01000,ask,on,1.0,g031,6,0,1,109.882
rung-01000,ask,off,0.0,g031,7,0,1,97.428
rung-01000,ask,on,1.0,g031,7,0,1,110.564
rung-01000,ask,off,0.0,g031,8,0,1,98.369
rung-01000,ask,on,1.0,g031,8,0,1,111.106
rung-01000,ask,off,0.0,g031,9,0,1,98.566
rung-01000,ask,on,1.0,g031,9,0,1,109.910
rung-01000,ask,off,0.0,g032,0,1,1,91.250
rung-01000,ask,on,1.0,g032,0,1,1,103.428
rung-01000,ask,off,0.0,g032,1,1,1,93.152
rung-01000,ask,on,1.0,g032,1,1,1,99.318
rung-01000,ask,off,0.0,g032,2,1,1,99.509
rung-01000,ask,on,1.0,g032,2,1,1,99.942
rung-01000,ask,off,0.0,g032,3,0,1,90.964
rung-01000,ask,on,1.0,g032,3,0,1,98.673
rung-01000,ask,off,0.0,g032,4,0,1,91.576
rung-01000,ask,on,1.0,g032,4,0,1,98.168
rung-01000,ask,off,0.0,g032,5,0,1,92.437
rung-01000,ask,on,1.0,g032,5,0,1,100.763
rung-01000,ask,off,0.0,g032,6,0,1,91.069
rung-01000,ask,on,1.0,g032,6,0,1,100.172
rung-01000,ask,off,0.0,g032,7,0,1,92.674
rung-01000,ask,on,1.0,g032,7,0,1,98.154
rung-01000,ask,off,0.0,g032,8,0,1,91.260
rung-01000,ask,on,1.0,g032,8,0,1,98.996
rung-01000,ask,off,0.0,g032,9,0,1,91.634
rung-01000,ask,on,1.0,g032,9,0,1,100.305
rung-01000,ask,off,0.0,g033,0,1,1,95.271
rung-01000,ask,on,1.0,g033,0,1,1,116.404
rung-01000,ask,off,0.0,g033,1,1,1,96.851
rung-01000,ask,on,1.0,g033,1,1,1,114.225
rung-01000,ask,off,0.0,g033,2,1,1,95.518
rung-01000,ask,on,1.0,g033,2,1,1,114.447
rung-01000,ask,off,0.0,g033,3,0,1,96.886
rung-01000,ask,on,1.0,g033,3,0,1,113.810
rung-01000,ask,off,0.0,g033,4,0,1,96.598
rung-01000,ask,on,1.0,g033,4,0,1,115.132
rung-01000,ask,off,0.0,g033,5,0,1,95.137
rung-01000,ask,on,1.0,g033,5,0,1,115.759
rung-01000,ask,off,0.0,g033,6,0,1,94.331
rung-01000,ask,on,1.0,g033,6,0,1,117.622
rung-01000,ask,off,0.0,g033,7,0,1,95.466
rung-01000,ask,on,1.0,g033,7,0,1,115.659
rung-01000,ask,off,0.0,g033,8,0,1,96.941
rung-01000,ask,on,1.0,g033,8,0,1,116.243
rung-01000,ask,off,0.0,g033,9,0,1,97.470
rung-01000,ask,on,1.0,g033,9,0,1,116.540
rung-01000,ask,off,0.0,g034,0,1,1,87.238
rung-01000,ask,on,1.0,g034,0,1,1,108.902
rung-01000,ask,off,0.0,g034,1,1,1,89.260
rung-01000,ask,on,1.0,g034,1,1,1,107.464
rung-01000,ask,off,0.0,g034,2,1,1,89.461
rung-01000,ask,on,1.0,g034,2,1,1,105.621
rung-01000,ask,off,0.0,g034,3,0,1,86.871
rung-01000,ask,on,1.0,g034,3,0,1,108.864
rung-01000,ask,off,0.0,g034,4,0,1,86.471
rung-01000,ask,on,1.0,g034,4,0,1,103.967
rung-01000,ask,off,0.0,g034,5,0,1,83.833
rung-01000,ask,on,1.0,g034,5,0,1,103.732
rung-01000,ask,off,0.0,g034,6,0,1,87.870
rung-01000,ask,on,1.0,g034,6,0,1,106.703
rung-01000,ask,off,0.0,g034,7,0,1,87.782
rung-01000,ask,on,1.0,g034,7,0,1,106.461
rung-01000,ask,off,0.0,g034,8,0,1,90.751
rung-01000,ask,on,1.0,g034,8,0,1,108.721
rung-01000,ask,off,0.0,g034,9,0,1,87.767
rung-01000,ask,on,1.0,g034,9,0,1,108.940
rung-01000,ask,off,0.0,g035,0,1,1,91.603
rung-01000,ask,on,1.0,g035,0,1,1,108.284
rung-01000,ask,off,0.0,g035,1,1,1,97.687
rung-01000,ask,on,1.0,g035,1,1,1,113.750
rung-01000,ask,off,0.0,g035,2,1,1,99.809
rung-01000,ask,on,1.0,g035,2,1,1,110.576
rung-01000,ask,off,0.0,g035,3,0,1,98.036
rung-01000,ask,on,1.0,g035,3,0,1,112.558
rung-01000,ask,off,0.0,g035,4,0,1,97.449
rung-01000,ask,on,1.0,g035,4,0,1,110.376
rung-01000,ask,off,0.0,g035,5,0,1,95.846
rung-01000,ask,on,1.0,g035,5,0,1,112.469
rung-01000,ask,off,0.0,g035,6,0,1,94.880
rung-01000,ask,on,1.0,g035,6,0,1,106.199
rung-01000,ask,off,0.0,g035,7,0,1,94.375
rung-01000,ask,on,1.0,g035,7,0,1,108.078
rung-01000,ask,off,0.0,g035,8,0,1,93.886
rung-01000,ask,on,1.0,g035,8,0,1,106.076
rung-01000,ask,off,0.0,g035,9,0,1,94.279
rung-01000,ask,on,1.0,g035,9,0,1,110.072
rung-01000,ask,off,0.0,g036,0,1,1,88.886
rung-01000,ask,on,1.0,g036,0,1,1,103.172
rung-01000,ask,off,0.0,g036,1,1,1,89.717
rung-01000,ask,on,1.0,g036,1,1,1,103.478
rung-01000,ask,off,0.0,g036,2,1,1,90.505
rung-01000,ask,on,1.0,g036,2,1,1,107.069
rung-01000,ask,off,0.0,g036,3,0,1,94.613
rung-01000,ask,on,1.0,g036,3,0,1,101.123
rung-01000,ask,off,0.0,g036,4,0,1,89.546
rung-01000,ask,on,1.0,g036,4,0,1,98.213
rung-01000,ask,off,0.0,g036,5,0,1,88.032
rung-01000,ask,on,1.0,g036,5,0,1,98.896
rung-01000,ask,off,0.0,g036,6,0,1,88.009
rung-01000,ask,on,1.0,g036,6,0,1,98.847
rung-01000,ask,off,0.0,g036,7,0,1,88.721
rung-01000,ask,on,1.0,g036,7,0,1,100.279
rung-01000,ask,off,0.0,g036,8,0,1,86.028
rung-01000,ask,on,1.0,g036,8,0,1,98.985
rung-01000,ask,off,0.0,g036,9,0,1,88.008
rung-01000,ask,on,1.0,g036,9,0,1,100.365
rung-01000,ask,off,0.0,g037,0,1,1,79.497
rung-01000,ask,on,1.0,g037,0,1,1,102.097
rung-01000,ask,off,0.0,g037,1,1,1,81.211
rung-01000,ask,on,1.0,g037,1,1,1,99.308
rung-01000,ask,off,0.0,g037,2,1,1,79.722
rung-01000,ask,on,1.0,g037,2,1,1,102.623
rung-01000,ask,off,0.0,g037,3,0,1,82.313
rung-01000,ask,on,1.0,g037,3,0,1,100.448
rung-01000,ask,off,0.0,g037,4,0,1,79.701
rung-01000,ask,on,1.0,g037,4,0,1,101.192
rung-01000,ask,off,0.0,g037,5,0,1,81.564
rung-01000,ask,on,1.0,g037,5,0,1,99.786
rung-01000,ask,off,0.0,g037,6,0,1,79.905
rung-01000,ask,on,1.0,g037,6,0,1,101.475
rung-01000,ask,off,0.0,g037,7,0,1,81.596
rung-01000,ask,on,1.0,g037,7,0,1,100.109
rung-01000,ask,off,0.0,g037,8,0,1,80.037
rung-01000,ask,on,1.0,g037,8,0,1,101.152
rung-01000,ask,off,0.0,g037,9,0,1,81.195
rung-01000,ask,on,1.0,g037,9,0,1,99.807
rung-01000,ask,off,0.0,g038,0,1,1,86.426
rung-01000,ask,on,1.0,g038,0,1,1,97.776
rung-01000,ask,off,0.0,g038,1,1,1,88.493
rung-01000,ask,on,1.0,g038,1,1,1,93.353
rung-01000,ask,off,0.0,g038,2,1,1,86.561
rung-01000,ask,on,1.0,g038,2,1,1,94.872
rung-01000,ask,off,0.0,g038,3,0,1,88.223
rung-01000,ask,on,1.0,g038,3,0,1,93.522
rung-01000,ask,off,0.0,g038,4,0,1,86.567
rung-01000,ask,on,1.0,g038,4,0,1,95.575
rung-01000,ask,off,0.0,g038,5,0,1,87.893
rung-01000,ask,on,1.0,g038,5,0,1,93.355
rung-01000,ask,off,0.0,g038,6,0,1,86.242
rung-01000,ask,on,1.0,g038,6,0,1,95.268
rung-01000,ask,off,0.0,g038,7,0,1,89.031
rung-01000,ask,on,1.0,g038,7,0,1,93.579
rung-01000,ask,off,0.0,g038,8,0,1,86.489
rung-01000,ask,on,1.0,g038,8,0,1,94.932
rung-01000,ask,off,0.0,g038,9,0,1,88.702
rung-01000,ask,on,1.0,g038,9,0,1,92.853
rung-01000,ask,off,0.0,g039,0,1,1,92.390
rung-01000,ask,on,1.0,g039,0,1,1,104.840
rung-01000,ask,off,0.0,g039,1,1,1,91.899
rung-01000,ask,on,1.0,g039,1,1,1,104.556
rung-01000,ask,off,0.0,g039,2,1,1,91.086
rung-01000,ask,on,1.0,g039,2,1,1,103.127
rung-01000,ask,off,0.0,g039,3,0,1,91.875
rung-01000,ask,on,1.0,g039,3,0,1,102.918
rung-01000,ask,off,0.0,g039,4,0,1,92.158
rung-01000,ask,on,1.0,g039,4,0,1,103.110
rung-01000,ask,off,0.0,g039,5,0,1,92.422
rung-01000,ask,on,1.0,g039,5,0,1,103.694
rung-01000,ask,off,0.0,g039,6,0,1,92.322
rung-01000,ask,on,1.0,g039,6,0,1,103.693
rung-01000,ask,off,0.0,g039,7,0,1,92.857
rung-01000,ask,on,1.0,g039,7,0,1,104.947
rung-01000,ask,off,0.0,g039,8,0,1,90.568
rung-01000,ask,on,1.0,g039,8,0,1,104.233
rung-01000,ask,off,0.0,g039,9,0,1,92.861
rung-01000,ask,on,1.0,g039,9,0,1,103.658
rung-01000,ask,off,0.0,g040,0,1,1,88.767
rung-01000,ask,on,1.0,g040,0,1,1,106.075
rung-01000,ask,off,0.0,g040,1,1,1,89.008
rung-01000,ask,on,1.0,g040,1,1,1,102.568
rung-01000,ask,off,0.0,g040,2,1,1,88.993
rung-01000,ask,on,1.0,g040,2,1,1,102.883
rung-01000,ask,off,0.0,g040,3,0,1,88.722
rung-01000,ask,on,1.0,g040,3,0,1,104.089
rung-01000,ask,off,0.0,g040,4,0,1,89.880
rung-01000,ask,on,1.0,g040,4,0,1,105.582
rung-01000,ask,off,0.0,g040,5,0,1,88.920
rung-01000,ask,on,1.0,g040,5,0,1,105.208
rung-01000,ask,off,0.0,g040,6,0,1,86.901
rung-01000,ask,on,1.0,g040,6,0,1,104.683
rung-01000,ask,off,0.0,g040,7,0,1,87.900
rung-01000,ask,on,1.0,g040,7,0,1,103.018
rung-01000,ask,off,0.0,g040,8,0,1,90.230
rung-01000,ask,on,1.0,g040,8,0,1,103.384
rung-01000,ask,off,0.0,g040,9,0,1,89.013
rung-01000,ask,on,1.0,g040,9,0,1,104.865
rung-01000,ask,off,0.0,g041,0,1,1,82.421
rung-01000,ask,on,1.0,g041,0,1,1,105.718
rung-01000,ask,off,0.0,g041,1,1,1,82.884
rung-01000,ask,on,1.0,g041,1,1,1,103.095
rung-01000,ask,off,0.0,g041,2,1,1,82.081
rung-01000,ask,on,1.0,g041,2,1,1,103.631
rung-01000,ask,off,0.0,g041,3,0,1,84.223
rung-01000,ask,on,1.0,g041,3,0,1,101.060
rung-01000,ask,off,0.0,g041,4,0,1,82.123
rung-01000,ask,on,1.0,g041,4,0,1,103.090
rung-01000,ask,off,0.0,g041,5,0,1,84.343
rung-01000,ask,on,1.0,g041,5,0,1,101.095
rung-01000,ask,off,0.0,g041,6,0,1,82.742
rung-01000,ask,on,1.0,g041,6,0,1,102.894
rung-01000,ask,off,0.0,g041,7,0,1,83.690
rung-01000,ask,on,1.0,g041,7,0,1,101.254
rung-01000,ask,off,0.0,g041,8,0,1,82.176
rung-01000,ask,on,1.0,g041,8,0,1,103.161
rung-01000,ask,off,0.0,g041,9,0,1,83.800
rung-01000,ask,on,1.0,g041,9,0,1,100.937
rung-01000,ask,off,0.0,g042,0,1,1,85.937
rung-01000,ask,on,1.0,g042,0,1,1,101.646
rung-01000,ask,off,0.0,g042,1,1,1,85.679
rung-01000,ask,on,1.0,g042,1,1,1,99.885
rung-01000,ask,off,0.0,g042,2,1,1,85.768
rung-01000,ask,on,1.0,g042,2,1,1,99.711
rung-01000,ask,off,0.0,g042,3,0,1,87.531
rung-01000,ask,on,1.0,g042,3,0,1,98.276
rung-01000,ask,off,0.0,g042,4,0,1,86.113
rung-01000,ask,on,1.0,g042,4,0,1,99.208
rung-01000,ask,off,0.0,g042,5,0,1,87.456
rung-01000,ask,on,1.0,g042,5,0,1,97.771
rung-01000,ask,off,0.0,g042,6,0,1,86.199
rung-01000,ask,on,1.0,g042,6,0,1,99.008
rung-01000,ask,off,0.0,g042,7,0,1,88.074
rung-01000,ask,on,1.0,g042,7,0,1,97.774
rung-01000,ask,off,0.0,g042,8,0,1,86.012
rung-01000,ask,on,1.0,g042,8,0,1,99.310
rung-01000,ask,off,0.0,g042,9,0,1,87.613
rung-01000,ask,on,1.0,g042,9,0,1,97.620
rung-01000,ask,off,0.0,g043,0,1,1,90.366
rung-01000,ask,on,1.0,g043,0,1,1,106.147
rung-01000,ask,off,0.0,g043,1,1,1,92.065
rung-01000,ask,on,1.0,g043,1,1,1,104.158
rung-01000,ask,off,0.0,g043,2,1,1,90.622
rung-01000,ask,on,1.0,g043,2,1,1,106.665
rung-01000,ask,off,0.0,g043,3,0,1,92.132
rung-01000,ask,on,1.0,g043,3,0,1,103.975
rung-01000,ask,off,0.0,g043,4,0,1,90.960
rung-01000,ask,on,1.0,g043,4,0,1,105.988
rung-01000,ask,off,0.0,g043,5,0,1,91.014
rung-01000,ask,on,1.0,g043,5,0,1,104.208
rung-01000,ask,off,0.0,g043,6,0,1,91.902
rung-01000,ask,on,1.0,g043,6,0,1,105.893
rung-01000,ask,off,0.0,g043,7,0,1,91.721
rung-01000,ask,on,1.0,g043,7,0,1,105.135
rung-01000,ask,off,0.0,g043,8,0,1,90.448
rung-01000,ask,on,1.0,g043,8,0,1,106.172
rung-01000,ask,off,0.0,g043,9,0,1,91.941
rung-01000,ask,on,1.0,g043,9,0,1,104.164
rung-01000,ask,off,0.0,g044,0,1,1,90.350
rung-01000,ask,on,1.0,g044,0,1,1,107.209
rung-01000,ask,off,0.0,g044,1,1,1,90.631
rung-01000,ask,on,1.0,g044,1,1,1,104.404
rung-01000,ask,off,0.0,g044,2,1,1,90.492
rung-01000,ask,on,1.0,g044,2,1,1,105.307
rung-01000,ask,off,0.0,g044,3,0,1,89.830
rung-01000,ask,on,1.0,g044,3,0,1,102.799
rung-01000,ask,off,0.0,g044,4,0,1,91.557
rung-01000,ask,on,1.0,g044,4,0,1,105.602
rung-01000,ask,off,0.0,g044,5,0,1,90.195
rung-01000,ask,on,1.0,g044,5,0,1,104.719
rung-01000,ask,off,0.0,g044,6,0,1,90.266
rung-01000,ask,on,1.0,g044,6,0,1,104.354
rung-01000,ask,off,0.0,g044,7,0,1,89.840
rung-01000,ask,on,1.0,g044,7,0,1,103.518
rung-01000,ask,off,0.0,g044,8,0,1,91.907
rung-01000,ask,on,1.0,g044,8,0,1,103.653
rung-01000,ask,off,0.0,g044,9,0,1,92.651
rung-01000,ask,on,1.0,g044,9,0,1,105.258
rung-01000,ask,off,0.0,g045,0,1,1,79.920
rung-01000,ask,on,1.0,g045,0,1,1,102.338
rung-01000,ask,off,0.0,g045,1,1,1,78.407
rung-01000,ask,on,1.0,g045,1,1,1,100.737
rung-01000,ask,off,0.0,g045,2,1,1,80.011
rung-01000,ask,on,1.0,g045,2,1,1,102.557
rung-01000,ask,off,0.0,g045,3,0,1,79.628
rung-01000,ask,on,1.0,g045,3,0,1,102.391
rung-01000,ask,off,0.0,g045,4,0,1,79.043
rung-01000,ask,on,1.0,g045,4,0,1,101.180
rung-01000,ask,off,0.0,g045,5,0,1,80.688
rung-01000,ask,on,1.0,g045,5,0,1,100.355
rung-01000,ask,off,0.0,g045,6,0,1,80.582
rung-01000,ask,on,1.0,g045,6,0,1,103.168
rung-01000,ask,off,0.0,g045,7,0,1,80.256
rung-01000,ask,on,1.0,g045,7,0,1,100.960
rung-01000,ask,off,0.0,g045,8,0,1,78.795
rung-01000,ask,on,1.0,g045,8,0,1,102.419
rung-01000,ask,off,0.0,g045,9,0,1,80.362
rung-01000,ask,on,1.0,g045,9,0,1,102.402
rung-01000,ask,off,0.0,g046,0,1,1,82.445
rung-01000,ask,on,1.0,g046,0,1,1,99.666
rung-01000,ask,off,0.0,g046,1,1,1,83.661
rung-01000,ask,on,1.0,g046,1,1,1,97.348
rung-01000,ask,off,0.0,g046,2,1,1,84.305
rung-01000,ask,on,1.0,g046,2,1,1,97.557
rung-01000,ask,off,0.0,g046,3,0,1,84.205
rung-01000,ask,on,1.0,g046,3,0,1,97.617
rung-01000,ask,off,0.0,g046,4,0,1,83.915
rung-01000,ask,on,1.0,g046,4,0,1,99.873
rung-01000,ask,off,0.0,g046,5,0,1,82.833
rung-01000,ask,on,1.0,g046,5,0,1,99.574
rung-01000,ask,off,0.0,g046,6,0,1,82.888
rung-01000,ask,on,1.0,g046,6,0,1,99.772
rung-01000,ask,off,0.0,g046,7,0,1,84.432
rung-01000,ask,on,1.0,g046,7,0,1,97.690
rung-01000,ask,off,0.0,g046,8,0,1,85.108
rung-01000,ask,on,1.0,g046,8,0,1,97.530
rung-01000,ask,off,0.0,g046,9,0,1,82.174
rung-01000,ask,on,1.0,g046,9,0,1,99.960
rung-01000,ask,off,0.0,g047,0,1,1,78.102
rung-01000,ask,on,1.0,g047,0,1,1,90.380
rung-01000,ask,off,0.0,g047,1,1,1,78.085
rung-01000,ask,on,1.0,g047,1,1,1,87.841
rung-01000,ask,off,0.0,g047,2,1,1,79.570
rung-01000,ask,on,1.0,g047,2,1,1,89.547
rung-01000,ask,off,0.0,g047,3,0,1,77.668
rung-01000,ask,on,1.0,g047,3,0,1,87.883
rung-01000,ask,off,0.0,g047,4,0,1,79.895
rung-01000,ask,on,1.0,g047,4,0,1,89.501
rung-01000,ask,off,0.0,g047,5,0,1,77.924
rung-01000,ask,on,1.0,g047,5,0,1,89.796
rung-01000,ask,off,0.0,g047,6,0,1,77.832
rung-01000,ask,on,1.0,g047,6,0,1,89.414
rung-01000,ask,off,0.0,g047,7,0,1,77.651
rung-01000,ask,on,1.0,g047,7,0,1,89.413
rung-01000,ask,off,0.0,g047,8,0,1,77.628
rung-01000,ask,on,1.0,g047,8,0,1,87.522
rung-01000,ask,off,0.0,g047,9,0,1,79.503
rung-01000,ask,on,1.0,g047,9,0,1,90.138
rung-01000,ask,off,0.0,g048,0,1,1,95.580
rung-01000,ask,on,1.0,g048,0,1,1,108.819
rung-01000,ask,off,0.0,g048,1,1,1,91.304
rung-01000,ask,on,1.0,g048,1,1,1,107.636
rung-01000,ask,off,0.0,g048,2,1,1,91.566
rung-01000,ask,on,1.0,g048,2,1,1,105.564
rung-01000,ask,off,0.0,g048,3,0,1,93.172
rung-01000,ask,on,1.0,g048,3,0,1,105.735
rung-01000,ask,off,0.0,g048,4,0,1,93.220
rung-01000,ask,on,1.0,g048,4,0,1,107.613
rung-01000,ask,off,0.0,g048,5,0,1,91.086
rung-01000,ask,on,1.0,g048,5,0,1,107.728
rung-01000,ask,off,0.0,g048,6,0,1,92.830
rung-01000,ask,on,1.0,g048,6,0,1,105.703
rung-01000,ask,off,0.0,g048,7,0,1,91.365
rung-01000,ask,on,1.0,g048,7,0,1,108.003
rung-01000,ask,off,0.0,g048,8,0,1,93.369
rung-01000,ask,on,1.0,g048,8,0,1,105.592
rung-01000,ask,off,0.0,g048,9,0,1,91.161
rung-01000,ask,on,1.0,g048,9,0,1,107.759
rung-01000,ask,off,0.0,g049,0,1,1,86.069
rung-01000,ask,on,1.0,g049,0,1,1,106.146
rung-01000,ask,off,0.0,g049,1,1,1,85.322
rung-01000,ask,on,1.0,g049,1,1,1,105.754
rung-01000,ask,off,0.0,g049,2,1,1,84.466
rung-01000,ask,on,1.0,g049,2,1,1,105.537
rung-01000,ask,off,0.0,g049,3,0,1,84.716
rung-01000,ask,on,1.0,g049,3,0,1,105.552
rung-01000,ask,off,0.0,g049,4,0,1,85.585
rung-01000,ask,on,1.0,g049,4,0,1,103.869
rung-01000,ask,off,0.0,g049,5,0,1,84.834
rung-01000,ask,on,1.0,g049,5,0,1,104.373
rung-01000,ask,off,0.0,g049,6,0,1,85.954
rung-01000,ask,on,1.0,g049,6,0,1,104.555
rung-01000,ask,off,0.0,g049,7,0,1,86.411
rung-01000,ask,on,1.0,g049,7,0,1,105.286
rung-01000,ask,off,0.0,g049,8,0,1,85.065
rung-01000,ask,on,1.0,g049,8,0,1,103.649
rung-01000,ask,off,0.0,g049,9,0,1,84.614
rung-01000,ask,on,1.0,g049,9,0,1,105.467
rung-01000,ask,off,0.0,g050,0,1,1,91.891
rung-01000,ask,on,1.0,g050,0,1,1,106.379
rung-01000,ask,off,0.0,g050,1,1,1,90.295
rung-01000,ask,on,1.0,g050,1,1,1,105.940
rung-01000,ask,off,0.0,g050,2,1,1,91.732
rung-01000,ask,on,1.0,g050,2,1,1,103.833
rung-01000,ask,off,0.0,g050,3,0,1,91.537
rung-01000,ask,on,1.0,g050,3,0,1,104.766
rung-01000,ask,off,0.0,g050,4,0,1,91.748
rung-01000,ask,on,1.0,g050,4,0,1,104.180
rung-01000,ask,off,0.0,g050,5,0,1,92.037
rung-01000,ask,on,1.0,g050,5,0,1,104.339
rung-01000,ask,off,0.0,g050,6,0,1,93.460
rung-01000,ask,on,1.0,g050,6,0,1,104.971
rung-01000,ask,off,0.0,g050,7,0,1,95.253
rung-01000,ask,on,1.0,g050,7,0,1,106.952
rung-01000,ask,off,0.0,g050,8,0,1,89.981
rung-01000,ask,on,1.0,g050,8,0,1,104.058
rung-01000,ask,off,0.0,g050,9,0,1,91.483
rung-01000,ask,on,1.0,g050,9,0,1,103.941
rung-01000,ask,off,0.0,g051,0,1,1,81.713
rung-01000,ask,on,1.0,g051,0,1,1,98.914
rung-01000,ask,off,0.0,g051,1,1,1,81.090
rung-01000,ask,on,1.0,g051,1,1,1,98.073
rung-01000,ask,off,0.0,g051,2,1,1,80.436
rung-01000,ask,on,1.0,g051,2,1,1,96.457
rung-01000,ask,off,0.0,g051,3,0,1,81.291
rung-01000,ask,on,1.0,g051,3,0,1,96.210
rung-01000,ask,off,0.0,g051,4,0,1,81.335
rung-01000,ask,on,1.0,g051,4,0,1,96.612
rung-01000,ask,off,0.0,g051,5,0,1,81.245
rung-01000,ask,on,1.0,g051,5,0,1,97.895
rung-01000,ask,off,0.0,g051,6,0,1,79.721
rung-01000,ask,on,1.0,g051,6,0,1,96.729
rung-01000,ask,off,0.0,g051,7,0,1,81.204
rung-01000,ask,on,1.0,g051,7,0,1,96.366
rung-01000,ask,off,0.0,g051,8,0,1,80.939
rung-01000,ask,on,1.0,g051,8,0,1,97.763
rung-01000,ask,off,0.0,g051,9,0,1,80.066
rung-01000,ask,on,1.0,g051,9,0,1,98.531
rung-01000,ask,off,0.0,g052,0,1,1,93.003
rung-01000,ask,on,1.0,g052,0,1,1,106.500
rung-01000,ask,off,0.0,g052,1,1,1,93.670
rung-01000,ask,on,1.0,g052,1,1,1,106.634
rung-01000,ask,off,0.0,g052,2,1,1,93.879
rung-01000,ask,on,1.0,g052,2,1,1,106.885
rung-01000,ask,off,0.0,g052,3,0,1,93.859
rung-01000,ask,on,1.0,g052,3,0,1,108.428
rung-01000,ask,off,0.0,g052,4,0,1,95.728
rung-01000,ask,on,1.0,g052,4,0,1,113.747
rung-01000,ask,off,0.0,g052,5,0,1,97.565
rung-01000,ask,on,1.0,g052,5,0,1,110.950
rung-01000,ask,off,0.0,g052,6,0,1,97.071
rung-01000,ask,on,1.0,g052,6,0,1,111.483
rung-01000,ask,off,0.0,g052,7,0,1,94.901
rung-01000,ask,on,1.0,g052,7,0,1,107.078
rung-01000,ask,off,0.0,g052,8,0,1,92.545
rung-01000,ask,on,1.0,g052,8,0,1,107.945
rung-01000,ask,off,0.0,g052,9,0,1,92.333
rung-01000,ask,on,1.0,g052,9,0,1,108.228
rung-01000,ask,off,0.0,g053,0,1,1,78.316
rung-01000,ask,on,1.0,g053,0,1,1,92.981
rung-01000,ask,off,0.0,g053,1,1,1,78.133
rung-01000,ask,on,1.0,g053,1,1,1,90.819
rung-01000,ask,off,0.0,g053,2,1,1,80.085
rung-01000,ask,on,1.0,g053,2,1,1,90.221
rung-01000,ask,off,0.0,g053,3,0,1,80.079
rung-01000,ask,on,1.0,g053,3,0,1,89.983
rung-01000,ask,off,0.0,g053,4,0,1,79.643
rung-01000,ask,on,1.0,g053,4,0,1,91.174
rung-01000,ask,off,0.0,g053,5,0,1,78.221
rung-01000,ask,on,1.0,g053,5,0,1,91.519
rung-01000,ask,off,0.0,g053,6,0,1,78.402
rung-01000,ask,on,1.0,g053,6,0,1,91.368
rung-01000,ask,off,0.0,g053,7,0,1,77.800
rung-01000,ask,on,1.0,g053,7,0,1,90.996
rung-01000,ask,off,0.0,g053,8,0,1,77.989
rung-01000,ask,on,1.0,g053,8,0,1,92.114
rung-01000,ask,off,0.0,g053,9,0,1,83.241
rung-01000,ask,on,1.0,g053,9,0,1,93.214
rung-01000,ask,off,0.0,g054,0,1,1,90.269
rung-01000,ask,on,1.0,g054,0,1,1,102.142
rung-01000,ask,off,0.0,g054,1,1,1,90.638
rung-01000,ask,on,1.0,g054,1,1,1,99.726
rung-01000,ask,off,0.0,g054,2,1,1,94.594
rung-01000,ask,on,1.0,g054,2,1,1,104.593
rung-01000,ask,off,0.0,g054,3,0,1,91.523
rung-01000,ask,on,1.0,g054,3,0,1,100.297
rung-01000,ask,off,0.0,g054,4,0,1,93.772
rung-01000,ask,on,1.0,g054,4,0,1,103.018
rung-01000,ask,off,0.0,g054,5,0,1,91.408
rung-01000,ask,on,1.0,g054,5,0,1,103.174
rung-01000,ask,off,0.0,g054,6,0,1,93.086
rung-01000,ask,on,1.0,g054,6,0,1,102.219
rung-01000,ask,off,0.0,g054,7,0,1,91.475
rung-01000,ask,on,1.0,g054,7,0,1,103.264
rung-01000,ask,off,0.0,g054,8,0,1,92.882
rung-01000,ask,on,1.0,g054,8,0,1,101.879
rung-01000,ask,off,0.0,g054,9,0,1,92.211
rung-01000,ask,on,1.0,g054,9,0,1,104.366
rung-01000,ask,off,0.0,g055,0,1,1,98.277
rung-01000,ask,on,1.0,g055,0,1,1,112.788
rung-01000,ask,off,0.0,g055,1,1,1,97.740
rung-01000,ask,on,1.0,g055,1,1,1,108.450
rung-01000,ask,off,0.0,g055,2,1,1,95.584
rung-01000,ask,on,1.0,g055,2,1,1,109.837
rung-01000,ask,off,0.0,g055,3,0,1,98.328
rung-01000,ask,on,1.0,g055,3,0,1,111.100
rung-01000,ask,off,0.0,g055,4,0,1,97.455
rung-01000,ask,on,1.0,g055,4,0,1,111.352
rung-01000,ask,off,0.0,g055,5,0,1,95.803
rung-01000,ask,on,1.0,g055,5,0,1,108.875
rung-01000,ask,off,0.0,g055,6,0,1,96.142
rung-01000,ask,on,1.0,g055,6,0,1,109.279
rung-01000,ask,off,0.0,g055,7,0,1,97.091
rung-01000,ask,on,1.0,g055,7,0,1,109.599
rung-01000,ask,off,0.0,g055,8,0,1,97.618
rung-01000,ask,on,1.0,g055,8,0,1,111.252
rung-01000,ask,off,0.0,g055,9,0,1,97.103
rung-01000,ask,on,1.0,g055,9,0,1,111.979
rung-01000,ask,off,0.0,g056,0,1,1,91.049
rung-01000,ask,on,1.0,g056,0,1,1,106.253
rung-01000,ask,off,0.0,g056,1,1,1,91.451
rung-01000,ask,on,1.0,g056,1,1,1,103.604
rung-01000,ask,off,0.0,g056,2,1,1,90.412
rung-01000,ask,on,1.0,g056,2,1,1,103.875
rung-01000,ask,off,0.0,g056,3,0,1,93.573
rung-01000,ask,on,1.0,g056,3,0,1,107.260
rung-01000,ask,off,0.0,g056,4,0,1,91.616
rung-01000,ask,on,1.0,g056,4,0,1,102.023
rung-01000,ask,off,0.0,g056,5,0,1,89.955
rung-01000,ask,on,1.0,g056,5,0,1,103.082
rung-01000,ask,off,0.0,g056,6,0,1,90.597
rung-01000,ask,on,1.0,g056,6,0,1,104.738
rung-01000,ask,off,0.0,g056,7,0,1,92.509
rung-01000,ask,on,1.0,g056,7,0,1,105.648
rung-01000,ask,off,0.0,g056,8,0,1,90.826
rung-01000,ask,on,1.0,g056,8,0,1,104.003
rung-01000,ask,off,0.0,g056,9,0,1,91.103
rung-01000,ask,on,1.0,g056,9,0,1,103.152
rung-01000,ask,off,0.0,g057,0,1,1,89.979
rung-01000,ask,on,1.0,g057,0,1,1,109.784
rung-01000,ask,off,0.0,g057,1,1,1,89.736
rung-01000,ask,on,1.0,g057,1,1,1,109.230
rung-01000,ask,off,0.0,g057,2,1,1,91.997
rung-01000,ask,on,1.0,g057,2,1,1,107.410
rung-01000,ask,off,0.0,g057,3,0,1,89.361
rung-01000,ask,on,1.0,g057,3,0,1,107.863
rung-01000,ask,off,0.0,g057,4,0,1,89.441
rung-01000,ask,on,1.0,g057,4,0,1,109.500
rung-01000,ask,off,0.0,g057,5,0,1,88.983
rung-01000,ask,on,1.0,g057,5,0,1,107.511
rung-01000,ask,off,0.0,g057,6,0,1,89.287
rung-01000,ask,on,1.0,g057,6,0,1,108.747
rung-01000,ask,off,0.0,g057,7,0,1,88.950
rung-01000,ask,on,1.0,g057,7,0,1,108.342
rung-01000,ask,off,0.0,g057,8,0,1,88.131
rung-01000,ask,on,1.0,g057,8,0,1,108.109
rung-01000,ask,off,0.0,g057,9,0,1,88.326
rung-01000,ask,on,1.0,g057,9,0,1,108.099
rung-01000,ask,off,0.0,g058,0,1,1,98.223
rung-01000,ask,on,1.0,g058,0,1,1,109.204
rung-01000,ask,off,0.0,g058,1,1,1,100.929
rung-01000,ask,on,1.0,g058,1,1,1,110.988
rung-01000,ask,off,0.0,g058,2,1,1,99.264
rung-01000,ask,on,1.0,g058,2,1,1,110.219
rung-01000,ask,off,0.0,g058,3,0,1,103.958
rung-01000,ask,on,1.0,g058,3,0,1,109.973
rung-01000,ask,off,0.0,g058,4,0,1,101.481
rung-01000,ask,on,1.0,g058,4,0,1,110.362
rung-01000,ask,off,0.0,g058,5,0,1,105.960
rung-01000,ask,on,1.0,g058,5,0,1,112.035
rung-01000,ask,off,0.0,g058,6,0,1,97.558
rung-01000,ask,on,1.0,g058,6,0,1,107.979
rung-01000,ask,off,0.0,g058,7,0,1,99.804
rung-01000,ask,on,1.0,g058,7,0,1,107.971
rung-01000,ask,off,0.0,g058,8,0,1,98.755
rung-01000,ask,on,1.0,g058,8,0,1,110.506
rung-01000,ask,off,0.0,g058,9,0,1,99.793
rung-01000,ask,on,1.0,g058,9,0,1,109.607
rung-01000,ask,off,0.0,g059,0,1,1,86.727
rung-01000,ask,on,1.0,g059,0,1,1,104.179
rung-01000,ask,off,0.0,g059,1,1,1,85.264
rung-01000,ask,on,1.0,g059,1,1,1,103.519
rung-01000,ask,off,0.0,g059,2,1,1,86.118
rung-01000,ask,on,1.0,g059,2,1,1,105.228
rung-01000,ask,off,0.0,g059,3,0,1,85.380
rung-01000,ask,on,1.0,g059,3,0,1,103.582
rung-01000,ask,off,0.0,g059,4,0,1,86.648
rung-01000,ask,on,1.0,g059,4,0,1,103.310
rung-01000,ask,off,0.0,g059,5,0,1,86.515
rung-01000,ask,on,1.0,g059,5,0,1,105.206
rung-01000,ask,off,0.0,g059,6,0,1,88.141
rung-01000,ask,on,1.0,g059,6,0,1,107.195
rung-01000,ask,off,0.0,g059,7,0,1,88.404
rung-01000,ask,on,1.0,g059,7,0,1,106.793
rung-01000,ask,off,0.0,g059,8,0,1,86.893
rung-01000,ask,on,1.0,g059,8,0,1,107.212
rung-01000,ask,off,0.0,g059,9,0,1,87.286
rung-01000,ask,on,1.0,g059,9,0,1,106.525
rung-01000,ask,off,0.0,g060,0,1,1,95.982
rung-01000,ask,on,1.0,g060,0,1,1,111.083
rung-01000,ask,off,0.0,g060,1,1,1,96.615
rung-01000,ask,on,1.0,g060,1,1,1,109.334
rung-01000,ask,off,0.0,g060,2,1,1,95.000
rung-01000,ask,on,1.0,g060,2,1,1,110.566
rung-01000,ask,off,0.0,g060,3,0,1,96.349
rung-01000,ask,on,1.0,g060,3,0,1,109.684
rung-01000,ask,off,0.0,g060,4,0,1,95.522
rung-01000,ask,on,1.0,g060,4,0,1,109.787
rung-01000,ask,off,0.0,g060,5,0,1,96.263
rung-01000,ask,on,1.0,g060,5,0,1,109.427
rung-01000,ask,off,0.0,g060,6,0,1,96.130
rung-01000,ask,on,1.0,g060,6,0,1,109.469
rung-01000,ask,off,0.0,g060,7,0,1,94.867
rung-01000,ask,on,1.0,g060,7,0,1,110.933
rung-01000,ask,off,0.0,g060,8,0,1,94.918
rung-01000,ask,on,1.0,g060,8,0,1,111.202
rung-01000,ask,off,0.0,g060,9,0,1,97.608
rung-01000,ask,on,1.0,g060,9,0,1,111.480
rung-01000,ask,off,0.0,g061,0,1,1,85.866
rung-01000,ask,on,1.0,g061,0,1,1,94.844
rung-01000,ask,off,0.0,g061,1,1,1,86.171
rung-01000,ask,on,1.0,g061,1,1,1,93.384
rung-01000,ask,off,0.0,g061,2,1,1,87.033
rung-01000,ask,on,1.0,g061,2,1,1,93.289
rung-01000,ask,off,0.0,g061,3,0,1,87.570
rung-01000,ask,on,1.0,g061,3,0,1,93.294
rung-01000,ask,off,0.0,g061,4,0,1,85.623
rung-01000,ask,on,1.0,g061,4,0,1,93.785
rung-01000,ask,off,0.0,g061,5,0,1,87.362
rung-01000,ask,on,1.0,g061,5,0,1,94.621
rung-01000,ask,off,0.0,g061,6,0,1,86.555
rung-01000,ask,on,1.0,g061,6,0,1,93.198
rung-01000,ask,off,0.0,g061,7,0,1,86.026
rung-01000,ask,on,1.0,g061,7,0,1,93.816
rung-01000,ask,off,0.0,g061,8,0,1,87.328
rung-01000,ask,on,1.0,g061,8,0,1,95.959
rung-01000,ask,off,0.0,g061,9,0,1,87.580
rung-01000,ask,on,1.0,g061,9,0,1,95.068
rung-01000,ask,off,0.0,g062,0,1,1,100.639
rung-01000,ask,on,1.0,g062,0,1,1,119.853
rung-01000,ask,off,0.0,g062,1,1,1,103.968
rung-01000,ask,on,1.0,g062,1,1,1,116.234
rung-01000,ask,off,0.0,g062,2,1,1,96.950
rung-01000,ask,on,1.0,g062,2,1,1,112.921
rung-01000,ask,off,0.0,g062,3,0,1,95.599
rung-01000,ask,on,1.0,g062,3,0,1,113.351
rung-01000,ask,off,0.0,g062,4,0,1,96.116
rung-01000,ask,on,1.0,g062,4,0,1,113.369
rung-01000,ask,off,0.0,g062,5,0,1,94.496
rung-01000,ask,on,1.0,g062,5,0,1,113.672
rung-01000,ask,off,0.0,g062,6,0,1,94.375
rung-01000,ask,on,1.0,g062,6,0,1,113.489
rung-01000,ask,off,0.0,g062,7,0,1,94.132
rung-01000,ask,on,1.0,g062,7,0,1,111.589
rung-01000,ask,off,0.0,g062,8,0,1,95.821
rung-01000,ask,on,1.0,g062,8,0,1,112.919
rung-01000,ask,off,0.0,g062,9,0,1,94.094
rung-01000,ask,on,1.0,g062,9,0,1,113.743
rung-01000,ask,off,0.0,g063,0,1,1,90.732
rung-01000,ask,on,1.0,g063,0,1,1,111.124
rung-01000,ask,off,0.0,g063,1,1,1,92.502
rung-01000,ask,on,1.0,g063,1,1,1,112.585
rung-01000,ask,off,0.0,g063,2,1,1,90.489
rung-01000,ask,on,1.0,g063,2,1,1,112.612
rung-01000,ask,off,0.0,g063,3,0,1,96.994
rung-01000,ask,on,1.0,g063,3,0,1,112.692
rung-01000,ask,off,0.0,g063,4,0,1,93.357
rung-01000,ask,on,1.0,g063,4,0,1,111.060
rung-01000,ask,off,0.0,g063,5,0,1,92.508
rung-01000,ask,on,1.0,g063,5,0,1,112.930
rung-01000,ask,off,0.0,g063,6,0,1,91.230
rung-01000,ask,on,1.0,g063,6,0,1,110.982
rung-01000,ask,off,0.0,g063,7,0,1,92.571
rung-01000,ask,on,1.0,g063,7,0,1,110.981
rung-01000,ask,off,0.0,g063,8,0,1,92.513
rung-01000,ask,on,1.0,g063,8,0,1,111.215
rung-01000,ask,off,0.0,g063,9,0,1,92.552
rung-01000,ask,on,1.0,g063,9,0,1,113.072
rung-01000,ask,off,0.0,g064,0,1,1,89.903
rung-01000,ask,on,1.0,g064,0,1,1,103.768
rung-01000,ask,off,0.0,g064,1,1,1,90.028
rung-01000,ask,on,1.0,g064,1,1,1,103.521
rung-01000,ask,off,0.0,g064,2,1,1,88.575
rung-01000,ask,on,1.0,g064,2,1,1,102.195
rung-01000,ask,off,0.0,g064,3,0,1,90.052
rung-01000,ask,on,1.0,g064,3,0,1,101.471
rung-01000,ask,off,0.0,g064,4,0,1,88.528
rung-01000,ask,on,1.0,g064,4,0,1,103.884
rung-01000,ask,off,0.0,g064,5,0,1,90.362
rung-01000,ask,on,1.0,g064,5,0,1,101.535
rung-01000,ask,off,0.0,g064,6,0,1,88.628
rung-01000,ask,on,1.0,g064,6,0,1,103.403
rung-01000,ask,off,0.0,g064,7,0,1,89.737
rung-01000,ask,on,1.0,g064,7,0,1,101.738
rung-01000,ask,off,0.0,g064,8,0,1,88.255
rung-01000,ask,on,1.0,g064,8,0,1,103.737
rung-01000,ask,off,0.0,g064,9,0,1,90.062
rung-01000,ask,on,1.0,g064,9,0,1,101.809
rung-01000,ask,off,0.0,g065,0,1,1,92.407
rung-01000,ask,on,1.0,g065,0,1,1,115.215
rung-01000,ask,off,0.0,g065,1,1,1,93.783
rung-01000,ask,on,1.0,g065,1,1,1,113.842
rung-01000,ask,off,0.0,g065,2,1,1,91.950
rung-01000,ask,on,1.0,g065,2,1,1,115.381
rung-01000,ask,off,0.0,g065,3,0,1,94.454
rung-01000,ask,on,1.0,g065,3,0,1,113.112
rung-01000,ask,off,0.0,g065,4,0,1,93.002
rung-01000,ask,on,1.0,g065,4,0,1,116.422
rung-01000,ask,off,0.0,g065,5,0,1,92.029
rung-01000,ask,on,1.0,g065,5,0,1,116.092
rung-01000,ask,off,0.0,g065,6,0,1,92.818
rung-01000,ask,on,1.0,g065,6,0,1,115.298
rung-01000,ask,off,0.0,g065,7,0,1,94.052
rung-01000,ask,on,1.0,g065,7,0,1,114.073
rung-01000,ask,off,0.0,g065,8,0,1,92.201
rung-01000,ask,on,1.0,g065,8,0,1,115.439
rung-01000,ask,off,0.0,g065,9,0,1,94.872
rung-01000,ask,on,1.0,g065,9,0,1,113.926
rung-01000,ask,off,0.0,g066,0,1,1,89.208
rung-01000,ask,on,1.0,g066,0,1,1,101.853
rung-01000,ask,off,0.0,g066,1,1,1,90.986
rung-01000,ask,on,1.0,g066,1,1,1,100.469
rung-01000,ask,off,0.0,g066,2,1,1,89.344
rung-01000,ask,on,1.0,g066,2,1,1,103.267
rung-01000,ask,off,0.0,g066,3,0,1,94.948
rung-01000,ask,on,1.0,g066,3,0,1,100.518
rung-01000,ask,off,0.0,g066,4,0,1,90.036
rung-01000,ask,on,1.0,g066,4,0,1,102.263
rung-01000,ask,off,0.0,g066,5,0,1,91.285
rung-01000,ask,on,1.0,g066,5,0,1,100.256
rung-01000,ask,off,0.0,g066,6,0,1,89.824
rung-01000,ask,on,1.0,g066,6,0,1,102.007
rung-01000,ask,off,0.0,g066,7,0,1,91.135
rung-01000,ask,on,1.0,g066,7,0,1,99.725
rung-01000,ask,off,0.0,g066,8,0,1,88.696
rung-01000,ask,on,1.0,g066,8,0,1,101.281
rung-01000,ask,off,0.0,g066,9,0,1,90.162
rung-01000,ask,on,1.0,g066,9,0,1,101.655
rung-01000,ask,off,0.0,g067,0,1,1,81.810
rung-01000,ask,on,1.0,g067,0,1,1,98.073
rung-01000,ask,off,0.0,g067,1,1,1,84.356
rung-01000,ask,on,1.0,g067,1,1,1,94.779
rung-01000,ask,off,0.0,g067,2,1,1,82.077
rung-01000,ask,on,1.0,g067,2,1,1,96.217
rung-01000,ask,off,0.0,g067,3,0,1,86.123
rung-01000,ask,on,1.0,g067,3,0,1,95.062
rung-01000,ask,off,0.0,g067,4,0,1,83.755
rung-01000,ask,on,1.0,g067,4,0,1,95.130
rung-01000,ask,off,0.0,g067,5,0,1,83.854
rung-01000,ask,on,1.0,g067,5,0,1,94.610
rung-01000,ask,off,0.0,g067,6,0,1,81.979
rung-01000,ask,on,1.0,g067,6,0,1,96.540
rung-01000,ask,off,0.0,g067,7,0,1,82.983
rung-01000,ask,on,1.0,g067,7,0,1,96.584
rung-01000,ask,off,0.0,g067,8,0,1,83.027
rung-01000,ask,on,1.0,g067,8,0,1,96.370
rung-01000,ask,off,0.0,g067,9,0,1,81.695
rung-01000,ask,on,1.0,g067,9,0,1,94.689
rung-01000,ask,off,0.0,g068,0,1,1,97.262
rung-01000,ask,on,1.0,g068,0,1,1,114.471
rung-01000,ask,off,0.0,g068,1,1,1,88.923
rung-01000,ask,on,1.0,g068,1,1,1,104.306
rung-01000,ask,off,0.0,g068,2,1,1,87.201
rung-01000,ask,on,1.0,g068,2,1,1,106.044
rung-01000,ask,off,0.0,g068,3,0,1,88.621
rung-01000,ask,on,1.0,g068,3,0,1,103.832
rung-01000,ask,off,0.0,g068,4,0,1,87.237
rung-01000,ask,on,1.0,g068,4,0,1,110.090
rung-01000,ask,off,0.0,g068,5,0,1,86.796
rung-01000,ask,on,1.0,g068,5,0,1,106.194
rung-01000,ask,off,0.0,g068,6,0,1,87.474
rung-01000,ask,on,1.0,g068,6,0,1,105.345
rung-01000,ask,off,0.0,g068,7,0,1,88.473
rung-01000,ask,on,1.0,g068,7,0,1,104.142
rung-01000,ask,off,0.0,g068,8,0,1,88.337
rung-01000,ask,on,1.0,g068,8,0,1,107.146
rung-01000,ask,off,0.0,g068,9,0,1,103.665
rung-01000,ask,on,1.0,g068,9,0,1,107.433
rung-01000,ask,off,0.0,g069,0,1,1,91.021
rung-01000,ask,on,1.0,g069,0,1,1,109.180
rung-01000,ask,off,0.0,g069,1,1,1,92.249
rung-01000,ask,on,1.0,g069,1,1,1,108.851
rung-01000,ask,off,0.0,g069,2,1,1,90.498
rung-01000,ask,on,1.0,g069,2,1,1,109.412
rung-01000,ask,off,0.0,g069,3,0,1,90.289
rung-01000,ask,on,1.0,g069,3,0,1,108.621
rung-01000,ask,off,0.0,g069,4,0,1,92.670
rung-01000,ask,on,1.0,g069,4,0,1,106.926
rung-01000,ask,off,0.0,g069,5,0,1,90.449
rung-01000,ask,on,1.0,g069,5,0,1,107.685
rung-01000,ask,off,0.0,g069,6,0,1,91.089
rung-01000,ask,on,1.0,g069,6,0,1,106.906
rung-01000,ask,off,0.0,g069,7,0,1,90.848
rung-01000,ask,on,1.0,g069,7,0,1,106.803
rung-01000,ask,off,0.0,g069,8,0,1,91.035
rung-01000,ask,on,1.0,g069,8,0,1,106.778
rung-01000,ask,off,0.0,g069,9,0,1,90.681
rung-01000,ask,on,1.0,g069,9,0,1,109.090
rung-01000,ask,off,0.0,g070,0,1,1,87.501
rung-01000,ask,on,1.0,g070,0,1,1,105.681
rung-01000,ask,off,0.0,g070,1,1,1,97.413
rung-01000,ask,on,1.0,g070,1,1,1,109.256
rung-01000,ask,off,0.0,g070,2,1,1,92.845
rung-01000,ask,on,1.0,g070,2,1,1,107.623
rung-01000,ask,off,0.0,g070,3,0,1,93.397
rung-01000,ask,on,1.0,g070,3,0,1,102.949
rung-01000,ask,off,0.0,g070,4,0,1,89.855
rung-01000,ask,on,1.0,g070,4,0,1,103.343
rung-01000,ask,off,0.0,g070,5,0,1,89.233
rung-01000,ask,on,1.0,g070,5,0,1,104.608
rung-01000,ask,off,0.0,g070,6,0,1,88.764
rung-01000,ask,on,1.0,g070,6,0,1,104.922
rung-01000,ask,off,0.0,g070,7,0,1,89.422
rung-01000,ask,on,1.0,g070,7,0,1,103.064
rung-01000,ask,off,0.0,g070,8,0,1,88.517
rung-01000,ask,on,1.0,g070,8,0,1,103.251
rung-01000,ask,off,0.0,g070,9,0,1,87.583
rung-01000,ask,on,1.0,g070,9,0,1,104.731
rung-01000,ask,off,0.0,g071,0,1,1,92.249
rung-01000,ask,on,1.0,g071,0,1,1,114.855
rung-01000,ask,off,0.0,g071,1,1,1,97.755
rung-01000,ask,on,1.0,g071,1,1,1,113.179
rung-01000,ask,off,0.0,g071,2,1,1,90.768
rung-01000,ask,on,1.0,g071,2,1,1,111.671
rung-01000,ask,off,0.0,g071,3,0,1,92.594
rung-01000,ask,on,1.0,g071,3,0,1,112.178
rung-01000,ask,off,0.0,g071,4,0,1,91.065
rung-01000,ask,on,1.0,g071,4,0,1,111.207
rung-01000,ask,off,0.0,g071,5,0,1,90.747
rung-01000,ask,on,1.0,g071,5,0,1,111.112
rung-01000,ask,off,0.0,g071,6,0,1,93.069
rung-01000,ask,on,1.0,g071,6,0,1,109.820
rung-01000,ask,off,0.0,g071,7,0,1,90.471
rung-01000,ask,on,1.0,g071,7,0,1,113.640
rung-01000,ask,off,0.0,g071,8,0,1,92.222
rung-01000,ask,on,1.0,g071,8,0,1,109.584
rung-01000,ask,off,0.0,g071,9,0,1,93.980
rung-01000,ask,on,1.0,g071,9,0,1,111.693
rung-01000,ask,off,0.0,g072,0,1,1,80.205
rung-01000,ask,on,1.0,g072,0,1,1,94.023
rung-01000,ask,off,0.0,g072,1,1,1,84.874
rung-01000,ask,on,1.0,g072,1,1,1,122.266
rung-01000,ask,off,0.0,g072,2,1,1,86.746
rung-01000,ask,on,1.0,g072,2,1,1,93.606
rung-01000,ask,off,0.0,g072,3,0,1,83.027
rung-01000,ask,on,1.0,g072,3,0,1,93.835
rung-01000,ask,off,0.0,g072,4,0,1,87.403
rung-01000,ask,on,1.0,g072,4,0,1,97.437
rung-01000,ask,off,0.0,g072,5,0,1,81.771
rung-01000,ask,on,1.0,g072,5,0,1,100.768
rung-01000,ask,off,0.0,g072,6,0,1,92.562
rung-01000,ask,on,1.0,g072,6,0,1,96.187
rung-01000,ask,off,0.0,g072,7,0,1,82.581
rung-01000,ask,on,1.0,g072,7,0,1,94.438
rung-01000,ask,off,0.0,g072,8,0,1,83.426
rung-01000,ask,on,1.0,g072,8,0,1,93.867
rung-01000,ask,off,0.0,g072,9,0,1,85.777
rung-01000,ask,on,1.0,g072,9,0,1,94.223
rung-01000,ask,off,0.0,g073,0,1,1,93.645
rung-01000,ask,on,1.0,g073,0,1,1,110.782
rung-01000,ask,off,0.0,g073,1,1,1,95.908
rung-01000,ask,on,1.0,g073,1,1,1,114.164
rung-01000,ask,off,0.0,g073,2,1,1,96.631
rung-01000,ask,on,1.0,g073,2,1,1,108.238
rung-01000,ask,off,0.0,g073,3,0,1,95.317
rung-01000,ask,on,1.0,g073,3,0,1,109.024
rung-01000,ask,off,0.0,g073,4,0,1,93.942
rung-01000,ask,on,1.0,g073,4,0,1,109.612
rung-01000,ask,off,0.0,g073,5,0,1,93.023
rung-01000,ask,on,1.0,g073,5,0,1,107.492
rung-01000,ask,off,0.0,g073,6,0,1,94.918
rung-01000,ask,on,1.0,g073,6,0,1,109.516
rung-01000,ask,off,0.0,g073,7,0,1,94.178
rung-01000,ask,on,1.0,g073,7,0,1,109.653
rung-01000,ask,off,0.0,g073,8,0,1,92.852
rung-01000,ask,on,1.0,g073,8,0,1,109.228
rung-01000,ask,off,0.0,g073,9,0,1,95.137
rung-01000,ask,on,1.0,g073,9,0,1,108.790
rung-01000,ask,off,0.0,g074,0,1,1,85.802
rung-01000,ask,on,1.0,g074,0,1,1,101.698
rung-01000,ask,off,0.0,g074,1,1,1,91.834
rung-01000,ask,on,1.0,g074,1,1,1,108.907
rung-01000,ask,off,0.0,g074,2,1,1,95.801
rung-01000,ask,on,1.0,g074,2,1,1,104.761
rung-01000,ask,off,0.0,g074,3,0,1,86.671
rung-01000,ask,on,1.0,g074,3,0,1,101.452
rung-01000,ask,off,0.0,g074,4,0,1,90.345
rung-01000,ask,on,1.0,g074,4,0,1,101.495
rung-01000,ask,off,0.0,g074,5,0,1,86.988
rung-01000,ask,on,1.0,g074,5,0,1,103.252
rung-01000,ask,off,0.0,g074,6,0,1,88.862
rung-01000,ask,on,1.0,g074,6,0,1,104.639
rung-01000,ask,off,0.0,g074,7,0,1,92.651
rung-01000,ask,on,1.0,g074,7,0,1,102.185
rung-01000,ask,off,0.0,g074,8,0,1,92.044
rung-01000,ask,on,1.0,g074,8,0,1,105.225
rung-01000,ask,off,0.0,g074,9,0,1,87.773
rung-01000,ask,on,1.0,g074,9,0,1,116.592
rung-01000,ask,off,0.0,g075,0,1,1,78.519
rung-01000,ask,on,1.0,g075,0,1,1,99.485
rung-01000,ask,off,0.0,g075,1,1,1,163.270
rung-01000,ask,on,1.0,g075,1,1,1,115.166
rung-01000,ask,off,0.0,g075,2,1,1,89.440
rung-01000,ask,on,1.0,g075,2,1,1,106.645
rung-01000,ask,off,0.0,g075,3,0,1,81.366
rung-01000,ask,on,1.0,g075,3,0,1,139.573
rung-01000,ask,off,0.0,g075,4,0,1,87.342
rung-01000,ask,on,1.0,g075,4,0,1,104.234
rung-01000,ask,off,0.0,g075,5,0,1,82.411
rung-01000,ask,on,1.0,g075,5,0,1,106.410
rung-01000,ask,off,0.0,g075,6,0,1,85.560
rung-01000,ask,on,1.0,g075,6,0,1,105.493
rung-01000,ask,off,0.0,g075,7,0,1,143.321
rung-01000,ask,on,1.0,g075,7,0,1,101.666
rung-01000,ask,off,0.0,g075,8,0,1,81.806
rung-01000,ask,on,1.0,g075,8,0,1,101.953
rung-01000,ask,off,0.0,g075,9,0,1,82.074
rung-01000,ask,on,1.0,g075,9,0,1,98.446
rung-01000,ask,off,0.0,g076,0,1,1,103.277
rung-01000,ask,on,1.0,g076,0,1,1,113.350
rung-01000,ask,off,0.0,g076,1,1,1,97.073
rung-01000,ask,on,1.0,g076,1,1,1,107.059
rung-01000,ask,off,0.0,g076,2,1,1,93.905
rung-01000,ask,on,1.0,g076,2,1,1,105.946
rung-01000,ask,off,0.0,g076,3,0,1,98.107
rung-01000,ask,on,1.0,g076,3,0,1,111.860
rung-01000,ask,off,0.0,g076,4,0,1,100.575
rung-01000,ask,on,1.0,g076,4,0,1,110.097
rung-01000,ask,off,0.0,g076,5,0,1,100.516
rung-01000,ask,on,1.0,g076,5,0,1,106.910
rung-01000,ask,off,0.0,g076,6,0,1,96.315
rung-01000,ask,on,1.0,g076,6,0,1,110.923
rung-01000,ask,off,0.0,g076,7,0,1,96.743
rung-01000,ask,on,1.0,g076,7,0,1,107.317
rung-01000,ask,off,0.0,g076,8,0,1,96.189
rung-01000,ask,on,1.0,g076,8,0,1,109.405
rung-01000,ask,off,0.0,g076,9,0,1,98.133
rung-01000,ask,on,1.0,g076,9,0,1,181.659
rung-01000,ask,off,0.0,g077,0,1,1,94.967
rung-01000,ask,on,1.0,g077,0,1,1,116.127
rung-01000,ask,off,0.0,g077,1,1,1,91.496
rung-01000,ask,on,1.0,g077,1,1,1,131.072
rung-01000,ask,off,0.0,g077,2,1,1,174.733
rung-01000,ask,on,1.0,g077,2,1,1,120.219
rung-01000,ask,off,0.0,g077,3,0,1,95.093
rung-01000,ask,on,1.0,g077,3,0,1,118.166
rung-01000,ask,off,0.0,g077,4,0,1,97.108
rung-01000,ask,on,1.0,g077,4,0,1,114.059
rung-01000,ask,off,0.0,g077,5,0,1,94.210
rung-01000,ask,on,1.0,g077,5,0,1,110.580
rung-01000,ask,off,0.0,g077,6,0,1,91.712
rung-01000,ask,on,1.0,g077,6,0,1,110.043
rung-01000,ask,off,0.0,g077,7,0,1,99.954
rung-01000,ask,on,1.0,g077,7,0,1,191.479
rung-01000,ask,off,0.0,g077,8,0,1,112.296
rung-01000,ask,on,1.0,g077,8,0,1,118.678
rung-01000,ask,off,0.0,g077,9,0,1,93.603
rung-01000,ask,on,1.0,g077,9,0,1,115.370
rung-01000,ask,off,0.0,g078,0,1,1,100.583
rung-01000,ask,on,1.0,g078,0,1,1,120.415
rung-01000,ask,off,0.0,g078,1,1,1,95.350
rung-01000,ask,on,1.0,g078,1,1,1,114.568
rung-01000,ask,off,0.0,g078,2,1,1,96.801
rung-01000,ask,on,1.0,g078,2,1,1,114.044
rung-01000,ask,off,0.0,g078,3,0,1,106.085
rung-01000,ask,on,1.0,g078,3,0,1,116.716
rung-01000,ask,off,0.0,g078,4,0,1,96.512
rung-01000,ask,on,1.0,g078,4,0,1,109.156
rung-01000,ask,off,0.0,g078,5,0,1,93.109
rung-01000,ask,on,1.0,g078,5,0,1,110.734
rung-01000,ask,off,0.0,g078,6,0,1,91.412
rung-01000,ask,on,1.0,g078,6,0,1,106.606
rung-01000,ask,off,0.0,g078,7,0,1,91.569
rung-01000,ask,on,1.0,g078,7,0,1,109.250
rung-01000,ask,off,0.0,g078,8,0,1,94.310
rung-01000,ask,on,1.0,g078,8,0,1,108.441
rung-01000,ask,off,0.0,g078,9,0,1,92.860
rung-01000,ask,on,1.0,g078,9,0,1,110.993
rung-01000,ask,off,0.0,g079,0,1,1,87.452
rung-01000,ask,on,1.0,g079,0,1,1,107.250
rung-01000,ask,off,0.0,g079,1,1,1,87.667
rung-01000,ask,on,1.0,g079,1,1,1,103.900
rung-01000,ask,off,0.0,g079,2,1,1,84.836
rung-01000,ask,on,1.0,g079,2,1,1,105.575
rung-01000,ask,off,0.0,g079,3,0,1,84.743
rung-01000,ask,on,1.0,g079,3,0,1,105.558
rung-01000,ask,off,0.0,g079,4,0,1,86.771
rung-01000,ask,on,1.0,g079,4,0,1,103.073
rung-01000,ask,off,0.0,g079,5,0,1,85.430
rung-01000,ask,on,1.0,g079,5,0,1,136.338
rung-01000,ask,off,0.0,g079,6,0,1,89.287
rung-01000,ask,on,1.0,g079,6,0,1,106.011
rung-01000,ask,off,0.0,g079,7,0,1,85.479
rung-01000,ask,on,1.0,g079,7,0,1,107.495
rung-01000,ask,off,0.0,g079,8,0,1,86.360
rung-01000,ask,on,1.0,g079,8,0,1,103.485
rung-01000,ask,off,0.0,g079,9,0,1,113.934
rung-01000,ask,on,1.0,g079,9,0,1,102.440
rung-01000,ask,off,0.0,g080,0,1,1,94.893
rung-01000,ask,on,1.0,g080,0,1,1,119.632
rung-01000,ask,off,0.0,g080,1,1,1,184.709
rung-01000,ask,on,1.0,g080,1,1,1,127.530
rung-01000,ask,off,0.0,g080,2,1,1,100.290
rung-01000,ask,on,1.0,g080,2,1,1,122.209
rung-01000,ask,off,0.0,g080,3,0,1,101.654
rung-01000,ask,on,1.0,g080,3,0,1,124.058
rung-01000,ask,off,0.0,g080,4,0,1,101.682
rung-01000,ask,on,1.0,g080,4,0,1,122.333
rung-01000,ask,off,0.0,g080,5,0,1,100.610
rung-01000,ask,on,1.0,g080,5,0,1,123.134
rung-01000,ask,off,0.0,g080,6,0,1,97.148
rung-01000,ask,on,1.0,g080,6,0,1,118.669
rung-01000,ask,off,0.0,g080,7,0,1,95.952
rung-01000,ask,on,1.0,g080,7,0,1,118.893
rung-01000,ask,off,0.0,g080,8,0,1,97.151
rung-01000,ask,on,1.0,g080,8,0,1,117.927
rung-01000,ask,off,0.0,g080,9,0,1,95.930
rung-01000,ask,on,1.0,g080,9,0,1,121.814
rung-01000,ask,off,0.0,g081,0,1,1,100.211
rung-01000,ask,on,1.0,g081,0,1,1,111.358
rung-01000,ask,off,0.0,g081,1,1,1,96.237
rung-01000,ask,on,1.0,g081,1,1,1,108.318
rung-01000,ask,off,0.0,g081,2,1,1,97.959
rung-01000,ask,on,1.0,g081,2,1,1,110.707
rung-01000,ask,off,0.0,g081,3,0,1,97.952
rung-01000,ask,on,1.0,g081,3,0,1,107.620
rung-01000,ask,off,0.0,g081,4,0,1,95.448
rung-01000,ask,on,1.0,g081,4,0,1,107.459
rung-01000,ask,off,0.0,g081,5,0,1,95.035
rung-01000,ask,on,1.0,g081,5,0,1,111.051
rung-01000,ask,off,0.0,g081,6,0,1,150.188
rung-01000,ask,on,1.0,g081,6,0,1,114.379
rung-01000,ask,off,0.0,g081,7,0,1,101.724
rung-01000,ask,on,1.0,g081,7,0,1,112.362
rung-01000,ask,off,0.0,g081,8,0,1,101.422
rung-01000,ask,on,1.0,g081,8,0,1,111.469
rung-01000,ask,off,0.0,g081,9,0,1,98.790
rung-01000,ask,on,1.0,g081,9,0,1,112.886
rung-01000,ask,off,0.0,g082,0,1,1,92.529
rung-01000,ask,on,1.0,g082,0,1,1,113.056
rung-01000,ask,off,0.0,g082,1,1,1,98.244
rung-01000,ask,on,1.0,g082,1,1,1,113.580
rung-01000,ask,off,0.0,g082,2,1,1,95.828
rung-01000,ask,on,1.0,g082,2,1,1,109.638
rung-01000,ask,off,0.0,g082,3,0,1,91.262
rung-01000,ask,on,1.0,g082,3,0,1,106.359
rung-01000,ask,off,0.0,g082,4,0,1,90.996
rung-01000,ask,on,1.0,g082,4,0,1,111.307
rung-01000,ask,off,0.0,g082,5,0,1,89.911
rung-01000,ask,on,1.0,g082,5,0,1,108.761
rung-01000,ask,off,0.0,g082,6,0,1,93.498
rung-01000,ask,on,1.0,g082,6,0,1,112.022
rung-01000,ask,off,0.0,g082,7,0,1,93.340
rung-01000,ask,on,1.0,g082,7,0,1,106.837
rung-01000,ask,off,0.0,g082,8,0,1,92.661
rung-01000,ask,on,1.0,g082,8,0,1,108.493
rung-01000,ask,off,0.0,g082,9,0,1,89.863
rung-01000,ask,on,1.0,g082,9,0,1,105.239
rung-01000,ask,off,0.0,g083,0,1,1,91.074
rung-01000,ask,on,1.0,g083,0,1,1,106.266
rung-01000,ask,off,0.0,g083,1,1,1,90.936
rung-01000,ask,on,1.0,g083,1,1,1,108.689
rung-01000,ask,off,0.0,g083,2,1,1,90.094
rung-01000,ask,on,1.0,g083,2,1,1,101.270
rung-01000,ask,off,0.0,g083,3,0,1,90.027
rung-01000,ask,on,1.0,g083,3,0,1,103.718
rung-01000,ask,off,0.0,g083,4,0,1,90.818
rung-01000,ask,on,1.0,g083,4,0,1,100.320
rung-01000,ask,off,0.0,g083,5,0,1,90.808
rung-01000,ask,on,1.0,g083,5,0,1,102.698
rung-01000,ask,off,0.0,g083,6,0,1,150.280
rung-01000,ask,on,1.0,g083,6,0,1,121.363
rung-01000,ask,off,0.0,g083,7,0,1,100.505
rung-01000,ask,on,1.0,g083,7,0,1,107.701
rung-01000,ask,off,0.0,g083,8,0,1,99.976
rung-01000,ask,on,1.0,g083,8,0,1,136.591
rung-01000,ask,off,0.0,g083,9,0,1,114.735
rung-01000,ask,on,1.0,g083,9,0,1,109.105
rung-01000,ask,off,0.0,g084,0,1,1,95.724
rung-01000,ask,on,1.0,g084,0,1,1,111.356
rung-01000,ask,off,0.0,g084,1,1,1,107.664
rung-01000,ask,on,1.0,g084,1,1,1,113.642
rung-01000,ask,off,0.0,g084,2,1,1,92.706
rung-01000,ask,on,1.0,g084,2,1,1,106.415
rung-01000,ask,off,0.0,g084,3,0,1,88.190
rung-01000,ask,on,1.0,g084,3,0,1,104.995
rung-01000,ask,off,0.0,g084,4,0,1,89.673
rung-01000,ask,on,1.0,g084,4,0,1,104.512
rung-01000,ask,off,0.0,g084,5,0,1,88.507
rung-01000,ask,on,1.0,g084,5,0,1,112.356
rung-01000,ask,off,0.0,g084,6,0,1,122.446
rung-01000,ask,on,1.0,g084,6,0,1,116.064
rung-01000,ask,off,0.0,g084,7,0,1,90.511
rung-01000,ask,on,1.0,g084,7,0,1,109.314
rung-01000,ask,off,0.0,g084,8,0,1,92.063
rung-01000,ask,on,1.0,g084,8,0,1,107.316
rung-01000,ask,off,0.0,g084,9,0,1,91.734
rung-01000,ask,on,1.0,g084,9,0,1,105.948
rung-01000,ask,off,0.0,g085,0,1,1,84.210
rung-01000,ask,on,1.0,g085,0,1,1,111.453
rung-01000,ask,off,0.0,g085,1,1,1,85.897
rung-01000,ask,on,1.0,g085,1,1,1,106.658
rung-01000,ask,off,0.0,g085,2,1,1,84.695
rung-01000,ask,on,1.0,g085,2,1,1,106.925
rung-01000,ask,off,0.0,g085,3,0,1,88.910
rung-01000,ask,on,1.0,g085,3,0,1,121.647
rung-01000,ask,off,0.0,g085,4,0,1,86.535
rung-01000,ask,on,1.0,g085,4,0,1,108.603
rung-01000,ask,off,0.0,g085,5,0,1,90.728
rung-01000,ask,on,1.0,g085,5,0,1,112.369
rung-01000,ask,off,0.0,g085,6,0,1,86.738
rung-01000,ask,on,1.0,g085,6,0,1,106.515
rung-01000,ask,off,0.0,g085,7,0,1,118.128
rung-01000,ask,on,1.0,g085,7,0,1,109.089
rung-01000,ask,off,0.0,g085,8,0,1,84.158
rung-01000,ask,on,1.0,g085,8,0,1,126.875
rung-01000,ask,off,0.0,g085,9,0,1,90.544
rung-01000,ask,on,1.0,g085,9,0,1,109.446
rung-01000,ask,off,0.0,g086,0,1,1,94.647
rung-01000,ask,on,1.0,g086,0,1,1,108.945
rung-01000,ask,off,0.0,g086,1,1,1,90.332
rung-01000,ask,on,1.0,g086,1,1,1,105.982
rung-01000,ask,off,0.0,g086,2,1,1,90.329
rung-01000,ask,on,1.0,g086,2,1,1,119.183
rung-01000,ask,off,0.0,g086,3,0,1,118.596
rung-01000,ask,on,1.0,g086,3,0,1,120.023
rung-01000,ask,off,0.0,g086,4,0,1,88.684
rung-01000,ask,on,1.0,g086,4,0,1,104.314
rung-01000,ask,off,0.0,g086,5,0,1,94.228
rung-01000,ask,on,1.0,g086,5,0,1,106.315
rung-01000,ask,off,0.0,g086,6,0,1,90.935
rung-01000,ask,on,1.0,g086,6,0,1,108.335
rung-01000,ask,off,0.0,g086,7,0,1,88.943
rung-01000,ask,on,1.0,g086,7,0,1,108.868
rung-01000,ask,off,0.0,g086,8,0,1,89.338
rung-01000,ask,on,1.0,g086,8,0,1,163.451
rung-01000,ask,off,0.0,g086,9,0,1,95.751
rung-01000,ask,on,1.0,g086,9,0,1,105.612
rung-01000,ask,off,0.0,g087,0,1,1,78.778
rung-01000,ask,on,1.0,g087,0,1,1,107.171
rung-01000,ask,off,0.0,g087,1,1,1,78.300
rung-01000,ask,on,1.0,g087,1,1,1,100.025
rung-01000,ask,off,0.0,g087,2,1,1,77.369
rung-01000,ask,on,1.0,g087,2,1,1,99.801
rung-01000,ask,off,0.0,g087,3,0,1,77.546
rung-01000,ask,on,1.0,g087,3,0,1,98.854
rung-01000,ask,off,0.0,g087,4,0,1,80.391
rung-01000,ask,on,1.0,g087,4,0,1,96.343
rung-01000,ask,off,0.0,g087,5,0,1,79.173
rung-01000,ask,on,1.0,g087,5,0,1,105.456
rung-01000,ask,off,0.0,g087,6,0,1,123.696
rung-01000,ask,on,1.0,g087,6,0,1,131.815
rung-01000,ask,off,0.0,g087,7,0,1,122.784
rung-01000,ask,on,1.0,g087,7,0,1,120.430
rung-01000,ask,off,0.0,g087,8,0,1,99.380
rung-01000,ask,on,1.0,g087,8,0,1,105.570
rung-01000,ask,off,0.0,g087,9,0,1,84.876
rung-01000,ask,on,1.0,g087,9,0,1,107.040
rung-01000,ask,off,0.0,g088,0,1,1,100.937
rung-01000,ask,on,1.0,g088,0,1,1,121.284
rung-01000,ask,off,0.0,g088,1,1,1,96.786
rung-01000,ask,on,1.0,g088,1,1,1,109.392
rung-01000,ask,off,0.0,g088,2,1,1,94.668
rung-01000,ask,on,1.0,g088,2,1,1,107.339
rung-01000,ask,off,0.0,g088,3,0,1,100.556
rung-01000,ask,on,1.0,g088,3,0,1,108.315
rung-01000,ask,off,0.0,g088,4,0,1,96.892
rung-01000,ask,on,1.0,g088,4,0,1,105.953
rung-01000,ask,off,0.0,g088,5,0,1,91.082
rung-01000,ask,on,1.0,g088,5,0,1,101.070
rung-01000,ask,off,0.0,g088,6,0,1,96.017
rung-01000,ask,on,1.0,g088,6,0,1,104.011
rung-01000,ask,off,0.0,g088,7,0,1,87.510
rung-01000,ask,on,1.0,g088,7,0,1,100.037
rung-01000,ask,off,0.0,g088,8,0,1,87.076
rung-01000,ask,on,1.0,g088,8,0,1,100.256
rung-01000,ask,off,0.0,g088,9,0,1,88.715
rung-01000,ask,on,1.0,g088,9,0,1,98.634
rung-01000,ask,off,0.0,g089,0,1,1,93.279
rung-01000,ask,on,1.0,g089,0,1,1,112.284
rung-01000,ask,off,0.0,g089,1,1,1,93.521
rung-01000,ask,on,1.0,g089,1,1,1,107.450
rung-01000,ask,off,0.0,g089,2,1,1,93.789
rung-01000,ask,on,1.0,g089,2,1,1,108.059
rung-01000,ask,off,0.0,g089,3,0,1,92.853
rung-01000,ask,on,1.0,g089,3,0,1,104.520
rung-01000,ask,off,0.0,g089,4,0,1,89.250
rung-01000,ask,on,1.0,g089,4,0,1,99.977
rung-01000,ask,off,0.0,g089,5,0,1,87.056
rung-01000,ask,on,1.0,g089,5,0,1,102.807
rung-01000,ask,off,0.0,g089,6,0,1,88.734
rung-01000,ask,on,1.0,g089,6,0,1,100.255
rung-01000,ask,off,0.0,g089,7,0,1,87.597
rung-01000,ask,on,1.0,g089,7,0,1,101.817
rung-01000,ask,off,0.0,g089,8,0,1,88.654
rung-01000,ask,on,1.0,g089,8,0,1,99.457
rung-01000,ask,off,0.0,g089,9,0,1,87.484
rung-01000,ask,on,1.0,g089,9,0,1,101.950
rung-01000,ask,off,0.0,g090,0,1,1,86.916
rung-01000,ask,on,1.0,g090,0,1,1,105.189
rung-01000,ask,off,0.0,g090,1,1,1,92.321
rung-01000,ask,on,1.0,g090,1,1,1,116.803
rung-01000,ask,off,0.0,g090,2,1,1,92.080
rung-01000,ask,on,1.0,g090,2,1,1,115.633
rung-01000,ask,off,0.0,g090,3,0,1,97.658
rung-01000,ask,on,1.0,g090,3,0,1,136.923
rung-01000,ask,off,0.0,g090,4,0,1,95.298
rung-01000,ask,on,1.0,g090,4,0,1,200.736
rung-01000,ask,off,0.0,g090,5,0,1,113.014
rung-01000,ask,on,1.0,g090,5,0,1,155.259
rung-01000,ask,off,0.0,g090,6,0,1,136.150
rung-01000,ask,on,1.0,g090,6,0,1,199.734
rung-01000,ask,off,0.0,g090,7,0,1,210.605
rung-01000,ask,on,1.0,g090,7,0,1,272.777
rung-01000,ask,off,0.0,g090,8,0,1,209.814
rung-01000,ask,on,1.0,g090,8,0,1,151.244
rung-01000,ask,off,0.0,g090,9,0,1,94.559
rung-01000,ask,on,1.0,g090,9,0,1,113.859
rung-01000,ask,off,0.0,g091,0,1,1,95.582
rung-01000,ask,on,1.0,g091,0,1,1,119.688
rung-01000,ask,off,0.0,g091,1,1,1,93.134
rung-01000,ask,on,1.0,g091,1,1,1,114.407
rung-01000,ask,off,0.0,g091,2,1,1,91.726
rung-01000,ask,on,1.0,g091,2,1,1,108.588
rung-01000,ask,off,0.0,g091,3,0,1,89.806
rung-01000,ask,on,1.0,g091,3,0,1,129.502
rung-01000,ask,off,0.0,g091,4,0,1,148.223
rung-01000,ask,on,1.0,g091,4,0,1,134.776
rung-01000,ask,off,0.0,g091,5,0,1,100.748
rung-01000,ask,on,1.0,g091,5,0,1,122.111
rung-01000,ask,off,0.0,g091,6,0,1,103.418
rung-01000,ask,on,1.0,g091,6,0,1,144.537
rung-01000,ask,off,0.0,g091,7,0,1,96.318
rung-01000,ask,on,1.0,g091,7,0,1,138.028
rung-01000,ask,off,0.0,g091,8,0,1,96.622
rung-01000,ask,on,1.0,g091,8,0,1,119.635
rung-01000,ask,off,0.0,g091,9,0,1,96.505
rung-01000,ask,on,1.0,g091,9,0,1,129.471
rung-01000,ask,off,0.0,g092,0,1,1,99.836
rung-01000,ask,on,1.0,g092,0,1,1,117.753
rung-01000,ask,off,0.0,g092,1,1,1,97.162
rung-01000,ask,on,1.0,g092,1,1,1,112.480
rung-01000,ask,off,0.0,g092,2,1,1,94.971
rung-01000,ask,on,1.0,g092,2,1,1,126.285
rung-01000,ask,off,0.0,g092,3,0,1,105.677
rung-01000,ask,on,1.0,g092,3,0,1,137.236
rung-01000,ask,off,0.0,g092,4,0,1,137.183
rung-01000,ask,on,1.0,g092,4,0,1,122.097
rung-01000,ask,off,0.0,g092,5,0,1,99.163
rung-01000,ask,on,1.0,g092,5,0,1,121.454
rung-01000,ask,off,0.0,g092,6,0,1,113.200
rung-01000,ask,on,1.0,g092,6,0,1,113.047
rung-01000,ask,off,0.0,g092,7,0,1,91.079
rung-01000,ask,on,1.0,g092,7,0,1,107.953
rung-01000,ask,off,0.0,g092,8,0,1,89.410
rung-01000,ask,on,1.0,g092,8,0,1,103.828
rung-01000,ask,off,0.0,g092,9,0,1,88.417
rung-01000,ask,on,1.0,g092,9,0,1,108.045
rung-01000,ask,off,0.0,g093,0,1,1,87.672
rung-01000,ask,on,1.0,g093,0,1,1,104.222
rung-01000,ask,off,0.0,g093,1,1,1,86.444
rung-01000,ask,on,1.0,g093,1,1,1,102.109
rung-01000,ask,off,0.0,g093,2,1,1,89.335
rung-01000,ask,on,1.0,g093,2,1,1,102.357
rung-01000,ask,off,0.0,g093,3,0,1,87.278
rung-01000,ask,on,1.0,g093,3,0,1,103.614
rung-01000,ask,off,0.0,g093,4,0,1,90.439
rung-01000,ask,on,1.0,g093,4,0,1,100.984
rung-01000,ask,off,0.0,g093,5,0,1,88.944
rung-01000,ask,on,1.0,g093,5,0,1,101.449
rung-01000,ask,off,0.0,g093,6,0,1,88.657
rung-01000,ask,on,1.0,g093,6,0,1,102.516
rung-01000,ask,off,0.0,g093,7,0,1,86.251
rung-01000,ask,on,1.0,g093,7,0,1,100.409
rung-01000,ask,off,0.0,g093,8,0,1,88.166
rung-01000,ask,on,1.0,g093,8,0,1,102.134
rung-01000,ask,off,0.0,g093,9,0,1,88.501
rung-01000,ask,on,1.0,g093,9,0,1,105.007
rung-01000,ask,off,0.0,g094,0,1,1,81.015
rung-01000,ask,on,1.0,g094,0,1,1,101.280
rung-01000,ask,off,0.0,g094,1,1,1,79.168
rung-01000,ask,on,1.0,g094,1,1,1,99.184
rung-01000,ask,off,0.0,g094,2,1,1,79.147
rung-01000,ask,on,1.0,g094,2,1,1,99.589
rung-01000,ask,off,0.0,g094,3,0,1,80.799
rung-01000,ask,on,1.0,g094,3,0,1,97.964
rung-01000,ask,off,0.0,g094,4,0,1,79.397
rung-01000,ask,on,1.0,g094,4,0,1,99.481
rung-01000,ask,off,0.0,g094,5,0,1,81.068
rung-01000,ask,on,1.0,g094,5,0,1,99.510
rung-01000,ask,off,0.0,g094,6,0,1,79.994
rung-01000,ask,on,1.0,g094,6,0,1,100.072
rung-01000,ask,off,0.0,g094,7,0,1,79.353
rung-01000,ask,on,1.0,g094,7,0,1,99.905
rung-01000,ask,off,0.0,g094,8,0,1,78.964
rung-01000,ask,on,1.0,g094,8,0,1,106.780
rung-01000,ask,off,0.0,g094,9,0,1,102.442
rung-01000,ask,on,1.0,g094,9,0,1,103.985
rung-01000,ask,off,0.0,g095,0,1,1,98.568
rung-01000,ask,on,1.0,g095,0,1,1,117.998
rung-01000,ask,off,0.0,g095,1,1,1,95.653
rung-01000,ask,on,1.0,g095,1,1,1,113.448
rung-01000,ask,off,0.0,g095,2,1,1,97.768
rung-01000,ask,on,1.0,g095,2,1,1,118.076
rung-01000,ask,off,0.0,g095,3,0,1,96.660
rung-01000,ask,on,1.0,g095,3,0,1,110.768
rung-01000,ask,off,0.0,g095,4,0,1,93.943
rung-01000,ask,on,1.0,g095,4,0,1,119.644
rung-01000,ask,off,0.0,g095,5,0,1,105.753
rung-01000,ask,on,1.0,g095,5,0,1,113.576
rung-01000,ask,off,0.0,g095,6,0,1,93.787
rung-01000,ask,on,1.0,g095,6,0,1,116.753
rung-01000,ask,off,0.0,g095,7,0,1,102.322
rung-01000,ask,on,1.0,g095,7,0,1,115.242
rung-01000,ask,off,0.0,g095,8,0,1,93.916
rung-01000,ask,on,1.0,g095,8,0,1,113.620
rung-01000,ask,off,0.0,g095,9,0,1,93.310
rung-01000,ask,on,1.0,g095,9,0,1,113.175
rung-01000,ask,off,0.0,g096,0,1,1,84.839
rung-01000,ask,on,1.0,g096,0,1,1,101.812
rung-01000,ask,off,0.0,g096,1,1,1,84.782
rung-01000,ask,on,1.0,g096,1,1,1,98.536
rung-01000,ask,off,0.0,g096,2,1,1,88.104
rung-01000,ask,on,1.0,g096,2,1,1,99.690
rung-01000,ask,off,0.0,g096,3,0,1,86.403
rung-01000,ask,on,1.0,g096,3,0,1,99.400
rung-01000,ask,off,0.0,g096,4,0,1,84.786
rung-01000,ask,on,1.0,g096,4,0,1,97.661
rung-01000,ask,off,0.0,g096,5,0,1,86.457
rung-01000,ask,on,1.0,g096,5,0,1,99.940
rung-01000,ask,off,0.0,g096,6,0,1,86.451
rung-01000,ask,on,1.0,g096,6,0,1,99.206
rung-01000,ask,off,0.0,g096,7,0,1,84.292
rung-01000,ask,on,1.0,g096,7,0,1,99.576
rung-01000,ask,off,0.0,g096,8,0,1,84.432
rung-01000,ask,on,1.0,g096,8,0,1,104.981
rung-01000,ask,off,0.0,g096,9,0,1,88.011
rung-01000,ask,on,1.0,g096,9,0,1,100.259
rung-01000,ask,off,0.0,g097,0,1,1,95.854
rung-01000,ask,on,1.0,g097,0,1,1,107.700
rung-01000,ask,off,0.0,g097,1,1,1,95.079
rung-01000,ask,on,1.0,g097,1,1,1,105.788
rung-01000,ask,off,0.0,g097,2,1,1,96.089
rung-01000,ask,on,1.0,g097,2,1,1,105.393
rung-01000,ask,off,0.0,g097,3,0,1,96.189
rung-01000,ask,on,1.0,g097,3,0,1,105.563
rung-01000,ask,off,0.0,g097,4,0,1,96.048
rung-01000,ask,on,1.0,g097,4,0,1,105.637
rung-01000,ask,off,0.0,g097,5,0,1,95.795
rung-01000,ask,on,1.0,g097,5,0,1,105.741
rung-01000,ask,off,0.0,g097,6,0,1,97.296
rung-01000,ask,on,1.0,g097,6,0,1,107.618
rung-01000,ask,off,0.0,g097,7,0,1,94.214
rung-01000,ask,on,1.0,g097,7,0,1,105.378
rung-01000,ask,off,0.0,g097,8,0,1,95.601
rung-01000,ask,on,1.0,g097,8,0,1,105.497
rung-01000,ask,off,0.0,g097,9,0,1,95.519
rung-01000,ask,on,1.0,g097,9,0,1,108.255
rung-01000,ask,off,0.0,g098,0,1,1,90.191
rung-01000,ask,on,1.0,g098,0,1,1,110.511
rung-01000,ask,off,0.0,g098,1,1,1,92.294
rung-01000,ask,on,1.0,g098,1,1,1,110.379
rung-01000,ask,off,0.0,g098,2,1,1,93.806
rung-01000,ask,on,1.0,g098,2,1,1,110.507
rung-01000,ask,off,0.0,g098,3,0,1,91.677
rung-01000,ask,on,1.0,g098,3,0,1,111.108
rung-01000,ask,off,0.0,g098,4,0,1,90.323
rung-01000,ask,on,1.0,g098,4,0,1,111.577
rung-01000,ask,off,0.0,g098,5,0,1,89.931
rung-01000,ask,on,1.0,g098,5,0,1,111.695
rung-01000,ask,off,0.0,g098,6,0,1,92.580
rung-01000,ask,on,1.0,g098,6,0,1,110.040
rung-01000,ask,off,0.0,g098,7,0,1,90.535
rung-01000,ask,on,1.0,g098,7,0,1,111.583
rung-01000,ask,off,0.0,g098,8,0,1,90.410
rung-01000,ask,on,1.0,g098,8,0,1,109.325
rung-01000,ask,off,0.0,g098,9,0,1,92.573
rung-01000,ask,on,1.0,g098,9,0,1,111.688
rung-01000,ask,off,0.0,g099,0,1,1,83.106
rung-01000,ask,on,1.0,g099,0,1,1,104.130
rung-01000,ask,off,0.0,g099,1,1,1,83.585
rung-01000,ask,on,1.0,g099,1,1,1,101.804
rung-01000,ask,off,0.0,g099,2,1,1,85.021
rung-01000,ask,on,1.0,g099,2,1,1,103.303
rung-01000,ask,off,0.0,g099,3,0,1,85.297
rung-01000,ask,on,1.0,g099,3,0,1,100.842
rung-01000,ask,off,0.0,g099,4,0,1,84.742
rung-01000,ask,on,1.0,g099,4,0,1,101.298
rung-01000,ask,off,0.0,g099,5,0,1,83.168
rung-01000,ask,on,1.0,g099,5,0,1,103.131
rung-01000,ask,off,0.0,g099,6,0,1,86.497
rung-01000,ask,on,1.0,g099,6,0,1,101.123
rung-01000,ask,off,0.0,g099,7,0,1,83.657
rung-01000,ask,on,1.0,g099,7,0,1,102.838
rung-01000,ask,off,0.0,g099,8,0,1,83.250
rung-01000,ask,on,1.0,g099,8,0,1,101.913
rung-01000,ask,off,0.0,g099,9,0,1,84.730
rung-01000,ask,on,1.0,g099,9,0,1,102.685
rung-01000,ask,off,0.0,g100,0,1,1,93.519
rung-01000,ask,on,1.0,g100,0,1,1,110.436
rung-01000,ask,off,0.0,g100,1,1,1,95.081
rung-01000,ask,on,1.0,g100,1,1,1,112.155
rung-01000,ask,off,0.0,g100,2,1,1,92.851
rung-01000,ask,on,1.0,g100,2,1,1,108.325
rung-01000,ask,off,0.0,g100,3,0,1,92.115
rung-01000,ask,on,1.0,g100,3,0,1,107.890
rung-01000,ask,off,0.0,g100,4,0,1,95.328
rung-01000,ask,on,1.0,g100,4,0,1,110.006
rung-01000,ask,off,0.0,g100,5,0,1,94.201
rung-01000,ask,on,1.0,g100,5,0,1,109.906
rung-01000,ask,off,0.0,g100,6,0,1,91.548
rung-01000,ask,on,1.0,g100,6,0,1,108.781
rung-01000,ask,off,0.0,g100,7,0,1,92.815
rung-01000,ask,on,1.0,g100,7,0,1,110.045
rung-01000,ask,off,0.0,g100,8,0,1,91.070
rung-01000,ask,on,1.0,g100,8,0,1,107.637
rung-01000,ask,off,0.0,g100,9,0,1,92.845
rung-01000,ask,on,1.0,g100,9,0,1,107.919
rung-01000,ask,off,0.0,g101,0,1,1,88.154
rung-01000,ask,on,1.0,g101,0,1,1,103.391
rung-01000,ask,off,0.0,g101,1,1,1,88.362
rung-01000,ask,on,1.0,g101,1,1,1,103.697
rung-01000,ask,off,0.0,g101,2,1,1,87.233
rung-01000,ask,on,1.0,g101,2,1,1,104.617
rung-01000,ask,off,0.0,g101,3,0,1,88.343
rung-01000,ask,on,1.0,g101,3,0,1,101.920
rung-01000,ask,off,0.0,g101,4,0,1,86.185
rung-01000,ask,on,1.0,g101,4,0,1,103.977
rung-01000,ask,off,0.0,g101,5,0,1,89.570
rung-01000,ask,on,1.0,g101,5,0,1,102.062
rung-01000,ask,off,0.0,g101,6,0,1,87.654
rung-01000,ask,on,1.0,g101,6,0,1,102.352
rung-01000,ask,off,0.0,g101,7,0,1,87.705
rung-01000,ask,on,1.0,g101,7,0,1,103.456
rung-01000,ask,off,0.0,g101,8,0,1,86.205
rung-01000,ask,on,1.0,g101,8,0,1,101.622
rung-01000,ask,off,0.0,g101,9,0,1,87.520
rung-01000,ask,on,1.0,g101,9,0,1,101.831
rung-01000,ask,off,0.0,g102,0,1,1,91.576
rung-01000,ask,on,1.0,g102,0,1,1,105.897
rung-01000,ask,off,0.0,g102,1,1,1,91.777
rung-01000,ask,on,1.0,g102,1,1,1,103.152
rung-01000,ask,off,0.0,g102,2,1,1,92.560
rung-01000,ask,on,1.0,g102,2,1,1,102.446
rung-01000,ask,off,0.0,g102,3,0,1,92.170
rung-01000,ask,on,1.0,g102,3,0,1,105.425
rung-01000,ask,off,0.0,g102,4,0,1,90.170
rung-01000,ask,on,1.0,g102,4,0,1,104.232
rung-01000,ask,off,0.0,g102,5,0,1,90.093
rung-01000,ask,on,1.0,g102,5,0,1,102.325
rung-01000,ask,off,0.0,g102,6,0,1,90.718
rung-01000,ask,on,1.0,g102,6,0,1,104.434
rung-01000,ask,off,0.0,g102,7,0,1,92.582
rung-01000,ask,on,1.0,g102,7,0,1,102.415
rung-01000,ask,off,0.0,g102,8,0,1,90.806
rung-01000,ask,on,1.0,g102,8,0,1,104.257
rung-01000,ask,off,0.0,g102,9,0,1,92.293
rung-01000,ask,on,1.0,g102,9,0,1,102.324
rung-01000,ask,off,0.0,g103,0,1,1,87.373
rung-01000,ask,on,1.0,g103,0,1,1,107.148
rung-01000,ask,off,0.0,g103,1,1,1,88.651
rung-01000,ask,on,1.0,g103,1,1,1,104.142
rung-01000,ask,off,0.0,g103,2,1,1,89.066
rung-01000,ask,on,1.0,g103,2,1,1,106.186
rung-01000,ask,off,0.0,g103,3,0,1,88.667
rung-01000,ask,on,1.0,g103,3,0,1,104.297
rung-01000,ask,off,0.0,g103,4,0,1,86.888
rung-01000,ask,on,1.0,g103,4,0,1,105.820
rung-01000,ask,off,0.0,g103,5,0,1,90.694
rung-01000,ask,on,1.0,g103,5,0,1,109.937
rung-01000,ask,off,0.0,g103,6,0,1,92.555
rung-01000,ask,on,1.0,g103,6,0,1,107.288
rung-01000,ask,off,0.0,g103,7,0,1,89.504
rung-01000,ask,on,1.0,g103,7,0,1,109.424
rung-01000,ask,off,0.0,g103,8,0,1,88.868
rung-01000,ask,on,1.0,g103,8,0,1,104.765
rung-01000,ask,off,0.0,g103,9,0,1,89.969
rung-01000,ask,on,1.0,g103,9,0,1,106.564
rung-01000,ask,off,0.0,g104,0,1,1,88.857
rung-01000,ask,on,1.0,g104,0,1,1,107.657
rung-01000,ask,off,0.0,g104,1,1,1,91.335
rung-01000,ask,on,1.0,g104,1,1,1,108.142
rung-01000,ask,off,0.0,g104,2,1,1,90.391
rung-01000,ask,on,1.0,g104,2,1,1,108.144
rung-01000,ask,off,0.0,g104,3,0,1,91.148
rung-01000,ask,on,1.0,g104,3,0,1,106.340
rung-01000,ask,off,0.0,g104,4,0,1,89.038
rung-01000,ask,on,1.0,g104,4,0,1,107.564
rung-01000,ask,off,0.0,g104,5,0,1,90.699
rung-01000,ask,on,1.0,g104,5,0,1,112.148
rung-01000,ask,off,0.0,g104,6,0,1,90.351
rung-01000,ask,on,1.0,g104,6,0,1,106.597
rung-01000,ask,off,0.0,g104,7,0,1,91.374
rung-01000,ask,on,1.0,g104,7,0,1,106.986
rung-01000,ask,off,0.0,g104,8,0,1,90.833
rung-01000,ask,on,1.0,g104,8,0,1,106.391
rung-01000,ask,off,0.0,g104,9,0,1,90.521
rung-01000,ask,on,1.0,g104,9,0,1,110.075
rung-01000,ask,off,0.0,g105,0,1,1,92.181
rung-01000,ask,on,1.0,g105,0,1,1,113.027
rung-01000,ask,off,0.0,g105,1,1,1,93.393
rung-01000,ask,on,1.0,g105,1,1,1,110.273
rung-01000,ask,off,0.0,g105,2,1,1,118.614
rung-01000,ask,on,1.0,g105,2,1,1,118.538
rung-01000,ask,off,0.0,g105,3,0,1,93.097
rung-01000,ask,on,1.0,g105,3,0,1,132.318
rung-01000,ask,off,0.0,g105,4,0,1,101.446
rung-01000,ask,on,1.0,g105,4,0,1,112.768
rung-01000,ask,off,0.0,g105,5,0,1,93.543
rung-01000,ask,on,1.0,g105,5,0,1,110.804
rung-01000,ask,off,0.0,g105,6,0,1,91.895
rung-01000,ask,on,1.0,g105,6,0,1,112.533
rung-01000,ask,off,0.0,g105,7,0,1,93.107
rung-01000,ask,on,1.0,g105,7,0,1,112.710
rung-01000,ask,off,0.0,g105,8,0,1,93.649
rung-01000,ask,on,1.0,g105,8,0,1,110.972
rung-01000,ask,off,0.0,g105,9,0,1,93.800
rung-01000,ask,on,1.0,g105,9,0,1,112.621
rung-01000,ask,off,0.0,g106,0,1,1,86.741
rung-01000,ask,on,1.0,g106,0,1,1,99.784
rung-01000,ask,off,0.0,g106,1,1,1,87.218
rung-01000,ask,on,1.0,g106,1,1,1,96.540
rung-01000,ask,off,0.0,g106,2,1,1,87.835
rung-01000,ask,on,1.0,g106,2,1,1,96.884
rung-01000,ask,off,0.0,g106,3,0,1,89.961
rung-01000,ask,on,1.0,g106,3,0,1,101.456
rung-01000,ask,off,0.0,g106,4,0,1,87.098
rung-01000,ask,on,1.0,g106,4,0,1,97.837
rung-01000,ask,off,0.0,g106,5,0,1,88.496
rung-01000,ask,on,1.0,g106,5,0,1,94.987
rung-01000,ask,off,0.0,g106,6,0,1,88.590
rung-01000,ask,on,1.0,g106,6,0,1,96.835
rung-01000,ask,off,0.0,g106,7,0,1,87.164
rung-01000,ask,on,1.0,g106,7,0,1,98.991
rung-01000,ask,off,0.0,g106,8,0,1,88.813
rung-01000,ask,on,1.0,g106,8,0,1,95.601
rung-01000,ask,off,0.0,g106,9,0,1,87.017
rung-01000,ask,on,1.0,g106,9,0,1,100.556
rung-01000,ask,off,0.0,g107,0,1,1,92.399
rung-01000,ask,on,1.0,g107,0,1,1,112.059
rung-01000,ask,off,0.0,g107,1,1,1,88.811
rung-01000,ask,on,1.0,g107,1,1,1,114.377
rung-01000,ask,off,0.0,g107,2,1,1,92.149
rung-01000,ask,on,1.0,g107,2,1,1,112.737
rung-01000,ask,off,0.0,g107,3,0,1,94.389
rung-01000,ask,on,1.0,g107,3,0,1,114.335
rung-01000,ask,off,0.0,g107,4,0,1,89.152
rung-01000,ask,on,1.0,g107,4,0,1,110.474
rung-01000,ask,off,0.0,g107,5,0,1,90.202
rung-01000,ask,on,1.0,g107,5,0,1,110.909
rung-01000,ask,off,0.0,g107,6,0,1,94.498
rung-01000,ask,on,1.0,g107,6,0,1,140.843
rung-01000,ask,off,0.0,g107,7,0,1,92.731
rung-01000,ask,on,1.0,g107,7,0,1,111.115
rung-01000,ask,off,0.0,g107,8,0,1,92.324
rung-01000,ask,on,1.0,g107,8,0,1,111.244
rung-01000,ask,off,0.0,g107,9,0,1,105.215
rung-01000,ask,on,1.0,g107,9,0,1,112.779
rung-01000,ask,off,0.0,g108,0,1,1,89.951
rung-01000,ask,on,1.0,g108,0,1,1,101.509
rung-01000,ask,off,0.0,g108,1,1,1,87.905
rung-01000,ask,on,1.0,g108,1,1,1,124.253
rung-01000,ask,off,0.0,g108,2,1,1,90.021
rung-01000,ask,on,1.0,g108,2,1,1,104.288
rung-01000,ask,off,0.0,g108,3,0,1,86.080
rung-01000,ask,on,1.0,g108,3,0,1,102.903
rung-01000,ask,off,0.0,g108,4,0,1,85.955
rung-01000,ask,on,1.0,g108,4,0,1,102.644
rung-01000,ask,off,0.0,g108,5,0,1,86.113
rung-01000,ask,on,1.0,g108,5,0,1,100.357
rung-01000,ask,off,0.0,g108,6,0,1,88.339
rung-01000,ask,on,1.0,g108,6,0,1,102.472
rung-01000,ask,off,0.0,g108,7,0,1,85.896
rung-01000,ask,on,1.0,g108,7,0,1,103.400
rung-01000,ask,off,0.0,g108,8,0,1,86.067
rung-01000,ask,on,1.0,g108,8,0,1,100.803
rung-01000,ask,off,0.0,g108,9,0,1,86.324
rung-01000,ask,on,1.0,g108,9,0,1,102.378
rung-01000,ask,off,0.0,g109,0,1,1,88.333
rung-01000,ask,on,1.0,g109,0,1,1,100.619
rung-01000,ask,off,0.0,g109,1,1,1,88.002
rung-01000,ask,on,1.0,g109,1,1,1,99.725
rung-01000,ask,off,0.0,g109,2,1,1,89.838
rung-01000,ask,on,1.0,g109,2,1,1,102.443
rung-01000,ask,off,0.0,g109,3,0,1,88.611
rung-01000,ask,on,1.0,g109,3,0,1,101.175
rung-01000,ask,off,0.0,g109,4,0,1,86.333
rung-01000,ask,on,1.0,g109,4,0,1,99.117
rung-01000,ask,off,0.0,g109,5,0,1,87.456
rung-01000,ask,on,1.0,g109,5,0,1,100.370
rung-01000,ask,off,0.0,g109,6,0,1,86.372
rung-01000,ask,on,1.0,g109,6,0,1,100.576
rung-01000,ask,off,0.0,g109,7,0,1,86.461
rung-01000,ask,on,1.0,g109,7,0,1,98.825
rung-01000,ask,off,0.0,g109,8,0,1,89.332
rung-01000,ask,on,1.0,g109,8,0,1,100.919
rung-01000,ask,off,0.0,g109,9,0,1,86.829
rung-01000,ask,on,1.0,g109,9,0,1,101.148
rung-01000,ask,off,0.0,g110,0,1,1,93.443
rung-01000,ask,on,1.0,g110,0,1,1,108.591
rung-01000,ask,off,0.0,g110,1,1,1,90.192
rung-01000,ask,on,1.0,g110,1,1,1,101.797
rung-01000,ask,off,0.0,g110,2,1,1,90.091
rung-01000,ask,on,1.0,g110,2,1,1,104.134
rung-01000,ask,off,0.0,g110,3,0,1,95.140
rung-01000,ask,on,1.0,g110,3,0,1,106.705
rung-01000,ask,off,0.0,g110,4,0,1,92.577
rung-01000,ask,on,1.0,g110,4,0,1,106.507
rung-01000,ask,off,0.0,g110,5,0,1,89.419
rung-01000,ask,on,1.0,g110,5,0,1,103.776
rung-01000,ask,off,0.0,g110,6,0,1,88.083
rung-01000,ask,on,1.0,g110,6,0,1,103.773
rung-01000,ask,off,0.0,g110,7,0,1,91.157
rung-01000,ask,on,1.0,g110,7,0,1,102.234
rung-01000,ask,off,0.0,g110,8,0,1,88.521
rung-01000,ask,on,1.0,g110,8,0,1,104.067
rung-01000,ask,off,0.0,g110,9,0,1,88.679
rung-01000,ask,on,1.0,g110,9,0,1,103.507
rung-01000,ask,off,0.0,g111,0,1,1,83.042
rung-01000,ask,on,1.0,g111,0,1,1,95.297
rung-01000,ask,off,0.0,g111,1,1,1,81.860
rung-01000,ask,on,1.0,g111,1,1,1,92.597
rung-01000,ask,off,0.0,g111,2,1,1,83.127
rung-01000,ask,on,1.0,g111,2,1,1,94.687
rung-01000,ask,off,0.0,g111,3,0,1,81.959
rung-01000,ask,on,1.0,g111,3,0,1,92.218
rung-01000,ask,off,0.0,g111,4,0,1,86.180
rung-01000,ask,on,1.0,g111,4,0,1,97.287
rung-01000,ask,off,0.0,g111,5,0,1,85.922
rung-01000,ask,on,1.0,g111,5,0,1,97.269
rung-01000,ask,off,0.0,g111,6,0,1,85.273
rung-01000,ask,on,1.0,g111,6,0,1,93.808
rung-01000,ask,off,0.0,g111,7,0,1,81.699
rung-01000,ask,on,1.0,g111,7,0,1,92.939
rung-01000,ask,off,0.0,g111,8,0,1,83.674
rung-01000,ask,on,1.0,g111,8,0,1,94.155
rung-01000,ask,off,0.0,g111,9,0,1,83.263
rung-01000,ask,on,1.0,g111,9,0,1,93.092
rung-01000,ask,off,0.0,g112,0,1,1,86.378
rung-01000,ask,on,1.0,g112,0,1,1,108.423
rung-01000,ask,off,0.0,g112,1,1,1,87.197
rung-01000,ask,on,1.0,g112,1,1,1,105.314
rung-01000,ask,off,0.0,g112,2,1,1,88.201
rung-01000,ask,on,1.0,g112,2,1,1,106.794
rung-01000,ask,off,0.0,g112,3,0,1,86.358
rung-01000,ask,on,1.0,g112,3,0,1,105.214
rung-01000,ask,off,0.0,g112,4,0,1,88.328
rung-01000,ask,on,1.0,g112,4,0,1,107.967
rung-01000,ask,off,0.0,g112,5,0,1,86.478
rung-01000,ask,on,1.0,g112,5,0,1,105.039
rung-01000,ask,off,0.0,g112,6,0,1,87.945
rung-01000,ask,on,1.0,g112,6,0,1,106.857
rung-01000,ask,off,0.0,g112,7,0,1,86.504
rung-01000,ask,on,1.0,g112,7,0,1,106.953
rung-01000,ask,off,0.0,g112,8,0,1,87.444
rung-01000,ask,on,1.0,g112,8,0,1,106.987
rung-01000,ask,off,0.0,g112,9,0,1,86.571
rung-01000,ask,on,1.0,g112,9,0,1,107.680
rung-01000,ask,off,0.0,g113,0,1,1,85.928
rung-01000,ask,on,1.0,g113,0,1,1,111.798
rung-01000,ask,off,0.0,g113,1,1,1,88.712
rung-01000,ask,on,1.0,g113,1,1,1,108.907
rung-01000,ask,off,0.0,g113,2,1,1,86.120
rung-01000,ask,on,1.0,g113,2,1,1,110.667
rung-01000,ask,off,0.0,g113,3,0,1,88.031
rung-01000,ask,on,1.0,g113,3,0,1,108.431
rung-01000,ask,off,0.0,g113,4,0,1,86.223
rung-01000,ask,on,1.0,g113,4,0,1,110.215
rung-01000,ask,off,0.0,g113,5,0,1,86.504
rung-01000,ask,on,1.0,g113,5,0,1,110.547
rung-01000,ask,off,0.0,g113,6,0,1,85.943
rung-01000,ask,on,1.0,g113,6,0,1,108.418
rung-01000,ask,off,0.0,g113,7,0,1,87.601
rung-01000,ask,on,1.0,g113,7,0,1,110.750
rung-01000,ask,off,0.0,g113,8,0,1,86.403
rung-01000,ask,on,1.0,g113,8,0,1,110.864
rung-01000,ask,off,0.0,g113,9,0,1,112.022
rung-01000,ask,on,1.0,g113,9,0,1,110.432
rung-01000,ask,off,0.0,g114,0,1,1,92.863
rung-01000,ask,on,1.0,g114,0,1,1,110.397
rung-01000,ask,off,0.0,g114,1,1,1,94.675
rung-01000,ask,on,1.0,g114,1,1,1,108.426
rung-01000,ask,off,0.0,g114,2,1,1,93.241
rung-01000,ask,on,1.0,g114,2,1,1,109.917
rung-01000,ask,off,0.0,g114,3,0,1,94.487
rung-01000,ask,on,1.0,g114,3,0,1,108.376
rung-01000,ask,off,0.0,g114,4,0,1,92.323
rung-01000,ask,on,1.0,g114,4,0,1,110.917
rung-01000,ask,off,0.0,g114,5,0,1,94.225
rung-01000,ask,on,1.0,g114,5,0,1,108.554
rung-01000,ask,off,0.0,g114,6,0,1,92.296
rung-01000,ask,on,1.0,g114,6,0,1,110.095
rung-01000,ask,off,0.0,g114,7,0,1,93.518
rung-01000,ask,on,1.0,g114,7,0,1,108.905
rung-01000,ask,off,0.0,g114,8,0,1,92.846
rung-01000,ask,on,1.0,g114,8,0,1,110.527
rung-01000,ask,off,0.0,g114,9,0,1,94.555
rung-01000,ask,on,1.0,g114,9,0,1,109.827
rung-01000,ask,off,0.0,g115,0,1,1,87.384
rung-01000,ask,on,1.0,g115,0,1,1,101.378
rung-01000,ask,off,0.0,g115,1,1,1,87.901
rung-01000,ask,on,1.0,g115,1,1,1,99.709
rung-01000,ask,off,0.0,g115,2,1,1,85.630
rung-01000,ask,on,1.0,g115,2,1,1,101.102
rung-01000,ask,off,0.0,g115,3,0,1,87.793
rung-01000,ask,on,1.0,g115,3,0,1,99.564
rung-01000,ask,off,0.0,g115,4,0,1,85.925
rung-01000,ask,on,1.0,g115,4,0,1,101.574
rung-01000,ask,off,0.0,g115,5,0,1,93.019
rung-01000,ask,on,1.0,g115,5,0,1,99.943
rung-01000,ask,off,0.0,g115,6,0,1,87.863
rung-01000,ask,on,1.0,g115,6,0,1,100.213
rung-01000,ask,off,0.0,g115,7,0,1,88.026
rung-01000,ask,on,1.0,g115,7,0,1,99.826
rung-01000,ask,off,0.0,g115,8,0,1,86.018
rung-01000,ask,on,1.0,g115,8,0,1,101.404
rung-01000,ask,off,0.0,g115,9,0,1,87.584
rung-01000,ask,on,1.0,g115,9,0,1,99.831
rung-01000,ask,off,0.0,g116,0,1,1,89.713
rung-01000,ask,on,1.0,g116,0,1,1,112.701
rung-01000,ask,off,0.0,g116,1,1,1,90.688
rung-01000,ask,on,1.0,g116,1,1,1,110.292
rung-01000,ask,off,0.0,g116,2,1,1,88.575
rung-01000,ask,on,1.0,g116,2,1,1,110.209
rung-01000,ask,off,0.0,g116,3,0,1,88.574
rung-01000,ask,on,1.0,g116,3,0,1,110.307
rung-01000,ask,off,0.0,g116,4,0,1,98.640
rung-01000,ask,on,1.0,g116,4,0,1,108.456
rung-01000,ask,off,0.0,g116,5,0,1,88.967
rung-01000,ask,on,1.0,g116,5,0,1,110.962
rung-01000,ask,off,0.0,g116,6,0,1,90.604
rung-01000,ask,on,1.0,g116,6,0,1,108.619
rung-01000,ask,off,0.0,g116,7,0,1,89.955
rung-01000,ask,on,1.0,g116,7,0,1,113.020
rung-01000,ask,off,0.0,g116,8,0,1,90.375
rung-01000,ask,on,1.0,g116,8,0,1,107.924
rung-01000,ask,off,0.0,g116,9,0,1,89.891
rung-01000,ask,on,1.0,g116,9,0,1,110.964
rung-01000,ask,off,0.0,g117,0,1,1,96.806
rung-01000,ask,on,1.0,g117,0,1,1,107.869
rung-01000,ask,off,0.0,g117,1,1,1,92.752
rung-01000,ask,on,1.0,g117,1,1,1,104.411
rung-01000,ask,off,0.0,g117,2,1,1,93.140
rung-01000,ask,on,1.0,g117,2,1,1,106.850
rung-01000,ask,off,0.0,g117,3,0,1,93.131
rung-01000,ask,on,1.0,g117,3,0,1,104.354
rung-01000,ask,off,0.0,g117,4,0,1,91.396
rung-01000,ask,on,1.0,g117,4,0,1,106.159
rung-01000,ask,off,0.0,g117,5,0,1,94.013
rung-01000,ask,on,1.0,g117,5,0,1,104.670
rung-01000,ask,off,0.0,g117,6,0,1,91.327
rung-01000,ask,on,1.0,g117,6,0,1,106.910
rung-01000,ask,off,0.0,g117,7,0,1,92.435
rung-01000,ask,on,1.0,g117,7,0,1,104.619
rung-01000,ask,off,0.0,g117,8,0,1,90.976
rung-01000,ask,on,1.0,g117,8,0,1,115.331
rung-01000,ask,off,0.0,g117,9,0,1,124.021
rung-01000,ask,on,1.0,g117,9,0,1,111.723
rung-01000,ask,off,0.0,g118,0,1,1,85.827
rung-01000,ask,on,1.0,g118,0,1,1,99.328
rung-01000,ask,off,0.0,g118,1,1,1,88.513
rung-01000,ask,on,1.0,g118,1,1,1,101.938
rung-01000,ask,off,0.0,g118,2,1,1,82.090
rung-01000,ask,on,1.0,g118,2,1,1,99.821
rung-01000,ask,off,0.0,g118,3,0,1,81.754
rung-01000,ask,on,1.0,g118,3,0,1,96.421
rung-01000,ask,off,0.0,g118,4,0,1,83.374
rung-01000,ask,on,1.0,g118,4,0,1,97.147
rung-01000,ask,off,0.0,g118,5,0,1,81.306
rung-01000,ask,on,1.0,g118,5,0,1,98.936
rung-01000,ask,off,0.0,g118,6,0,1,83.462
rung-01000,ask,on,1.0,g118,6,0,1,98.947
rung-01000,ask,off,0.0,g118,7,0,1,84.367
rung-01000,ask,on,1.0,g118,7,0,1,97.135
rung-01000,ask,off,0.0,g118,8,0,1,83.378
rung-01000,ask,on,1.0,g118,8,0,1,97.679
rung-01000,ask,off,0.0,g118,9,0,1,84.147
rung-01000,ask,on,1.0,g118,9,0,1,97.539
rung-01000,ask,off,0.0,g119,0,1,1,86.457
rung-01000,ask,on,1.0,g119,0,1,1,107.881
rung-01000,ask,off,0.0,g119,1,1,1,87.776
rung-01000,ask,on,1.0,g119,1,1,1,107.278
rung-01000,ask,off,0.0,g119,2,1,1,85.689
rung-01000,ask,on,1.0,g119,2,1,1,104.759
rung-01000,ask,off,0.0,g119,3,0,1,86.163
rung-01000,ask,on,1.0,g119,3,0,1,104.079
rung-01000,ask,off,0.0,g119,4,0,1,86.859
rung-01000,ask,on,1.0,g119,4,0,1,105.246
rung-01000,ask,off,0.0,g119,5,0,1,87.137
rung-01000,ask,on,1.0,g119,5,0,1,105.365
rung-01000,ask,off,0.0,g119,6,0,1,88.324
rung-01000,ask,on,1.0,g119,6,0,1,107.483
rung-01000,ask,off,0.0,g119,7,0,1,84.995
rung-01000,ask,on,1.0,g119,7,0,1,105.009
rung-01000,ask,off,0.0,g119,8,0,1,84.727
rung-01000,ask,on,1.0,g119,8,0,1,107.023
rung-01000,ask,off,0.0,g119,9,0,1,86.915
rung-01000,ask,on,1.0,g119,9,0,1,106.464
rung-01000,ask,off,0.0,g120,0,1,1,87.823
rung-01000,ask,on,1.0,g120,0,1,1,102.625
rung-01000,ask,off,0.0,g120,1,1,1,88.577
rung-01000,ask,on,1.0,g120,1,1,1,103.206
rung-01000,ask,off,0.0,g120,2,1,1,89.168
rung-01000,ask,on,1.0,g120,2,1,1,110.052
rung-01000,ask,off,0.0,g120,3,0,1,89.227
rung-01000,ask,on,1.0,g120,3,0,1,107.647
rung-01000,ask,off,0.0,g120,4,0,1,87.690
rung-01000,ask,on,1.0,g120,4,0,1,103.144
rung-01000,ask,off,0.0,g120,5,0,1,87.907
rung-01000,ask,on,1.0,g120,5,0,1,102.409
rung-01000,ask,off,0.0,g120,6,0,1,90.923
rung-01000,ask,on,1.0,g120,6,0,1,114.430
rung-01000,ask,off,0.0,g120,7,0,1,93.279
rung-01000,ask,on,1.0,g120,7,0,1,109.614
rung-01000,ask,off,0.0,g120,8,0,1,98.687
rung-01000,ask,on,1.0,g120,8,0,1,110.582
rung-01000,ask,off,0.0,g120,9,0,1,95.273
rung-01000,ask,on,1.0,g120,9,0,1,105.798
rung-01000,ask,off,0.0,g121,0,1,1,89.678
rung-01000,ask,on,1.0,g121,0,1,1,104.948
rung-01000,ask,off,0.0,g121,1,1,1,91.115
rung-01000,ask,on,1.0,g121,1,1,1,106.695
rung-01000,ask,off,0.0,g121,2,1,1,88.812
rung-01000,ask,on,1.0,g121,2,1,1,128.054
rung-01000,ask,off,0.0,g121,3,0,1,88.825
rung-01000,ask,on,1.0,g121,3,0,1,103.108
rung-01000,ask,off,0.0,g121,4,0,1,88.203
rung-01000,ask,on,1.0,g121,4,0,1,103.093
rung-01000,ask,off,0.0,g121,5,0,1,88.479
rung-01000,ask,on,1.0,g121,5,0,1,104.258
rung-01000,ask,off,0.0,g121,6,0,1,86.700
rung-01000,ask,on,1.0,g121,6,0,1,103.205
rung-01000,ask,off,0.0,g121,7,0,1,88.485
rung-01000,ask,on,1.0,g121,7,0,1,103.260
rung-01000,ask,off,0.0,g121,8,0,1,88.476
rung-01000,ask,on,1.0,g121,8,0,1,102.555
rung-01000,ask,off,0.0,g121,9,0,1,88.942
rung-01000,ask,on,1.0,g121,9,0,1,102.689
rung-01000,ask,off,0.0,g122,0,1,1,88.531
rung-01000,ask,on,1.0,g122,0,1,1,100.038
rung-01000,ask,off,0.0,g122,1,1,1,89.270
rung-01000,ask,on,1.0,g122,1,1,1,101.215
rung-01000,ask,off,0.0,g122,2,1,1,88.840
rung-01000,ask,on,1.0,g122,2,1,1,101.080
rung-01000,ask,off,0.0,g122,3,0,1,87.128
rung-01000,ask,on,1.0,g122,3,0,1,105.374
rung-01000,ask,off,0.0,g122,4,0,1,91.930
rung-01000,ask,on,1.0,g122,4,0,1,102.588
rung-01000,ask,off,0.0,g122,5,0,1,88.218
rung-01000,ask,on,1.0,g122,5,0,1,99.305
rung-01000,ask,off,0.0,g122,6,0,1,86.848
rung-01000,ask,on,1.0,g122,6,0,1,103.633
rung-01000,ask,off,0.0,g122,7,0,1,89.548
rung-01000,ask,on,1.0,g122,7,0,1,99.145
rung-01000,ask,off,0.0,g122,8,0,1,88.705
rung-01000,ask,on,1.0,g122,8,0,1,100.016
rung-01000,ask,off,0.0,g122,9,0,1,87.745
rung-01000,ask,on,1.0,g122,9,0,1,99.293
rung-01000,ask,off,0.0,g123,0,1,1,78.393
rung-01000,ask,on,1.0,g123,0,1,1,90.631
rung-01000,ask,off,0.0,g123,1,1,1,78.606
rung-01000,ask,on,1.0,g123,1,1,1,89.493
rung-01000,ask,off,0.0,g123,2,1,1,84.996
rung-01000,ask,on,1.0,g123,2,1,1,94.399
rung-01000,ask,off,0.0,g123,3,0,1,77.412
rung-01000,ask,on,1.0,g123,3,0,1,88.939
rung-01000,ask,off,0.0,g123,4,0,1,80.583
rung-01000,ask,on,1.0,g123,4,0,1,88.210
rung-01000,ask,off,0.0,g123,5,0,1,77.912
rung-01000,ask,on,1.0,g123,5,0,1,92.421
rung-01000,ask,off,0.0,g123,6,0,1,78.131
rung-01000,ask,on,1.0,g123,6,0,1,88.990
rung-01000,ask,off,0.0,g123,7,0,1,78.182
rung-01000,ask,on,1.0,g123,7,0,1,91.726
rung-01000,ask,off,0.0,g123,8,0,1,96.284
rung-01000,ask,on,1.0,g123,8,0,1,96.006
rung-01000,ask,off,0.0,g123,9,0,1,81.220
rung-01000,ask,on,1.0,g123,9,0,1,90.429
rung-01000,ask,off,0.0,g124,0,1,1,97.945
rung-01000,ask,on,1.0,g124,0,1,1,119.981
rung-01000,ask,off,0.0,g124,1,1,1,95.356
rung-01000,ask,on,1.0,g124,1,1,1,114.611
rung-01000,ask,off,0.0,g124,2,1,1,96.410
rung-01000,ask,on,1.0,g124,2,1,1,116.265
rung-01000,ask,off,0.0,g124,3,0,1,97.393
rung-01000,ask,on,1.0,g124,3,0,1,115.271
rung-01000,ask,off,0.0,g124,4,0,1,97.257
rung-01000,ask,on,1.0,g124,4,0,1,116.120
rung-01000,ask,off,0.0,g124,5,0,1,96.100
rung-01000,ask,on,1.0,g124,5,0,1,114.830
rung-01000,ask,off,0.0,g124,6,0,1,98.435
rung-01000,ask,on,1.0,g124,6,0,1,116.578
rung-01000,ask,off,0.0,g124,7,0,1,96.529
rung-01000,ask,on,1.0,g124,7,0,1,134.567
rung-01000,ask,off,0.0,g124,8,0,1,97.432
rung-01000,ask,on,1.0,g124,8,0,1,116.219
rung-01000,ask,off,0.0,g124,9,0,1,95.151
rung-01000,ask,on,1.0,g124,9,0,1,116.664
rung-01000,answer,off,0.0,g001,0,1,1,115.294
rung-01000,answer,on,1.0,g001,0,1,1,125.235
rung-01000,answer,off,0.0,g001,1,1,1,108.470
rung-01000,answer,on,1.0,g001,1,1,1,119.735
rung-01000,answer,off,0.0,g001,2,1,1,134.840
rung-01000,answer,on,1.0,g001,2,1,1,128.150
rung-01000,answer,off,0.0,g001,3,0,1,113.065
rung-01000,answer,on,1.0,g001,3,0,1,152.972
rung-01000,answer,off,0.0,g001,4,0,1,131.582
rung-01000,answer,on,1.0,g001,4,0,1,141.263
rung-01000,answer,off,0.0,g001,5,0,1,113.597
rung-01000,answer,on,1.0,g001,5,0,1,164.011
rung-01000,answer,off,0.0,g001,6,0,1,113.540
rung-01000,answer,on,1.0,g001,6,0,1,120.716
rung-01000,answer,off,0.0,g001,7,0,1,109.496
rung-01000,answer,on,1.0,g001,7,0,1,121.344
rung-01000,answer,off,0.0,g001,8,0,1,108.988
rung-01000,answer,on,1.0,g001,8,0,1,128.412
rung-01000,answer,off,0.0,g001,9,0,1,108.010
rung-01000,answer,on,1.0,g001,9,0,1,120.167
rung-01000,answer,off,0.0,g002,0,1,1,126.417
rung-01000,answer,on,1.0,g002,0,1,1,132.983
rung-01000,answer,off,0.0,g002,1,1,1,116.682
rung-01000,answer,on,1.0,g002,1,1,1,143.068
rung-01000,answer,off,0.0,g002,2,1,1,117.310
rung-01000,answer,on,1.0,g002,2,1,1,128.838
rung-01000,answer,off,0.0,g002,3,0,1,116.073
rung-01000,answer,on,1.0,g002,3,0,1,143.181
rung-01000,answer,off,0.0,g002,4,0,1,120.319
rung-01000,answer,on,1.0,g002,4,0,1,138.462
rung-01000,answer,off,0.0,g002,5,0,1,121.455
rung-01000,answer,on,1.0,g002,5,0,1,133.417
rung-01000,answer,off,0.0,g002,6,0,1,118.504
rung-01000,answer,on,1.0,g002,6,0,1,127.985
rung-01000,answer,off,0.0,g002,7,0,1,132.884
rung-01000,answer,on,1.0,g002,7,0,1,147.675
rung-01000,answer,off,0.0,g002,8,0,1,131.266
rung-01000,answer,on,1.0,g002,8,0,1,135.827
rung-01000,answer,off,0.0,g002,9,0,1,123.348
rung-01000,answer,on,1.0,g002,9,0,1,134.458
rung-01000,answer,off,0.0,g003,0,1,1,118.630
rung-01000,answer,on,1.0,g003,0,1,1,140.103
rung-01000,answer,off,0.0,g003,1,1,1,116.593
rung-01000,answer,on,1.0,g003,1,1,1,138.442
rung-01000,answer,off,0.0,g003,2,1,1,115.840
rung-01000,answer,on,1.0,g003,2,1,1,141.175
rung-01000,answer,off,0.0,g003,3,0,1,115.153
rung-01000,answer,on,1.0,g003,3,0,1,138.114
rung-01000,answer,off,0.0,g003,4,0,1,116.833
rung-01000,answer,on,1.0,g003,4,0,1,139.150
rung-01000,answer,off,0.0,g003,5,0,1,115.336
rung-01000,answer,on,1.0,g003,5,0,1,141.739
rung-01000,answer,off,0.0,g003,6,0,1,116.426
rung-01000,answer,on,1.0,g003,6,0,1,138.454
rung-01000,answer,off,0.0,g003,7,0,1,118.198
rung-01000,answer,on,1.0,g003,7,0,1,140.858
rung-01000,answer,off,0.0,g003,8,0,1,115.367
rung-01000,answer,on,1.0,g003,8,0,1,138.758
rung-01000,answer,off,0.0,g003,9,0,1,116.536
rung-01000,answer,on,1.0,g003,9,0,1,139.799
rung-01000,answer,off,0.0,g004,0,1,1,105.217
rung-01000,answer,on,1.0,g004,0,1,1,114.992
rung-01000,answer,off,0.0,g004,1,1,1,102.420
rung-01000,answer,on,1.0,g004,1,1,1,114.190
rung-01000,answer,off,0.0,g004,2,1,1,102.509
rung-01000,answer,on,1.0,g004,2,1,1,114.336
rung-01000,answer,off,0.0,g004,3,0,1,102.538
rung-01000,answer,on,1.0,g004,3,0,1,113.568
rung-01000,answer,off,0.0,g004,4,0,1,103.318
rung-01000,answer,on,1.0,g004,4,0,1,144.196
rung-01000,answer,off,0.0,g004,5,0,1,106.663
rung-01000,answer,on,1.0,g004,5,0,1,119.971
rung-01000,answer,off,0.0,g004,6,0,1,113.505
rung-01000,answer,on,1.0,g004,6,0,1,117.670
rung-01000,answer,off,0.0,g004,7,0,1,105.650
rung-01000,answer,on,1.0,g004,7,0,1,115.730
rung-01000,answer,off,0.0,g004,8,0,1,103.835
rung-01000,answer,on,1.0,g004,8,0,1,114.573
rung-01000,answer,off,0.0,g004,9,0,1,104.975
rung-01000,answer,on,1.0,g004,9,0,1,113.874
rung-01000,answer,off,0.0,g005,0,1,1,112.515
rung-01000,answer,on,1.0,g005,0,1,1,129.739
rung-01000,answer,off,0.0,g005,1,1,1,111.289
rung-01000,answer,on,1.0,g005,1,1,1,127.508
rung-01000,answer,off,0.0,g005,2,1,1,111.519
rung-01000,answer,on,1.0,g005,2,1,1,133.222
rung-01000,answer,off,0.0,g005,3,0,1,118.759
rung-01000,answer,on,1.0,g005,3,0,1,137.736
rung-01000,answer,off,0.0,g005,4,0,1,117.637
rung-01000,answer,on,1.0,g005,4,0,1,155.285
rung-01000,answer,off,0.0,g005,5,0,1,119.702
rung-01000,answer,on,1.0,g005,5,0,1,136.845
rung-01000,answer,off,0.0,g005,6,0,1,119.698
rung-01000,answer,on,1.0,g005,6,0,1,140.314
rung-01000,answer,off,0.0,g005,7,0,1,111.319
rung-01000,answer,on,1.0,g005,7,0,1,131.056
rung-01000,answer,off,0.0,g005,8,0,1,113.163
rung-01000,answer,on,1.0,g005,8,0,1,127.469
rung-01000,answer,off,0.0,g005,9,0,1,125.737
rung-01000,answer,on,1.0,g005,9,0,1,139.950
rung-01000,answer,off,0.0,g006,0,1,1,113.530
rung-01000,answer,on,1.0,g006,0,1,1,125.826
rung-01000,answer,off,0.0,g006,1,1,1,109.014
rung-01000,answer,on,1.0,g006,1,1,1,116.766
rung-01000,answer,off,0.0,g006,2,1,1,104.607
rung-01000,answer,on,1.0,g006,2,1,1,115.767
rung-01000,answer,off,0.0,g006,3,0,1,104.487
rung-01000,answer,on,1.0,g006,3,0,1,115.715
rung-01000,answer,off,0.0,g006,4,0,1,104.049
rung-01000,answer,on,1.0,g006,4,0,1,117.113
rung-01000,answer,off,0.0,g006,5,0,1,104.530
rung-01000,answer,on,1.0,g006,5,0,1,116.612
rung-01000,answer,off,0.0,g006,6,0,1,105.335
rung-01000,answer,on,1.0,g006,6,0,1,117.274
rung-01000,answer,off,0.0,g006,7,0,1,104.755
rung-01000,answer,on,1.0,g006,7,0,1,117.231
rung-01000,answer,off,0.0,g006,8,0,1,104.333
rung-01000,answer,on,1.0,g006,8,0,1,117.762
rung-01000,answer,off,0.0,g006,9,0,1,104.900
rung-01000,answer,on,1.0,g006,9,0,1,117.205
rung-01000,answer,off,0.0,g007,0,1,1,103.192
rung-01000,answer,on,1.0,g007,0,1,1,120.156
rung-01000,answer,off,0.0,g007,1,1,1,109.258
rung-01000,answer,on,1.0,g007,1,1,1,121.932
rung-01000,answer,off,0.0,g007,2,1,1,110.304
rung-01000,answer,on,1.0,g007,2,1,1,120.828
rung-01000,answer,off,0.0,g007,3,0,1,109.166
rung-01000,answer,on,1.0,g007,3,0,1,121.435
rung-01000,answer,off,0.0,g007,4,0,1,109.952
rung-01000,answer,on,1.0,g007,4,0,1,119.671
rung-01000,answer,off,0.0,g007,5,0,1,101.535
rung-01000,answer,on,1.0,g007,5,0,1,114.209
rung-01000,answer,off,0.0,g007,6,0,1,103.943
rung-01000,answer,on,1.0,g007,6,0,1,112.821
rung-01000,answer,off,0.0,g007,7,0,1,101.201
rung-01000,answer,on,1.0,g007,7,0,1,113.311
rung-01000,answer,off,0.0,g007,8,0,1,102.170
rung-01000,answer,on,1.0,g007,8,0,1,112.876
rung-01000,answer,off,0.0,g007,9,0,1,102.128
rung-01000,answer,on,1.0,g007,9,0,1,113.097
rung-01000,answer,off,0.0,g008,0,1,1,112.359
rung-01000,answer,on,1.0,g008,0,1,1,122.442
rung-01000,answer,off,0.0,g008,1,1,1,150.774
rung-01000,answer,on,1.0,g008,1,1,1,125.292
rung-01000,answer,off,0.0,g008,2,1,1,109.692
rung-01000,answer,on,1.0,g008,2,1,1,120.405
rung-01000,answer,off,0.0,g008,3,0,1,110.692
rung-01000,answer,on,1.0,g008,3,0,1,122.255
rung-01000,answer,off,0.0,g008,4,0,1,110.171
rung-01000,answer,on,1.0,g008,4,0,1,120.615
rung-01000,answer,off,0.0,g008,5,0,1,124.305
rung-01000,answer,on,1.0,g008,5,0,1,129.459
rung-01000,answer,off,0.0,g008,6,0,1,119.287
rung-01000,answer,on,1.0,g008,6,0,1,129.046
rung-01000,answer,off,0.0,g008,7,0,1,115.343
rung-01000,answer,on,1.0,g008,7,0,1,120.663
rung-01000,answer,off,0.0,g008,8,0,1,139.511
rung-01000,answer,on,1.0,g008,8,0,1,128.083
rung-01000,answer,off,0.0,g008,9,0,1,112.807
rung-01000,answer,on,1.0,g008,9,0,1,122.710
rung-01000,answer,off,0.0,g009,0,1,1,115.307
rung-01000,answer,on,1.0,g009,0,1,1,132.247
rung-01000,answer,off,0.0,g009,1,1,1,107.054
rung-01000,answer,on,1.0,g009,1,1,1,125.519
rung-01000,answer,off,0.0,g009,2,1,1,106.361
rung-01000,answer,on,1.0,g009,2,1,1,119.724
rung-01000,answer,off,0.0,g009,3,0,1,103.224
rung-01000,answer,on,1.0,g009,3,0,1,117.492
rung-01000,answer,off,0.0,g009,4,0,1,105.669
rung-01000,answer,on,1.0,g009,4,0,1,121.981
rung-01000,answer,off,0.0,g009,5,0,1,103.361
rung-01000,answer,on,1.0,g009,5,0,1,121.377
rung-01000,answer,off,0.0,g009,6,0,1,110.110
rung-01000,answer,on,1.0,g009,6,0,1,123.298
rung-01000,answer,off,0.0,g009,7,0,1,107.448
rung-01000,answer,on,1.0,g009,7,0,1,120.063
rung-01000,answer,off,0.0,g009,8,0,1,103.933
rung-01000,answer,on,1.0,g009,8,0,1,119.060
rung-01000,answer,off,0.0,g009,9,0,1,104.818
rung-01000,answer,on,1.0,g009,9,0,1,119.220
rung-01000,answer,off,0.0,g010,0,1,1,104.234
rung-01000,answer,on,1.0,g010,0,1,1,116.852
rung-01000,answer,off,0.0,g010,1,1,1,103.398
rung-01000,answer,on,1.0,g010,1,1,1,113.115
rung-01000,answer,off,0.0,g010,2,1,1,107.576
rung-01000,answer,on,1.0,g010,2,1,1,115.635
rung-01000,answer,off,0.0,g010,3,0,1,105.916
rung-01000,answer,on,1.0,g010,3,0,1,112.446
rung-01000,answer,off,0.0,g010,4,0,1,100.884
rung-01000,answer,on,1.0,g010,4,0,1,113.571
rung-01000,answer,off,0.0,g010,5,0,1,104.039
rung-01000,answer,on,1.0,g010,5,0,1,114.797
rung-01000,answer,off,0.0,g010,6,0,1,101.037
rung-01000,answer,on,1.0,g010,6,0,1,113.642
rung-01000,answer,off,0.0,g010,7,0,1,103.324
rung-01000,answer,on,1.0,g010,7,0,1,114.045
rung-01000,answer,off,0.0,g010,8,0,1,101.844
rung-01000,answer,on,1.0,g010,8,0,1,115.035
rung-01000,answer,off,0.0,g010,9,0,1,101.964
rung-01000,answer,on,1.0,g010,9,0,1,113.420
rung-01000,answer,off,0.0,g011,0,1,1,106.991
rung-01000,answer,on,1.0,g011,0,1,1,127.009
rung-01000,answer,off,0.0,g011,1,1,1,112.496
rung-01000,answer,on,1.0,g011,1,1,1,130.658
rung-01000,answer,off,0.0,g011,2,1,1,130.787
rung-01000,answer,on,1.0,g011,2,1,1,128.394
rung-01000,answer,off,0.0,g011,3,0,1,112.421
rung-01000,answer,on,1.0,g011,3,0,1,126.818
rung-01000,answer,off,0.0,g011,4,0,1,116.878
rung-01000,answer,on,1.0,g011,4,0,1,128.274
rung-01000,answer,off,0.0,g011,5,0,1,111.658
rung-01000,answer,on,1.0,g011,5,0,1,175.602
rung-01000,answer,off,0.0,g011,6,0,1,214.388
rung-01000,answer,on,1.0,g011,6,0,1,154.838
rung-01000,answer,off,0.0,g011,7,0,1,119.758
rung-01000,answer,on,1.0,g011,7,0,1,127.836
rung-01000,answer,off,0.0,g011,8,0,1,111.644
rung-01000,answer,on,1.0,g011,8,0,1,127.894
rung-01000,answer,off,0.0,g011,9,0,1,110.423
rung-01000,answer,on,1.0,g011,9,0,1,125.978
rung-01000,answer,off,0.0,g012,0,1,1,112.132
rung-01000,answer,on,1.0,g012,0,1,1,143.042
rung-01000,answer,off,0.0,g012,1,1,1,107.474
rung-01000,answer,on,1.0,g012,1,1,1,133.407
rung-01000,answer,off,0.0,g012,2,1,1,112.313
rung-01000,answer,on,1.0,g012,2,1,1,134.181
rung-01000,answer,off,0.0,g012,3,0,1,110.429
rung-01000,answer,on,1.0,g012,3,0,1,134.061
rung-01000,answer,off,0.0,g012,4,0,1,115.784
rung-01000,answer,on,1.0,g012,4,0,1,135.783
rung-01000,answer,off,0.0,g012,5,0,1,113.459
rung-01000,answer,on,1.0,g012,5,0,1,135.915
rung-01000,answer,off,0.0,g012,6,0,1,111.898
rung-01000,answer,on,1.0,g012,6,0,1,135.670
rung-01000,answer,off,0.0,g012,7,0,1,112.225
rung-01000,answer,on,1.0,g012,7,0,1,134.387
rung-01000,answer,off,0.0,g012,8,0,1,107.949
rung-01000,answer,on,1.0,g012,8,0,1,131.247
rung-01000,answer,off,0.0,g012,9,0,1,108.650
rung-01000,answer,on,1.0,g012,9,0,1,130.953
rung-01000,answer,off,0.0,g013,0,1,1,108.549
rung-01000,answer,on,1.0,g013,0,1,1,124.284
rung-01000,answer,off,0.0,g013,1,1,1,105.510
rung-01000,answer,on,1.0,g013,1,1,1,121.712
rung-01000,answer,off,0.0,g013,2,1,1,106.669
rung-01000,answer,on,1.0,g013,2,1,1,123.398
rung-01000,answer,off,0.0,g013,3,0,1,107.724
rung-01000,answer,on,1.0,g013,3,0,1,125.105
rung-01000,answer,off,0.0,g013,4,0,1,109.627
rung-01000,answer,on,1.0,g013,4,0,1,124.057
rung-01000,answer,off,0.0,g013,5,0,1,109.760
rung-01000,answer,on,1.0,g013,5,0,1,123.922
rung-01000,answer,off,0.0,g013,6,0,1,109.366
rung-01000,answer,on,1.0,g013,6,0,1,121.330
rung-01000,answer,off,0.0,g013,7,0,1,106.047
rung-01000,answer,on,1.0,g013,7,0,1,125.061
rung-01000,answer,off,0.0,g013,8,0,1,109.177
rung-01000,answer,on,1.0,g013,8,0,1,123.580
rung-01000,answer,off,0.0,g013,9,0,1,109.640
rung-01000,answer,on,1.0,g013,9,0,1,123.681
rung-01000,answer,off,0.0,g014,0,1,1,111.512
rung-01000,answer,on,1.0,g014,0,1,1,119.212
rung-01000,answer,off,0.0,g014,1,1,1,112.307
rung-01000,answer,on,1.0,g014,1,1,1,123.376
rung-01000,answer,off,0.0,g014,2,1,1,110.415
rung-01000,answer,on,1.0,g014,2,1,1,119.248
rung-01000,answer,off,0.0,g014,3,0,1,106.329
rung-01000,answer,on,1.0,g014,3,0,1,114.670
rung-01000,answer,off,0.0,g014,4,0,1,104.441
rung-01000,answer,on,1.0,g014,4,0,1,115.963
rung-01000,answer,off,0.0,g014,5,0,1,106.741
rung-01000,answer,on,1.0,g014,5,0,1,146.012
rung-01000,answer,off,0.0,g014,6,0,1,108.189
rung-01000,answer,on,1.0,g014,6,0,1,119.949
rung-01000,answer,off,0.0,g014,7,0,1,107.868
rung-01000,answer,on,1.0,g014,7,0,1,119.860
rung-01000,answer,off,0.0,g014,8,0,1,124.585
rung-01000,answer,on,1.0,g014,8,0,1,119.154
rung-01000,answer,off,0.0,g014,9,0,1,107.257
rung-01000,answer,on,1.0,g014,9,0,1,141.809
rung-01000,answer,off,0.0,g015,0,1,1,98.923
rung-01000,answer,on,1.0,g015,0,1,1,120.133
rung-01000,answer,off,0.0,g015,1,1,1,98.322
rung-01000,answer,on,1.0,g015,1,1,1,116.121
rung-01000,answer,off,0.0,g015,2,1,1,100.848
rung-01000,answer,on,1.0,g015,2,1,1,146.007
rung-01000,answer,off,0.0,g015,3,0,1,99.556
rung-01000,answer,on,1.0,g015,3,0,1,117.343
rung-01000,answer,off,0.0,g015,4,0,1,99.478
rung-01000,answer,on,1.0,g015,4,0,1,116.871
rung-01000,answer,off,0.0,g015,5,0,1,100.015
rung-01000,answer,on,1.0,g015,5,0,1,115.970
rung-01000,answer,off,0.0,g015,6,0,1,98.689
rung-01000,answer,on,1.0,g015,6,0,1,117.094
rung-01000,answer,off,0.0,g015,7,0,1,99.524
rung-01000,answer,on,1.0,g015,7,0,1,115.385
rung-01000,answer,off,0.0,g015,8,0,1,97.580
rung-01000,answer,on,1.0,g015,8,0,1,117.498
rung-01000,answer,off,0.0,g015,9,0,1,97.763
rung-01000,answer,on,1.0,g015,9,0,1,116.408
rung-01000,answer,off,0.0,g016,0,1,1,107.032
rung-01000,answer,on,1.0,g016,0,1,1,124.309
rung-01000,answer,off,0.0,g016,1,1,1,107.087
rung-01000,answer,on,1.0,g016,1,1,1,123.217
rung-01000,answer,off,0.0,g016,2,1,1,105.840
rung-01000,answer,on,1.0,g016,2,1,1,123.875
rung-01000,answer,off,0.0,g016,3,0,1,106.661
rung-01000,answer,on,1.0,g016,3,0,1,121.517
rung-01000,answer,off,0.0,g016,4,0,1,107.011
rung-01000,answer,on,1.0,g016,4,0,1,121.087
rung-01000,answer,off,0.0,g016,5,0,1,103.814
rung-01000,answer,on,1.0,g016,5,0,1,121.357
rung-01000,answer,off,0.0,g016,6,0,1,104.746
rung-01000,answer,on,1.0,g016,6,0,1,122.024
rung-01000,answer,off,0.0,g016,7,0,1,106.605
rung-01000,answer,on,1.0,g016,7,0,1,121.464
rung-01000,answer,off,0.0,g016,8,0,1,104.230
rung-01000,answer,on,1.0,g016,8,0,1,120.376
rung-01000,answer,off,0.0,g016,9,0,1,106.240
rung-01000,answer,on,1.0,g016,9,0,1,121.858
rung-01000,answer,off,0.0,g017,0,1,1,104.427
rung-01000,answer,on,1.0,g017,0,1,1,115.134
rung-01000,answer,off,0.0,g017,1,1,1,100.334
rung-01000,answer,on,1.0,g017,1,1,1,112.859
rung-01000,answer,off,0.0,g017,2,1,1,104.393
rung-01000,answer,on,1.0,g017,2,1,1,112.367
rung-01000,answer,off,0.0,g017,3,0,1,104.483
rung-01000,answer,on,1.0,g017,3,0,1,113.263
rung-01000,answer,off,0.0,g017,4,0,1,103.920
rung-01000,answer,on,1.0,g017,4,0,1,113.943
rung-01000,answer,off,0.0,g017,5,0,1,105.279
rung-01000,answer,on,1.0,g017,5,0,1,115.290
rung-01000,answer,off,0.0,g017,6,0,1,105.358
rung-01000,answer,on,1.0,g017,6,0,1,115.593
rung-01000,answer,off,0.0,g017,7,0,1,103.804
rung-01000,answer,on,1.0,g017,7,0,1,144.947
rung-01000,answer,off,0.0,g017,8,0,1,105.608
rung-01000,answer,on,1.0,g017,8,0,1,114.543
rung-01000,answer,off,0.0,g017,9,0,1,100.472
rung-01000,answer,on,1.0,g017,9,0,1,111.003
rung-01000,answer,off,0.0,g018,0,1,1,109.241
rung-01000,answer,on,1.0,g018,0,1,1,129.651
rung-01000,answer,off,0.0,g018,1,1,1,112.034
rung-01000,answer,on,1.0,g018,1,1,1,129.895
rung-01000,answer,off,0.0,g018,2,1,1,136.284
rung-01000,answer,on,1.0,g018,2,1,1,127.453
rung-01000,answer,off,0.0,g018,3,0,1,110.283
rung-01000,answer,on,1.0,g018,3,0,1,126.591
rung-01000,answer,off,0.0,g018,4,0,1,107.634
rung-01000,answer,on,1.0,g018,4,0,1,128.130
rung-01000,answer,off,0.0,g018,5,0,1,106.998
rung-01000,answer,on,1.0,g018,5,0,1,130.048
rung-01000,answer,off,0.0,g018,6,0,1,111.271
rung-01000,answer,on,1.0,g018,6,0,1,130.564
rung-01000,answer,off,0.0,g018,7,0,1,111.491
rung-01000,answer,on,1.0,g018,7,0,1,130.996
rung-01000,answer,off,0.0,g018,8,0,1,111.578
rung-01000,answer,on,1.0,g018,8,0,1,129.686
rung-01000,answer,off,0.0,g018,9,0,1,112.213
rung-01000,answer,on,1.0,g018,9,0,1,129.076
rung-01000,answer,off,0.0,g019,0,1,1,110.358
rung-01000,answer,on,1.0,g019,0,1,1,130.221
rung-01000,answer,off,0.0,g019,1,1,1,110.319
rung-01000,answer,on,1.0,g019,1,1,1,126.340
rung-01000,answer,off,0.0,g019,2,1,1,109.008
rung-01000,answer,on,1.0,g019,2,1,1,125.633
rung-01000,answer,off,0.0,g019,3,0,1,112.750
rung-01000,answer,on,1.0,g019,3,0,1,126.342
rung-01000,answer,off,0.0,g019,4,0,1,110.064
rung-01000,answer,on,1.0,g019,4,0,1,124.807
rung-01000,answer,off,0.0,g019,5,0,1,111.044
rung-01000,answer,on,1.0,g019,5,0,1,129.075
rung-01000,answer,off,0.0,g019,6,0,1,111.687
rung-01000,answer,on,1.0,g019,6,0,1,126.526
rung-01000,answer,off,0.0,g019,7,0,1,109.778
rung-01000,answer,on,1.0,g019,7,0,1,127.944
rung-01000,answer,off,0.0,g019,8,0,1,110.019
rung-01000,answer,on,1.0,g019,8,0,1,123.989
rung-01000,answer,off,0.0,g019,9,0,1,108.523
rung-01000,answer,on,1.0,g019,9,0,1,125.236
rung-01000,answer,off,0.0,g020,0,1,1,107.593
rung-01000,answer,on,1.0,g020,0,1,1,119.871
rung-01000,answer,off,0.0,g020,1,1,1,107.099
rung-01000,answer,on,1.0,g020,1,1,1,117.069
rung-01000,answer,off,0.0,g020,2,1,1,106.876
rung-01000,answer,on,1.0,g020,2,1,1,118.983
rung-01000,answer,off,0.0,g020,3,0,1,105.673
rung-01000,answer,on,1.0,g020,3,0,1,117.139
rung-01000,answer,off,0.0,g020,4,0,1,105.431
rung-01000,answer,on,1.0,g020,4,0,1,116.010
rung-01000,answer,off,0.0,g020,5,0,1,105.807
rung-01000,answer,on,1.0,g020,5,0,1,116.594
rung-01000,answer,off,0.0,g020,6,0,1,105.575
rung-01000,answer,on,1.0,g020,6,0,1,116.066
rung-01000,answer,off,0.0,g020,7,0,1,109.910
rung-01000,answer,on,1.0,g020,7,0,1,116.810
rung-01000,answer,off,0.0,g020,8,0,1,104.613
rung-01000,answer,on,1.0,g020,8,0,1,116.696
rung-01000,answer,off,0.0,g020,9,0,1,106.505
rung-01000,answer,on,1.0,g020,9,0,1,116.724
rung-01000,answer,off,0.0,g021,0,1,1,112.275
rung-01000,answer,on,1.0,g021,0,1,1,129.751
rung-01000,answer,off,0.0,g021,1,1,1,109.287
rung-01000,answer,on,1.0,g021,1,1,1,128.113
rung-01000,answer,off,0.0,g021,2,1,1,109.685
rung-01000,answer,on,1.0,g021,2,1,1,125.735
rung-01000,answer,off,0.0,g021,3,0,1,107.662
rung-01000,answer,on,1.0,g021,3,0,1,125.159
rung-01000,answer,off,0.0,g021,4,0,1,109.258
rung-01000,answer,on,1.0,g021,4,0,1,125.945
rung-01000,answer,off,0.0,g021,5,0,1,108.847
rung-01000,answer,on,1.0,g021,5,0,1,129.351
rung-01000,answer,off,0.0,g021,6,0,1,113.051
rung-01000,answer,on,1.0,g021,6,0,1,130.520
rung-01000,answer,off,0.0,g021,7,0,1,110.898
rung-01000,answer,on,1.0,g021,7,0,1,127.836
rung-01000,answer,off,0.0,g021,8,0,1,112.707
rung-01000,answer,on,1.0,g021,8,0,1,131.317
rung-01000,answer,off,0.0,g021,9,0,1,112.830
rung-01000,answer,on,1.0,g021,9,0,1,128.337
rung-01000,answer,off,0.0,g022,0,1,1,100.738
rung-01000,answer,on,1.0,g022,0,1,1,114.359
rung-01000,answer,off,0.0,g022,1,1,1,101.019
rung-01000,answer,on,1.0,g022,1,1,1,109.107
rung-01000,answer,off,0.0,g022,2,1,1,96.606
rung-01000,answer,on,1.0,g022,2,1,1,108.900
rung-01000,answer,off,0.0,g022,3,0,1,96.441
rung-01000,answer,on,1.0,g022,3,0,1,110.317
rung-01000,answer,off,0.0,g022,4,0,1,95.902
rung-01000,answer,on,1.0,g022,4,0,1,109.064
rung-01000,answer,off,0.0,g022,5,0,1,97.147
rung-01000,answer,on,1.0,g022,5,0,1,109.234
rung-01000,answer,off,0.0,g022,6,0,1,100.331
rung-01000,answer,on,1.0,g022,6,0,1,107.853
rung-01000,answer,off,0.0,g022,7,0,1,96.748
rung-01000,answer,on,1.0,g022,7,0,1,108.201
rung-01000,answer,off,0.0,g022,8,0,1,97.635
rung-01000,answer,on,1.0,g022,8,0,1,109.563
rung-01000,answer,off,0.0,g022,9,0,1,100.189
rung-01000,answer,on,1.0,g022,9,0,1,108.214
rung-01000,answer,off,0.0,g023,0,1,1,107.350
rung-01000,answer,on,1.0,g023,0,1,1,122.412
rung-01000,answer,off,0.0,g023,1,1,1,108.876
rung-01000,answer,on,1.0,g023,1,1,1,123.350
rung-01000,answer,off,0.0,g023,2,1,1,109.396
rung-01000,answer,on,1.0,g023,2,1,1,148.258
rung-01000,answer,off,0.0,g023,3,0,1,119.169
rung-01000,answer,on,1.0,g023,3,0,1,124.062
rung-01000,answer,off,0.0,g023,4,0,1,107.145
rung-01000,answer,on,1.0,g023,4,0,1,126.936
rung-01000,answer,off,0.0,g023,5,0,1,109.165
rung-01000,answer,on,1.0,g023,5,0,1,120.895
rung-01000,answer,off,0.0,g023,6,0,1,109.484
rung-01000,answer,on,1.0,g023,6,0,1,118.650
rung-01000,answer,off,0.0,g023,7,0,1,106.353
rung-01000,answer,on,1.0,g023,7,0,1,121.018
rung-01000,answer,off,0.0,g023,8,0,1,108.269
rung-01000,answer,on,1.0,g023,8,0,1,122.076
rung-01000,answer,off,0.0,g023,9,0,1,109.372
rung-01000,answer,on,1.0,g023,9,0,1,121.154
rung-01000,answer,off,0.0,g024,0,1,1,102.503
rung-01000,answer,on,1.0,g024,0,1,1,117.432
rung-01000,answer,off,0.0,g024,1,1,1,99.208
rung-01000,answer,on,1.0,g024,1,1,1,139.750
rung-01000,answer,off,0.0,g024,2,1,1,100.598
rung-01000,answer,on,1.0,g024,2,1,1,117.801
rung-01000,answer,off,0.0,g024,3,0,1,100.058
rung-01000,answer,on,1.0,g024,3,0,1,117.187
rung-01000,answer,off,0.0,g024,4,0,1,99.629
rung-01000,answer,on,1.0,g024,4,0,1,116.713
rung-01000,answer,off,0.0,g024,5,0,1,98.242
rung-01000,answer,on,1.0,g024,5,0,1,114.042
rung-01000,answer,off,0.0,g024,6,0,1,98.676
rung-01000,answer,on,1.0,g024,6,0,1,119.074
rung-01000,answer,off,0.0,g024,7,0,1,98.984
rung-01000,answer,on,1.0,g024,7,0,1,117.536
rung-01000,answer,off,0.0,g024,8,0,1,96.166
rung-01000,answer,on,1.0,g024,8,0,1,113.527
rung-01000,answer,off,0.0,g024,9,0,1,96.824
rung-01000,answer,on,1.0,g024,9,0,1,114.725
rung-01000,answer,off,0.0,g025,0,1,1,102.787
rung-01000,answer,on,1.0,g025,0,1,1,120.735
rung-01000,answer,off,0.0,g025,1,1,1,102.730
rung-01000,answer,on,1.0,g025,1,1,1,125.277
rung-01000,answer,off,0.0,g025,2,1,1,102.435
rung-01000,answer,on,1.0,g025,2,1,1,118.500
rung-01000,answer,off,0.0,g025,3,0,1,102.457
rung-01000,answer,on,1.0,g025,3,0,1,120.012
rung-01000,answer,off,0.0,g025,4,0,1,103.342
rung-01000,answer,on,1.0,g025,4,0,1,119.528
rung-01000,answer,off,0.0,g025,5,0,1,103.103
rung-01000,answer,on,1.0,g025,5,0,1,119.558
rung-01000,answer,off,0.0,g025,6,0,1,102.224
rung-01000,answer,on,1.0,g025,6,0,1,120.241
rung-01000,answer,off,0.0,g025,7,0,1,102.574
rung-01000,answer,on,1.0,g025,7,0,1,118.997
rung-01000,answer,off,0.0,g025,8,0,1,102.380
rung-01000,answer,on,1.0,g025,8,0,1,120.256
rung-01000,answer,off,0.0,g025,9,0,1,101.813
rung-01000,answer,on,1.0,g025,9,0,1,118.543
rung-01000,answer,off,0.0,g026,0,1,1,102.448
rung-01000,answer,on,1.0,g026,0,1,1,118.692
rung-01000,answer,off,0.0,g026,1,1,1,102.496
rung-01000,answer,on,1.0,g026,1,1,1,118.202
rung-01000,answer,off,0.0,g026,2,1,1,103.798
rung-01000,answer,on,1.0,g026,2,1,1,118.880
rung-01000,answer,off,0.0,g026,3,0,1,104.514
rung-01000,answer,on,1.0,g026,3,0,1,119.654
rung-01000,answer,off,0.0,g026,4,0,1,104.281
rung-01000,answer,on,1.0,g026,4,0,1,120.016
rung-01000,answer,off,0.0,g026,5,0,1,104.062
rung-01000,answer,on,1.0,g026,5,0,1,118.325
rung-01000,answer,off,0.0,g026,6,0,1,106.747
rung-01000,answer,on,1.0,g026,6,0,1,122.575
rung-01000,answer,off,0.0,g026,7,0,1,107.389
rung-01000,answer,on,1.0,g026,7,0,1,121.240
rung-01000,answer,off,0.0,g026,8,0,1,105.453
rung-01000,answer,on,1.0,g026,8,0,1,122.117
rung-01000,answer,off,0.0,g026,9,0,1,107.554
rung-01000,answer,on,1.0,g026,9,0,1,120.045
rung-01000,answer,off,0.0,g027,0,1,1,110.015
rung-01000,answer,on,1.0,g027,0,1,1,125.058
rung-01000,answer,off,0.0,g027,1,1,1,111.997
rung-01000,answer,on,1.0,g027,1,1,1,125.945
rung-01000,answer,off,0.0,g027,2,1,1,110.637
rung-01000,answer,on,1.0,g027,2,1,1,125.064
rung-01000,answer,off,0.0,g027,3,0,1,112.736
rung-01000,answer,on,1.0,g027,3,0,1,124.747
rung-01000,answer,off,0.0,g027,4,0,1,112.297
rung-01000,answer,on,1.0,g027,4,0,1,125.113
rung-01000,answer,off,0.0,g027,5,0,1,111.917
rung-01000,answer,on,1.0,g027,5,0,1,125.598
rung-01000,answer,off,0.0,g027,6,0,1,111.007
rung-01000,answer,on,1.0,g027,6,0,1,125.916
rung-01000,answer,off,0.0,g027,7,0,1,111.767
rung-01000,answer,on,1.0,g027,7,0,1,125.326
rung-01000,answer,off,0.0,g027,8,0,1,113.733
rung-01000,answer,on,1.0,g027,8,0,1,125.524
rung-01000,answer,off,0.0,g027,9,0,1,113.145
rung-01000,answer,on,1.0,g027,9,0,1,125.981
rung-01000,answer,off,0.0,g028,0,1,1,110.630
rung-01000,answer,on,1.0,g028,0,1,1,131.414
rung-01000,answer,off,0.0,g028,1,1,1,110.106
rung-01000,answer,on,1.0,g028,1,1,1,128.297
rung-01000,answer,off,0.0,g028,2,1,1,111.510
rung-01000,answer,on,1.0,g028,2,1,1,129.200
rung-01000,answer,off,0.0,g028,3,0,1,110.588
rung-01000,answer,on,1.0,g028,3,0,1,131.721
rung-01000,answer,off,0.0,g028,4,0,1,110.885
rung-01000,answer,on,1.0,g028,4,0,1,129.718
rung-01000,answer,off,0.0,g028,5,0,1,112.120
rung-01000,answer,on,1.0,g028,5,0,1,130.687
rung-01000,answer,off,0.0,g028,6,0,1,109.771
rung-01000,answer,on,1.0,g028,6,0,1,128.891
rung-01000,answer,off,0.0,g028,7,0,1,110.546
rung-01000,answer,on,1.0,g028,7,0,1,130.943
rung-01000,answer,off,0.0,g028,8,0,1,110.689
rung-01000,answer,on,1.0,g028,8,0,1,129.225
rung-01000,answer,off,0.0,g028,9,0,1,108.995
rung-01000,answer,on,1.0,g028,9,0,1,129.973
rung-01000,answer,off,0.0,g029,0,1,1,111.804
rung-01000,answer,on,1.0,g029,0,1,1,118.646
rung-01000,answer,off,0.0,g029,1,1,1,108.403
rung-01000,answer,on,1.0,g029,1,1,1,115.495
rung-01000,answer,off,0.0,g029,2,1,1,110.660
rung-01000,answer,on,1.0,g029,2,1,1,117.597
rung-01000,answer,off,0.0,g029,3,0,1,110.437
rung-01000,answer,on,1.0,g029,3,0,1,117.694
rung-01000,answer,off,0.0,g029,4,0,1,111.024
rung-01000,answer,on,1.0,g029,4,0,1,117.422
rung-01000,answer,off,0.0,g029,5,0,1,111.643
rung-01000,answer,on,1.0,g029,5,0,1,117.208
rung-01000,answer,off,0.0,g029,6,0,1,108.145
rung-01000,answer,on,1.0,g029,6,0,1,139.914
rung-01000,answer,off,0.0,g029,7,0,1,110.810
rung-01000,answer,on,1.0,g029,7,0,1,117.510
rung-01000,answer,off,0.0,g029,8,0,1,109.887
rung-01000,answer,on,1.0,g029,8,0,1,118.202
rung-01000,answer,off,0.0,g029,9,0,1,112.091
rung-01000,answer,on,1.0,g029,9,0,1,117.535
rung-01000,answer,off,0.0,g030,0,1,1,116.602
rung-01000,answer,on,1.0,g030,0,1,1,133.968
rung-01000,answer,off,0.0,g030,1,1,1,115.975
rung-01000,answer,on,1.0,g030,1,1,1,132.622
rung-01000,answer,off,0.0,g030,2,1,1,116.347
rung-01000,answer,on,1.0,g030,2,1,1,134.774
rung-01000,answer,off,0.0,g030,3,0,1,117.624
rung-01000,answer,on,1.0,g030,3,0,1,133.103
rung-01000,answer,off,0.0,g030,4,0,1,113.974
rung-01000,answer,on,1.0,g030,4,0,1,134.183
rung-01000,answer,off,0.0,g030,5,0,1,119.285
rung-01000,answer,on,1.0,g030,5,0,1,134.380
rung-01000,answer,off,0.0,g030,6,0,1,117.640
rung-01000,answer,on,1.0,g030,6,0,1,133.500
rung-01000,answer,off,0.0,g030,7,0,1,115.484
rung-01000,answer,on,1.0,g030,7,0,1,133.968
rung-01000,answer,off,0.0,g030,8,0,1,118.259
rung-01000,answer,on,1.0,g030,8,0,1,133.999
rung-01000,answer,off,0.0,g030,9,0,1,115.580
rung-01000,answer,on,1.0,g030,9,0,1,133.268
rung-01000,answer,off,0.0,g031,0,1,1,114.085
rung-01000,answer,on,1.0,g031,0,1,1,127.103
rung-01000,answer,off,0.0,g031,1,1,1,110.995
rung-01000,answer,on,1.0,g031,1,1,1,126.377
rung-01000,answer,off,0.0,g031,2,1,1,112.297
rung-01000,answer,on,1.0,g031,2,1,1,126.484
rung-01000,answer,off,0.0,g031,3,0,1,113.126
rung-01000,answer,on,1.0,g031,3,0,1,127.166
rung-01000,answer,off,0.0,g031,4,0,1,113.223
rung-01000,answer,on,1.0,g031,4,0,1,127.094
rung-01000,answer,off,0.0,g031,5,0,1,115.108
rung-01000,answer,on,1.0,g031,5,0,1,122.796
rung-01000,answer,off,0.0,g031,6,0,1,109.659
rung-01000,answer,on,1.0,g031,6,0,1,123.711
rung-01000,answer,off,0.0,g031,7,0,1,111.538
rung-01000,answer,on,1.0,g031,7,0,1,125.832
rung-01000,answer,off,0.0,g031,8,0,1,110.168
rung-01000,answer,on,1.0,g031,8,0,1,123.092
rung-01000,answer,off,0.0,g031,9,0,1,111.495
rung-01000,answer,on,1.0,g031,9,0,1,132.323
rung-01000,answer,off,0.0,g032,0,1,1,104.938
rung-01000,answer,on,1.0,g032,0,1,1,108.645
rung-01000,answer,off,0.0,g032,1,1,1,102.426
rung-01000,answer,on,1.0,g032,1,1,1,109.476
rung-01000,answer,off,0.0,g032,2,1,1,102.796
rung-01000,answer,on,1.0,g032,2,1,1,108.704
rung-01000,answer,off,0.0,g032,3,0,1,103.826
rung-01000,answer,on,1.0,g032,3,0,1,109.511
rung-01000,answer,off,0.0,g032,4,0,1,103.625
rung-01000,answer,on,1.0,g032,4,0,1,109.848
rung-01000,answer,off,0.0,g032,5,0,1,102.875
rung-01000,answer,on,1.0,g032,5,0,1,110.793
rung-01000,answer,off,0.0,g032,6,0,1,104.783
rung-01000,answer,on,1.0,g032,6,0,1,110.129
rung-01000,answer,off,0.0,g032,7,0,1,103.157
rung-01000,answer,on,1.0,g032,7,0,1,109.891
rung-01000,answer,off,0.0,g032,8,0,1,104.577
rung-01000,answer,on,1.0,g032,8,0,1,108.695
rung-01000,answer,off,0.0,g032,9,0,1,102.763
rung-01000,answer,on,1.0,g032,9,0,1,109.117
rung-01000,answer,off,0.0,g033,0,1,1,108.753
rung-01000,answer,on,1.0,g033,0,1,1,124.470
rung-01000,answer,off,0.0,g033,1,1,1,131.726
rung-01000,answer,on,1.0,g033,1,1,1,124.988
rung-01000,answer,off,0.0,g033,2,1,1,110.146
rung-01000,answer,on,1.0,g033,2,1,1,125.258
rung-01000,answer,off,0.0,g033,3,0,1,109.390
rung-01000,answer,on,1.0,g033,3,0,1,151.633
rung-01000,answer,off,0.0,g033,4,0,1,110.107
rung-01000,answer,on,1.0,g033,4,0,1,124.829
rung-01000,answer,off,0.0,g033,5,0,1,109.903
rung-01000,answer,on,1.0,g033,5,0,1,123.946
rung-01000,answer,off,0.0,g033,6,0,1,109.766
rung-01000,answer,on,1.0,g033,6,0,1,124.679
rung-01000,answer,off,0.0,g033,7,0,1,108.896
rung-01000,answer,on,1.0,g033,7,0,1,123.102
rung-01000,answer,off,0.0,g033,8,0,1,108.528
rung-01000,answer,on,1.0,g033,8,0,1,123.319
rung-01000,answer,off,0.0,g033,9,0,1,109.557
rung-01000,answer,on,1.0,g033,9,0,1,124.591
rung-01000,answer,off,0.0,g034,0,1,1,99.926
rung-01000,answer,on,1.0,g034,0,1,1,117.090
rung-01000,answer,off,0.0,g034,1,1,1,100.363
rung-01000,answer,on,1.0,g034,1,1,1,116.797
rung-01000,answer,off,0.0,g034,2,1,1,100.769
rung-01000,answer,on,1.0,g034,2,1,1,117.304
rung-01000,answer,off,0.0,g034,3,0,1,99.258
rung-01000,answer,on,1.0,g034,3,0,1,121.904
rung-01000,answer,off,0.0,g034,4,0,1,100.495
rung-01000,answer,on,1.0,g034,4,0,1,116.291
rung-01000,answer,off,0.0,g034,5,0,1,99.982
rung-01000,answer,on,1.0,g034,5,0,1,118.386
rung-01000,answer,off,0.0,g034,6,0,1,101.084
rung-01000,answer,on,1.0,g034,6,0,1,119.707
rung-01000,answer,off,0.0,g034,7,0,1,99.614
rung-01000,answer,on,1.0,g034,7,0,1,118.005
rung-01000,answer,off,0.0,g034,8,0,1,101.022
rung-01000,answer,on,1.0,g034,8,0,1,117.849
rung-01000,answer,off,0.0,g034,9,0,1,101.205
rung-01000,answer,on,1.0,g034,9,0,1,117.363
rung-01000,answer,off,0.0,g035,0,1,1,111.912
rung-01000,answer,on,1.0,g035,0,1,1,123.883
rung-01000,answer,off,0.0,g035,1,1,1,110.257
rung-01000,answer,on,1.0,g035,1,1,1,122.525
rung-01000,answer,off,0.0,g035,2,1,1,110.156
rung-01000,answer,on,1.0,g035,2,1,1,123.162
rung-01000,answer,off,0.0,g035,3,0,1,109.912
rung-01000,answer,on,1.0,g035,3,0,1,123.130
rung-01000,answer,off,0.0,g035,4,0,1,110.368
rung-01000,answer,on,1.0,g035,4,0,1,122.687
rung-01000,answer,off,0.0,g035,5,0,1,108.894
rung-01000,answer,on,1.0,g035,5,0,1,123.679
rung-01000,answer,off,0.0,g035,6,0,1,109.100
rung-01000,answer,on,1.0,g035,6,0,1,122.869
rung-01000,answer,off,0.0,g035,7,0,1,108.246
rung-01000,answer,on,1.0,g035,7,0,1,122.026
rung-01000,answer,off,0.0,g035,8,0,1,110.200
rung-01000,answer,on,1.0,g035,8,0,1,122.000
rung-01000,answer,off,0.0,g035,9,0,1,108.732
rung-01000,answer,on,1.0,g035,9,0,1,123.350
rung-01000,answer,off,0.0,g036,0,1,1,102.978
rung-01000,answer,on,1.0,g036,0,1,1,112.577
rung-01000,answer,off,0.0,g036,1,1,1,103.075
rung-01000,answer,on,1.0,g036,1,1,1,111.493
rung-01000,answer,off,0.0,g036,2,1,1,102.514
rung-01000,answer,on,1.0,g036,2,1,1,112.834
rung-01000,answer,off,0.0,g036,3,0,1,103.120
rung-01000,answer,on,1.0,g036,3,0,1,112.585
rung-01000,answer,off,0.0,g036,4,0,1,103.286
rung-01000,answer,on,1.0,g036,4,0,1,113.437
rung-01000,answer,off,0.0,g036,5,0,1,104.325
rung-01000,answer,on,1.0,g036,5,0,1,112.431
rung-01000,answer,off,0.0,g036,6,0,1,101.530
rung-01000,answer,on,1.0,g036,6,0,1,112.668
rung-01000,answer,off,0.0,g036,7,0,1,102.265
rung-01000,answer,on,1.0,g036,7,0,1,113.032
rung-01000,answer,off,0.0,g036,8,0,1,102.850
rung-01000,answer,on,1.0,g036,8,0,1,112.445
rung-01000,answer,off,0.0,g036,9,0,1,103.156
rung-01000,answer,on,1.0,g036,9,0,1,113.109
rung-01000,answer,off,0.0,g037,0,1,1,101.549
rung-01000,answer,on,1.0,g037,0,1,1,122.718
rung-01000,answer,off,0.0,g037,1,1,1,101.778
rung-01000,answer,on,1.0,g037,1,1,1,123.776
rung-01000,answer,off,0.0,g037,2,1,1,100.529
rung-01000,answer,on,1.0,g037,2,1,1,121.528
rung-01000,answer,off,0.0,g037,3,0,1,101.003
rung-01000,answer,on,1.0,g037,3,0,1,121.815
rung-01000,answer,off,0.0,g037,4,0,1,100.207
rung-01000,answer,on,1.0,g037,4,0,1,120.769
rung-01000,answer,off,0.0,g037,5,0,1,101.743
rung-01000,answer,on,1.0,g037,5,0,1,120.106
rung-01000,answer,off,0.0,g037,6,0,1,100.430
rung-01000,answer,on,1.0,g037,6,0,1,119.517
rung-01000,answer,off,0.0,g037,7,0,1,102.065
rung-01000,answer,on,1.0,g037,7,0,1,121.352
rung-01000,answer,off,0.0,g037,8,0,1,101.672
rung-01000,answer,on,1.0,g037,8,0,1,121.250
rung-01000,answer,off,0.0,g037,9,0,1,100.528
rung-01000,answer,on,1.0,g037,9,0,1,121.456
rung-01000,answer,off,0.0,g038,0,1,1,103.848
rung-01000,answer,on,1.0,g038,0,1,1,108.495
rung-01000,answer,off,0.0,g038,1,1,1,102.759
rung-01000,answer,on,1.0,g038,1,1,1,108.680
rung-01000,answer,off,0.0,g038,2,1,1,107.403
rung-01000,answer,on,1.0,g038,2,1,1,106.595
rung-01000,answer,off,0.0,g038,3,0,1,101.613
rung-01000,answer,on,1.0,g038,3,0,1,107.213
rung-01000,answer,off,0.0,g038,4,0,1,101.405
rung-01000,answer,on,1.0,g038,4,0,1,105.881
rung-01000,answer,off,0.0,g038,5,0,1,101.438
rung-01000,answer,on,1.0,g038,5,0,1,106.642
rung-01000,answer,off,0.0,g038,6,0,1,102.602
rung-01000,answer,on,1.0,g038,6,0,1,106.764
rung-01000,answer,off,0.0,g038,7,0,1,109.980
rung-01000,answer,on,1.0,g038,7,0,1,106.190
rung-01000,answer,off,0.0,g038,8,0,1,102.217
rung-01000,answer,on,1.0,g038,8,0,1,106.782
rung-01000,answer,off,0.0,g038,9,0,1,101.551
rung-01000,answer,on,1.0,g038,9,0,1,107.660
rung-01000,answer,off,0.0,g039,0,1,1,108.921
rung-01000,answer,on,1.0,g039,0,1,1,121.627
rung-01000,answer,off,0.0,g039,1,1,1,107.040
rung-01000,answer,on,1.0,g039,1,1,1,121.280
rung-01000,answer,off,0.0,g039,2,1,1,108.274
rung-01000,answer,on,1.0,g039,2,1,1,121.743
rung-01000,answer,off,0.0,g039,3,0,1,111.955
rung-01000,answer,on,1.0,g039,3,0,1,121.783
rung-01000,answer,off,0.0,g039,4,0,1,109.663
rung-01000,answer,on,1.0,g039,4,0,1,127.201
rung-01000,answer,off,0.0,g039,5,0,1,110.893
rung-01000,answer,on,1.0,g039,5,0,1,123.334
rung-01000,answer,off,0.0,g039,6,0,1,108.573
rung-01000,answer,on,1.0,g039,6,0,1,122.351
rung-01000,answer,off,0.0,g039,7,0,1,108.899
rung-01000,answer,on,1.0,g039,7,0,1,120.797
rung-01000,answer,off,0.0,g039,8,0,1,113.204
rung-01000,answer,on,1.0,g039,8,0,1,121.468
rung-01000,answer,off,0.0,g039,9,0,1,108.382
rung-01000,answer,on,1.0,g039,9,0,1,120.896
rung-01000,answer,off,0.0,g040,0,1,1,106.669
rung-01000,answer,on,1.0,g040,0,1,1,119.652
rung-01000,answer,off,0.0,g040,1,1,1,105.697
rung-01000,answer,on,1.0,g040,1,1,1,120.049
rung-01000,answer,off,0.0,g040,2,1,1,107.410
rung-01000,answer,on,1.0,g040,2,1,1,123.710
rung-01000,answer,off,0.0,g040,3,0,1,108.975
rung-01000,answer,on,1.0,g040,3,0,1,120.661
rung-01000,answer,off,0.0,g040,4,0,1,112.591
rung-01000,answer,on,1.0,g040,4,0,1,121.336
rung-01000,answer,off,0.0,g040,5,0,1,107.011
rung-01000,answer,on,1.0,g040,5,0,1,119.620
rung-01000,answer,off,0.0,g040,6,0,1,108.346
rung-01000,answer,on,1.0,g040,6,0,1,122.455
rung-01000,answer,off,0.0,g040,7,0,1,108.456
rung-01000,answer,on,1.0,g040,7,0,1,120.256
rung-01000,answer,off,0.0,g040,8,0,1,108.655
rung-01000,answer,on,1.0,g040,8,0,1,120.780
rung-01000,answer,off,0.0,g040,9,0,1,107.577
rung-01000,answer,on,1.0,g040,9,0,1,120.971
rung-01000,answer,off,0.0,g041,0,1,1,104.023
rung-01000,answer,on,1.0,g041,0,1,1,124.621
rung-01000,answer,off,0.0,g041,1,1,1,101.709
rung-01000,answer,on,1.0,g041,1,1,1,121.529
rung-01000,answer,off,0.0,g041,2,1,1,99.214
rung-01000,answer,on,1.0,g041,2,1,1,119.232
rung-01000,answer,off,0.0,g041,3,0,1,100.007
rung-01000,answer,on,1.0,g041,3,0,1,119.978
rung-01000,answer,off,0.0,g041,4,0,1,98.764
rung-01000,answer,on,1.0,g041,4,0,1,119.113
rung-01000,answer,off,0.0,g041,5,0,1,100.442
rung-01000,answer,on,1.0,g041,5,0,1,119.464
rung-01000,answer,off,0.0,g041,6,0,1,99.874
rung-01000,answer,on,1.0,g041,6,0,1,119.999
rung-01000,answer,off,0.0,g041,7,0,1,100.279
rung-01000,answer,on,1.0,g041,7,0,1,118.764
rung-01000,answer,off,0.0,g041,8,0,1,98.354
rung-01000,answer,on,1.0,g041,8,0,1,119.684
rung-01000,answer,off,0.0,g041,9,0,1,99.271
rung-01000,answer,on,1.0,g041,9,0,1,119.474
rung-01000,answer,off,0.0,g042,0,1,1,104.364
rung-01000,answer,on,1.0,g042,0,1,1,113.416
rung-01000,answer,off,0.0,g042,1,1,1,102.106
rung-01000,answer,on,1.0,g042,1,1,1,111.474
rung-01000,answer,off,0.0,g042,2,1,1,104.790
rung-01000,answer,on,1.0,g042,2,1,1,115.906
rung-01000,answer,off,0.0,g042,3,0,1,132.117
rung-01000,answer,on,1.0,g042,3,0,1,115.586
rung-01000,answer,off,0.0,g042,4,0,1,105.216
rung-01000,answer,on,1.0,g042,4,0,1,118.526
rung-01000,answer,off,0.0,g042,5,0,1,108.431
rung-01000,answer,on,1.0,g042,5,0,1,112.576
rung-01000,answer,off,0.0,g042,6,0,1,101.888
rung-01000,answer,on,1.0,g042,6,0,1,112.224
rung-01000,answer,off,0.0,g042,7,0,1,104.450
rung-01000,answer,on,1.0,g042,7,0,1,114.706
rung-01000,answer,off,0.0,g042,8,0,1,104.247
rung-01000,answer,on,1.0,g042,8,0,1,113.415
rung-01000,answer,off,0.0,g042,9,0,1,101.815
rung-01000,answer,on,1.0,g042,9,0,1,111.696
rung-01000,answer,off,0.0,g043,0,1,1,109.758
rung-01000,answer,on,1.0,g043,0,1,1,123.878
rung-01000,answer,off,0.0,g043,1,1,1,109.020
rung-01000,answer,on,1.0,g043,1,1,1,123.497
rung-01000,answer,off,0.0,g043,2,1,1,109.751
rung-01000,answer,on,1.0,g043,2,1,1,123.624
rung-01000,answer,off,0.0,g043,3,0,1,109.545
rung-01000,answer,on,1.0,g043,3,0,1,122.332
rung-01000,answer,off,0.0,g043,4,0,1,109.548
rung-01000,answer,on,1.0,g043,4,0,1,122.275
rung-01000,answer,off,0.0,g043,5,0,1,109.100
rung-01000,answer,on,1.0,g043,5,0,1,121.207
rung-01000,answer,off,0.0,g043,6,0,1,109.374
rung-01000,answer,on,1.0,g043,6,0,1,121.774
rung-01000,answer,off,0.0,g043,7,0,1,110.712
rung-01000,answer,on,1.0,g043,7,0,1,123.882
rung-01000,answer,off,0.0,g043,8,0,1,111.542
rung-01000,answer,on,1.0,g043,8,0,1,123.514
rung-01000,answer,off,0.0,g043,9,0,1,109.518
rung-01000,answer,on,1.0,g043,9,0,1,124.508
rung-01000,answer,off,0.0,g044,0,1,1,108.656
rung-01000,answer,on,1.0,g044,0,1,1,119.708
rung-01000,answer,off,0.0,g044,1,1,1,108.738
rung-01000,answer,on,1.0,g044,1,1,1,118.644
rung-01000,answer,off,0.0,g044,2,1,1,108.729
rung-01000,answer,on,1.0,g044,2,1,1,117.162
rung-01000,answer,off,0.0,g044,3,0,1,108.279
rung-01000,answer,on,1.0,g044,3,0,1,118.099
rung-01000,answer,off,0.0,g044,4,0,1,107.697
rung-01000,answer,on,1.0,g044,4,0,1,119.767
rung-01000,answer,off,0.0,g044,5,0,1,106.202
rung-01000,answer,on,1.0,g044,5,0,1,116.715
rung-01000,answer,off,0.0,g044,6,0,1,107.259
rung-01000,answer,on,1.0,g044,6,0,1,120.216
rung-01000,answer,off,0.0,g044,7,0,1,107.787
rung-01000,answer,on,1.0,g044,7,0,1,118.096
rung-01000,answer,off,0.0,g044,8,0,1,108.024
rung-01000,answer,on,1.0,g044,8,0,1,118.777
rung-01000,answer,off,0.0,g044,9,0,1,108.878
rung-01000,answer,on,1.0,g044,9,0,1,117.757
rung-01000,answer,off,0.0,g045,0,1,1,97.132
rung-01000,answer,on,1.0,g045,0,1,1,121.944
rung-01000,answer,off,0.0,g045,1,1,1,97.510
rung-01000,answer,on,1.0,g045,1,1,1,120.528
rung-01000,answer,off,0.0,g045,2,1,1,99.240
rung-01000,answer,on,1.0,g045,2,1,1,120.514
rung-01000,answer,off,0.0,g045,3,0,1,99.043
rung-01000,answer,on,1.0,g045,3,0,1,121.314
rung-01000,answer,off,0.0,g045,4,0,1,98.791
rung-01000,answer,on,1.0,g045,4,0,1,121.640
rung-01000,answer,off,0.0,g045,5,0,1,99.058
rung-01000,answer,on,1.0,g045,5,0,1,119.683
rung-01000,answer,off,0.0,g045,6,0,1,97.572
rung-01000,answer,on,1.0,g045,6,0,1,119.954
rung-01000,answer,off,0.0,g045,7,0,1,97.635
rung-01000,answer,on,1.0,g045,7,0,1,119.557
rung-01000,answer,off,0.0,g045,8,0,1,96.869
rung-01000,answer,on,1.0,g045,8,0,1,120.078
rung-01000,answer,off,0.0,g045,9,0,1,99.459
rung-01000,answer,on,1.0,g045,9,0,1,121.633
rung-01000,answer,off,0.0,g046,0,1,1,102.082
rung-01000,answer,on,1.0,g046,0,1,1,115.103
rung-01000,answer,off,0.0,g046,1,1,1,101.145
rung-01000,answer,on,1.0,g046,1,1,1,114.615
rung-01000,answer,off,0.0,g046,2,1,1,100.050
rung-01000,answer,on,1.0,g046,2,1,1,114.800
rung-01000,answer,off,0.0,g046,3,0,1,100.472
rung-01000,answer,on,1.0,g046,3,0,1,113.251
rung-01000,answer,off,0.0,g046,4,0,1,100.890
rung-01000,answer,on,1.0,g046,4,0,1,114.238
rung-01000,answer,off,0.0,g046,5,0,1,100.139
rung-01000,answer,on,1.0,g046,5,0,1,113.511
rung-01000,answer,off,0.0,g046,6,0,1,100.417
rung-01000,answer,on,1.0,g046,6,0,1,112.793
rung-01000,answer,off,0.0,g046,7,0,1,99.238
rung-01000,answer,on,1.0,g046,7,0,1,113.310
rung-01000,answer,off,0.0,g046,8,0,1,99.978
rung-01000,answer,on,1.0,g046,8,0,1,112.870
rung-01000,answer,off,0.0,g046,9,0,1,100.932
rung-01000,answer,on,1.0,g046,9,0,1,114.286
rung-01000,answer,off,0.0,g047,0,1,1,95.817
rung-01000,answer,on,1.0,g047,0,1,1,104.962
rung-01000,answer,off,0.0,g047,1,1,1,95.738
rung-01000,answer,on,1.0,g047,1,1,1,103.746
rung-01000,answer,off,0.0,g047,2,1,1,98.050
rung-01000,answer,on,1.0,g047,2,1,1,106.881
rung-01000,answer,off,0.0,g047,3,0,1,97.005
rung-01000,answer,on,1.0,g047,3,0,1,104.352
rung-01000,answer,off,0.0,g047,4,0,1,95.695
rung-01000,answer,on,1.0,g047,4,0,1,102.757
rung-01000,answer,off,0.0,g047,5,0,1,95.742
rung-01000,answer,on,1.0,g047,5,0,1,104.953
rung-01000,answer,off,0.0,g047,6,0,1,96.153
rung-01000,answer,on,1.0,g047,6,0,1,105.174
rung-01000,answer,off,0.0,g047,7,0,1,95.848
rung-01000,answer,on,1.0,g047,7,0,1,103.863
rung-01000,answer,off,0.0,g047,8,0,1,95.561
rung-01000,answer,on,1.0,g047,8,0,1,103.934
rung-01000,answer,off,0.0,g047,9,0,1,96.683
rung-01000,answer,on,1.0,g047,9,0,1,103.824
rung-01000,answer,off,0.0,g048,0,1,1,109.798
rung-01000,answer,on,1.0,g048,0,1,1,122.203
rung-01000,answer,off,0.0,g048,1,1,1,110.052
rung-01000,answer,on,1.0,g048,1,1,1,121.711
rung-01000,answer,off,0.0,g048,2,1,1,110.402
rung-01000,answer,on,1.0,g048,2,1,1,122.379
rung-01000,answer,off,0.0,g048,3,0,1,110.426
rung-01000,answer,on,1.0,g048,3,0,1,124.077
rung-01000,answer,off,0.0,g048,4,0,1,108.948
rung-01000,answer,on,1.0,g048,4,0,1,124.079
rung-01000,answer,off,0.0,g048,5,0,1,109.496
rung-01000,answer,on,1.0,g048,5,0,1,123.436
rung-01000,answer,off,0.0,g048,6,0,1,107.815
rung-01000,answer,on,1.0,g048,6,0,1,123.352
rung-01000,answer,off,0.0,g048,7,0,1,108.964
rung-01000,answer,on,1.0,g048,7,0,1,121.133
rung-01000,answer,off,0.0,g048,8,0,1,108.987
rung-01000,answer,on,1.0,g048,8,0,1,123.710
rung-01000,answer,off,0.0,g048,9,0,1,110.299
rung-01000,answer,on,1.0,g048,9,0,1,121.485
rung-01000,answer,off,0.0,g049,0,1,1,101.690
rung-01000,answer,on,1.0,g049,0,1,1,122.925
rung-01000,answer,off,0.0,g049,1,1,1,103.686
rung-01000,answer,on,1.0,g049,1,1,1,121.461
rung-01000,answer,off,0.0,g049,2,1,1,103.060
rung-01000,answer,on,1.0,g049,2,1,1,120.913
rung-01000,answer,off,0.0,g049,3,0,1,103.665
rung-01000,answer,on,1.0,g049,3,0,1,121.777
rung-01000,answer,off,0.0,g049,4,0,1,103.584
rung-01000,answer,on,1.0,g049,4,0,1,123.817
rung-01000,answer,off,0.0,g049,5,0,1,104.037
rung-01000,answer,on,1.0,g049,5,0,1,121.372
rung-01000,answer,off,0.0,g049,6,0,1,101.945
rung-01000,answer,on,1.0,g049,6,0,1,119.476
rung-01000,answer,off,0.0,g049,7,0,1,102.277
rung-01000,answer,on,1.0,g049,7,0,1,120.692
rung-01000,answer,off,0.0,g049,8,0,1,102.284
rung-01000,answer,on,1.0,g049,8,0,1,121.822
rung-01000,answer,off,0.0,g049,9,0,1,102.763
rung-01000,answer,on,1.0,g049,9,0,1,121.746
rung-01000,answer,off,0.0,g050,0,1,1,106.913
rung-01000,answer,on,1.0,g050,0,1,1,119.526
rung-01000,answer,off,0.0,g050,1,1,1,107.284
rung-01000,answer,on,1.0,g050,1,1,1,119.073
rung-01000,answer,off,0.0,g050,2,1,1,106.583
rung-01000,answer,on,1.0,g050,2,1,1,119.489
rung-01000,answer,off,0.0,g050,3,0,1,107.189
rung-01000,answer,on,1.0,g050,3,0,1,120.107
rung-01000,answer,off,0.0,g050,4,0,1,108.337
rung-01000,answer,on,1.0,g050,4,0,1,119.449
rung-01000,answer,off,0.0,g050,5,0,1,109.466
rung-01000,answer,on,1.0,g050,5,0,1,121.338
rung-01000,answer,off,0.0,g050,6,0,1,110.321
rung-01000,answer,on,1.0,g050,6,0,1,121.530
rung-01000,answer,off,0.0,g050,7,0,1,107.819
rung-01000,answer,on,1.0,g050,7,0,1,121.254
rung-01000,answer,off,0.0,g050,8,0,1,108.375
rung-01000,answer,on,1.0,g050,8,0,1,122.303
rung-01000,answer,off,0.0,g050,9,0,1,107.609
rung-01000,answer,on,1.0,g050,9,0,1,119.720
rung-01000,answer,off,0.0,g051,0,1,1,104.092
rung-01000,answer,on,1.0,g051,0,1,1,119.682
rung-01000,answer,off,0.0,g051,1,1,1,101.998
rung-01000,answer,on,1.0,g051,1,1,1,119.825
rung-01000,answer,off,0.0,g051,2,1,1,100.610
rung-01000,answer,on,1.0,g051,2,1,1,119.008
rung-01000,answer,off,0.0,g051,3,0,1,101.710
rung-01000,answer,on,1.0,g051,3,0,1,119.179
rung-01000,answer,off,0.0,g051,4,0,1,101.287
rung-01000,answer,on,1.0,g051,4,0,1,119.908
rung-01000,answer,off,0.0,g051,5,0,1,101.591
rung-01000,answer,on,1.0,g051,5,0,1,118.587
rung-01000,answer,off,0.0,g051,6,0,1,100.935
rung-01000,answer,on,1.0,g051,6,0,1,120.170
rung-01000,answer,off,0.0,g051,7,0,1,106.906
rung-01000,answer,on,1.0,g051,7,0,1,120.556
rung-01000,answer,off,0.0,g051,8,0,1,100.671
rung-01000,answer,on,1.0,g051,8,0,1,118.703
rung-01000,answer,off,0.0,g051,9,0,1,100.666
rung-01000,answer,on,1.0,g051,9,0,1,118.627
rung-01000,answer,off,0.0,g052,0,1,1,110.543
rung-01000,answer,on,1.0,g052,0,1,1,126.511
rung-01000,answer,off,0.0,g052,1,1,1,109.390
rung-01000,answer,on,1.0,g052,1,1,1,127.315
rung-01000,answer,off,0.0,g052,2,1,1,109.972
rung-01000,answer,on,1.0,g052,2,1,1,127.689
rung-01000,answer,off,0.0,g052,3,0,1,109.864
rung-01000,answer,on,1.0,g052,3,0,1,127.720
rung-01000,answer,off,0.0,g052,4,0,1,110.867
rung-01000,answer,on,1.0,g052,4,0,1,128.434
rung-01000,answer,off,0.0,g052,5,0,1,112.957
rung-01000,answer,on,1.0,g052,5,0,1,128.047
rung-01000,answer,off,0.0,g052,6,0,1,111.799
rung-01000,answer,on,1.0,g052,6,0,1,128.510
rung-01000,answer,off,0.0,g052,7,0,1,112.878
rung-01000,answer,on,1.0,g052,7,0,1,131.183
rung-01000,answer,off,0.0,g052,8,0,1,113.028
rung-01000,answer,on,1.0,g052,8,0,1,128.959
rung-01000,answer,off,0.0,g052,9,0,1,111.321
rung-01000,answer,on,1.0,g052,9,0,1,127.253
rung-01000,answer,off,0.0,g053,0,1,1,100.001
rung-01000,answer,on,1.0,g053,0,1,1,109.781
rung-01000,answer,off,0.0,g053,1,1,1,99.978
rung-01000,answer,on,1.0,g053,1,1,1,108.861
rung-01000,answer,off,0.0,g053,2,1,1,100.244
rung-01000,answer,on,1.0,g053,2,1,1,107.804
rung-01000,answer,off,0.0,g053,3,0,1,97.305
rung-01000,answer,on,1.0,g053,3,0,1,109.474
rung-01000,answer,off,0.0,g053,4,0,1,100.431
rung-01000,answer,on,1.0,g053,4,0,1,108.984
rung-01000,answer,off,0.0,g053,5,0,1,99.187
rung-01000,answer,on,1.0,g053,5,0,1,107.190
rung-01000,answer,off,0.0,g053,6,0,1,97.667
rung-01000,answer,on,1.0,g053,6,0,1,106.788
rung-01000,answer,off,0.0,g053,7,0,1,96.645
rung-01000,answer,on,1.0,g053,7,0,1,107.127
rung-01000,answer,off,0.0,g053,8,0,1,96.891
rung-01000,answer,on,1.0,g053,8,0,1,106.816
rung-01000,answer,off,0.0,g053,9,0,1,97.688
rung-01000,answer,on,1.0,g053,9,0,1,108.279
rung-01000,answer,off,0.0,g054,0,1,1,103.279
rung-01000,answer,on,1.0,g054,0,1,1,110.826
rung-01000,answer,off,0.0,g054,1,1,1,101.930
rung-01000,answer,on,1.0,g054,1,1,1,110.592
rung-01000,answer,off,0.0,g054,2,1,1,103.135
rung-01000,answer,on,1.0,g054,2,1,1,111.840
rung-01000,answer,off,0.0,g054,3,0,1,103.609
rung-01000,answer,on,1.0,g054,3,0,1,113.976
rung-01000,answer,off,0.0,g054,4,0,1,104.930
rung-01000,answer,on,1.0,g054,4,0,1,114.572
rung-01000,answer,off,0.0,g054,5,0,1,104.853
rung-01000,answer,on,1.0,g054,5,0,1,111.571
rung-01000,answer,off,0.0,g054,6,0,1,103.599
rung-01000,answer,on,1.0,g054,6,0,1,111.902
rung-01000,answer,off,0.0,g054,7,0,1,103.476
rung-01000,answer,on,1.0,g054,7,0,1,110.987
rung-01000,answer,off,0.0,g054,8,0,1,101.500
rung-01000,answer,on,1.0,g054,8,0,1,110.755
rung-01000,answer,off,0.0,g054,9,0,1,104.531
rung-01000,answer,on,1.0,g054,9,0,1,111.856
rung-01000,answer,off,0.0,g055,0,1,1,111.710
rung-01000,answer,on,1.0,g055,0,1,1,123.209
rung-01000,answer,off,0.0,g055,1,1,1,110.262
rung-01000,answer,on,1.0,g055,1,1,1,121.094
rung-01000,answer,off,0.0,g055,2,1,1,109.280
rung-01000,answer,on,1.0,g055,2,1,1,120.894
rung-01000,answer,off,0.0,g055,3,0,1,109.006
rung-01000,answer,on,1.0,g055,3,0,1,121.363
rung-01000,answer,off,0.0,g055,4,0,1,108.853
rung-01000,answer,on,1.0,g055,4,0,1,120.881
rung-01000,answer,off,0.0,g055,5,0,1,109.967
rung-01000,answer,on,1.0,g055,5,0,1,120.241
rung-01000,answer,off,0.0,g055,6,0,1,108.697
rung-01000,answer,on,1.0,g055,6,0,1,122.387
rung-01000,answer,off,0.0,g055,7,0,1,109.145
rung-01000,answer,on,1.0,g055,7,0,1,120.894
rung-01000,answer,off,0.0,g055,8,0,1,108.614
rung-01000,answer,on,1.0,g055,8,0,1,121.069
rung-01000,answer,off,0.0,g055,9,0,1,108.324
rung-01000,answer,on,1.0,g055,9,0,1,120.513
rung-01000,answer,off,0.0,g056,0,1,1,103.707
rung-01000,answer,on,1.0,g056,0,1,1,113.677
rung-01000,answer,off,0.0,g056,1,1,1,101.481
rung-01000,answer,on,1.0,g056,1,1,1,112.628
rung-01000,answer,off,0.0,g056,2,1,1,102.402
rung-01000,answer,on,1.0,g056,2,1,1,112.369
rung-01000,answer,off,0.0,g056,3,0,1,101.678
rung-01000,answer,on,1.0,g056,3,0,1,113.233
rung-01000,answer,off,0.0,g056,4,0,1,102.577
rung-01000,answer,on,1.0,g056,4,0,1,113.250
rung-01000,answer,off,0.0,g056,5,0,1,102.416
rung-01000,answer,on,1.0,g056,5,0,1,112.606
rung-01000,answer,off,0.0,g056,6,0,1,102.067
rung-01000,answer,on,1.0,g056,6,0,1,113.284
rung-01000,answer,off,0.0,g056,7,0,1,102.157
rung-01000,answer,on,1.0,g056,7,0,1,112.445
rung-01000,answer,off,0.0,g056,8,0,1,102.715
rung-01000,answer,on,1.0,g056,8,0,1,112.365
rung-01000,answer,off,0.0,g056,9,0,1,104.053
rung-01000,answer,on,1.0,g056,9,0,1,113.442
rung-01000,answer,off,0.0,g057,0,1,1,105.329
rung-01000,answer,on,1.0,g057,0,1,1,121.898
rung-01000,answer,off,0.0,g057,1,1,1,103.861
rung-01000,answer,on,1.0,g057,1,1,1,122.845
rung-01000,answer,off,0.0,g057,2,1,1,104.482
rung-01000,answer,on,1.0,g057,2,1,1,124.897
rung-01000,answer,off,0.0,g057,3,0,1,105.676
rung-01000,answer,on,1.0,g057,3,0,1,123.986
rung-01000,answer,off,0.0,g057,4,0,1,105.273
rung-01000,answer,on,1.0,g057,4,0,1,123.820
rung-01000,answer,off,0.0,g057,5,0,1,104.598
rung-01000,answer,on,1.0,g057,5,0,1,127.583
rung-01000,answer,off,0.0,g057,6,0,1,104.398
rung-01000,answer,on,1.0,g057,6,0,1,123.395
rung-01000,answer,off,0.0,g057,7,0,1,104.090
rung-01000,answer,on,1.0,g057,7,0,1,124.359
rung-01000,answer,off,0.0,g057,8,0,1,105.221
rung-01000,answer,on,1.0,g057,8,0,1,122.685
rung-01000,answer,off,0.0,g057,9,0,1,105.822
rung-01000,answer,on,1.0,g057,9,0,1,123.400
rung-01000,answer,off,0.0,g058,0,1,1,112.957
rung-01000,answer,on,1.0,g058,0,1,1,123.249
rung-01000,answer,off,0.0,g058,1,1,1,114.713
rung-01000,answer,on,1.0,g058,1,1,1,124.492
rung-01000,answer,off,0.0,g058,2,1,1,116.428
rung-01000,answer,on,1.0,g058,2,1,1,123.084
rung-01000,answer,off,0.0,g058,3,0,1,114.606
rung-01000,answer,on,1.0,g058,3,0,1,132.754
rung-01000,answer,off,0.0,g058,4,0,1,117.830
rung-01000,answer,on,1.0,g058,4,0,1,125.378
rung-01000,answer,off,0.0,g058,5,0,1,114.977
rung-01000,answer,on,1.0,g058,5,0,1,126.246
rung-01000,answer,off,0.0,g058,6,0,1,116.104
rung-01000,answer,on,1.0,g058,6,0,1,124.757
rung-01000,answer,off,0.0,g058,7,0,1,113.679
rung-01000,answer,on,1.0,g058,7,0,1,126.645
rung-01000,answer,off,0.0,g058,8,0,1,116.460
rung-01000,answer,on,1.0,g058,8,0,1,125.209
rung-01000,answer,off,0.0,g058,9,0,1,115.675
rung-01000,answer,on,1.0,g058,9,0,1,125.531
rung-01000,answer,off,0.0,g059,0,1,1,107.285
rung-01000,answer,on,1.0,g059,0,1,1,127.145
rung-01000,answer,off,0.0,g059,1,1,1,105.240
rung-01000,answer,on,1.0,g059,1,1,1,127.500
rung-01000,answer,off,0.0,g059,2,1,1,106.194
rung-01000,answer,on,1.0,g059,2,1,1,127.572
rung-01000,answer,off,0.0,g059,3,0,1,106.146
rung-01000,answer,on,1.0,g059,3,0,1,128.639
rung-01000,answer,off,0.0,g059,4,0,1,106.542
rung-01000,answer,on,1.0,g059,4,0,1,127.291
rung-01000,answer,off,0.0,g059,5,0,1,107.099
rung-01000,answer,on,1.0,g059,5,0,1,129.628
rung-01000,answer,off,0.0,g059,6,0,1,107.969
rung-01000,answer,on,1.0,g059,6,0,1,126.664
rung-01000,answer,off,0.0,g059,7,0,1,107.348
rung-01000,answer,on,1.0,g059,7,0,1,154.543
rung-01000,answer,off,0.0,g059,8,0,1,105.129
rung-01000,answer,on,1.0,g059,8,0,1,127.955
rung-01000,answer,off,0.0,g059,9,0,1,105.867
rung-01000,answer,on,1.0,g059,9,0,1,125.730
rung-01000,answer,off,0.0,g060,0,1,1,108.007
rung-01000,answer,on,1.0,g060,0,1,1,123.344
rung-01000,answer,off,0.0,g060,1,1,1,110.938
rung-01000,answer,on,1.0,g060,1,1,1,119.256
rung-01000,answer,off,0.0,g060,2,1,1,107.609
rung-01000,answer,on,1.0,g060,2,1,1,122.685
rung-01000,answer,off,0.0,g060,3,0,1,110.133
rung-01000,answer,on,1.0,g060,3,0,1,122.157
rung-01000,answer,off,0.0,g060,4,0,1,107.154
rung-01000,answer,on,1.0,g060,4,0,1,118.283
rung-01000,answer,off,0.0,g060,5,0,1,106.331
rung-01000,answer,on,1.0,g060,5,0,1,120.729
rung-01000,answer,off,0.0,g060,6,0,1,109.849
rung-01000,answer,on,1.0,g060,6,0,1,122.663
rung-01000,answer,off,0.0,g060,7,0,1,108.291
rung-01000,answer,on,1.0,g060,7,0,1,118.476
rung-01000,answer,off,0.0,g060,8,0,1,108.517
rung-01000,answer,on,1.0,g060,8,0,1,120.448
rung-01000,answer,off,0.0,g060,9,0,1,107.603
rung-01000,answer,on,1.0,g060,9,0,1,119.529
rung-01000,answer,off,0.0,g061,0,1,1,100.097
rung-01000,answer,on,1.0,g061,0,1,1,106.430
rung-01000,answer,off,0.0,g061,1,1,1,99.589
rung-01000,answer,on,1.0,g061,1,1,1,103.477
rung-01000,answer,off,0.0,g061,2,1,1,96.951
rung-01000,answer,on,1.0,g061,2,1,1,101.745
rung-01000,answer,off,0.0,g061,3,0,1,97.071
rung-01000,answer,on,1.0,g061,3,0,1,101.554
rung-01000,answer,off,0.0,g061,4,0,1,96.005
rung-01000,answer,on,1.0,g061,4,0,1,101.492
rung-01000,answer,off,0.0,g061,5,0,1,96.962
rung-01000,answer,on,1.0,g061,5,0,1,101.431
rung-01000,answer,off,0.0,g061,6,0,1,99.746
rung-01000,answer,on,1.0,g061,6,0,1,104.976
rung-01000,answer,off,0.0,g061,7,0,1,97.569
rung-01000,answer,on,1.0,g061,7,0,1,104.038
rung-01000,answer,off,0.0,g061,8,0,1,100.317
rung-01000,answer,on,1.0,g061,8,0,1,104.343
rung-01000,answer,off,0.0,g061,9,0,1,97.549
rung-01000,answer,on,1.0,g061,9,0,1,100.431
rung-01000,answer,off,0.0,g062,0,1,1,114.822
rung-01000,answer,on,1.0,g062,0,1,1,135.715
rung-01000,answer,off,0.0,g062,1,1,1,114.936
rung-01000,answer,on,1.0,g062,1,1,1,132.942
rung-01000,answer,off,0.0,g062,2,1,1,113.338
rung-01000,answer,on,1.0,g062,2,1,1,130.498
rung-01000,answer,off,0.0,g062,3,0,1,113.751
rung-01000,answer,on,1.0,g062,3,0,1,130.376
rung-01000,answer,off,0.0,g062,4,0,1,113.516
rung-01000,answer,on,1.0,g062,4,0,1,131.248
rung-01000,answer,off,0.0,g062,5,0,1,113.931
rung-01000,answer,on,1.0,g062,5,0,1,132.788
rung-01000,answer,off,0.0,g062,6,0,1,115.026
rung-01000,answer,on,1.0,g062,6,0,1,131.155
rung-01000,answer,off,0.0,g062,7,0,1,113.270
rung-01000,answer,on,1.0,g062,7,0,1,130.546
rung-01000,answer,off,0.0,g062,8,0,1,114.004
rung-01000,answer,on,1.0,g062,8,0,1,132.503
rung-01000,answer,off,0.0,g062,9,0,1,116.317
rung-01000,answer,on,1.0,g062,9,0,1,169.824
rung-01000,answer,off,0.0,g063,0,1,1,110.083
rung-01000,answer,on,1.0,g063,0,1,1,134.747
rung-01000,answer,off,0.0,g063,1,1,1,110.224
rung-01000,answer,on,1.0,g063,1,1,1,141.595
rung-01000,answer,off,0.0,g063,2,1,1,110.127
rung-01000,answer,on,1.0,g063,2,1,1,138.138
rung-01000,answer,off,0.0,g063,3,0,1,109.855
rung-01000,answer,on,1.0,g063,3,0,1,134.712
rung-01000,answer,off,0.0,g063,4,0,1,110.093
rung-01000,answer,on,1.0,g063,4,0,1,136.397
rung-01000,answer,off,0.0,g063,5,0,1,109.667
rung-01000,answer,on,1.0,g063,5,0,1,133.757
rung-01000,answer,off,0.0,g063,6,0,1,109.604
rung-01000,answer,on,1.0,g063,6,0,1,135.492
rung-01000,answer,off,0.0,g063,7,0,1,114.980
rung-01000,answer,on,1.0,g063,7,0,1,139.010
rung-01000,answer,off,0.0,g063,8,0,1,111.646
rung-01000,answer,on,1.0,g063,8,0,1,138.336
rung-01000,answer,off,0.0,g063,9,0,1,111.588
rung-01000,answer,on,1.0,g063,9,0,1,135.137
rung-01000,answer,off,0.0,g064,0,1,1,109.213
rung-01000,answer,on,1.0,g064,0,1,1,120.694
rung-01000,answer,off,0.0,g064,1,1,1,106.579
rung-01000,answer,on,1.0,g064,1,1,1,119.373
rung-01000,answer,off,0.0,g064,2,1,1,108.200
rung-01000,answer,on,1.0,g064,2,1,1,124.285
rung-01000,answer,off,0.0,g064,3,0,1,112.054
rung-01000,answer,on,1.0,g064,3,0,1,125.476
rung-01000,answer,off,0.0,g064,4,0,1,108.577
rung-01000,answer,on,1.0,g064,4,0,1,121.697
rung-01000,answer,off,0.0,g064,5,0,1,112.208
rung-01000,answer,on,1.0,g064,5,0,1,127.432
rung-01000,answer,off,0.0,g064,6,0,1,115.425
rung-01000,answer,on,1.0,g064,6,0,1,125.661
rung-01000,answer,off,0.0,g064,7,0,1,109.470
rung-01000,answer,on,1.0,g064,7,0,1,121.029
rung-01000,answer,off,0.0,g064,8,0,1,106.466
rung-01000,answer,on,1.0,g064,8,0,1,124.383
rung-01000,answer,off,0.0,g064,9,0,1,106.544
rung-01000,answer,on,1.0,g064,9,0,1,122.649
rung-01000,answer,off,0.0,g065,0,1,1,115.012
rung-01000,answer,on,1.0,g065,0,1,1,134.999
rung-01000,answer,off,0.0,g065,1,1,1,113.184
rung-01000,answer,on,1.0,g065,1,1,1,168.684
rung-01000,answer,off,0.0,g065,2,1,1,154.205
rung-01000,answer,on,1.0,g065,2,1,1,149.315
rung-01000,answer,off,0.0,g065,3,0,1,120.955
rung-01000,answer,on,1.0,g065,3,0,1,139.354
rung-01000,answer,off,0.0,g065,4,0,1,116.504
rung-01000,answer,on,1.0,g065,4,0,1,141.104
rung-01000,answer,off,0.0,g065,5,0,1,116.624
rung-01000,answer,on,1.0,g065,5,0,1,138.460
rung-01000,answer,off,0.0,g065,6,0,1,119.117
rung-01000,answer,on,1.0,g065,6,0,1,139.883
rung-01000,answer,off,0.0,g065,7,0,1,116.796
rung-01000,answer,on,1.0,g065,7,0,1,142.631
rung-01000,answer,off,0.0,g065,8,0,1,118.133
rung-01000,answer,on,1.0,g065,8,0,1,141.436
rung-01000,answer,off,0.0,g065,9,0,1,119.144
rung-01000,answer,on,1.0,g065,9,0,1,143.644
rung-01000,answer,off,0.0,g066,0,1,1,112.657
rung-01000,answer,on,1.0,g066,0,1,1,118.174
rung-01000,answer,off,0.0,g066,1,1,1,110.800
rung-01000,answer,on,1.0,g066,1,1,1,119.788
rung-01000,answer,off,0.0,g066,2,1,1,107.169
rung-01000,answer,on,1.0,g066,2,1,1,116.458
rung-01000,answer,off,0.0,g066,3,0,1,108.093
rung-01000,answer,on,1.0,g066,3,0,1,115.277
rung-01000,answer,off,0.0,g066,4,0,1,106.947
rung-01000,answer,on,1.0,g066,4,0,1,115.246
rung-01000,answer,off,0.0,g066,5,0,1,104.762
rung-01000,answer,on,1.0,g066,5,0,1,112.985
rung-01000,answer,off,0.0,g066,6,0,1,106.105
rung-01000,answer,on,1.0,g066,6,0,1,113.472
rung-01000,answer,off,0.0,g066,7,0,1,132.890
rung-01000,answer,on,1.0,g066,7,0,1,125.289
rung-01000,answer,off,0.0,g066,8,0,1,110.498
rung-01000,answer,on,1.0,g066,8,0,1,114.993
rung-01000,answer,off,0.0,g066,9,0,1,107.165
rung-01000,answer,on,1.0,g066,9,0,1,135.990
rung-01000,answer,off,0.0,g067,0,1,1,106.779
rung-01000,answer,on,1.0,g067,0,1,1,113.267
rung-01000,answer,off,0.0,g067,1,1,1,98.869
rung-01000,answer,on,1.0,g067,1,1,1,110.771
rung-01000,answer,off,0.0,g067,2,1,1,100.459
rung-01000,answer,on,1.0,g067,2,1,1,109.273
rung-01000,answer,off,0.0,g067,3,0,1,99.076
rung-01000,answer,on,1.0,g067,3,0,1,112.479
rung-01000,answer,off,0.0,g067,4,0,1,99.999
rung-01000,answer,on,1.0,g067,4,0,1,110.574
rung-01000,answer,off,0.0,g067,5,0,1,100.509
rung-01000,answer,on,1.0,g067,5,0,1,110.423
rung-01000,answer,off,0.0,g067,6,0,1,98.739
rung-01000,answer,on,1.0,g067,6,0,1,111.461
rung-01000,answer,off,0.0,g067,7,0,1,98.502
rung-01000,answer,on,1.0,g067,7,0,1,110.318
rung-01000,answer,off,0.0,g067,8,0,1,99.789
rung-01000,answer,on,1.0,g067,8,0,1,111.293
rung-01000,answer,off,0.0,g067,9,0,1,99.238
rung-01000,answer,on,1.0,g067,9,0,1,109.265
rung-01000,answer,off,0.0,g068,0,1,1,108.375
rung-01000,answer,on,1.0,g068,0,1,1,129.392
rung-01000,answer,off,0.0,g068,1,1,1,107.155
rung-01000,answer,on,1.0,g068,1,1,1,128.768
rung-01000,answer,off,0.0,g068,2,1,1,106.955
rung-01000,answer,on,1.0,g068,2,1,1,127.657
rung-01000,answer,off,0.0,g068,3,0,1,107.458
rung-01000,answer,on,1.0,g068,3,0,1,126.464
rung-01000,answer,off,0.0,g068,4,0,1,108.641
rung-01000,answer,on,1.0,g068,4,0,1,127.152
rung-01000,answer,off,0.0,g068,5,0,1,107.656
rung-01000,answer,on,1.0,g068,5,0,1,127.714
rung-01000,answer,off,0.0,g068,6,0,1,108.018
rung-01000,answer,on,1.0,g068,6,0,1,126.103
rung-01000,answer,off,0.0,g068,7,0,1,112.056
rung-01000,answer,on,1.0,g068,7,0,1,138.549
rung-01000,answer,off,0.0,g068,8,0,1,107.390
rung-01000,answer,on,1.0,g068,8,0,1,126.750
rung-01000,answer,off,0.0,g068,9,0,1,107.224
rung-01000,answer,on,1.0,g068,9,0,1,126.569
rung-01000,answer,off,0.0,g069,0,1,1,112.518
rung-01000,answer,on,1.0,g069,0,1,1,138.524
rung-01000,answer,off,0.0,g069,1,1,1,108.713
rung-01000,answer,on,1.0,g069,1,1,1,126.946
rung-01000,answer,off,0.0,g069,2,1,1,106.716
rung-01000,answer,on,1.0,g069,2,1,1,127.944
rung-01000,answer,off,0.0,g069,3,0,1,106.856
rung-01000,answer,on,1.0,g069,3,0,1,125.708
rung-01000,answer,off,0.0,g069,4,0,1,109.570
rung-01000,answer,on,1.0,g069,4,0,1,125.936
rung-01000,answer,off,0.0,g069,5,0,1,108.868
rung-01000,answer,on,1.0,g069,5,0,1,127.124
rung-01000,answer,off,0.0,g069,6,0,1,110.479
rung-01000,answer,on,1.0,g069,6,0,1,125.673
rung-01000,answer,off,0.0,g069,7,0,1,106.224
rung-01000,answer,on,1.0,g069,7,0,1,125.852
rung-01000,answer,off,0.0,g069,8,0,1,107.505
rung-01000,answer,on,1.0,g069,8,0,1,125.603
rung-01000,answer,off,0.0,g069,9,0,1,106.728
rung-01000,answer,on,1.0,g069,9,0,1,126.754
rung-01000,answer,off,0.0,g070,0,1,1,106.389
rung-01000,answer,on,1.0,g070,0,1,1,122.467
rung-01000,answer,off,0.0,g070,1,1,1,105.832
rung-01000,answer,on,1.0,g070,1,1,1,120.297
rung-01000,answer,off,0.0,g070,2,1,1,105.383
rung-01000,answer,on,1.0,g070,2,1,1,117.536
rung-01000,answer,off,0.0,g070,3,0,1,105.644
rung-01000,answer,on,1.0,g070,3,0,1,117.524
rung-01000,answer,off,0.0,g070,4,0,1,106.783
rung-01000,answer,on,1.0,g070,4,0,1,118.646
rung-01000,answer,off,0.0,g070,5,0,1,104.726
rung-01000,answer,on,1.0,g070,5,0,1,119.673
rung-01000,answer,off,0.0,g070,6,0,1,105.502
rung-01000,answer,on,1.0,g070,6,0,1,117.141
rung-01000,answer,off,0.0,g070,7,0,1,105.604
rung-01000,answer,on,1.0,g070,7,0,1,119.200
rung-01000,answer,off,0.0,g070,8,0,1,104.572
rung-01000,answer,on,1.0,g070,8,0,1,119.093
rung-01000,answer,off,0.0,g070,9,0,1,106.388
rung-01000,answer,on,1.0,g070,9,0,1,119.696
rung-01000,answer,off,0.0,g071,0,1,1,110.352
rung-01000,answer,on,1.0,g071,0,1,1,133.488
rung-01000,answer,off,0.0,g071,1,1,1,109.315
rung-01000,answer,on,1.0,g071,1,1,1,133.072
rung-01000,answer,off,0.0,g071,2,1,1,110.196
rung-01000,answer,on,1.0,g071,2,1,1,132.290
rung-01000,answer,off,0.0,g071,3,0,1,108.981
rung-01000,answer,on,1.0,g071,3,0,1,132.655
rung-01000,answer,off,0.0,g071,4,0,1,109.604
rung-01000,answer,on,1.0,g071,4,0,1,130.722
rung-01000,answer,off,0.0,g071,5,0,1,110.792
rung-01000,answer,on,1.0,g071,5,0,1,132.056
rung-01000,answer,off,0.0,g071,6,0,1,109.352
rung-01000,answer,on,1.0,g071,6,0,1,133.789
rung-01000,answer,off,0.0,g071,7,0,1,109.890
rung-01000,answer,on,1.0,g071,7,0,1,132.278
rung-01000,answer,off,0.0,g071,8,0,1,109.079
rung-01000,answer,on,1.0,g071,8,0,1,131.978
rung-01000,answer,off,0.0,g071,9,0,1,109.705
rung-01000,answer,on,1.0,g071,9,0,1,132.362
rung-01000,answer,off,0.0,g072,0,1,1,99.617
rung-01000,answer,on,1.0,g072,0,1,1,109.723
rung-01000,answer,off,0.0,g072,1,1,1,100.178
rung-01000,answer,on,1.0,g072,1,1,1,109.402
rung-01000,answer,off,0.0,g072,2,1,1,98.720
rung-01000,answer,on,1.0,g072,2,1,1,108.785
rung-01000,answer,off,0.0,g072,3,0,1,98.692
rung-01000,answer,on,1.0,g072,3,0,1,109.784
rung-01000,answer,off,0.0,g072,4,0,1,98.934
rung-01000,answer,on,1.0,g072,4,0,1,107.977
rung-01000,answer,off,0.0,g072,5,0,1,98.437
rung-01000,answer,on,1.0,g072,5,0,1,110.203
rung-01000,answer,off,0.0,g072,6,0,1,100.288
rung-01000,answer,on,1.0,g072,6,0,1,109.494
rung-01000,answer,off,0.0,g072,7,0,1,98.327
rung-01000,answer,on,1.0,g072,7,0,1,108.677
rung-01000,answer,off,0.0,g072,8,0,1,100.528
rung-01000,answer,on,1.0,g072,8,0,1,108.890
rung-01000,answer,off,0.0,g072,9,0,1,97.276
rung-01000,answer,on,1.0,g072,9,0,1,109.561
rung-01000,answer,off,0.0,g073,0,1,1,111.287
rung-01000,answer,on,1.0,g073,0,1,1,124.905
rung-01000,answer,off,0.0,g073,1,1,1,110.231
rung-01000,answer,on,1.0,g073,1,1,1,124.028
rung-01000,answer,off,0.0,g073,2,1,1,111.498
rung-01000,answer,on,1.0,g073,2,1,1,124.682
rung-01000,answer,off,0.0,g073,3,0,1,111.659
rung-01000,answer,on,1.0,g073,3,0,1,123.980
rung-01000,answer,off,0.0,g073,4,0,1,110.028
rung-01000,answer,on,1.0,g073,4,0,1,125.959
rung-01000,answer,off,0.0,g073,5,0,1,110.443
rung-01000,answer,on,1.0,g073,5,0,1,125.296
rung-01000,answer,off,0.0,g073,6,0,1,109.998
rung-01000,answer,on,1.0,g073,6,0,1,125.080
rung-01000,answer,off,0.0,g073,7,0,1,111.345
rung-01000,answer,on,1.0,g073,7,0,1,123.469
rung-01000,answer,off,0.0,g073,8,0,1,111.266
rung-01000,answer,on,1.0,g073,8,0,1,123.617
rung-01000,answer,off,0.0,g073,9,0,1,111.675
rung-01000,answer,on,1.0,g073,9,0,1,123.498
rung-01000,answer,off,0.0,g074,0,1,1,105.417
rung-01000,answer,on,1.0,g074,0,1,1,119.117
rung-01000,answer,off,0.0,g074,1,1,1,104.550
rung-01000,answer,on,1.0,g074,1,1,1,116.410
rung-01000,answer,off,0.0,g074,2,1,1,103.372
rung-01000,answer,on,1.0,g074,2,1,1,117.487
rung-01000,answer,off,0.0,g074,3,0,1,104.239
rung-01000,answer,on,1.0,g074,3,0,1,116.853
rung-01000,answer,off,0.0,g074,4,0,1,103.851
rung-01000,answer,on,1.0,g074,4,0,1,118.151
rung-01000,answer,off,0.0,g074,5,0,1,103.281
rung-01000,answer,on,1.0,g074,5,0,1,116.741
rung-01000,answer,off,0.0,g074,6,0,1,105.125
rung-01000,answer,on,1.0,g074,6,0,1,116.663
rung-01000,answer,off,0.0,g074,7,0,1,104.300
rung-01000,answer,on,1.0,g074,7,0,1,118.403
rung-01000,answer,off,0.0,g074,8,0,1,104.700
rung-01000,answer,on,1.0,g074,8,0,1,116.756
rung-01000,answer,off,0.0,g074,9,0,1,104.432
rung-01000,answer,on,1.0,g074,9,0,1,118.159
rung-01000,answer,off,0.0,g075,0,1,1,94.414
rung-01000,answer,on,1.0,g075,0,1,1,116.217
rung-01000,answer,off,0.0,g075,1,1,1,98.522
rung-01000,answer,on,1.0,g075,1,1,1,122.430
rung-01000,answer,off,0.0,g075,2,1,1,100.773
rung-01000,answer,on,1.0,g075,2,1,1,120.024
rung-01000,answer,off,0.0,g075,3,0,1,97.645
rung-01000,answer,on,1.0,g075,3,0,1,114.836
rung-01000,answer,off,0.0,g075,4,0,1,94.589
rung-01000,answer,on,1.0,g075,4,0,1,114.619
rung-01000,answer,off,0.0,g075,5,0,1,96.120
rung-01000,answer,on,1.0,g075,5,0,1,115.642
rung-01000,answer,off,0.0,g075,6,0,1,96.753
rung-01000,answer,on,1.0,g075,6,0,1,117.052
rung-01000,answer,off,0.0,g075,7,0,1,96.024
rung-01000,answer,on,1.0,g075,7,0,1,114.436
rung-01000,answer,off,0.0,g075,8,0,1,105.666
rung-01000,answer,on,1.0,g075,8,0,1,125.996
rung-01000,answer,off,0.0,g075,9,0,1,102.220
rung-01000,answer,on,1.0,g075,9,0,1,118.121
rung-01000,answer,off,0.0,g076,0,1,1,111.081
rung-01000,answer,on,1.0,g076,0,1,1,125.392
rung-01000,answer,off,0.0,g076,1,1,1,112.533
rung-01000,answer,on,1.0,g076,1,1,1,130.393
rung-01000,answer,off,0.0,g076,2,1,1,114.342
rung-01000,answer,on,1.0,g076,2,1,1,123.193
rung-01000,answer,off,0.0,g076,3,0,1,110.621
rung-01000,answer,on,1.0,g076,3,0,1,123.974
rung-01000,answer,off,0.0,g076,4,0,1,112.776
rung-01000,answer,on,1.0,g076,4,0,1,122.134
rung-01000,answer,off,0.0,g076,5,0,1,112.149
rung-01000,answer,on,1.0,g076,5,0,1,123.455
rung-01000,answer,off,0.0,g076,6,0,1,111.638
rung-01000,answer,on,1.0,g076,6,0,1,122.678
rung-01000,answer,off,0.0,g076,7,0,1,112.991
rung-01000,answer,on,1.0,g076,7,0,1,123.610
rung-01000,answer,off,0.0,g076,8,0,1,113.623
rung-01000,answer,on,1.0,g076,8,0,1,148.590
rung-01000,answer,off,0.0,g076,9,0,1,114.578
rung-01000,answer,on,1.0,g076,9,0,1,123.886
rung-01000,answer,off,0.0,g077,0,1,1,104.133
rung-01000,answer,on,1.0,g077,0,1,1,124.570
rung-01000,answer,off,0.0,g077,1,1,1,102.731
rung-01000,answer,on,1.0,g077,1,1,1,122.582
rung-01000,answer,off,0.0,g077,2,1,1,103.984
rung-01000,answer,on,1.0,g077,2,1,1,120.899
rung-01000,answer,off,0.0,g077,3,0,1,104.122
rung-01000,answer,on,1.0,g077,3,0,1,120.640
rung-01000,answer,off,0.0,g077,4,0,1,103.041
rung-01000,answer,on,1.0,g077,4,0,1,122.583
rung-01000,answer,off,0.0,g077,5,0,1,104.493
rung-01000,answer,on,1.0,g077,5,0,1,121.048
rung-01000,answer,off,0.0,g077,6,0,1,103.791
rung-01000,answer,on,1.0,g077,6,0,1,121.997
rung-01000,answer,off,0.0,g077,7,0,1,105.257
rung-01000,answer,on,1.0,g077,7,0,1,120.998
rung-01000,answer,off,0.0,g077,8,0,1,104.123
rung-01000,answer,on,1.0,g077,8,0,1,124.249
rung-01000,answer,off,0.0,g077,9,0,1,108.742
rung-01000,answer,on,1.0,g077,9,0,1,121.537
rung-01000,answer,off,0.0,g078,0,1,1,106.878
rung-01000,answer,on,1.0,g078,0,1,1,125.026
rung-01000,answer,off,0.0,g078,1,1,1,106.879
rung-01000,answer,on,1.0,g078,1,1,1,120.806
rung-01000,answer,off,0.0,g078,2,1,1,106.718
rung-01000,answer,on,1.0,g078,2,1,1,123.383
rung-01000,answer,off,0.0,g078,3,0,1,106.378
rung-01000,answer,on,1.0,g078,3,0,1,122.973
rung-01000,answer,off,0.0,g078,4,0,1,105.015
rung-01000,answer,on,1.0,g078,4,0,1,146.906
rung-01000,answer,off,0.0,g078,5,0,1,110.340
rung-01000,answer,on,1.0,g078,5,0,1,121.208
rung-01000,answer,off,0.0,g078,6,0,1,107.402
rung-01000,answer,on,1.0,g078,6,0,1,120.966
rung-01000,answer,off,0.0,g078,7,0,1,106.841
rung-01000,answer,on,1.0,g078,7,0,1,121.678
rung-01000,answer,off,0.0,g078,8,0,1,106.444
rung-01000,answer,on,1.0,g078,8,0,1,122.185
rung-01000,answer,off,0.0,g078,9,0,1,105.325
rung-01000,answer,on,1.0,g078,9,0,1,121.988
rung-01000,answer,off,0.0,g079,0,1,1,100.541
rung-01000,answer,on,1.0,g079,0,1,1,117.942
rung-01000,answer,off,0.0,g079,1,1,1,107.564
rung-01000,answer,on,1.0,g079,1,1,1,123.992
rung-01000,answer,off,0.0,g079,2,1,1,101.601
rung-01000,answer,on,1.0,g079,2,1,1,117.354
rung-01000,answer,off,0.0,g079,3,0,1,100.398
rung-01000,answer,on,1.0,g079,3,0,1,121.692
rung-01000,answer,off,0.0,g079,4,0,1,106.766
rung-01000,answer,on,1.0,g079,4,0,1,119.602
rung-01000,answer,off,0.0,g079,5,0,1,100.631
rung-01000,answer,on,1.0,g079,5,0,1,122.044
rung-01000,answer,off,0.0,g079,6,0,1,105.828
rung-01000,answer,on,1.0,g079,6,0,1,120.221
rung-01000,answer,off,0.0,g079,7,0,1,100.810
rung-01000,answer,on,1.0,g079,7,0,1,124.774
rung-01000,answer,off,0.0,g079,8,0,1,107.084
rung-01000,answer,on,1.0,g079,8,0,1,127.810
rung-01000,answer,off,0.0,g079,9,0,1,107.111
rung-01000,answer,on,1.0,g079,9,0,1,127.275
rung-01000,answer,off,0.0,g080,0,1,1,118.761
rung-01000,answer,on,1.0,g080,0,1,1,138.603
rung-01000,answer,off,0.0,g080,1,1,1,117.420
rung-01000,answer,on,1.0,g080,1,1,1,138.158
rung-01000,answer,off,0.0,g080,2,1,1,117.133
rung-01000,answer,on,1.0,g080,2,1,1,135.061
rung-01000,answer,off,0.0,g080,3,0,1,109.296
rung-01000,answer,on,1.0,g080,3,0,1,166.595
rung-01000,answer,off,0.0,g080,4,0,1,114.817
rung-01000,answer,on,1.0,g080,4,0,1,131.238
rung-01000,answer,off,0.0,g080,5,0,1,109.272
rung-01000,answer,on,1.0,g080,5,0,1,131.561
rung-01000,answer,off,0.0,g080,6,0,1,111.723
rung-01000,answer,on,1.0,g080,6,0,1,130.823
rung-01000,answer,off,0.0,g080,7,0,1,109.161
rung-01000,answer,on,1.0,g080,7,0,1,130.239
rung-01000,answer,off,0.0,g080,8,0,1,111.798
rung-01000,answer,on,1.0,g080,8,0,1,131.941
rung-01000,answer,off,0.0,g080,9,0,1,110.864
rung-01000,answer,on,1.0,g080,9,0,1,131.893
rung-01000,answer,off,0.0,g081,0,1,1,112.141
rung-01000,answer,on,1.0,g081,0,1,1,128.686
rung-01000,answer,off,0.0,g081,1,1,1,115.826
rung-01000,answer,on,1.0,g081,1,1,1,128.668
rung-01000,answer,off,0.0,g081,2,1,1,117.166
rung-01000,answer,on,1.0,g081,2,1,1,127.343
rung-01000,answer,off,0.0,g081,3,0,1,111.627
rung-01000,answer,on,1.0,g081,3,0,1,123.603
rung-01000,answer,off,0.0,g081,4,0,1,112.166
rung-01000,answer,on,1.0,g081,4,0,1,129.127
rung-01000,answer,off,0.0,g081,5,0,1,111.904
rung-01000,answer,on,1.0,g081,5,0,1,123.947
rung-01000,answer,off,0.0,g081,6,0,1,111.622
rung-01000,answer,on,1.0,g081,6,0,1,124.411
rung-01000,answer,off,0.0,g081,7,0,1,113.645
rung-01000,answer,on,1.0,g081,7,0,1,126.202
rung-01000,answer,off,0.0,g081,8,0,1,112.519
rung-01000,answer,on,1.0,g081,8,0,1,124.585
rung-01000,answer,off,0.0,g081,9,0,1,112.755
rung-01000,answer,on,1.0,g081,9,0,1,123.041
rung-01000,answer,off,0.0,g082,0,1,1,106.347
rung-01000,answer,on,1.0,g082,0,1,1,121.524
rung-01000,answer,off,0.0,g082,1,1,1,106.383
rung-01000,answer,on,1.0,g082,1,1,1,123.171
rung-01000,answer,off,0.0,g082,2,1,1,106.333
rung-01000,answer,on,1.0,g082,2,1,1,121.961
rung-01000,answer,off,0.0,g082,3,0,1,106.070
rung-01000,answer,on,1.0,g082,3,0,1,122.409
rung-01000,answer,off,0.0,g082,4,0,1,106.513
rung-01000,answer,on,1.0,g082,4,0,1,123.375
rung-01000,answer,off,0.0,g082,5,0,1,105.743
rung-01000,answer,on,1.0,g082,5,0,1,122.205
rung-01000,answer,off,0.0,g082,6,0,1,105.032
rung-01000,answer,on,1.0,g082,6,0,1,122.303
rung-01000,answer,off,0.0,g082,7,0,1,106.140
rung-01000,answer,on,1.0,g082,7,0,1,122.244
rung-01000,answer,off,0.0,g082,8,0,1,105.351
rung-01000,answer,on,1.0,g082,8,0,1,122.393
rung-01000,answer,off,0.0,g082,9,0,1,106.806
rung-01000,answer,on,1.0,g082,9,0,1,121.582
rung-01000,answer,off,0.0,g083,0,1,1,107.234
rung-01000,answer,on,1.0,g083,0,1,1,114.556
rung-01000,answer,off,0.0,g083,1,1,1,104.265
rung-01000,answer,on,1.0,g083,1,1,1,113.150
rung-01000,answer,off,0.0,g083,2,1,1,106.426
rung-01000,answer,on,1.0,g083,2,1,1,113.323
rung-01000,answer,off,0.0,g083,3,0,1,104.791
rung-01000,answer,on,1.0,g083,3,0,1,112.786
rung-01000,answer,off,0.0,g083,4,0,1,138.216
rung-01000,answer,on,1.0,g083,4,0,1,121.653
rung-01000,answer,off,0.0,g083,5,0,1,108.531
rung-01000,answer,on,1.0,g083,5,0,1,112.607
rung-01000,answer,off,0.0,g083,6,0,1,105.164
rung-01000,answer,on,1.0,g083,6,0,1,114.465
rung-01000,answer,off,0.0,g083,7,0,1,104.697
rung-01000,answer,on,1.0,g083,7,0,1,113.095
rung-01000,answer,off,0.0,g083,8,0,1,105.784
rung-01000,answer,on,1.0,g083,8,0,1,113.526
rung-01000,answer,off,0.0,g083,9,0,1,105.243
rung-01000,answer,on,1.0,g083,9,0,1,113.013
rung-01000,answer,off,0.0,g084,0,1,1,104.811
rung-01000,answer,on,1.0,g084,0,1,1,122.136
rung-01000,answer,off,0.0,g084,1,1,1,104.824
rung-01000,answer,on,1.0,g084,1,1,1,118.863
rung-01000,answer,off,0.0,g084,2,1,1,106.932
rung-01000,answer,on,1.0,g084,2,1,1,119.510
rung-01000,answer,off,0.0,g084,3,0,1,104.730
rung-01000,answer,on,1.0,g084,3,0,1,119.277
rung-01000,answer,off,0.0,g084,4,0,1,105.281
rung-01000,answer,on,1.0,g084,4,0,1,118.249
rung-01000,answer,off,0.0,g084,5,0,1,109.239
rung-01000,answer,on,1.0,g084,5,0,1,118.334
rung-01000,answer,off,0.0,g084,6,0,1,103.277
rung-01000,answer,on,1.0,g084,6,0,1,117.253
rung-01000,answer,off,0.0,g084,7,0,1,103.378
rung-01000,answer,on,1.0,g084,7,0,1,117.542
rung-01000,answer,off,0.0,g084,8,0,1,104.203
rung-01000,answer,on,1.0,g084,8,0,1,118.651
rung-01000,answer,off,0.0,g084,9,0,1,104.454
rung-01000,answer,on,1.0,g084,9,0,1,118.655
rung-01000,answer,off,0.0,g085,0,1,1,104.013
rung-01000,answer,on,1.0,g085,0,1,1,128.807
rung-01000,answer,off,0.0,g085,1,1,1,104.160
rung-01000,answer,on,1.0,g085,1,1,1,129.524
rung-01000,answer,off,0.0,g085,2,1,1,104.675
rung-01000,answer,on,1.0,g085,2,1,1,129.325
rung-01000,answer,off,0.0,g085,3,0,1,103.192
rung-01000,answer,on,1.0,g085,3,0,1,127.507
rung-01000,answer,off,0.0,g085,4,0,1,103.142
rung-01000,answer,on,1.0,g085,4,0,1,129.619
rung-01000,answer,off,0.0,g085,5,0,1,101.941
rung-01000,answer,on,1.0,g085,5,0,1,127.616
rung-01000,answer,off,0.0,g085,6,0,1,103.224
rung-01000,answer,on,1.0,g085,6,0,1,129.653
rung-01000,answer,off,0.0,g085,7,0,1,103.116
rung-01000,answer,on,1.0,g085,7,0,1,128.289
rung-01000,answer,off,0.0,g085,8,0,1,105.340
rung-01000,answer,on,1.0,g085,8,0,1,134.362
rung-01000,answer,off,0.0,g085,9,0,1,108.379
rung-01000,answer,on,1.0,g085,9,0,1,128.281
rung-01000,answer,off,0.0,g086,0,1,1,107.051
rung-01000,answer,on,1.0,g086,0,1,1,120.862
rung-01000,answer,off,0.0,g086,1,1,1,107.161
rung-01000,answer,on,1.0,g086,1,1,1,120.820
rung-01000,answer,off,0.0,g086,2,1,1,107.468
rung-01000,answer,on,1.0,g086,2,1,1,120.782
rung-01000,answer,off,0.0,g086,3,0,1,109.731
rung-01000,answer,on,1.0,g086,3,0,1,120.881
rung-01000,answer,off,0.0,g086,4,0,1,107.017
rung-01000,answer,on,1.0,g086,4,0,1,121.581
rung-01000,answer,off,0.0,g086,5,0,1,107.642
rung-01000,answer,on,1.0,g086,5,0,1,119.860
rung-01000,answer,off,0.0,g086,6,0,1,106.634
rung-01000,answer,on,1.0,g086,6,0,1,120.997
rung-01000,answer,off,0.0,g086,7,0,1,107.269
rung-01000,answer,on,1.0,g086,7,0,1,124.093
rung-01000,answer,off,0.0,g086,8,0,1,106.392
rung-01000,answer,on,1.0,g086,8,0,1,119.605
rung-01000,answer,off,0.0,g086,9,0,1,106.011
rung-01000,answer,on,1.0,g086,9,0,1,122.039
rung-01000,answer,off,0.0,g087,0,1,1,100.202
rung-01000,answer,on,1.0,g087,0,1,1,132.159
rung-01000,answer,off,0.0,g087,1,1,1,121.559
rung-01000,answer,on,1.0,g087,1,1,1,126.910
rung-01000,answer,off,0.0,g087,2,1,1,102.765
rung-01000,answer,on,1.0,g087,2,1,1,123.504
rung-01000,answer,off,0.0,g087,3,0,1,102.452
rung-01000,answer,on,1.0,g087,3,0,1,119.463
rung-01000,answer,off,0.0,g087,4,0,1,99.945
rung-01000,answer,on,1.0,g087,4,0,1,118.764
rung-01000,answer,off,0.0,g087,5,0,1,98.237
rung-01000,answer,on,1.0,g087,5,0,1,128.724
rung-01000,answer,off,0.0,g087,6,0,1,104.717
rung-01000,answer,on,1.0,g087,6,0,1,124.782
rung-01000,answer,off,0.0,g087,7,0,1,99.356
rung-01000,answer,on,1.0,g087,7,0,1,121.445
rung-01000,answer,off,0.0,g087,8,0,1,98.904
rung-01000,answer,on,1.0,g087,8,0,1,119.500
rung-01000,answer,off,0.0,g087,9,0,1,97.603
rung-01000,answer,on,1.0,g087,9,0,1,118.892
rung-01000,answer,off,0.0,g088,0,1,1,106.072
rung-01000,answer,on,1.0,g088,0,1,1,114.432
rung-01000,answer,off,0.0,g088,1,1,1,104.609
rung-01000,answer,on,1.0,g088,1,1,1,114.561
rung-01000,answer,off,0.0,g088,2,1,1,105.427
rung-01000,answer,on,1.0,g088,2,1,1,114.705
rung-01000,answer,off,0.0,g088,3,0,1,106.240
rung-01000,answer,on,1.0,g088,3,0,1,114.979
rung-01000,answer,off,0.0,g088,4,0,1,104.631
rung-01000,answer,on,1.0,g088,4,0,1,116.041
rung-01000,answer,off,0.0,g088,5,0,1,105.739
rung-01000,answer,on,1.0,g088,5,0,1,113.856
rung-01000,answer,off,0.0,g088,6,0,1,104.994
rung-01000,answer,on,1.0,g088,6,0,1,114.411
rung-01000,answer,off,0.0,g088,7,0,1,106.851
rung-01000,answer,on,1.0,g088,7,0,1,115.616
rung-01000,answer,off,0.0,g088,8,0,1,105.483
rung-01000,answer,on,1.0,g088,8,0,1,114.462
rung-01000,answer,off,0.0,g088,9,0,1,105.244
rung-01000,answer,on,1.0,g088,9,0,1,148.971
rung-01000,answer,off,0.0,g089,0,1,1,117.729
rung-01000,answer,on,1.0,g089,0,1,1,130.527
rung-01000,answer,off,0.0,g089,1,1,1,110.133
rung-01000,answer,on,1.0,g089,1,1,1,126.913
rung-01000,answer,off,0.0,g089,2,1,1,110.587
rung-01000,answer,on,1.0,g089,2,1,1,125.369
rung-01000,answer,off,0.0,g089,3,0,1,110.510
rung-01000,answer,on,1.0,g089,3,0,1,130.092
rung-01000,answer,off,0.0,g089,4,0,1,118.055
rung-01000,answer,on,1.0,g089,4,0,1,127.409
rung-01000,answer,off,0.0,g089,5,0,1,110.628
rung-01000,answer,on,1.0,g089,5,0,1,125.305
rung-01000,answer,off,0.0,g089,6,0,1,110.668
rung-01000,answer,on,1.0,g089,6,0,1,126.959
rung-01000,answer,off,0.0,g089,7,0,1,111.162
rung-01000,answer,on,1.0,g089,7,0,1,147.870
rung-01000,answer,off,0.0,g089,8,0,1,114.362
rung-01000,answer,on,1.0,g089,8,0,1,128.108
rung-01000,answer,off,0.0,g089,9,0,1,111.104
rung-01000,answer,on,1.0,g089,9,0,1,126.778
rung-01000,answer,off,0.0,g090,0,1,1,107.594
rung-01000,answer,on,1.0,g090,0,1,1,124.485
rung-01000,answer,off,0.0,g090,1,1,1,103.138
rung-01000,answer,on,1.0,g090,1,1,1,122.366
rung-01000,answer,off,0.0,g090,2,1,1,102.510
rung-01000,answer,on,1.0,g090,2,1,1,121.645
rung-01000,answer,off,0.0,g090,3,0,1,103.025
rung-01000,answer,on,1.0,g090,3,0,1,122.449
rung-01000,answer,off,0.0,g090,4,0,1,103.397
rung-01000,answer,on,1.0,g090,4,0,1,123.939
rung-01000,answer,off,0.0,g090,5,0,1,103.182
rung-01000,answer,on,1.0,g090,5,0,1,129.960
rung-01000,answer,off,0.0,g090,6,0,1,107.151
rung-01000,answer,on,1.0,g090,6,0,1,124.463
rung-01000,answer,off,0.0,g090,7,0,1,103.740
rung-01000,answer,on,1.0,g090,7,0,1,123.182
rung-01000,answer,off,0.0,g090,8,0,1,103.628
rung-01000,answer,on,1.0,g090,8,0,1,130.109
rung-01000,answer,off,0.0,g090,9,0,1,104.691
rung-01000,answer,on,1.0,g090,9,0,1,123.128
rung-01000,answer,off,0.0,g091,0,1,1,109.223
rung-01000,answer,on,1.0,g091,0,1,1,134.844
rung-01000,answer,off,0.0,g091,1,1,1,113.998
rung-01000,answer,on,1.0,g091,1,1,1,135.876
rung-01000,answer,off,0.0,g091,2,1,1,114.376
rung-01000,answer,on,1.0,g091,2,1,1,135.112
rung-01000,answer,off,0.0,g091,3,0,1,114.074
rung-01000,answer,on,1.0,g091,3,0,1,133.019
rung-01000,answer,off,0.0,g091,4,0,1,106.577
rung-01000,answer,on,1.0,g091,4,0,1,129.021
rung-01000,answer,off,0.0,g091,5,0,1,106.602
rung-01000,answer,on,1.0,g091,5,0,1,130.593
rung-01000,answer,off,0.0,g091,6,0,1,113.166
rung-01000,answer,on,1.0,g091,6,0,1,137.184
rung-01000,answer,off,0.0,g091,7,0,1,114.932
rung-01000,answer,on,1.0,g091,7,0,1,132.664
rung-01000,answer,off,0.0,g091,8,0,1,108.258
rung-01000,answer,on,1.0,g091,8,0,1,133.032
rung-01000,answer,off,0.0,g091,9,0,1,112.571
rung-01000,answer,on,1.0,g091,9,0,1,129.388
rung-01000,answer,off,0.0,g092,0,1,1,106.819
rung-01000,answer,on,1.0,g092,0,1,1,129.467
rung-01000,answer,off,0.0,g092,1,1,1,107.624
rung-01000,answer,on,1.0,g092,1,1,1,122.066
rung-01000,answer,off,0.0,g092,2,1,1,106.214
rung-01000,answer,on,1.0,g092,2,1,1,122.333
rung-01000,answer,off,0.0,g092,3,0,1,107.414
rung-01000,answer,on,1.0,g092,3,0,1,150.077
rung-01000,answer,off,0.0,g092,4,0,1,111.688
rung-01000,answer,on,1.0,g092,4,0,1,129.375
rung-01000,answer,off,0.0,g092,5,0,1,109.031
rung-01000,answer,on,1.0,g092,5,0,1,122.933
rung-01000,answer,off,0.0,g092,6,0,1,106.392
rung-01000,answer,on,1.0,g092,6,0,1,122.130
rung-01000,answer,off,0.0,g092,7,0,1,105.814
rung-01000,answer,on,1.0,g092,7,0,1,122.980
rung-01000,answer,off,0.0,g092,8,0,1,107.349
rung-01000,answer,on,1.0,g092,8,0,1,126.151
rung-01000,answer,off,0.0,g092,9,0,1,116.808
rung-01000,answer,on,1.0,g092,9,0,1,123.697
rung-01000,answer,off,0.0,g093,0,1,1,106.024
rung-01000,answer,on,1.0,g093,0,1,1,119.175
rung-01000,answer,off,0.0,g093,1,1,1,104.628
rung-01000,answer,on,1.0,g093,1,1,1,117.961
rung-01000,answer,off,0.0,g093,2,1,1,104.251
rung-01000,answer,on,1.0,g093,2,1,1,118.175
rung-01000,answer,off,0.0,g093,3,0,1,105.242
rung-01000,answer,on,1.0,g093,3,0,1,118.671
rung-01000,answer,off,0.0,g093,4,0,1,106.438
rung-01000,answer,on,1.0,g093,4,0,1,120.859
rung-01000,answer,off,0.0,g093,5,0,1,102.674
rung-01000,answer,on,1.0,g093,5,0,1,116.669
rung-01000,answer,off,0.0,g093,6,0,1,104.422
rung-01000,answer,on,1.0,g093,6,0,1,120.703
rung-01000,answer,off,0.0,g093,7,0,1,108.928
rung-01000,answer,on,1.0,g093,7,0,1,144.985
rung-01000,answer,off,0.0,g093,8,0,1,121.712
rung-01000,answer,on,1.0,g093,8,0,1,125.189
rung-01000,answer,off,0.0,g093,9,0,1,110.772
rung-01000,answer,on,1.0,g093,9,0,1,122.286
rung-01000,answer,off,0.0,g094,0,1,1,102.049
rung-01000,answer,on,1.0,g094,0,1,1,122.729
rung-01000,answer,off,0.0,g094,1,1,1,97.824
rung-01000,answer,on,1.0,g094,1,1,1,118.363
rung-01000,answer,off,0.0,g094,2,1,1,119.146
rung-01000,answer,on,1.0,g094,2,1,1,118.533
rung-01000,answer,off,0.0,g094,3,0,1,98.248
rung-01000,answer,on,1.0,g094,3,0,1,120.136
rung-01000,answer,off,0.0,g094,4,0,1,97.252
rung-01000,answer,on,1.0,g094,4,0,1,116.556
rung-01000,answer,off,0.0,g094,5,0,1,97.261
rung-01000,answer,on,1.0,g094,5,0,1,116.261
rung-01000,answer,off,0.0,g094,6,0,1,97.727
rung-01000,answer,on,1.0,g094,6,0,1,118.989
rung-01000,answer,off,0.0,g094,7,0,1,97.762
rung-01000,answer,on,1.0,g094,7,0,1,119.768
rung-01000,answer,off,0.0,g094,8,0,1,97.758
rung-01000,answer,on,1.0,g094,8,0,1,116.389
rung-01000,answer,off,0.0,g094,9,0,1,98.237
rung-01000,answer,on,1.0,g094,9,0,1,116.143
rung-01000,answer,off,0.0,g095,0,1,1,112.489
rung-01000,answer,on,1.0,g095,0,1,1,147.865
rung-01000,answer,off,0.0,g095,1,1,1,116.565
rung-01000,answer,on,1.0,g095,1,1,1,132.424
rung-01000,answer,off,0.0,g095,2,1,1,111.153
rung-01000,answer,on,1.0,g095,2,1,1,133.981
rung-01000,answer,off,0.0,g095,3,0,1,112.545
rung-01000,answer,on,1.0,g095,3,0,1,132.876
rung-01000,answer,off,0.0,g095,4,0,1,111.608
rung-01000,answer,on,1.0,g095,4,0,1,131.993
rung-01000,answer,off,0.0,g095,5,0,1,111.156
rung-01000,answer,on,1.0,g095,5,0,1,133.629
rung-01000,answer,off,0.0,g095,6,0,1,111.144
rung-01000,answer,on,1.0,g095,6,0,1,132.425
rung-01000,answer,off,0.0,g095,7,0,1,111.053
rung-01000,answer,on,1.0,g095,7,0,1,134.529
rung-01000,answer,off,0.0,g095,8,0,1,110.992
rung-01000,answer,on,1.0,g095,8,0,1,133.422
rung-01000,answer,off,0.0,g095,9,0,1,111.782
rung-01000,answer,on,1.0,g095,9,0,1,133.863
rung-01000,answer,off,0.0,g096,0,1,1,101.422
rung-01000,answer,on,1.0,g096,0,1,1,113.138
rung-01000,answer,off,0.0,g096,1,1,1,102.006
rung-01000,answer,on,1.0,g096,1,1,1,112.903
rung-01000,answer,off,0.0,g096,2,1,1,101.981
rung-01000,answer,on,1.0,g096,2,1,1,114.025
rung-01000,answer,off,0.0,g096,3,0,1,103.084
rung-01000,answer,on,1.0,g096,3,0,1,113.187
rung-01000,answer,off,0.0,g096,4,0,1,101.882
rung-01000,answer,on,1.0,g096,4,0,1,114.682
rung-01000,answer,off,0.0,g096,5,0,1,100.611
rung-01000,answer,on,1.0,g096,5,0,1,112.681
rung-01000,answer,off,0.0,g096,6,0,1,102.076
rung-01000,answer,on,1.0,g096,6,0,1,116.026
rung-01000,answer,off,0.0,g096,7,0,1,101.206
rung-01000,answer,on,1.0,g096,7,0,1,113.301
rung-01000,answer,off,0.0,g096,8,0,1,101.950
rung-01000,answer,on,1.0,g096,8,0,1,113.788
rung-01000,answer,off,0.0,g096,9,0,1,102.442
rung-01000,answer,on,1.0,g096,9,0,1,114.054
rung-01000,answer,off,0.0,g097,0,1,1,111.774
rung-01000,answer,on,1.0,g097,0,1,1,120.759
rung-01000,answer,off,0.0,g097,1,1,1,109.141
rung-01000,answer,on,1.0,g097,1,1,1,119.230
rung-01000,answer,off,0.0,g097,2,1,1,111.337
rung-01000,answer,on,1.0,g097,2,1,1,120.160
rung-01000,answer,off,0.0,g097,3,0,1,109.653
rung-01000,answer,on,1.0,g097,3,0,1,119.087
rung-01000,answer,off,0.0,g097,4,0,1,109.939
rung-01000,answer,on,1.0,g097,4,0,1,119.743
rung-01000,answer,off,0.0,g097,5,0,1,108.291
rung-01000,answer,on,1.0,g097,5,0,1,146.839
rung-01000,answer,off,0.0,g097,6,0,1,114.582
rung-01000,answer,on,1.0,g097,6,0,1,122.994
rung-01000,answer,off,0.0,g097,7,0,1,113.460
rung-01000,answer,on,1.0,g097,7,0,1,120.899
rung-01000,answer,off,0.0,g097,8,0,1,109.906
rung-01000,answer,on,1.0,g097,8,0,1,118.993
rung-01000,answer,off,0.0,g097,9,0,1,110.516
rung-01000,answer,on,1.0,g097,9,0,1,121.054
rung-01000,answer,off,0.0,g098,0,1,1,107.217
rung-01000,answer,on,1.0,g098,0,1,1,125.458
rung-01000,answer,off,0.0,g098,1,1,1,106.724
rung-01000,answer,on,1.0,g098,1,1,1,126.113
rung-01000,answer,off,0.0,g098,2,1,1,107.906
rung-01000,answer,on,1.0,g098,2,1,1,124.882
rung-01000,answer,off,0.0,g098,3,0,1,106.147
rung-01000,answer,on,1.0,g098,3,0,1,126.442
rung-01000,answer,off,0.0,g098,4,0,1,105.917
rung-01000,answer,on,1.0,g098,4,0,1,126.427
rung-01000,answer,off,0.0,g098,5,0,1,106.837
rung-01000,answer,on,1.0,g098,5,0,1,126.500
rung-01000,answer,off,0.0,g098,6,0,1,108.486
rung-01000,answer,on,1.0,g098,6,0,1,124.772
rung-01000,answer,off,0.0,g098,7,0,1,107.630
rung-01000,answer,on,1.0,g098,7,0,1,126.830
rung-01000,answer,off,0.0,g098,8,0,1,106.448
rung-01000,answer,on,1.0,g098,8,0,1,125.617
rung-01000,answer,off,0.0,g098,9,0,1,108.233
rung-01000,answer,on,1.0,g098,9,0,1,126.335
rung-01000,answer,off,0.0,g099,0,1,1,103.115
rung-01000,answer,on,1.0,g099,0,1,1,123.875
rung-01000,answer,off,0.0,g099,1,1,1,102.825
rung-01000,answer,on,1.0,g099,1,1,1,121.375
rung-01000,answer,off,0.0,g099,2,1,1,102.726
rung-01000,answer,on,1.0,g099,2,1,1,122.376
rung-01000,answer,off,0.0,g099,3,0,1,101.937
rung-01000,answer,on,1.0,g099,3,0,1,122.453
rung-01000,answer,off,0.0,g099,4,0,1,103.149
rung-01000,answer,on,1.0,g099,4,0,1,124.614
rung-01000,answer,off,0.0,g099,5,0,1,105.156
rung-01000,answer,on,1.0,g099,5,0,1,122.538
rung-01000,answer,off,0.0,g099,6,0,1,103.043
rung-01000,answer,on,1.0,g099,6,0,1,120.794
rung-01000,answer,off,0.0,g099,7,0,1,103.260
rung-01000,answer,on,1.0,g099,7,0,1,122.688
rung-01000,answer,off,0.0,g099,8,0,1,101.554
rung-01000,answer,on,1.0,g099,8,0,1,123.190
rung-01000,answer,off,0.0,g099,9,0,1,102.139
rung-01000,answer,on,1.0,g099,9,0,1,124.295
rung-01000,answer,off,0.0,g100,0,1,1,107.570
rung-01000,answer,on,1.0,g100,0,1,1,122.151
rung-01000,answer,off,0.0,g100,1,1,1,107.522
rung-01000,answer,on,1.0,g100,1,1,1,130.430
rung-01000,answer,off,0.0,g100,2,1,1,113.120
rung-01000,answer,on,1.0,g100,2,1,1,124.649
rung-01000,answer,off,0.0,g100,3,0,1,106.722
rung-01000,answer,on,1.0,g100,3,0,1,121.765
rung-01000,answer,off,0.0,g100,4,0,1,106.784
rung-01000,answer,on,1.0,g100,4,0,1,120.942
rung-01000,answer,off,0.0,g100,5,0,1,107.803
rung-01000,answer,on,1.0,g100,5,0,1,121.535
rung-01000,answer,off,0.0,g100,6,0,1,107.327
rung-01000,answer,on,1.0,g100,6,0,1,121.061
rung-01000,answer,off,0.0,g100,7,0,1,106.324
rung-01000,answer,on,1.0,g100,7,0,1,122.676
rung-01000,answer,off,0.0,g100,8,0,1,107.241
rung-01000,answer,on,1.0,g100,8,0,1,120.730
rung-01000,answer,off,0.0,g100,9,0,1,107.537
rung-01000,answer,on,1.0,g100,9,0,1,122.147
rung-01000,answer,off,0.0,g101,0,1,1,102.598
rung-01000,answer,on,1.0,g101,0,1,1,136.563
rung-01000,answer,off,0.0,g101,1,1,1,104.620
rung-01000,answer,on,1.0,g101,1,1,1,115.507
rung-01000,answer,off,0.0,g101,2,1,1,103.066
rung-01000,answer,on,1.0,g101,2,1,1,118.431
rung-01000,answer,off,0.0,g101,3,0,1,102.336
rung-01000,answer,on,1.0,g101,3,0,1,114.733
rung-01000,answer,off,0.0,g101,4,0,1,102.827
rung-01000,answer,on,1.0,g101,4,0,1,115.896
rung-01000,answer,off,0.0,g101,5,0,1,102.911
rung-01000,answer,on,1.0,g101,5,0,1,119.373
rung-01000,answer,off,0.0,g101,6,0,1,103.188
rung-01000,answer,on,1.0,g101,6,0,1,115.921
rung-01000,answer,off,0.0,g101,7,0,1,103.960
rung-01000,answer,on,1.0,g101,7,0,1,115.532
rung-01000,answer,off,0.0,g101,8,0,1,101.655
rung-01000,answer,on,1.0,g101,8,0,1,117.525
rung-01000,answer,off,0.0,g101,9,0,1,101.036
rung-01000,answer,on,1.0,g101,9,0,1,117.055
rung-01000,answer,off,0.0,g102,0,1,1,105.695
rung-01000,answer,on,1.0,g102,0,1,1,117.197
rung-01000,answer,off,0.0,g102,1,1,1,105.477
rung-01000,answer,on,1.0,g102,1,1,1,115.316
rung-01000,answer,off,0.0,g102,2,1,1,105.993
rung-01000,answer,on,1.0,g102,2,1,1,123.994
rung-01000,answer,off,0.0,g102,3,0,1,118.931
rung-01000,answer,on,1.0,g102,3,0,1,116.539
rung-01000,answer,off,0.0,g102,4,0,1,105.863
rung-01000,answer,on,1.0,g102,4,0,1,117.790
rung-01000,answer,off,0.0,g102,5,0,1,108.363
rung-01000,answer,on,1.0,g102,5,0,1,114.168
rung-01000,answer,off,0.0,g102,6,0,1,108.314
rung-01000,answer,on,1.0,g102,6,0,1,117.957
rung-01000,answer,off,0.0,g102,7,0,1,110.533
rung-01000,answer,on,1.0,g102,7,0,1,114.333
rung-01000,answer,off,0.0,g102,8,0,1,106.767
rung-01000,answer,on,1.0,g102,8,0,1,113.857
rung-01000,answer,off,0.0,g102,9,0,1,105.375
rung-01000,answer,on,1.0,g102,9,0,1,118.310
rung-01000,answer,off,0.0,g103,0,1,1,105.790
rung-01000,answer,on,1.0,g103,0,1,1,124.461
rung-01000,answer,off,0.0,g103,1,1,1,105.726
rung-01000,answer,on,1.0,g103,1,1,1,120.879
rung-01000,answer,off,0.0,g103,2,1,1,104.039
rung-01000,answer,on,1.0,g103,2,1,1,120.780
rung-01000,answer,off,0.0,g103,3,0,1,144.175
rung-01000,answer,on,1.0,g103,3,0,1,142.729
rung-01000,answer,off,0.0,g103,4,0,1,105.257
rung-01000,answer,on,1.0,g103,4,0,1,120.817
rung-01000,answer,off,0.0,g103,5,0,1,105.604
rung-01000,answer,on,1.0,g103,5,0,1,118.959
rung-01000,answer,off,0.0,g103,6,0,1,108.293
rung-01000,answer,on,1.0,g103,6,0,1,120.046
rung-01000,answer,off,0.0,g103,7,0,1,131.085
rung-01000,answer,on,1.0,g103,7,0,1,132.713
rung-01000,answer,off,0.0,g103,8,0,1,106.944
rung-01000,answer,on,1.0,g103,8,0,1,125.821
rung-01000,answer,off,0.0,g103,9,0,1,114.489
rung-01000,answer,on,1.0,g103,9,0,1,121.006
rung-01000,answer,off,0.0,g104,0,1,1,107.201
rung-01000,answer,on,1.0,g104,0,1,1,124.741
rung-01000,answer,off,0.0,g104,1,1,1,105.863
rung-01000,answer,on,1.0,g104,1,1,1,122.757
rung-01000,answer,off,0.0,g104,2,1,1,105.815
rung-01000,answer,on,1.0,g104,2,1,1,122.086
rung-01000,answer,off,0.0,g104,3,0,1,105.541
rung-01000,answer,on,1.0,g104,3,0,1,120.932
rung-01000,answer,off,0.0,g104,4,0,1,105.857
rung-01000,answer,on,1.0,g104,4,0,1,122.748
rung-01000,answer,off,0.0,g104,5,0,1,105.226
rung-01000,answer,on,1.0,g104,5,0,1,121.334
rung-01000,answer,off,0.0,g104,6,0,1,106.209
rung-01000,answer,on,1.0,g104,6,0,1,121.864
rung-01000,answer,off,0.0,g104,7,0,1,104.819
rung-01000,answer,on,1.0,g104,7,0,1,122.521
rung-01000,answer,off,0.0,g104,8,0,1,105.584
rung-01000,answer,on,1.0,g104,8,0,1,122.192
rung-01000,answer,off,0.0,g104,9,0,1,105.580
rung-01000,answer,on,1.0,g104,9,0,1,122.077
rung-01000,answer,off,0.0,g105,0,1,1,107.531
rung-01000,answer,on,1.0,g105,0,1,1,127.258
rung-01000,answer,off,0.0,g105,1,1,1,107.889
rung-01000,answer,on,1.0,g105,1,1,1,123.556
rung-01000,answer,off,0.0,g105,2,1,1,107.322
rung-01000,answer,on,1.0,g105,2,1,1,125.042
rung-01000,answer,off,0.0,g105,3,0,1,107.723
rung-01000,answer,on,1.0,g105,3,0,1,124.517
rung-01000,answer,off,0.0,g105,4,0,1,108.766
rung-01000,answer,on,1.0,g105,4,0,1,124.963
rung-01000,answer,off,0.0,g105,5,0,1,107.702
rung-01000,answer,on,1.0,g105,5,0,1,126.585
rung-01000,answer,off,0.0,g105,6,0,1,108.440
rung-01000,answer,on,1.0,g105,6,0,1,124.911
rung-01000,answer,off,0.0,g105,7,0,1,108.715
rung-01000,answer,on,1.0,g105,7,0,1,125.091
rung-01000,answer,off,0.0,g105,8,0,1,108.895
rung-01000,answer,on,1.0,g105,8,0,1,123.710
rung-01000,answer,off,0.0,g105,9,0,1,108.804
rung-01000,answer,on,1.0,g105,9,0,1,124.385
rung-01000,answer,off,0.0,g106,0,1,1,105.233
rung-01000,answer,on,1.0,g106,0,1,1,114.698
rung-01000,answer,off,0.0,g106,1,1,1,105.244
rung-01000,answer,on,1.0,g106,1,1,1,110.915
rung-01000,answer,off,0.0,g106,2,1,1,103.285
rung-01000,answer,on,1.0,g106,2,1,1,109.779
rung-01000,answer,off,0.0,g106,3,0,1,103.936
rung-01000,answer,on,1.0,g106,3,0,1,109.264
rung-01000,answer,off,0.0,g106,4,0,1,104.443
rung-01000,answer,on,1.0,g106,4,0,1,108.827
rung-01000,answer,off,0.0,g106,5,0,1,105.067
rung-01000,answer,on,1.0,g106,5,0,1,111.208
rung-01000,answer,off,0.0,g106,6,0,1,103.912
rung-01000,answer,on,1.0,g106,6,0,1,108.628
rung-01000,answer,off,0.0,g106,7,0,1,103.112
rung-01000,answer,on,1.0,g106,7,0,1,111.496
rung-01000,answer,off,0.0,g106,8,0,1,102.579
rung-01000,answer,on,1.0,g106,8,0,1,110.677
rung-01000,answer,off,0.0,g106,9,0,1,103.498
rung-01000,answer,on,1.0,g106,9,0,1,109.775
rung-01000,answer,off,0.0,g107,0,1,1,105.936
rung-01000,answer,on,1.0,g107,0,1,1,126.266
rung-01000,answer,off,0.0,g107,1,1,1,103.517
rung-01000,answer,on,1.0,g107,1,1,1,123.823
rung-01000,answer,off,0.0,g107,2,1,1,104.491
rung-01000,answer,on,1.0,g107,2,1,1,143.880
rung-01000,answer,off,0.0,g107,3,0,1,110.312
rung-01000,answer,on,1.0,g107,3,0,1,123.558
rung-01000,answer,off,0.0,g107,4,0,1,105.424
rung-01000,answer,on,1.0,g107,4,0,1,122.686
rung-01000,answer,off,0.0,g107,5,0,1,103.728
rung-01000,answer,on,1.0,g107,5,0,1,123.994
rung-01000,answer,off,0.0,g107,6,0,1,105.334
rung-01000,answer,on,1.0,g107,6,0,1,122.283
rung-01000,answer,off,0.0,g107,7,0,1,105.368
rung-01000,answer,on,1.0,g107,7,0,1,122.671
rung-01000,answer,off,0.0,g107,8,0,1,103.743
rung-01000,answer,on,1.0,g107,8,0,1,124.219
rung-01000,answer,off,0.0,g107,9,0,1,104.834
rung-01000,answer,on,1.0,g107,9,0,1,124.365
rung-01000,answer,off,0.0,g108,0,1,1,102.129
rung-01000,answer,on,1.0,g108,0,1,1,117.392
rung-01000,answer,off,0.0,g108,1,1,1,101.859
rung-01000,answer,on,1.0,g108,1,1,1,115.507
rung-01000,answer,off,0.0,g108,2,1,1,102.009
rung-01000,answer,on,1.0,g108,2,1,1,116.360
rung-01000,answer,off,0.0,g108,3,0,1,103.989
rung-01000,answer,on,1.0,g108,3,0,1,115.086
rung-01000,answer,off,0.0,g108,4,0,1,102.643
rung-01000,answer,on,1.0,g108,4,0,1,114.481
rung-01000,answer,off,0.0,g108,5,0,1,102.378
rung-01000,answer,on,1.0,g108,5,0,1,114.988
rung-01000,answer,off,0.0,g108,6,0,1,102.966
rung-01000,answer,on,1.0,g108,6,0,1,115.354
rung-01000,answer,off,0.0,g108,7,0,1,102.590
rung-01000,answer,on,1.0,g108,7,0,1,116.309
rung-01000,answer,off,0.0,g108,8,0,1,103.002
rung-01000,answer,on,1.0,g108,8,0,1,114.722
rung-01000,answer,off,0.0,g108,9,0,1,101.631
rung-01000,answer,on,1.0,g108,9,0,1,116.196
rung-01000,answer,off,0.0,g109,0,1,1,101.451
rung-01000,answer,on,1.0,g109,0,1,1,114.760
rung-01000,answer,off,0.0,g109,1,1,1,102.514
rung-01000,answer,on,1.0,g109,1,1,1,112.107
rung-01000,answer,off,0.0,g109,2,1,1,103.245
rung-01000,answer,on,1.0,g109,2,1,1,113.374
rung-01000,answer,off,0.0,g109,3,0,1,100.997
rung-01000,answer,on,1.0,g109,3,0,1,113.427
rung-01000,answer,off,0.0,g109,4,0,1,102.165
rung-01000,answer,on,1.0,g109,4,0,1,112.164
rung-01000,answer,off,0.0,g109,5,0,1,102.862
rung-01000,answer,on,1.0,g109,5,0,1,111.961
rung-01000,answer,off,0.0,g109,6,0,1,102.003
rung-01000,answer,on,1.0,g109,6,0,1,111.469
rung-01000,answer,off,0.0,g109,7,0,1,103.486
rung-01000,answer,on,1.0,g109,7,0,1,111.906
rung-01000,answer,off,0.0,g109,8,0,1,102.080
rung-01000,answer,on,1.0,g109,8,0,1,111.691
rung-01000,answer,off,0.0,g109,9,0,1,101.683
rung-01000,answer,on,1.0,g109,9,0,1,112.098
rung-01000,answer,off,0.0,g110,0,1,1,104.355
rung-01000,answer,on,1.0,g110,0,1,1,116.857
rung-01000,answer,off,0.0,g110,1,1,1,103.628
rung-01000,answer,on,1.0,g110,1,1,1,115.111
rung-01000,answer,off,0.0,g110,2,1,1,103.370
rung-01000,answer,on,1.0,g110,2,1,1,113.768
rung-01000,answer,off,0.0,g110,3,0,1,103.817
rung-01000,answer,on,1.0,g110,3,0,1,114.360
rung-01000,answer,off,0.0,g110,4,0,1,103.648
rung-01000,answer,on,1.0,g110,4,0,1,115.458
rung-01000,answer,off,0.0,g110,5,0,1,103.556
rung-01000,answer,on,1.0,g110,5,0,1,113.900
rung-01000,answer,off,0.0,g110,6,0,1,102.683
rung-01000,answer,on,1.0,g110,6,0,1,115.705
rung-01000,answer,off,0.0,g110,7,0,1,103.386
rung-01000,answer,on,1.0,g110,7,0,1,113.867
rung-01000,answer,off,0.0,g110,8,0,1,102.540
rung-01000,answer,on,1.0,g110,8,0,1,115.625
rung-01000,answer,off,0.0,g110,9,0,1,104.279
rung-01000,answer,on,1.0,g110,9,0,1,114.532
rung-01000,answer,off,0.0,g111,0,1,1,98.594
rung-01000,answer,on,1.0,g111,0,1,1,108.556
rung-01000,answer,off,0.0,g111,1,1,1,97.331
rung-01000,answer,on,1.0,g111,1,1,1,104.861
rung-01000,answer,off,0.0,g111,2,1,1,98.100
rung-01000,answer,on,1.0,g111,2,1,1,104.568
rung-01000,answer,off,0.0,g111,3,0,1,96.694
rung-01000,answer,on,1.0,g111,3,0,1,105.761
rung-01000,answer,off,0.0,g111,4,0,1,96.310
rung-01000,answer,on,1.0,g111,4,0,1,105.230
rung-01000,answer,off,0.0,g111,5,0,1,97.289
rung-01000,answer,on,1.0,g111,5,0,1,108.285
rung-01000,answer,off,0.0,g111,6,0,1,103.310
rung-01000,answer,on,1.0,g111,6,0,1,139.282
rung-01000,answer,off,0.0,g111,7,0,1,103.236
rung-01000,answer,on,1.0,g111,7,0,1,105.757
rung-01000,answer,off,0.0,g111,8,0,1,97.341
rung-01000,answer,on,1.0,g111,8,0,1,111.542
rung-01000,answer,off,0.0,g111,9,0,1,103.198
rung-01000,answer,on,1.0,g111,9,0,1,106.403
rung-01000,answer,off,0.0,g112,0,1,1,102.891
rung-01000,answer,on,1.0,g112,0,1,1,121.470
rung-01000,answer,off,0.0,g112,1,1,1,103.230
rung-01000,answer,on,1.0,g112,1,1,1,118.603
rung-01000,answer,off,0.0,g112,2,1,1,102.437
rung-01000,answer,on,1.0,g112,2,1,1,119.629
rung-01000,answer,off,0.0,g112,3,0,1,103.051
rung-01000,answer,on,1.0,g112,3,0,1,119.802
rung-01000,answer,off,0.0,g112,4,0,1,101.933
rung-01000,answer,on,1.0,g112,4,0,1,120.820
rung-01000,answer,off,0.0,g112,5,0,1,104.980
rung-01000,answer,on,1.0,g112,5,0,1,119.043
rung-01000,answer,off,0.0,g112,6,0,1,101.007
rung-01000,answer,on,1.0,g112,6,0,1,120.856
rung-01000,answer,off,0.0,g112,7,0,1,106.138
rung-01000,answer,on,1.0,g112,7,0,1,118.138
rung-01000,answer,off,0.0,g112,8,0,1,102.513
rung-01000,answer,on,1.0,g112,8,0,1,118.904
rung-01000,answer,off,0.0,g112,9,0,1,103.023
rung-01000,answer,on,1.0,g112,9,0,1,119.213
rung-01000,answer,off,0.0,g113,0,1,1,105.535
rung-01000,answer,on,1.0,g113,0,1,1,130.600
rung-01000,answer,off,0.0,g113,1,1,1,105.484
rung-01000,answer,on,1.0,g113,1,1,1,126.804
rung-01000,answer,off,0.0,g113,2,1,1,104.645
rung-01000,answer,on,1.0,g113,2,1,1,126.753
rung-01000,answer,off,0.0,g113,3,0,1,105.299
rung-01000,answer,on,1.0,g113,3,0,1,126.903
rung-01000,answer,off,0.0,g113,4,0,1,105.516
rung-01000,answer,on,1.0,g113,4,0,1,127.798
rung-01000,answer,off,0.0,g113,5,0,1,109.332
rung-01000,answer,on,1.0,g113,5,0,1,129.587
rung-01000,answer,off,0.0,g113,6,0,1,105.535
rung-01000,answer,on,1.0,g113,6,0,1,127.641
rung-01000,answer,off,0.0,g113,7,0,1,113.225
rung-01000,answer,on,1.0,g113,7,0,1,132.319
rung-01000,answer,off,0.0,g113,8,0,1,110.355
rung-01000,answer,on,1.0,g113,8,0,1,136.224
rung-01000,answer,off,0.0,g113,9,0,1,110.565
rung-01000,answer,on,1.0,g113,9,0,1,131.394
rung-01000,answer,off,0.0,g114,0,1,1,108.643
rung-01000,answer,on,1.0,g114,0,1,1,124.156
rung-01000,answer,off,0.0,g114,1,1,1,108.157
rung-01000,answer,on,1.0,g114,1,1,1,124.270
rung-01000,answer,off,0.0,g114,2,1,1,109.487
rung-01000,answer,on,1.0,g114,2,1,1,127.784
rung-01000,answer,off,0.0,g114,3,0,1,115.626
rung-01000,answer,on,1.0,g114,3,0,1,143.339
rung-01000,answer,off,0.0,g114,4,0,1,113.944
rung-01000,answer,on,1.0,g114,4,0,1,128.831
rung-01000,answer,off,0.0,g114,5,0,1,108.471
rung-01000,answer,on,1.0,g114,5,0,1,124.418
rung-01000,answer,off,0.0,g114,6,0,1,108.622
rung-01000,answer,on,1.0,g114,6,0,1,124.305
rung-01000,answer,off,0.0,g114,7,0,1,110.012
rung-01000,answer,on,1.0,g114,7,0,1,122.723
rung-01000,answer,off,0.0,g114,8,0,1,108.336
rung-01000,answer,on,1.0,g114,8,0,1,123.745
rung-01000,answer,off,0.0,g114,9,0,1,109.714
rung-01000,answer,on,1.0,g114,9,0,1,123.089
rung-01000,answer,off,0.0,g115,0,1,1,103.405
rung-01000,answer,on,1.0,g115,0,1,1,119.816
rung-01000,answer,off,0.0,g115,1,1,1,103.333
rung-01000,answer,on,1.0,g115,1,1,1,117.053
rung-01000,answer,off,0.0,g115,2,1,1,102.735
rung-01000,answer,on,1.0,g115,2,1,1,118.277
rung-01000,answer,off,0.0,g115,3,0,1,103.404
rung-01000,answer,on,1.0,g115,3,0,1,118.009
rung-01000,answer,off,0.0,g115,4,0,1,103.695
rung-01000,answer,on,1.0,g115,4,0,1,117.396
rung-01000,answer,off,0.0,g115,5,0,1,103.634
rung-01000,answer,on,1.0,g115,5,0,1,116.870
rung-01000,answer,off,0.0,g115,6,0,1,103.690
rung-01000,answer,on,1.0,g115,6,0,1,117.825
rung-01000,answer,off,0.0,g115,7,0,1,102.084
rung-01000,answer,on,1.0,g115,7,0,1,118.220
rung-01000,answer,off,0.0,g115,8,0,1,102.947
rung-01000,answer,on,1.0,g115,8,0,1,116.825
rung-01000,answer,off,0.0,g115,9,0,1,104.178
rung-01000,answer,on,1.0,g115,9,0,1,118.255
rung-01000,answer,off,0.0,g116,0,1,1,105.879
rung-01000,answer,on,1.0,g116,0,1,1,128.656
rung-01000,answer,off,0.0,g116,1,1,1,105.415
rung-01000,answer,on,1.0,g116,1,1,1,129.314
rung-01000,answer,off,0.0,g116,2,1,1,107.610
rung-01000,answer,on,1.0,g116,2,1,1,127.792
rung-01000,answer,off,0.0,g116,3,0,1,104.671
rung-01000,answer,on,1.0,g116,3,0,1,128.933
rung-01000,answer,off,0.0,g116,4,0,1,104.960
rung-01000,answer,on,1.0,g116,4,0,1,127.073
rung-01000,answer,off,0.0,g116,5,0,1,105.720
rung-01000,answer,on,1.0,g116,5,0,1,126.660
rung-01000,answer,off,0.0,g116,6,0,1,105.681
rung-01000,answer,on,1.0,g116,6,0,1,127.246
rung-01000,answer,off,0.0,g116,7,0,1,105.757
rung-01000,answer,on,1.0,g116,7,0,1,127.227
rung-01000,answer,off,0.0,g116,8,0,1,106.611
rung-01000,answer,on,1.0,g116,8,0,1,125.763
rung-01000,answer,off,0.0,g116,9,0,1,105.964
rung-01000,answer,on,1.0,g116,9,0,1,127.469
rung-01000,answer,off,0.0,g117,0,1,1,107.481
rung-01000,answer,on,1.0,g117,0,1,1,119.530
rung-01000,answer,off,0.0,g117,1,1,1,107.995
rung-01000,answer,on,1.0,g117,1,1,1,171.780
rung-01000,answer,off,0.0,g117,2,1,1,110.831
rung-01000,answer,on,1.0,g117,2,1,1,122.298
rung-01000,answer,off,0.0,g117,3,0,1,107.612
rung-01000,answer,on,1.0,g117,3,0,1,118.354
rung-01000,answer,off,0.0,g117,4,0,1,106.659
rung-01000,answer,on,1.0,g117,4,0,1,119.822
rung-01000,answer,off,0.0,g117,5,0,1,106.452
rung-01000,answer,on,1.0,g117,5,0,1,119.386
rung-01000,answer,off,0.0,g117,6,0,1,106.527
rung-01000,answer,on,1.0,g117,6,0,1,119.153
rung-01000,answer,off,0.0,g117,7,0,1,107.567
rung-01000,answer,on,1.0,g117,7,0,1,117.776
rung-01000,answer,off,0.0,g117,8,0,1,107.117
rung-01000,answer,on,1.0,g117,8,0,1,119.644
rung-01000,answer,off,0.0,g117,9,0,1,106.625
rung-01000,answer,on,1.0,g117,9,0,1,119.478
rung-01000,answer,off,0.0,g118,0,1,1,98.377
rung-01000,answer,on,1.0,g118,0,1,1,114.124
rung-01000,answer,off,0.0,g118,1,1,1,98.571
rung-01000,answer,on,1.0,g118,1,1,1,115.172
rung-01000,answer,off,0.0,g118,2,1,1,97.357
rung-01000,answer,on,1.0,g118,2,1,1,114.615
rung-01000,answer,off,0.0,g118,3,0,1,97.799
rung-01000,answer,on,1.0,g118,3,0,1,113.811
rung-01000,answer,off,0.0,g118,4,0,1,97.847
rung-01000,answer,on,1.0,g118,4,0,1,114.109
rung-01000,answer,off,0.0,g118,5,0,1,98.512
rung-01000,answer,on,1.0,g118,5,0,1,114.567
rung-01000,answer,off,0.0,g118,6,0,1,97.536
rung-01000,answer,on,1.0,g118,6,0,1,115.058
rung-01000,answer,off,0.0,g118,7,0,1,99.262
rung-01000,answer,on,1.0,g118,7,0,1,114.331
rung-01000,answer,off,0.0,g118,8,0,1,99.354
rung-01000,answer,on,1.0,g118,8,0,1,113.519
rung-01000,answer,off,0.0,g118,9,0,1,98.184
rung-01000,answer,on,1.0,g118,9,0,1,114.426
rung-01000,answer,off,0.0,g119,0,1,1,102.676
rung-01000,answer,on,1.0,g119,0,1,1,127.307
rung-01000,answer,off,0.0,g119,1,1,1,121.803
rung-01000,answer,on,1.0,g119,1,1,1,130.721
rung-01000,answer,off,0.0,g119,2,1,1,102.359
rung-01000,answer,on,1.0,g119,2,1,1,125.653
rung-01000,answer,off,0.0,g119,3,0,1,102.725
rung-01000,answer,on,1.0,g119,3,0,1,125.018
rung-01000,answer,off,0.0,g119,4,0,1,101.799
rung-01000,answer,on,1.0,g119,4,0,1,125.451
rung-01000,answer,off,0.0,g119,5,0,1,101.687
rung-01000,answer,on,1.0,g119,5,0,1,125.985
rung-01000,answer,off,0.0,g119,6,0,1,102.102
rung-01000,answer,on,1.0,g119,6,0,1,124.657
rung-01000,answer,off,0.0,g119,7,0,1,101.255
rung-01000,answer,on,1.0,g119,7,0,1,126.566
rung-01000,answer,off,0.0,g119,8,0,1,101.651
rung-01000,answer,on,1.0,g119,8,0,1,124.232
rung-01000,answer,off,0.0,g119,9,0,1,102.592
rung-01000,answer,on,1.0,g119,9,0,1,126.089
rung-01000,answer,off,0.0,g120,0,1,1,103.021
rung-01000,answer,on,1.0,g120,0,1,1,118.447
rung-01000,answer,off,0.0,g120,1,1,1,102.644
rung-01000,answer,on,1.0,g120,1,1,1,117.920
rung-01000,answer,off,0.0,g120,2,1,1,102.926
rung-01000,answer,on,1.0,g120,2,1,1,117.276
rung-01000,answer,off,0.0,g120,3,0,1,103.704
rung-01000,answer,on,1.0,g120,3,0,1,118.393
rung-01000,answer,off,0.0,g120,4,0,1,103.047
rung-01000,answer,on,1.0,g120,4,0,1,117.244
rung-01000,answer,off,0.0,g120,5,0,1,104.177
rung-01000,answer,on,1.0,g120,5,0,1,117.632
rung-01000,answer,off,0.0,g120,6,0,1,102.747
rung-01000,answer,on,1.0,g120,6,0,1,117.052
rung-01000,answer,off,0.0,g120,7,0,1,104.067
rung-01000,answer,on,1.0,g120,7,0,1,118.258
rung-01000,answer,off,0.0,g120,8,0,1,103.243
rung-01000,answer,on,1.0,g120,8,0,1,118.109
rung-01000,answer,off,0.0,g120,9,0,1,104.951
rung-01000,answer,on,1.0,g120,9,0,1,117.356
rung-01000,answer,off,0.0,g121,0,1,1,105.928
rung-01000,answer,on,1.0,g121,0,1,1,120.225
rung-01000,answer,off,0.0,g121,1,1,1,103.213
rung-01000,answer,on,1.0,g121,1,1,1,118.513
rung-01000,answer,off,0.0,g121,2,1,1,104.788
rung-01000,answer,on,1.0,g121,2,1,1,119.779
rung-01000,answer,off,0.0,g121,3,0,1,104.185
rung-01000,answer,on,1.0,g121,3,0,1,119.507
rung-01000,answer,off,0.0,g121,4,0,1,103.041
rung-01000,answer,on,1.0,g121,4,0,1,120.561
rung-01000,answer,off,0.0,g121,5,0,1,103.670
rung-01000,answer,on,1.0,g121,5,0,1,121.097
rung-01000,answer,off,0.0,g121,6,0,1,104.381
rung-01000,answer,on,1.0,g121,6,0,1,120.113
rung-01000,answer,off,0.0,g121,7,0,1,137.641
rung-01000,answer,on,1.0,g121,7,0,1,134.646
rung-01000,answer,off,0.0,g121,8,0,1,109.276
rung-01000,answer,on,1.0,g121,8,0,1,124.642
rung-01000,answer,off,0.0,g121,9,0,1,105.328
rung-01000,answer,on,1.0,g121,9,0,1,119.795
rung-01000,answer,off,0.0,g122,0,1,1,102.584
rung-01000,answer,on,1.0,g122,0,1,1,112.578
rung-01000,answer,off,0.0,g122,1,1,1,104.179
rung-01000,answer,on,1.0,g122,1,1,1,112.462
rung-01000,answer,off,0.0,g122,2,1,1,102.323
rung-01000,answer,on,1.0,g122,2,1,1,112.775
rung-01000,answer,off,0.0,g122,3,0,1,103.036
rung-01000,answer,on,1.0,g122,3,0,1,116.896
rung-01000,answer,off,0.0,g122,4,0,1,110.756
rung-01000,answer,on,1.0,g122,4,0,1,117.879
rung-01000,answer,off,0.0,g122,5,0,1,108.546
rung-01000,answer,on,1.0,g122,5,0,1,117.666
rung-01000,answer,off,0.0,g122,6,0,1,107.046
rung-01000,answer,on,1.0,g122,6,0,1,117.759
rung-01000,answer,off,0.0,g122,7,0,1,107.688
rung-01000,answer,on,1.0,g122,7,0,1,117.154
rung-01000,answer,off,0.0,g122,8,0,1,121.272
rung-01000,answer,on,1.0,g122,8,0,1,116.167
rung-01000,answer,off,0.0,g122,9,0,1,108.550
rung-01000,answer,on,1.0,g122,9,0,1,119.655
rung-01000,answer,off,0.0,g123,0,1,1,105.733
rung-01000,answer,on,1.0,g123,0,1,1,106.826
rung-01000,answer,off,0.0,g123,1,1,1,94.682
rung-01000,answer,on,1.0,g123,1,1,1,105.369
rung-01000,answer,off,0.0,g123,2,1,1,112.030
rung-01000,answer,on,1.0,g123,2,1,1,113.532
rung-01000,answer,off,0.0,g123,3,0,1,95.401
rung-01000,answer,on,1.0,g123,3,0,1,107.286
rung-01000,answer,off,0.0,g123,4,0,1,99.561
rung-01000,answer,on,1.0,g123,4,0,1,106.003
rung-01000,answer,off,0.0,g123,5,0,1,92.181
rung-01000,answer,on,1.0,g123,5,0,1,102.920
rung-01000,answer,off,0.0,g123,6,0,1,92.064
rung-01000,answer,on,1.0,g123,6,0,1,104.990
rung-01000,answer,off,0.0,g123,7,0,1,93.035
rung-01000,answer,on,1.0,g123,7,0,1,102.500
rung-01000,answer,off,0.0,g123,8,0,1,92.117
rung-01000,answer,on,1.0,g123,8,0,1,101.557
rung-01000,answer,off,0.0,g123,9,0,1,91.989
rung-01000,answer,on,1.0,g123,9,0,1,102.465
rung-01000,answer,off,0.0,g124,0,1,1,111.698
rung-01000,answer,on,1.0,g124,0,1,1,131.674
rung-01000,answer,off,0.0,g124,1,1,1,111.002
rung-01000,answer,on,1.0,g124,1,1,1,132.111
rung-01000,answer,off,0.0,g124,2,1,1,111.303
rung-01000,answer,on,1.0,g124,2,1,1,131.796
rung-01000,answer,off,0.0,g124,3,0,1,111.784
rung-01000,answer,on,1.0,g124,3,0,1,130.943
rung-01000,answer,off,0.0,g124,4,0,1,110.346
rung-01000,answer,on,1.0,g124,4,0,1,129.713
rung-01000,answer,off,0.0,g124,5,0,1,110.769
rung-01000,answer,on,1.0,g124,5,0,1,128.781
rung-01000,answer,off,0.0,g124,6,0,1,110.892
rung-01000,answer,on,1.0,g124,6,0,1,128.992
rung-01000,answer,off,0.0,g124,7,0,1,109.247
rung-01000,answer,on,1.0,g124,7,0,1,130.117
rung-01000,answer,off,0.0,g124,8,0,1,110.447
rung-01000,answer,on,1.0,g124,8,0,1,129.812
rung-01000,answer,off,0.0,g124,9,0,1,110.441
rung-01000,answer,on,1.0,g124,9,0,1,130.902
