rung,path,arm,rerank_weight,question_id,repeat,warmup,ok,ms
rung-00100,ask,off,0.0,g001,0,1,1,69.545
rung-00100,ask,on,1.0,g001,0,1,1,89.967
rung-00100,ask,off,0.0,g001,1,1,1,69.089
rung-00100,ask,on,1.0,g001,1,1,1,90.753
rung-00100,ask,off,0.0,g001,2,1,1,70.434
rung-00100,ask,on,1.0,g001,2,1,1,88.435
rung-00100,ask,off,0.0,g001,3,0,1,65.899
rung-00100,ask,on,1.0,g001,3,0,1,87.492
rung-00100,ask,off,0.0,g001,4,0,1,72.006
rung-00100,ask,on,1.0,g001,4,0,1,87.107
rung-00100,ask,off,0.0,g001,5,0,1,66.991
rung-00100,ask,on,1.0,g001,5,0,1,89.179
rung-00100,ask,off,0.0,g001,6,0,1,66.353
rung-00100,ask,on,1.0,g001,6,0,1,89.600
rung-00100,ask,off,0.0,g001,7,0,1,71.075
rung-00100,ask,on,1.0,g001,7,0,1,88.661
rung-00100,ask,off,0.0,g001,8,0,1,67.686
rung-00100,ask,on,1.0,g001,8,0,1,90.263
rung-00100,ask,off,0.0,g001,9,0,1,65.557
rung-00100,ask,on,1.0,g001,9,0,1,90.702
rung-00100,ask,off,0.0,g002,0,1,1,69.946
rung-00100,ask,on,1.0,g002,0,1,1,89.708
rung-00100,ask,off,0.0,g002,1,1,1,67.669
rung-00100,ask,on,1.0,g002,1,1,1,91.411
rung-00100,ask,off,0.0,g002,2,1,1,67.275
rung-00100,ask,on,1.0,g002,2,1,1,90.435
rung-00100,ask,off,0.0,g002,3,0,1,68.782
rung-00100,ask,on,1.0,g002,3,0,1,90.473
rung-00100,ask,off,0.0,g002,4,0,1,65.906
rung-00100,ask,on,1.0,g002,4,0,1,90.588
rung-00100,ask,off,0.0,g002,5,0,1,65.671
rung-00100,ask,on,1.0,g002,5,0,1,94.198
rung-00100,ask,off,0.0,g002,6,0,1,79.139
rung-00100,ask,on,1.0,g002,6,0,1,90.702
rung-00100,ask,off,0.0,g002,7,0,1,66.005
rung-00100,ask,on,1.0,g002,7,0,1,90.306
rung-00100,ask,off,0.0,g002,8,0,1,65.874
rung-00100,ask,on,1.0,g002,8,0,1,88.857
rung-00100,ask,off,0.0,g002,9,0,1,66.767
rung-00100,ask,on,1.0,g002,9,0,1,88.110
rung-00100,ask,off,0.0,g003,0,1,1,67.107
rung-00100,ask,on,1.0,g003,0,1,1,88.198
rung-00100,ask,off,0.0,g003,1,1,1,66.959
rung-00100,ask,on,1.0,g003,1,1,1,90.429
rung-00100,ask,off,0.0,g003,2,1,1,66.693
rung-00100,ask,on,1.0,g003,2,1,1,91.816
rung-00100,ask,off,0.0,g003,3,0,1,67.322
rung-00100,ask,on,1.0,g003,3,0,1,89.756
rung-00100,ask,off,0.0,g003,4,0,1,68.781
rung-00100,ask,on,1.0,g003,4,0,1,89.314
rung-00100,ask,off,0.0,g003,5,0,1,67.977
rung-00100,ask,on,1.0,g003,5,0,1,90.613
rung-00100,ask,off,0.0,g003,6,0,1,67.451
rung-00100,ask,on,1.0,g003,6,0,1,87.956
rung-00100,ask,off,0.0,g003,7,0,1,67.007
rung-00100,ask,on,1.0,g003,7,0,1,89.564
rung-00100,ask,off,0.0,g003,8,0,1,67.278
rung-00100,ask,on,1.0,g003,8,0,1,87.413
rung-00100,ask,off,0.0,g003,9,0,1,66.982
rung-00100,ask,on,1.0,g003,9,0,1,88.457
rung-00100,ask,off,0.0,g004,0,1,1,66.101
rung-00100,ask,on,1.0,g004,0,1,1,86.877
rung-00100,ask,off,0.0,g004,1,1,1,64.534
rung-00100,ask,on,1.0,g004,1,1,1,86.660
rung-00100,ask,off,0.0,g004,2,1,1,64.866
rung-00100,ask,on,1.0,g004,2,1,1,86.312
rung-00100,ask,off,0.0,g004,3,0,1,65.755
rung-00100,ask,on,1.0,g004,3,0,1,86.959
rung-00100,ask,off,0.0,g004,4,0,1,65.252
rung-00100,ask,on,1.0,g004,4,0,1,89.091
rung-00100,ask,off,0.0,g004,5,0,1,65.725
rung-00100,ask,on,1.0,g004,5,0,1,87.419
rung-00100,ask,off,0.0,g004,6,0,1,65.389
rung-00100,ask,on,1.0,g004,6,0,1,85.946
rung-00100,ask,off,0.0,g004,7,0,1,65.638
rung-00100,ask,on,1.0,g004,7,0,1,85.875
rung-00100,ask,off,0.0,g004,8,0,1,65.725
rung-00100,ask,on,1.0,g004,8,0,1,88.007
rung-00100,ask,off,0.0,g004,9,0,1,65.537
rung-00100,ask,on,1.0,g004,9,0,1,86.990
rung-00100,ask,off,0.0,g005,0,1,1,67.452
rung-00100,ask,on,1.0,g005,0,1,1,87.479
rung-00100,ask,off,0.0,g005,1,1,1,66.059
rung-00100,ask,on,1.0,g005,1,1,1,86.273
rung-00100,ask,off,0.0,g005,2,1,1,66.922
rung-00100,ask,on,1.0,g005,2,1,1,86.066
rung-00100,ask,off,0.0,g005,3,0,1,66.589
rung-00100,ask,on,1.0,g005,3,0,1,89.083
rung-00100,ask,off,0.0,g005,4,0,1,65.023
rung-00100,ask,on,1.0,g005,4,0,1,91.244
rung-00100,ask,off,0.0,g005,5,0,1,72.450
rung-00100,ask,on,1.0,g005,5,0,1,86.642
rung-00100,ask,off,0.0,g005,6,0,1,65.191
rung-00100,ask,on,1.0,g005,6,0,1,88.112
rung-00100,ask,off,0.0,g005,7,0,1,64.918
rung-00100,ask,on,1.0,g005,7,0,1,87.107
rung-00100,ask,off,0.0,g005,8,0,1,66.419
rung-00100,ask,on,1.0,g005,8,0,1,87.823
rung-00100,ask,off,0.0,g005,9,0,1,65.028
rung-00100,ask,on,1.0,g005,9,0,1,86.273
rung-00100,ask,off,0.0,g006,0,1,1,65.738
rung-00100,ask,on,1.0,g006,0,1,1,86.558
rung-00100,ask,off,0.0,g006,1,1,1,64.921
rung-00100,ask,on,1.0,g006,1,1,1,85.355
rung-00100,ask,off,0.0,g006,2,1,1,65.599
rung-00100,ask,on,1.0,g006,2,1,1,84.754
rung-00100,ask,off,0.0,g006,3,0,1,65.823
rung-00100,ask,on,1.0,g006,3,0,1,84.692
rung-00100,ask,off,0.0,g006,4,0,1,65.941
rung-00100,ask,on,1.0,g006,4,0,1,84.510
rung-00100,ask,off,0.0,g006,5,0,1,68.178
rung-00100,ask,on,1.0,g006,5,0,1,86.861
rung-00100,ask,off,0.0,g006,6,0,1,64.685
rung-00100,ask,on,1.0,g006,6,0,1,86.216
rung-00100,ask,off,0.0,g006,7,0,1,67.119
rung-00100,ask,on,1.0,g006,7,0,1,84.864
rung-00100,ask,off,0.0,g006,8,0,1,66.379
rung-00100,ask,on,1.0,g006,8,0,1,87.641
rung-00100,ask,off,0.0,g006,9,0,1,64.819
rung-00100,ask,on,1.0,g006,9,0,1,86.721
rung-00100,ask,off,0.0,g007,0,1,1,63.294
rung-00100,ask,on,1.0,g007,0,1,1,77.349
rung-00100,ask,off,0.0,g007,1,1,1,63.132
rung-00100,ask,on,1.0,g007,1,1,1,75.476
rung-00100,ask,off,0.0,g007,2,1,1,64.744
rung-00100,ask,on,1.0,g007,2,1,1,77.291
rung-00100,ask,off,0.0,g007,3,0,1,63.161
rung-00100,ask,on,1.0,g007,3,0,1,76.029
rung-00100,ask,off,0.0,g007,4,0,1,64.756
rung-00100,ask,on,1.0,g007,4,0,1,78.333
rung-00100,ask,off,0.0,g007,5,0,1,66.597
rung-00100,ask,on,1.0,g007,5,0,1,80.968
rung-00100,ask,off,0.0,g007,6,0,1,65.642
rung-00100,ask,on,1.0,g007,6,0,1,78.127
rung-00100,ask,off,0.0,g007,7,0,1,63.487
rung-00100,ask,on,1.0,g007,7,0,1,78.722
rung-00100,ask,off,0.0,g007,8,0,1,64.901
rung-00100,ask,on,1.0,g007,8,0,1,77.824
rung-00100,ask,off,0.0,g007,9,0,1,64.465
rung-00100,ask,on,1.0,g007,9,0,1,76.774
rung-00100,ask,off,0.0,g008,0,1,1,65.779
rung-00100,ask,on,1.0,g008,0,1,1,84.346
rung-00100,ask,off,0.0,g008,1,1,1,64.622
rung-00100,ask,on,1.0,g008,1,1,1,82.602
rung-00100,ask,off,0.0,g008,2,1,1,66.736
rung-00100,ask,on,1.0,g008,2,1,1,87.321
rung-00100,ask,off,0.0,g008,3,0,1,66.579
rung-00100,ask,on,1.0,g008,3,0,1,82.784
rung-00100,ask,off,0.0,g008,4,0,1,72.720
rung-00100,ask,on,1.0,g008,4,0,1,83.834
rung-00100,ask,off,0.0,g008,5,0,1,65.078
rung-00100,ask,on,1.0,g008,5,0,1,83.594
rung-00100,ask,off,0.0,g008,6,0,1,65.623
rung-00100,ask,on,1.0,g008,6,0,1,82.194
rung-00100,ask,off,0.0,g008,7,0,1,66.654
rung-00100,ask,on,1.0,g008,7,0,1,82.569
rung-00100,ask,off,0.0,g008,8,0,1,65.943
rung-00100,ask,on,1.0,g008,8,0,1,82.160
rung-00100,ask,off,0.0,g008,9,0,1,65.732
rung-00100,ask,on,1.0,g008,9,0,1,83.636
rung-00100,ask,off,0.0,g009,0,1,1,64.132
rung-00100,ask,on,1.0,g009,0,1,1,82.186
rung-00100,ask,off,0.0,g009,1,1,1,65.624
rung-00100,ask,on,1.0,g009,1,1,1,83.338
rung-00100,ask,off,0.0,g009,2,1,1,65.618
rung-00100,ask,on,1.0,g009,2,1,1,84.338
rung-00100,ask,off,0.0,g009,3,0,1,64.682
rung-00100,ask,on,1.0,g009,3,0,1,84.883
rung-00100,ask,off,0.0,g009,4,0,1,64.436
rung-00100,ask,on,1.0,g009,4,0,1,84.677
rung-00100,ask,off,0.0,g009,5,0,1,64.712
rung-00100,ask,on,1.0,g009,5,0,1,90.410
rung-00100,ask,off,0.0,g009,6,0,1,70.761
rung-00100,ask,on,1.0,g009,6,0,1,94.217
rung-00100,ask,off,0.0,g009,7,0,1,64.155
rung-00100,ask,on,1.0,g009,7,0,1,84.312
rung-00100,ask,off,0.0,g009,8,0,1,64.219
rung-00100,ask,on,1.0,g009,8,0,1,84.175
rung-00100,ask,off,0.0,g009,9,0,1,69.473
rung-00100,ask,on,1.0,g009,9,0,1,83.058
rung-00100,ask,off,0.0,g010,0,1,1,65.162
rung-00100,ask,on,1.0,g010,0,1,1,78.467
rung-00100,ask,off,0.0,g010,1,1,1,65.730
rung-00100,ask,on,1.0,g010,1,1,1,80.041
rung-00100,ask,off,0.0,g010,2,1,1,64.500
rung-00100,ask,on,1.0,g010,2,1,1,79.141
rung-00100,ask,off,0.0,g010,3,0,1,65.553
rung-00100,ask,on,1.0,g010,3,0,1,80.759
rung-00100,ask,off,0.0,g010,4,0,1,64.362
rung-00100,ask,on,1.0,g010,4,0,1,80.047
rung-00100,ask,off,0.0,g010,5,0,1,65.246
rung-00100,ask,on,1.0,g010,5,0,1,79.776
rung-00100,ask,off,0.0,g010,6,0,1,63.696
rung-00100,ask,on,1.0,g010,6,0,1,78.139
rung-00100,ask,off,0.0,g010,7,0,1,63.661
rung-00100,ask,on,1.0,g010,7,0,1,80.612
rung-00100,ask,off,0.0,g010,8,0,1,64.152
rung-00100,ask,on,1.0,g010,8,0,1,83.563
rung-00100,ask,off,0.0,g010,9,0,1,65.166
rung-00100,ask,on,1.0,g010,9,0,1,79.823
rung-00100,ask,off,0.0,g011,0,1,1,65.107
rung-00100,ask,on,1.0,g011,0,1,1,91.738
rung-00100,ask,off,0.0,g011,1,1,1,67.384
rung-00100,ask,on,1.0,g011,1,1,1,88.933
rung-00100,ask,off,0.0,g011,2,1,1,66.481
rung-00100,ask,on,1.0,g011,2,1,1,89.026
rung-00100,ask,off,0.0,g011,3,0,1,67.165
rung-00100,ask,on,1.0,g011,3,0,1,88.521
rung-00100,ask,off,0.0,g011,4,0,1,66.683
rung-00100,ask,on,1.0,g011,4,0,1,86.979
rung-00100,ask,off,0.0,g011,5,0,1,64.344
rung-00100,ask,on,1.0,g011,5,0,1,88.893
rung-00100,ask,off,0.0,g011,6,0,1,67.184
rung-00100,ask,on,1.0,g011,6,0,1,89.833
rung-00100,ask,off,0.0,g011,7,0,1,69.017
rung-00100,ask,on,1.0,g011,7,0,1,89.241
rung-00100,ask,off,0.0,g011,8,0,1,65.294
rung-00100,ask,on,1.0,g011,8,0,1,87.697
rung-00100,ask,off,0.0,g011,9,0,1,65.443
rung-00100,ask,on,1.0,g011,9,0,1,88.809
rung-00100,ask,off,0.0,g012,0,1,1,65.561
rung-00100,ask,on,1.0,g012,0,1,1,83.897
rung-00100,ask,off,0.0,g012,1,1,1,66.422
rung-00100,ask,on,1.0,g012,1,1,1,84.335
rung-00100,ask,off,0.0,g012,2,1,1,67.305
rung-00100,ask,on,1.0,g012,2,1,1,83.992
rung-00100,ask,off,0.0,g012,3,0,1,65.396
rung-00100,ask,on,1.0,g012,3,0,1,85.195
rung-00100,ask,off,0.0,g012,4,0,1,66.943
rung-00100,ask,on,1.0,g012,4,0,1,83.588
rung-00100,ask,off,0.0,g012,5,0,1,65.648
rung-00100,ask,on,1.0,g012,5,0,1,83.340
rung-00100,ask,off,0.0,g012,6,0,1,66.226
rung-00100,ask,on,1.0,g012,6,0,1,84.938
rung-00100,ask,off,0.0,g012,7,0,1,66.056
rung-00100,ask,on,1.0,g012,7,0,1,86.850
rung-00100,ask,off,0.0,g012,8,0,1,66.621
rung-00100,ask,on,1.0,g012,8,0,1,85.252
rung-00100,ask,off,0.0,g012,9,0,1,66.185
rung-00100,ask,on,1.0,g012,9,0,1,82.740
rung-00100,ask,off,0.0,g013,0,1,1,69.887
rung-00100,ask,on,1.0,g013,0,1,1,83.056
rung-00100,ask,off,0.0,g013,1,1,1,66.645
rung-00100,ask,on,1.0,g013,1,1,1,82.785
rung-00100,ask,off,0.0,g013,2,1,1,65.441
rung-00100,ask,on,1.0,g013,2,1,1,84.331
rung-00100,ask,off,0.0,g013,3,0,1,65.651
rung-00100,ask,on,1.0,g013,3,0,1,82.555
rung-00100,ask,off,0.0,g013,4,0,1,66.908
rung-00100,ask,on,1.0,g013,4,0,1,82.250
rung-00100,ask,off,0.0,g013,5,0,1,67.412
rung-00100,ask,on,1.0,g013,5,0,1,86.249
rung-00100,ask,off,0.0,g013,6,0,1,66.791
rung-00100,ask,on,1.0,g013,6,0,1,82.000
rung-00100,ask,off,0.0,g013,7,0,1,66.131
rung-00100,ask,on,1.0,g013,7,0,1,82.550
rung-00100,ask,off,0.0,g013,8,0,1,65.845
rung-00100,ask,on,1.0,g013,8,0,1,82.152
rung-00100,ask,off,0.0,g013,9,0,1,64.709
rung-00100,ask,on,1.0,g013,9,0,1,82.781
rung-00100,ask,off,0.0,g014,0,1,1,65.837
rung-00100,ask,on,1.0,g014,0,1,1,81.743
rung-00100,ask,off,0.0,g014,1,1,1,66.125
rung-00100,ask,on,1.0,g014,1,1,1,80.818
rung-00100,ask,off,0.0,g014,2,1,1,68.943
rung-00100,ask,on,1.0,g014,2,1,1,80.070
rung-00100,ask,off,0.0,g014,3,0,1,65.915
rung-00100,ask,on,1.0,g014,3,0,1,81.513
rung-00100,ask,off,0.0,g014,4,0,1,65.659
rung-00100,ask,on,1.0,g014,4,0,1,81.777
rung-00100,ask,off,0.0,g014,5,0,1,66.271
rung-00100,ask,on,1.0,g014,5,0,1,81.550
rung-00100,ask,off,0.0,g014,6,0,1,66.297
rung-00100,ask,on,1.0,g014,6,0,1,81.570
rung-00100,ask,off,0.0,g014,7,0,1,65.142
rung-00100,ask,on,1.0,g014,7,0,1,80.824
rung-00100,ask,off,0.0,g014,8,0,1,65.725
rung-00100,ask,on,1.0,g014,8,0,1,81.648
rung-00100,ask,off,0.0,g014,9,0,1,68.848
rung-00100,ask,on,1.0,g014,9,0,1,80.782
rung-00100,ask,off,0.0,g015,0,1,1,65.096
rung-00100,ask,on,1.0,g015,0,1,1,80.993
rung-00100,ask,off,0.0,g015,1,1,1,63.944
rung-00100,ask,on,1.0,g015,1,1,1,79.945
rung-00100,ask,off,0.0,g015,2,1,1,64.460
rung-00100,ask,on,1.0,g015,2,1,1,78.552
rung-00100,ask,off,0.0,g015,3,0,1,63.344
rung-00100,ask,on,1.0,g015,3,0,1,79.784
rung-00100,ask,off,0.0,g015,4,0,1,65.320
rung-00100,ask,on,1.0,g015,4,0,1,80.124
rung-00100,ask,off,0.0,g015,5,0,1,64.264
rung-00100,ask,on,1.0,g015,5,0,1,83.658
rung-00100,ask,off,0.0,g015,6,0,1,64.534
rung-00100,ask,on,1.0,g015,6,0,1,78.562
rung-00100,ask,off,0.0,g015,7,0,1,65.756
rung-00100,ask,on,1.0,g015,7,0,1,81.334
rung-00100,ask,off,0.0,g015,8,0,1,64.043
rung-00100,ask,on,1.0,g015,8,0,1,79.282
rung-00100,ask,off,0.0,g015,9,0,1,64.785
rung-00100,ask,on,1.0,g015,9,0,1,80.705
rung-00100,ask,off,0.0,g016,0,1,1,65.399
rung-00100,ask,on,1.0,g016,0,1,1,84.077
rung-00100,ask,off,0.0,g016,1,1,1,66.129
rung-00100,ask,on,1.0,g016,1,1,1,84.399
rung-00100,ask,off,0.0,g016,2,1,1,65.653
rung-00100,ask,on,1.0,g016,2,1,1,87.668
rung-00100,ask,off,0.0,g016,3,0,1,89.650
rung-00100,ask,on,1.0,g016,3,0,1,84.569
rung-00100,ask,off,0.0,g016,4,0,1,65.019
rung-00100,ask,on,1.0,g016,4,0,1,85.023
rung-00100,ask,off,0.0,g016,5,0,1,65.948
rung-00100,ask,on,1.0,g016,5,0,1,85.108
rung-00100,ask,off,0.0,g016,6,0,1,66.304
rung-00100,ask,on,1.0,g016,6,0,1,83.502
rung-00100,ask,off,0.0,g016,7,0,1,66.446
rung-00100,ask,on,1.0,g016,7,0,1,84.793
rung-00100,ask,off,0.0,g016,8,0,1,66.778
rung-00100,ask,on,1.0,g016,8,0,1,84.173
rung-00100,ask,off,0.0,g016,9,0,1,78.366
rung-00100,ask,on,1.0,g016,9,0,1,84.944
rung-00100,ask,off,0.0,g017,0,1,1,67.382
rung-00100,ask,on,1.0,g017,0,1,1,81.425
rung-00100,ask,off,0.0,g017,1,1,1,64.915
rung-00100,ask,on,1.0,g017,1,1,1,79.801
rung-00100,ask,off,0.0,g017,2,1,1,64.624
rung-00100,ask,on,1.0,g017,2,1,1,79.874
rung-00100,ask,off,0.0,g017,3,0,1,64.576
rung-00100,ask,on,1.0,g017,3,0,1,79.619
rung-00100,ask,off,0.0,g017,4,0,1,65.292
rung-00100,ask,on,1.0,g017,4,0,1,80.454
rung-00100,ask,off,0.0,g017,5,0,1,64.866
rung-00100,ask,on,1.0,g017,5,0,1,82.866
rung-00100,ask,off,0.0,g017,6,0,1,67.934
rung-00100,ask,on,1.0,g017,6,0,1,79.369
rung-00100,ask,off,0.0,g017,7,0,1,65.370
rung-00100,ask,on,1.0,g017,7,0,1,80.917
rung-00100,ask,off,0.0,g017,8,0,1,66.548
rung-00100,ask,on,1.0,g017,8,0,1,86.234
rung-00100,ask,off,0.0,g017,9,0,1,66.035
rung-00100,ask,on,1.0,g017,9,0,1,79.508
rung-00100,ask,off,0.0,g018,0,1,1,67.230
rung-00100,ask,on,1.0,g018,0,1,1,85.408
rung-00100,ask,off,0.0,g018,1,1,1,68.522
rung-00100,ask,on,1.0,g018,1,1,1,87.458
rung-00100,ask,off,0.0,g018,2,1,1,66.446
rung-00100,ask,on,1.0,g018,2,1,1,86.898
rung-00100,ask,off,0.0,g018,3,0,1,66.116
rung-00100,ask,on,1.0,g018,3,0,1,85.489
rung-00100,ask,off,0.0,g018,4,0,1,65.480
rung-00100,ask,on,1.0,g018,4,0,1,84.076
rung-00100,ask,off,0.0,g018,5,0,1,67.575
rung-00100,ask,on,1.0,g018,5,0,1,86.072
rung-00100,ask,off,0.0,g018,6,0,1,65.444
rung-00100,ask,on,1.0,g018,6,0,1,85.066
rung-00100,ask,off,0.0,g018,7,0,1,65.870
rung-00100,ask,on,1.0,g018,7,0,1,85.007
rung-00100,ask,off,0.0,g018,8,0,1,69.331
rung-00100,ask,on,1.0,g018,8,0,1,85.529
rung-00100,ask,off,0.0,g018,9,0,1,67.327
rung-00100,ask,on,1.0,g018,9,0,1,85.867
rung-00100,ask,off,0.0,g019,0,1,1,66.083
rung-00100,ask,on,1.0,g019,0,1,1,86.956
rung-00100,ask,off,0.0,g019,1,1,1,66.511
rung-00100,ask,on,1.0,g019,1,1,1,86.588
rung-00100,ask,off,0.0,g019,2,1,1,66.609
rung-00100,ask,on,1.0,g019,2,1,1,87.264
rung-00100,ask,off,0.0,g019,3,0,1,66.216
rung-00100,ask,on,1.0,g019,3,0,1,87.136
rung-00100,ask,off,0.0,g019,4,0,1,65.896
rung-00100,ask,on,1.0,g019,4,0,1,89.979
rung-00100,ask,off,0.0,g019,5,0,1,65.318
rung-00100,ask,on,1.0,g019,5,0,1,89.362
rung-00100,ask,off,0.0,g019,6,0,1,66.602
rung-00100,ask,on,1.0,g019,6,0,1,87.530
rung-00100,ask,off,0.0,g019,7,0,1,65.666
rung-00100,ask,on,1.0,g019,7,0,1,86.684
rung-00100,ask,off,0.0,g019,8,0,1,66.650
rung-00100,ask,on,1.0,g019,8,0,1,85.566
rung-00100,ask,off,0.0,g019,9,0,1,68.316
rung-00100,ask,on,1.0,g019,9,0,1,88.254
rung-00100,ask,off,0.0,g020,0,1,1,66.558
rung-00100,ask,on,1.0,g020,0,1,1,87.284
rung-00100,ask,off,0.0,g020,1,1,1,68.368
rung-00100,ask,on,1.0,g020,1,1,1,85.697
rung-00100,ask,off,0.0,g020,2,1,1,65.313
rung-00100,ask,on,1.0,g020,2,1,1,88.664
rung-00100,ask,off,0.0,g020,3,0,1,66.398
rung-00100,ask,on,1.0,g020,3,0,1,87.966
rung-00100,ask,off,0.0,g020,4,0,1,66.085
rung-00100,ask,on,1.0,g020,4,0,1,86.302
rung-00100,ask,off,0.0,g020,5,0,1,67.262
rung-00100,ask,on,1.0,g020,5,0,1,87.615
rung-00100,ask,off,0.0,g020,6,0,1,91.933
rung-00100,ask,on,1.0,g020,6,0,1,88.106
rung-00100,ask,off,0.0,g020,7,0,1,65.987
rung-00100,ask,on,1.0,g020,7,0,1,86.486
rung-00100,ask,off,0.0,g020,8,0,1,67.367
rung-00100,ask,on,1.0,g020,8,0,1,87.032
rung-00100,ask,off,0.0,g020,9,0,1,65.924
rung-00100,ask,on,1.0,g020,9,0,1,88.065
rung-00100,ask,off,0.0,g021,0,1,1,67.301
rung-00100,ask,on,1.0,g021,0,1,1,87.315
rung-00100,ask,off,0.0,g021,1,1,1,67.344
rung-00100,ask,on,1.0,g021,1,1,1,87.493
rung-00100,ask,off,0.0,g021,2,1,1,67.221
rung-00100,ask,on,1.0,g021,2,1,1,89.581
rung-00100,ask,off,0.0,g021,3,0,1,66.513
rung-00100,ask,on,1.0,g021,3,0,1,86.700
rung-00100,ask,off,0.0,g021,4,0,1,66.206
rung-00100,ask,on,1.0,g021,4,0,1,87.064
rung-00100,ask,off,0.0,g021,5,0,1,67.735
rung-00100,ask,on,1.0,g021,5,0,1,86.501
rung-00100,ask,off,0.0,g021,6,0,1,68.108
rung-00100,ask,on,1.0,g021,6,0,1,85.963
rung-00100,ask,off,0.0,g021,7,0,1,65.938
rung-00100,ask,on,1.0,g021,7,0,1,85.090
rung-00100,ask,off,0.0,g021,8,0,1,66.660
rung-00100,ask,on,1.0,g021,8,0,1,86.832
rung-00100,ask,off,0.0,g021,9,0,1,70.476
rung-00100,ask,on,1.0,g021,9,0,1,84.963
rung-00100,ask,off,0.0,g022,0,1,1,65.382
rung-00100,ask,on,1.0,g022,0,1,1,87.147
rung-00100,ask,off,0.0,g022,1,1,1,66.319
rung-00100,ask,on,1.0,g022,1,1,1,83.014
rung-00100,ask,off,0.0,g022,2,1,1,66.146
rung-00100,ask,on,1.0,g022,2,1,1,84.057
rung-00100,ask,off,0.0,g022,3,0,1,103.377
rung-00100,ask,on,1.0,g022,3,0,1,84.600
rung-00100,ask,off,0.0,g022,4,0,1,63.808
rung-00100,ask,on,1.0,g022,4,0,1,83.171
rung-00100,ask,off,0.0,g022,5,0,1,65.100
rung-00100,ask,on,1.0,g022,5,0,1,83.461
rung-00100,ask,off,0.0,g022,6,0,1,63.770
rung-00100,ask,on,1.0,g022,6,0,1,83.493
rung-00100,ask,off,0.0,g022,7,0,1,63.865
rung-00100,ask,on,1.0,g022,7,0,1,84.672
rung-00100,ask,off,0.0,g022,8,0,1,63.860
rung-00100,ask,on,1.0,g022,8,0,1,81.932
rung-00100,ask,off,0.0,g022,9,0,1,69.482
rung-00100,ask,on,1.0,g022,9,0,1,89.530
rung-00100,ask,off,0.0,g023,0,1,1,68.569
rung-00100,ask,on,1.0,g023,0,1,1,81.533
rung-00100,ask,off,0.0,g023,1,1,1,64.395
rung-00100,ask,on,1.0,g023,1,1,1,79.271
rung-00100,ask,off,0.0,g023,2,1,1,65.915
rung-00100,ask,on,1.0,g023,2,1,1,79.675
rung-00100,ask,off,0.0,g023,3,0,1,65.633
rung-00100,ask,on,1.0,g023,3,0,1,79.991
rung-00100,ask,off,0.0,g023,4,0,1,65.816
rung-00100,ask,on,1.0,g023,4,0,1,81.754
rung-00100,ask,off,0.0,g023,5,0,1,65.220
rung-00100,ask,on,1.0,g023,5,0,1,80.711
rung-00100,ask,off,0.0,g023,6,0,1,64.867
rung-00100,ask,on,1.0,g023,6,0,1,79.901
rung-00100,ask,off,0.0,g023,7,0,1,66.111
rung-00100,ask,on,1.0,g023,7,0,1,80.522
rung-00100,ask,off,0.0,g023,8,0,1,63.863
rung-00100,ask,on,1.0,g023,8,0,1,80.840
rung-00100,ask,off,0.0,g023,9,0,1,65.695
rung-00100,ask,on,1.0,g023,9,0,1,80.676
rung-00100,ask,off,0.0,g024,0,1,1,63.542
rung-00100,ask,on,1.0,g024,0,1,1,85.292
rung-00100,ask,off,0.0,g024,1,1,1,63.588
rung-00100,ask,on,1.0,g024,1,1,1,84.251
rung-00100,ask,off,0.0,g024,2,1,1,65.440
rung-00100,ask,on,1.0,g024,2,1,1,86.344
rung-00100,ask,off,0.0,g024,3,0,1,65.427
rung-00100,ask,on,1.0,g024,3,0,1,85.280
rung-00100,ask,off,0.0,g024,4,0,1,65.032
rung-00100,ask,on,1.0,g024,4,0,1,87.621
rung-00100,ask,off,0.0,g024,5,0,1,67.070
rung-00100,ask,on,1.0,g024,5,0,1,85.202
rung-00100,ask,off,0.0,g024,6,0,1,64.816
rung-00100,ask,on,1.0,g024,6,0,1,82.532
rung-00100,ask,off,0.0,g024,7,0,1,64.841
rung-00100,ask,on,1.0,g024,7,0,1,86.315
rung-00100,ask,off,0.0,g024,8,0,1,65.807
rung-00100,ask,on,1.0,g024,8,0,1,86.187
rung-00100,ask,off,0.0,g024,9,0,1,65.326
rung-00100,ask,on,1.0,g024,9,0,1,86.823
rung-00100,ask,off,0.0,g025,0,1,1,65.746
rung-00100,ask,on,1.0,g025,0,1,1,85.512
rung-00100,ask,off,0.0,g025,1,1,1,64.906
rung-00100,ask,on,1.0,g025,1,1,1,88.261
rung-00100,ask,off,0.0,g025,2,1,1,66.482
rung-00100,ask,on,1.0,g025,2,1,1,86.672
rung-00100,ask,off,0.0,g025,3,0,1,65.790
rung-00100,ask,on,1.0,g025,3,0,1,85.657
rung-00100,ask,off,0.0,g025,4,0,1,65.453
rung-00100,ask,on,1.0,g025,4,0,1,86.144
rung-00100,ask,off,0.0,g025,5,0,1,65.996
rung-00100,ask,on,1.0,g025,5,0,1,86.553
rung-00100,ask,off,0.0,g025,6,0,1,66.460
rung-00100,ask,on,1.0,g025,6,0,1,86.657
rung-00100,ask,off,0.0,g025,7,0,1,65.427
rung-00100,ask,on,1.0,g025,7,0,1,86.174
rung-00100,ask,off,0.0,g025,8,0,1,68.704
rung-00100,ask,on,1.0,g025,8,0,1,85.808
rung-00100,ask,off,0.0,g025,9,0,1,65.854
rung-00100,ask,on,1.0,g025,9,0,1,86.053
rung-00100,ask,off,0.0,g026,0,1,1,64.191
rung-00100,ask,on,1.0,g026,0,1,1,88.208
rung-00100,ask,off,0.0,g026,1,1,1,66.597
rung-00100,ask,on,1.0,g026,1,1,1,86.690
rung-00100,ask,off,0.0,g026,2,1,1,66.238
rung-00100,ask,on,1.0,g026,2,1,1,87.601
rung-00100,ask,off,0.0,g026,3,0,1,66.840
rung-00100,ask,on,1.0,g026,3,0,1,87.380
rung-00100,ask,off,0.0,g026,4,0,1,64.923
rung-00100,ask,on,1.0,g026,4,0,1,87.500
rung-00100,ask,off,0.0,g026,5,0,1,65.962
rung-00100,ask,on,1.0,g026,5,0,1,89.204
rung-00100,ask,off,0.0,g026,6,0,1,64.442
rung-00100,ask,on,1.0,g026,6,0,1,89.566
rung-00100,ask,off,0.0,g026,7,0,1,67.598
rung-00100,ask,on,1.0,g026,7,0,1,87.978
rung-00100,ask,off,0.0,g026,8,0,1,64.603
rung-00100,ask,on,1.0,g026,8,0,1,85.864
rung-00100,ask,off,0.0,g026,9,0,1,67.123
rung-00100,ask,on,1.0,g026,9,0,1,86.225
rung-00100,ask,off,0.0,g027,0,1,1,66.331
rung-00100,ask,on,1.0,g027,0,1,1,79.853
rung-00100,ask,off,0.0,g027,1,1,1,66.524
rung-00100,ask,on,1.0,g027,1,1,1,79.610
rung-00100,ask,off,0.0,g027,2,1,1,66.536
rung-00100,ask,on,1.0,g027,2,1,1,84.406
rung-00100,ask,off,0.0,g027,3,0,1,76.986
rung-00100,ask,on,1.0,g027,3,0,1,80.651
rung-00100,ask,off,0.0,g027,4,0,1,65.899
rung-00100,ask,on,1.0,g027,4,0,1,79.297
rung-00100,ask,off,0.0,g027,5,0,1,64.937
rung-00100,ask,on,1.0,g027,5,0,1,79.200
rung-00100,ask,off,0.0,g027,6,0,1,66.561
rung-00100,ask,on,1.0,g027,6,0,1,80.426
rung-00100,ask,off,0.0,g027,7,0,1,69.692
rung-00100,ask,on,1.0,g027,7,0,1,81.064
rung-00100,ask,off,0.0,g027,8,0,1,66.761
rung-00100,ask,on,1.0,g027,8,0,1,81.316
rung-00100,ask,off,0.0,g027,9,0,1,65.076
rung-00100,ask,on,1.0,g027,9,0,1,81.742
rung-00100,ask,off,0.0,g028,0,1,1,64.549
rung-00100,ask,on,1.0,g028,0,1,1,86.754
rung-00100,ask,off,0.0,g028,1,1,1,65.966
rung-00100,ask,on,1.0,g028,1,1,1,87.822
rung-00100,ask,off,0.0,g028,2,1,1,68.213
rung-00100,ask,on,1.0,g028,2,1,1,86.910
rung-00100,ask,off,0.0,g028,3,0,1,66.063
rung-00100,ask,on,1.0,g028,3,0,1,84.911
rung-00100,ask,off,0.0,g028,4,0,1,65.309
rung-00100,ask,on,1.0,g028,4,0,1,86.575
rung-00100,ask,off,0.0,g028,5,0,1,66.248
rung-00100,ask,on,1.0,g028,5,0,1,85.095
rung-00100,ask,off,0.0,g028,6,0,1,64.845
rung-00100,ask,on,1.0,g028,6,0,1,86.442
rung-00100,ask,off,0.0,g028,7,0,1,66.193
rung-00100,ask,on,1.0,g028,7,0,1,85.593
rung-00100,ask,off,0.0,g028,8,0,1,65.310
rung-00100,ask,on,1.0,g028,8,0,1,86.849
rung-00100,ask,off,0.0,g028,9,0,1,66.137
rung-00100,ask,on,1.0,g028,9,0,1,86.615
rung-00100,ask,off,0.0,g029,0,1,1,66.430
rung-00100,ask,on,1.0,g029,0,1,1,80.186
rung-00100,ask,off,0.0,g029,1,1,1,66.399
rung-00100,ask,on,1.0,g029,1,1,1,80.124
rung-00100,ask,off,0.0,g029,2,1,1,66.580
rung-00100,ask,on,1.0,g029,2,1,1,81.742
rung-00100,ask,off,0.0,g029,3,0,1,64.564
rung-00100,ask,on,1.0,g029,3,0,1,85.350
rung-00100,ask,off,0.0,g029,4,0,1,70.983
rung-00100,ask,on,1.0,g029,4,0,1,81.797
rung-00100,ask,off,0.0,g029,5,0,1,65.578
rung-00100,ask,on,1.0,g029,5,0,1,81.110
rung-00100,ask,off,0.0,g029,6,0,1,66.253
rung-00100,ask,on,1.0,g029,6,0,1,82.101
rung-00100,ask,off,0.0,g029,7,0,1,65.324
rung-00100,ask,on,1.0,g029,7,0,1,80.064
rung-00100,ask,off,0.0,g029,8,0,1,66.169
rung-00100,ask,on,1.0,g029,8,0,1,80.030
rung-00100,ask,off,0.0,g029,9,0,1,66.501
rung-00100,ask,on,1.0,g029,9,0,1,81.491
rung-00100,ask,off,0.0,g030,0,1,1,67.387
rung-00100,ask,on,1.0,g030,0,1,1,81.906
rung-00100,ask,off,0.0,g030,1,1,1,65.717
rung-00100,ask,on,1.0,g030,1,1,1,83.837
rung-00100,ask,off,0.0,g030,2,1,1,66.942
rung-00100,ask,on,1.0,g030,2,1,1,81.143
rung-00100,ask,off,0.0,g030,3,0,1,66.642
rung-00100,ask,on,1.0,g030,3,0,1,84.537
rung-00100,ask,off,0.0,g030,4,0,1,65.913
rung-00100,ask,on,1.0,g030,4,0,1,83.073
rung-00100,ask,off,0.0,g030,5,0,1,65.083
rung-00100,ask,on,1.0,g030,5,0,1,82.567
rung-00100,ask,off,0.0,g030,6,0,1,66.760
rung-00100,ask,on,1.0,g030,6,0,1,82.055
rung-00100,ask,off,0.0,g030,7,0,1,65.110
rung-00100,ask,on,1.0,g030,7,0,1,84.231
rung-00100,ask,off,0.0,g030,8,0,1,65.275
rung-00100,ask,on,1.0,g030,8,0,1,81.817
rung-00100,ask,off,0.0,g030,9,0,1,66.575
rung-00100,ask,on,1.0,g030,9,0,1,83.474
rung-00100,ask,off,0.0,g031,0,1,1,66.402
rung-00100,ask,on,1.0,g031,0,1,1,82.467
rung-00100,ask,off,0.0,g031,1,1,1,67.123
rung-00100,ask,on,1.0,g031,1,1,1,82.580
rung-00100,ask,off,0.0,g031,2,1,1,65.577
rung-00100,ask,on,1.0,g031,2,1,1,84.736
rung-00100,ask,off,0.0,g031,3,0,1,66.438
rung-00100,ask,on,1.0,g031,3,0,1,82.457
rung-00100,ask,off,0.0,g031,4,0,1,65.120
rung-00100,ask,on,1.0,g031,4,0,1,84.535
rung-00100,ask,off,0.0,g031,5,0,1,66.894
rung-00100,ask,on,1.0,g031,5,0,1,82.454
rung-00100,ask,off,0.0,g031,6,0,1,65.252
rung-00100,ask,on,1.0,g031,6,0,1,83.782
rung-00100,ask,off,0.0,g031,7,0,1,66.224
rung-00100,ask,on,1.0,g031,7,0,1,82.939
rung-00100,ask,off,0.0,g031,8,0,1,67.006
rung-00100,ask,on,1.0,g031,8,0,1,82.645
rung-00100,ask,off,0.0,g031,9,0,1,66.417
rung-00100,ask,on,1.0,g031,9,0,1,82.581
rung-00100,ask,off,0.0,g032,0,1,1,66.612
rung-00100,ask,on,1.0,g032,0,1,1,80.042
rung-00100,ask,off,0.0,g032,1,1,1,66.552
rung-00100,ask,on,1.0,g032,1,1,1,81.606
rung-00100,ask,off,0.0,g032,2,1,1,65.263
rung-00100,ask,on,1.0,g032,2,1,1,80.952
rung-00100,ask,off,0.0,g032,3,0,1,64.198
rung-00100,ask,on,1.0,g032,3,0,1,79.930
rung-00100,ask,off,0.0,g032,4,0,1,65.691
rung-00100,ask,on,1.0,g032,4,0,1,79.715
rung-00100,ask,off,0.0,g032,5,0,1,65.271
rung-00100,ask,on,1.0,g032,5,0,1,80.904
rung-00100,ask,off,0.0,g032,6,0,1,64.248
rung-00100,ask,on,1.0,g032,6,0,1,79.746
rung-00100,ask,off,0.0,g032,7,0,1,65.559
rung-00100,ask,on,1.0,g032,7,0,1,80.904
rung-00100,ask,off,0.0,g032,8,0,1,69.176
rung-00100,ask,on,1.0,g032,8,0,1,81.370
rung-00100,ask,off,0.0,g032,9,0,1,64.306
rung-00100,ask,on,1.0,g032,9,0,1,80.977
rung-00100,ask,off,0.0,g033,0,1,1,64.643
rung-00100,ask,on,1.0,g033,0,1,1,86.264
rung-00100,ask,off,0.0,g033,1,1,1,65.783
rung-00100,ask,on,1.0,g033,1,1,1,84.903
rung-00100,ask,off,0.0,g033,2,1,1,65.069
rung-00100,ask,on,1.0,g033,2,1,1,86.532
rung-00100,ask,off,0.0,g033,3,0,1,65.782
rung-00100,ask,on,1.0,g033,3,0,1,84.308
rung-00100,ask,off,0.0,g033,4,0,1,64.636
rung-00100,ask,on,1.0,g033,4,0,1,86.844
rung-00100,ask,off,0.0,g033,5,0,1,66.056
rung-00100,ask,on,1.0,g033,5,0,1,86.157
rung-00100,ask,off,0.0,g033,6,0,1,66.030
rung-00100,ask,on,1.0,g033,6,0,1,86.038
rung-00100,ask,off,0.0,g033,7,0,1,64.589
rung-00100,ask,on,1.0,g033,7,0,1,84.793
rung-00100,ask,off,0.0,g033,8,0,1,65.959
rung-00100,ask,on,1.0,g033,8,0,1,84.536
rung-00100,ask,off,0.0,g033,9,0,1,66.001
rung-00100,ask,on,1.0,g033,9,0,1,85.118
rung-00100,ask,off,0.0,g034,0,1,1,65.128
rung-00100,ask,on,1.0,g034,0,1,1,83.645
rung-00100,ask,off,0.0,g034,1,1,1,64.082
rung-00100,ask,on,1.0,g034,1,1,1,82.436
rung-00100,ask,off,0.0,g034,2,1,1,65.700
rung-00100,ask,on,1.0,g034,2,1,1,82.546
rung-00100,ask,off,0.0,g034,3,0,1,65.318
rung-00100,ask,on,1.0,g034,3,0,1,82.171
rung-00100,ask,off,0.0,g034,4,0,1,65.263
rung-00100,ask,on,1.0,g034,4,0,1,82.275
rung-00100,ask,off,0.0,g034,5,0,1,65.584
rung-00100,ask,on,1.0,g034,5,0,1,83.300
rung-00100,ask,off,0.0,g034,6,0,1,63.777
rung-00100,ask,on,1.0,g034,6,0,1,83.950
rung-00100,ask,off,0.0,g034,7,0,1,64.065
rung-00100,ask,on,1.0,g034,7,0,1,83.295
rung-00100,ask,off,0.0,g034,8,0,1,69.719
rung-00100,ask,on,1.0,g034,8,0,1,83.859
rung-00100,ask,off,0.0,g034,9,0,1,65.046
rung-00100,ask,on,1.0,g034,9,0,1,83.761
rung-00100,ask,off,0.0,g035,0,1,1,66.402
rung-00100,ask,on,1.0,g035,0,1,1,82.809
rung-00100,ask,off,0.0,g035,1,1,1,66.189
rung-00100,ask,on,1.0,g035,1,1,1,84.657
rung-00100,ask,off,0.0,g035,2,1,1,65.729
rung-00100,ask,on,1.0,g035,2,1,1,83.279
rung-00100,ask,off,0.0,g035,3,0,1,64.985
rung-00100,ask,on,1.0,g035,3,0,1,84.616
rung-00100,ask,off,0.0,g035,4,0,1,66.031
rung-00100,ask,on,1.0,g035,4,0,1,83.911
rung-00100,ask,off,0.0,g035,5,0,1,64.679
rung-00100,ask,on,1.0,g035,5,0,1,84.881
rung-00100,ask,off,0.0,g035,6,0,1,66.236
rung-00100,ask,on,1.0,g035,6,0,1,83.298
rung-00100,ask,off,0.0,g035,7,0,1,64.951
rung-00100,ask,on,1.0,g035,7,0,1,84.575
rung-00100,ask,off,0.0,g035,8,0,1,66.533
rung-00100,ask,on,1.0,g035,8,0,1,82.793
rung-00100,ask,off,0.0,g035,9,0,1,64.603
rung-00100,ask,on,1.0,g035,9,0,1,84.736
rung-00100,ask,off,0.0,g036,0,1,1,64.249
rung-00100,ask,on,1.0,g036,0,1,1,84.534
rung-00100,ask,off,0.0,g036,1,1,1,65.669
rung-00100,ask,on,1.0,g036,1,1,1,85.095
rung-00100,ask,off,0.0,g036,2,1,1,65.479
rung-00100,ask,on,1.0,g036,2,1,1,84.080
rung-00100,ask,off,0.0,g036,3,0,1,65.515
rung-00100,ask,on,1.0,g036,3,0,1,82.850
rung-00100,ask,off,0.0,g036,4,0,1,65.621
rung-00100,ask,on,1.0,g036,4,0,1,83.531
rung-00100,ask,off,0.0,g036,5,0,1,65.964
rung-00100,ask,on,1.0,g036,5,0,1,84.643
rung-00100,ask,off,0.0,g036,6,0,1,64.535
rung-00100,ask,on,1.0,g036,6,0,1,83.202
rung-00100,ask,off,0.0,g036,7,0,1,65.525
rung-00100,ask,on,1.0,g036,7,0,1,82.917
rung-00100,ask,off,0.0,g036,8,0,1,65.809
rung-00100,ask,on,1.0,g036,8,0,1,82.606
rung-00100,ask,off,0.0,g036,9,0,1,66.640
rung-00100,ask,on,1.0,g036,9,0,1,82.768
rung-00100,ask,off,0.0,g037,0,1,1,63.507
rung-00100,ask,on,1.0,g037,0,1,1,86.338
rung-00100,ask,off,0.0,g037,1,1,1,64.638
rung-00100,ask,on,1.0,g037,1,1,1,86.009
rung-00100,ask,off,0.0,g037,2,1,1,63.402
rung-00100,ask,on,1.0,g037,2,1,1,83.986
rung-00100,ask,off,0.0,g037,3,0,1,64.935
rung-00100,ask,on,1.0,g037,3,0,1,86.364
rung-00100,ask,off,0.0,g037,4,0,1,63.584
rung-00100,ask,on,1.0,g037,4,0,1,87.266
rung-00100,ask,off,0.0,g037,5,0,1,65.070
rung-00100,ask,on,1.0,g037,5,0,1,88.659
rung-00100,ask,off,0.0,g037,6,0,1,64.930
rung-00100,ask,on,1.0,g037,6,0,1,84.410
rung-00100,ask,off,0.0,g037,7,0,1,64.984
rung-00100,ask,on,1.0,g037,7,0,1,93.372
rung-00100,ask,off,0.0,g037,8,0,1,65.437
rung-00100,ask,on,1.0,g037,8,0,1,91.767
rung-00100,ask,off,0.0,g037,9,0,1,69.292
rung-00100,ask,on,1.0,g037,9,0,1,95.184
rung-00100,ask,off,0.0,g038,0,1,1,70.615
rung-00100,ask,on,1.0,g038,0,1,1,82.543
rung-00100,ask,off,0.0,g038,1,1,1,66.507
rung-00100,ask,on,1.0,g038,1,1,1,81.822
rung-00100,ask,off,0.0,g038,2,1,1,66.203
rung-00100,ask,on,1.0,g038,2,1,1,84.141
rung-00100,ask,off,0.0,g038,3,0,1,66.376
rung-00100,ask,on,1.0,g038,3,0,1,80.743
rung-00100,ask,off,0.0,g038,4,0,1,65.825
rung-00100,ask,on,1.0,g038,4,0,1,80.488
rung-00100,ask,off,0.0,g038,5,0,1,65.627
rung-00100,ask,on,1.0,g038,5,0,1,80.792
rung-00100,ask,off,0.0,g038,6,0,1,66.078
rung-00100,ask,on,1.0,g038,6,0,1,81.358
rung-00100,ask,off,0.0,g038,7,0,1,64.717
rung-00100,ask,on,1.0,g038,7,0,1,82.608
rung-00100,ask,off,0.0,g038,8,0,1,66.773
rung-00100,ask,on,1.0,g038,8,0,1,80.880
rung-00100,ask,off,0.0,g038,9,0,1,65.699
rung-00100,ask,on,1.0,g038,9,0,1,82.463
rung-00100,ask,off,0.0,g039,0,1,1,67.898
rung-00100,ask,on,1.0,g039,0,1,1,84.717
rung-00100,ask,off,0.0,g039,1,1,1,101.655
rung-00100,ask,on,1.0,g039,1,1,1,85.726
rung-00100,ask,off,0.0,g039,2,1,1,66.631
rung-00100,ask,on,1.0,g039,2,1,1,84.619
rung-00100,ask,off,0.0,g039,3,0,1,67.157
rung-00100,ask,on,1.0,g039,3,0,1,84.683
rung-00100,ask,off,0.0,g039,4,0,1,66.435
rung-00100,ask,on,1.0,g039,4,0,1,83.899
rung-00100,ask,off,0.0,g039,5,0,1,65.427
rung-00100,ask,on,1.0,g039,5,0,1,84.349
rung-00100,ask,off,0.0,g039,6,0,1,67.698
rung-00100,ask,on,1.0,g039,6,0,1,84.823
rung-00100,ask,off,0.0,g039,7,0,1,65.218
rung-00100,ask,on,1.0,g039,7,0,1,86.301
rung-00100,ask,off,0.0,g039,8,0,1,66.173
rung-00100,ask,on,1.0,g039,8,0,1,84.588
rung-00100,ask,off,0.0,g039,9,0,1,66.809
rung-00100,ask,on,1.0,g039,9,0,1,85.322
rung-00100,ask,off,0.0,g040,0,1,1,65.278
rung-00100,ask,on,1.0,g040,0,1,1,83.486
rung-00100,ask,off,0.0,g040,1,1,1,67.445
rung-00100,ask,on,1.0,g040,1,1,1,83.736
rung-00100,ask,off,0.0,g040,2,1,1,65.434
rung-00100,ask,on,1.0,g040,2,1,1,82.822
rung-00100,ask,off,0.0,g040,3,0,1,66.117
rung-00100,ask,on,1.0,g040,3,0,1,83.981
rung-00100,ask,off,0.0,g040,4,0,1,66.123
rung-00100,ask,on,1.0,g040,4,0,1,84.913
rung-00100,ask,off,0.0,g040,5,0,1,68.735
rung-00100,ask,on,1.0,g040,5,0,1,83.088
rung-00100,ask,off,0.0,g040,6,0,1,66.622
rung-00100,ask,on,1.0,g040,6,0,1,83.108
rung-00100,ask,off,0.0,g040,7,0,1,66.278
rung-00100,ask,on,1.0,g040,7,0,1,85.193
rung-00100,ask,off,0.0,g040,8,0,1,66.808
rung-00100,ask,on,1.0,g040,8,0,1,83.228
rung-00100,ask,off,0.0,g040,9,0,1,65.147
rung-00100,ask,on,1.0,g040,9,0,1,82.512
rung-00100,ask,off,0.0,g041,0,1,1,65.404
rung-00100,ask,on,1.0,g041,0,1,1,85.072
rung-00100,ask,off,0.0,g041,1,1,1,64.431
rung-00100,ask,on,1.0,g041,1,1,1,84.774
rung-00100,ask,off,0.0,g041,2,1,1,69.486
rung-00100,ask,on,1.0,g041,2,1,1,84.414
rung-00100,ask,off,0.0,g041,3,0,1,66.271
rung-00100,ask,on,1.0,g041,3,0,1,84.255
rung-00100,ask,off,0.0,g041,4,0,1,65.538
rung-00100,ask,on,1.0,g041,4,0,1,86.849
rung-00100,ask,off,0.0,g041,5,0,1,66.017
rung-00100,ask,on,1.0,g041,5,0,1,84.448
rung-00100,ask,off,0.0,g041,6,0,1,65.689
rung-00100,ask,on,1.0,g041,6,0,1,85.470
rung-00100,ask,off,0.0,g041,7,0,1,65.980
rung-00100,ask,on,1.0,g041,7,0,1,85.470
rung-00100,ask,off,0.0,g041,8,0,1,65.103
rung-00100,ask,on,1.0,g041,8,0,1,85.078
rung-00100,ask,off,0.0,g041,9,0,1,65.551
rung-00100,ask,on,1.0,g041,9,0,1,84.604
rung-00100,ask,off,0.0,g042,0,1,1,65.500
rung-00100,ask,on,1.0,g042,0,1,1,83.459
rung-00100,ask,off,0.0,g042,1,1,1,66.986
rung-00100,ask,on,1.0,g042,1,1,1,81.257
rung-00100,ask,off,0.0,g042,2,1,1,65.272
rung-00100,ask,on,1.0,g042,2,1,1,80.852
rung-00100,ask,off,0.0,g042,3,0,1,65.487
rung-00100,ask,on,1.0,g042,3,0,1,84.587
rung-00100,ask,off,0.0,g042,4,0,1,67.066
rung-00100,ask,on,1.0,g042,4,0,1,81.438
rung-00100,ask,off,0.0,g042,5,0,1,66.551
rung-00100,ask,on,1.0,g042,5,0,1,81.947
rung-00100,ask,off,0.0,g042,6,0,1,65.556
rung-00100,ask,on,1.0,g042,6,0,1,81.336
rung-00100,ask,off,0.0,g042,7,0,1,65.216
rung-00100,ask,on,1.0,g042,7,0,1,81.852
rung-00100,ask,off,0.0,g042,8,0,1,67.639
rung-00100,ask,on,1.0,g042,8,0,1,81.398
rung-00100,ask,off,0.0,g042,9,0,1,66.371
rung-00100,ask,on,1.0,g042,9,0,1,81.907
rung-00100,ask,off,0.0,g043,0,1,1,66.682
rung-00100,ask,on,1.0,g043,0,1,1,83.086
rung-00100,ask,off,0.0,g043,1,1,1,66.046
rung-00100,ask,on,1.0,g043,1,1,1,83.574
rung-00100,ask,off,0.0,g043,2,1,1,66.953
rung-00100,ask,on,1.0,g043,2,1,1,82.114
rung-00100,ask,off,0.0,g043,3,0,1,66.189
rung-00100,ask,on,1.0,g043,3,0,1,82.646
rung-00100,ask,off,0.0,g043,4,0,1,67.142
rung-00100,ask,on,1.0,g043,4,0,1,83.859
rung-00100,ask,off,0.0,g043,5,0,1,69.468
rung-00100,ask,on,1.0,g043,5,0,1,82.898
rung-00100,ask,off,0.0,g043,6,0,1,66.905
rung-00100,ask,on,1.0,g043,6,0,1,82.532
rung-00100,ask,off,0.0,g043,7,0,1,66.099
rung-00100,ask,on,1.0,g043,7,0,1,82.594
rung-00100,ask,off,0.0,g043,8,0,1,66.291
rung-00100,ask,on,1.0,g043,8,0,1,82.418
rung-00100,ask,off,0.0,g043,9,0,1,66.426
rung-00100,ask,on,1.0,g043,9,0,1,82.780
rung-00100,ask,off,0.0,g044,0,1,1,66.672
rung-00100,ask,on,1.0,g044,0,1,1,85.728
rung-00100,ask,off,0.0,g044,1,1,1,66.936
rung-00100,ask,on,1.0,g044,1,1,1,84.613
rung-00100,ask,off,0.0,g044,2,1,1,70.723
rung-00100,ask,on,1.0,g044,2,1,1,102.109
rung-00100,ask,off,0.0,g044,3,0,1,66.347
rung-00100,ask,on,1.0,g044,3,0,1,85.466
rung-00100,ask,off,0.0,g044,4,0,1,65.565
rung-00100,ask,on,1.0,g044,4,0,1,85.992
rung-00100,ask,off,0.0,g044,5,0,1,67.355
rung-00100,ask,on,1.0,g044,5,0,1,85.355
rung-00100,ask,off,0.0,g044,6,0,1,67.351
rung-00100,ask,on,1.0,g044,6,0,1,85.442
rung-00100,ask,off,0.0,g044,7,0,1,65.468
rung-00100,ask,on,1.0,g044,7,0,1,85.891
rung-00100,ask,off,0.0,g044,8,0,1,66.270
rung-00100,ask,on,1.0,g044,8,0,1,85.988
rung-00100,ask,off,0.0,g044,9,0,1,65.401
rung-00100,ask,on,1.0,g044,9,0,1,87.361
rung-00100,ask,off,0.0,g045,0,1,1,65.181
rung-00100,ask,on,1.0,g045,0,1,1,84.779
rung-00100,ask,off,0.0,g045,1,1,1,65.537
rung-00100,ask,on,1.0,g045,1,1,1,84.766
rung-00100,ask,off,0.0,g045,2,1,1,63.548
rung-00100,ask,on,1.0,g045,2,1,1,85.060
rung-00100,ask,off,0.0,g045,3,0,1,65.580
rung-00100,ask,on,1.0,g045,3,0,1,85.099
rung-00100,ask,off,0.0,g045,4,0,1,66.518
rung-00100,ask,on,1.0,g045,4,0,1,84.416
rung-00100,ask,off,0.0,g045,5,0,1,65.014
rung-00100,ask,on,1.0,g045,5,0,1,85.438
rung-00100,ask,off,0.0,g045,6,0,1,65.608
rung-00100,ask,on,1.0,g045,6,0,1,85.143
rung-00100,ask,off,0.0,g045,7,0,1,64.612
rung-00100,ask,on,1.0,g045,7,0,1,84.763
rung-00100,ask,off,0.0,g045,8,0,1,66.189
rung-00100,ask,on,1.0,g045,8,0,1,85.496
rung-00100,ask,off,0.0,g045,9,0,1,64.479
rung-00100,ask,on,1.0,g045,9,0,1,85.098
rung-00100,ask,off,0.0,g046,0,1,1,65.468
rung-00100,ask,on,1.0,g046,0,1,1,81.673
rung-00100,ask,off,0.0,g046,1,1,1,66.111
rung-00100,ask,on,1.0,g046,1,1,1,81.455
rung-00100,ask,off,0.0,g046,2,1,1,67.143
rung-00100,ask,on,1.0,g046,2,1,1,81.875
rung-00100,ask,off,0.0,g046,3,0,1,64.802
rung-00100,ask,on,1.0,g046,3,0,1,83.446
rung-00100,ask,off,0.0,g046,4,0,1,66.078
rung-00100,ask,on,1.0,g046,4,0,1,81.701
rung-00100,ask,off,0.0,g046,5,0,1,68.873
rung-00100,ask,on,1.0,g046,5,0,1,82.168
rung-00100,ask,off,0.0,g046,6,0,1,66.189
rung-00100,ask,on,1.0,g046,6,0,1,82.136
rung-00100,ask,off,0.0,g046,7,0,1,64.548
rung-00100,ask,on,1.0,g046,7,0,1,82.180
rung-00100,ask,off,0.0,g046,8,0,1,65.707
rung-00100,ask,on,1.0,g046,8,0,1,81.998
rung-00100,ask,off,0.0,g046,9,0,1,66.156
rung-00100,ask,on,1.0,g046,9,0,1,96.160
rung-00100,ask,off,0.0,g047,0,1,1,68.618
rung-00100,ask,on,1.0,g047,0,1,1,79.331
rung-00100,ask,off,0.0,g047,1,1,1,66.437
rung-00100,ask,on,1.0,g047,1,1,1,82.773
rung-00100,ask,off,0.0,g047,2,1,1,66.717
rung-00100,ask,on,1.0,g047,2,1,1,80.215
rung-00100,ask,off,0.0,g047,3,0,1,66.251
rung-00100,ask,on,1.0,g047,3,0,1,79.218
rung-00100,ask,off,0.0,g047,4,0,1,65.260
rung-00100,ask,on,1.0,g047,4,0,1,81.049
rung-00100,ask,off,0.0,g047,5,0,1,66.180
rung-00100,ask,on,1.0,g047,5,0,1,79.767
rung-00100,ask,off,0.0,g047,6,0,1,65.618
rung-00100,ask,on,1.0,g047,6,0,1,79.819
rung-00100,ask,off,0.0,g047,7,0,1,65.442
rung-00100,ask,on,1.0,g047,7,0,1,79.518
rung-00100,ask,off,0.0,g047,8,0,1,64.124
rung-00100,ask,on,1.0,g047,8,0,1,79.439
rung-00100,ask,off,0.0,g047,9,0,1,64.303
rung-00100,ask,on,1.0,g047,9,0,1,80.399
rung-00100,ask,off,0.0,g048,0,1,1,77.571
rung-00100,ask,on,1.0,g048,0,1,1,83.937
rung-00100,ask,off,0.0,g048,1,1,1,68.893
rung-00100,ask,on,1.0,g048,1,1,1,92.365
rung-00100,ask,off,0.0,g048,2,1,1,67.108
rung-00100,ask,on,1.0,g048,2,1,1,84.505
rung-00100,ask,off,0.0,g048,3,0,1,66.732
rung-00100,ask,on,1.0,g048,3,0,1,84.519
rung-00100,ask,off,0.0,g048,4,0,1,65.737
rung-00100,ask,on,1.0,g048,4,0,1,84.484
rung-00100,ask,off,0.0,g048,5,0,1,67.758
rung-00100,ask,on,1.0,g048,5,0,1,84.190
rung-00100,ask,off,0.0,g048,6,0,1,66.763
rung-00100,ask,on,1.0,g048,6,0,1,83.846
rung-00100,ask,off,0.0,g048,7,0,1,69.490
rung-00100,ask,on,1.0,g048,7,0,1,84.024
rung-00100,ask,off,0.0,g048,8,0,1,66.355
rung-00100,ask,on,1.0,g048,8,0,1,83.070
rung-00100,ask,off,0.0,g048,9,0,1,65.933
rung-00100,ask,on,1.0,g048,9,0,1,82.767
rung-00100,ask,off,0.0,g049,0,1,1,65.846
rung-00100,ask,on,1.0,g049,0,1,1,85.532
rung-00100,ask,off,0.0,g049,1,1,1,65.688
rung-00100,ask,on,1.0,g049,1,1,1,85.843
rung-00100,ask,off,0.0,g049,2,1,1,66.796
rung-00100,ask,on,1.0,g049,2,1,1,85.917
rung-00100,ask,off,0.0,g049,3,0,1,65.241
rung-00100,ask,on,1.0,g049,3,0,1,85.021
rung-00100,ask,off,0.0,g049,4,0,1,77.264
rung-00100,ask,on,1.0,g049,4,0,1,88.475
rung-00100,ask,off,0.0,g049,5,0,1,66.361
rung-00100,ask,on,1.0,g049,5,0,1,91.154
rung-00100,ask,off,0.0,g049,6,0,1,65.334
rung-00100,ask,on,1.0,g049,6,0,1,83.801
rung-00100,ask,off,0.0,g049,7,0,1,65.125
rung-00100,ask,on,1.0,g049,7,0,1,84.293
rung-00100,ask,off,0.0,g049,8,0,1,65.722
rung-00100,ask,on,1.0,g049,8,0,1,85.141
rung-00100,ask,off,0.0,g049,9,0,1,66.447
rung-00100,ask,on,1.0,g049,9,0,1,86.606
rung-00100,ask,off,0.0,g050,0,1,1,66.956
rung-00100,ask,on,1.0,g050,0,1,1,87.934
rung-00100,ask,off,0.0,g050,1,1,1,69.845
rung-00100,ask,on,1.0,g050,1,1,1,87.055
rung-00100,ask,off,0.0,g050,2,1,1,67.222
rung-00100,ask,on,1.0,g050,2,1,1,85.413
rung-00100,ask,off,0.0,g050,3,0,1,65.457
rung-00100,ask,on,1.0,g050,3,0,1,87.065
rung-00100,ask,off,0.0,g050,4,0,1,68.226
rung-00100,ask,on,1.0,g050,4,0,1,87.053
rung-00100,ask,off,0.0,g050,5,0,1,65.491
rung-00100,ask,on,1.0,g050,5,0,1,108.526
rung-00100,ask,off,0.0,g050,6,0,1,98.946
rung-00100,ask,on,1.0,g050,6,0,1,90.439
rung-00100,ask,off,0.0,g050,7,0,1,67.786
rung-00100,ask,on,1.0,g050,7,0,1,87.585
rung-00100,ask,off,0.0,g050,8,0,1,65.671
rung-00100,ask,on,1.0,g050,8,0,1,91.189
rung-00100,ask,off,0.0,g050,9,0,1,69.902
rung-00100,ask,on,1.0,g050,9,0,1,86.212
rung-00100,ask,off,0.0,g051,0,1,1,64.828
rung-00100,ask,on,1.0,g051,0,1,1,85.737
rung-00100,ask,off,0.0,g051,1,1,1,65.164
rung-00100,ask,on,1.0,g051,1,1,1,86.991
rung-00100,ask,off,0.0,g051,2,1,1,65.534
rung-00100,ask,on,1.0,g051,2,1,1,84.636
rung-00100,ask,off,0.0,g051,3,0,1,65.269
rung-00100,ask,on,1.0,g051,3,0,1,86.636
rung-00100,ask,off,0.0,g051,4,0,1,65.253
rung-00100,ask,on,1.0,g051,4,0,1,84.704
rung-00100,ask,off,0.0,g051,5,0,1,66.112
rung-00100,ask,on,1.0,g051,5,0,1,87.976
rung-00100,ask,off,0.0,g051,6,0,1,64.557
rung-00100,ask,on,1.0,g051,6,0,1,85.011
rung-00100,ask,off,0.0,g051,7,0,1,64.760
rung-00100,ask,on,1.0,g051,7,0,1,84.593
rung-00100,ask,off,0.0,g051,8,0,1,64.622
rung-00100,ask,on,1.0,g051,8,0,1,86.844
rung-00100,ask,off,0.0,g051,9,0,1,65.787
rung-00100,ask,on,1.0,g051,9,0,1,85.833
rung-00100,ask,off,0.0,g052,0,1,1,67.155
rung-00100,ask,on,1.0,g052,0,1,1,85.925
rung-00100,ask,off,0.0,g052,1,1,1,66.906
rung-00100,ask,on,1.0,g052,1,1,1,86.068
rung-00100,ask,off,0.0,g052,2,1,1,66.712
rung-00100,ask,on,1.0,g052,2,1,1,84.824
rung-00100,ask,off,0.0,g052,3,0,1,66.722
rung-00100,ask,on,1.0,g052,3,0,1,87.556
rung-00100,ask,off,0.0,g052,4,0,1,66.614
rung-00100,ask,on,1.0,g052,4,0,1,85.832
rung-00100,ask,off,0.0,g052,5,0,1,66.864
rung-00100,ask,on,1.0,g052,5,0,1,84.231
rung-00100,ask,off,0.0,g052,6,0,1,66.531
rung-00100,ask,on,1.0,g052,6,0,1,85.581
rung-00100,ask,off,0.0,g052,7,0,1,65.915
rung-00100,ask,on,1.0,g052,7,0,1,84.727
rung-00100,ask,off,0.0,g052,8,0,1,65.183
rung-00100,ask,on,1.0,g052,8,0,1,84.561
rung-00100,ask,off,0.0,g052,9,0,1,67.051
rung-00100,ask,on,1.0,g052,9,0,1,83.491
rung-00100,ask,off,0.0,g053,0,1,1,63.501
rung-00100,ask,on,1.0,g053,0,1,1,85.486
rung-00100,ask,off,0.0,g053,1,1,1,65.779
rung-00100,ask,on,1.0,g053,1,1,1,79.473
rung-00100,ask,off,0.0,g053,2,1,1,63.201
rung-00100,ask,on,1.0,g053,2,1,1,77.555
rung-00100,ask,off,0.0,g053,3,0,1,64.976
rung-00100,ask,on,1.0,g053,3,0,1,77.825
rung-00100,ask,off,0.0,g053,4,0,1,64.283
rung-00100,ask,on,1.0,g053,4,0,1,79.580
rung-00100,ask,off,0.0,g053,5,0,1,64.758
rung-00100,ask,on,1.0,g053,5,0,1,77.818
rung-00100,ask,off,0.0,g053,6,0,1,65.131
rung-00100,ask,on,1.0,g053,6,0,1,78.899
rung-00100,ask,off,0.0,g053,7,0,1,63.721
rung-00100,ask,on,1.0,g053,7,0,1,79.519
rung-00100,ask,off,0.0,g053,8,0,1,63.960
rung-00100,ask,on,1.0,g053,8,0,1,79.557
rung-00100,ask,off,0.0,g053,9,0,1,63.715
rung-00100,ask,on,1.0,g053,9,0,1,77.859
rung-00100,ask,off,0.0,g054,0,1,1,66.736
rung-00100,ask,on,1.0,g054,0,1,1,86.263
rung-00100,ask,off,0.0,g054,1,1,1,69.927
rung-00100,ask,on,1.0,g054,1,1,1,85.568
rung-00100,ask,off,0.0,g054,2,1,1,66.750
rung-00100,ask,on,1.0,g054,2,1,1,81.422
rung-00100,ask,off,0.0,g054,3,0,1,65.936
rung-00100,ask,on,1.0,g054,3,0,1,82.313
rung-00100,ask,off,0.0,g054,4,0,1,65.726
rung-00100,ask,on,1.0,g054,4,0,1,82.118
rung-00100,ask,off,0.0,g054,5,0,1,65.524
rung-00100,ask,on,1.0,g054,5,0,1,81.612
rung-00100,ask,off,0.0,g054,6,0,1,65.412
rung-00100,ask,on,1.0,g054,6,0,1,81.373
rung-00100,ask,off,0.0,g054,7,0,1,66.140
rung-00100,ask,on,1.0,g054,7,0,1,81.058
rung-00100,ask,off,0.0,g054,8,0,1,66.699
rung-00100,ask,on,1.0,g054,8,0,1,81.235
rung-00100,ask,off,0.0,g054,9,0,1,65.183
rung-00100,ask,on,1.0,g054,9,0,1,82.622
rung-00100,ask,off,0.0,g055,0,1,1,66.387
rung-00100,ask,on,1.0,g055,0,1,1,90.563
rung-00100,ask,off,0.0,g055,1,1,1,64.736
rung-00100,ask,on,1.0,g055,1,1,1,87.942
rung-00100,ask,off,0.0,g055,2,1,1,64.683
rung-00100,ask,on,1.0,g055,2,1,1,86.904
rung-00100,ask,off,0.0,g055,3,0,1,65.794
rung-00100,ask,on,1.0,g055,3,0,1,87.612
rung-00100,ask,off,0.0,g055,4,0,1,70.795
rung-00100,ask,on,1.0,g055,4,0,1,85.916
rung-00100,ask,off,0.0,g055,5,0,1,66.383
rung-00100,ask,on,1.0,g055,5,0,1,86.353
rung-00100,ask,off,0.0,g055,6,0,1,66.895
rung-00100,ask,on,1.0,g055,6,0,1,91.578
rung-00100,ask,off,0.0,g055,7,0,1,67.769
rung-00100,ask,on,1.0,g055,7,0,1,87.434
rung-00100,ask,off,0.0,g055,8,0,1,66.197
rung-00100,ask,on,1.0,g055,8,0,1,89.446
rung-00100,ask,off,0.0,g055,9,0,1,68.737
rung-00100,ask,on,1.0,g055,9,0,1,87.324
rung-00100,ask,off,0.0,g056,0,1,1,67.593
rung-00100,ask,on,1.0,g056,0,1,1,84.153
rung-00100,ask,off,0.0,g056,1,1,1,72.251
rung-00100,ask,on,1.0,g056,1,1,1,85.304
rung-00100,ask,off,0.0,g056,2,1,1,66.554
rung-00100,ask,on,1.0,g056,2,1,1,82.967
rung-00100,ask,off,0.0,g056,3,0,1,66.856
rung-00100,ask,on,1.0,g056,3,0,1,86.189
rung-00100,ask,off,0.0,g056,4,0,1,66.540
rung-00100,ask,on,1.0,g056,4,0,1,83.839
rung-00100,ask,off,0.0,g056,5,0,1,65.337
rung-00100,ask,on,1.0,g056,5,0,1,86.793
rung-00100,ask,off,0.0,g056,6,0,1,66.773
rung-00100,ask,on,1.0,g056,6,0,1,83.431
rung-00100,ask,off,0.0,g056,7,0,1,67.172
rung-00100,ask,on,1.0,g056,7,0,1,103.880
rung-00100,ask,off,0.0,g056,8,0,1,69.633
rung-00100,ask,on,1.0,g056,8,0,1,84.456
rung-00100,ask,off,0.0,g056,9,0,1,66.707
rung-00100,ask,on,1.0,g056,9,0,1,84.242
rung-00100,ask,off,0.0,g057,0,1,1,68.611
rung-00100,ask,on,1.0,g057,0,1,1,88.991
rung-00100,ask,off,0.0,g057,1,1,1,66.548
rung-00100,ask,on,1.0,g057,1,1,1,87.765
rung-00100,ask,off,0.0,g057,2,1,1,75.608
rung-00100,ask,on,1.0,g057,2,1,1,97.256
rung-00100,ask,off,0.0,g057,3,0,1,73.414
rung-00100,ask,on,1.0,g057,3,0,1,89.064
rung-00100,ask,off,0.0,g057,4,0,1,66.965
rung-00100,ask,on,1.0,g057,4,0,1,89.689
rung-00100,ask,off,0.0,g057,5,0,1,66.015
rung-00100,ask,on,1.0,g057,5,0,1,91.996
rung-00100,ask,off,0.0,g057,6,0,1,68.336
rung-00100,ask,on,1.0,g057,6,0,1,91.897
rung-00100,ask,off,0.0,g057,7,0,1,67.567
rung-00100,ask,on,1.0,g057,7,0,1,88.045
rung-00100,ask,off,0.0,g057,8,0,1,67.667
rung-00100,ask,on,1.0,g057,8,0,1,91.310
rung-00100,ask,off,0.0,g057,9,0,1,66.399
rung-00100,ask,on,1.0,g057,9,0,1,88.334
rung-00100,ask,off,0.0,g058,0,1,1,68.674
rung-00100,ask,on,1.0,g058,0,1,1,89.367
rung-00100,ask,off,0.0,g058,1,1,1,66.738
rung-00100,ask,on,1.0,g058,1,1,1,86.375
rung-00100,ask,off,0.0,g058,2,1,1,67.002
rung-00100,ask,on,1.0,g058,2,1,1,89.981
rung-00100,ask,off,0.0,g058,3,0,1,68.078
rung-00100,ask,on,1.0,g058,3,0,1,86.252
rung-00100,ask,off,0.0,g058,4,0,1,67.156
rung-00100,ask,on,1.0,g058,4,0,1,89.871
rung-00100,ask,off,0.0,g058,5,0,1,67.515
rung-00100,ask,on,1.0,g058,5,0,1,86.959
rung-00100,ask,off,0.0,g058,6,0,1,68.658
rung-00100,ask,on,1.0,g058,6,0,1,89.400
rung-00100,ask,off,0.0,g058,7,0,1,66.351
rung-00100,ask,on,1.0,g058,7,0,1,87.302
rung-00100,ask,off,0.0,g058,8,0,1,67.269
rung-00100,ask,on,1.0,g058,8,0,1,88.390
rung-00100,ask,off,0.0,g058,9,0,1,69.423
rung-00100,ask,on,1.0,g058,9,0,1,85.486
rung-00100,ask,off,0.0,g059,0,1,1,65.352
rung-00100,ask,on,1.0,g059,0,1,1,88.893
rung-00100,ask,off,0.0,g059,1,1,1,66.458
rung-00100,ask,on,1.0,g059,1,1,1,84.965
rung-00100,ask,off,0.0,g059,2,1,1,65.300
rung-00100,ask,on,1.0,g059,2,1,1,87.561
rung-00100,ask,off,0.0,g059,3,0,1,66.508
rung-00100,ask,on,1.0,g059,3,0,1,84.041
rung-00100,ask,off,0.0,g059,4,0,1,66.384
rung-00100,ask,on,1.0,g059,4,0,1,86.154
rung-00100,ask,off,0.0,g059,5,0,1,63.988
rung-00100,ask,on,1.0,g059,5,0,1,85.133
rung-00100,ask,off,0.0,g059,6,0,1,69.027
rung-00100,ask,on,1.0,g059,6,0,1,86.281
rung-00100,ask,off,0.0,g059,7,0,1,65.181
rung-00100,ask,on,1.0,g059,7,0,1,85.406
rung-00100,ask,off,0.0,g059,8,0,1,68.410
rung-00100,ask,on,1.0,g059,8,0,1,85.045
rung-00100,ask,off,0.0,g059,9,0,1,67.114
rung-00100,ask,on,1.0,g059,9,0,1,84.879
rung-00100,ask,off,0.0,g060,0,1,1,69.032
rung-00100,ask,on,1.0,g060,0,1,1,87.692
rung-00100,ask,off,0.0,g060,1,1,1,67.725
rung-00100,ask,on,1.0,g060,1,1,1,87.033
rung-00100,ask,off,0.0,g060,2,1,1,70.973
rung-00100,ask,on,1.0,g060,2,1,1,87.076
rung-00100,ask,off,0.0,g060,3,0,1,66.775
rung-00100,ask,on,1.0,g060,3,0,1,88.162
rung-00100,ask,off,0.0,g060,4,0,1,68.805
rung-00100,ask,on,1.0,g060,4,0,1,86.913
rung-00100,ask,off,0.0,g060,5,0,1,68.019
rung-00100,ask,on,1.0,g060,5,0,1,89.561
rung-00100,ask,off,0.0,g060,6,0,1,67.288
rung-00100,ask,on,1.0,g060,6,0,1,88.486
rung-00100,ask,off,0.0,g060,7,0,1,66.132
rung-00100,ask,on,1.0,g060,7,0,1,89.291
rung-00100,ask,off,0.0,g060,8,0,1,66.958
rung-00100,ask,on,1.0,g060,8,0,1,87.918
rung-00100,ask,off,0.0,g060,9,0,1,66.963
rung-00100,ask,on,1.0,g060,9,0,1,89.149
rung-00100,ask,off,0.0,g061,0,1,1,63.233
rung-00100,ask,on,1.0,g061,0,1,1,81.666
rung-00100,ask,off,0.0,g061,1,1,1,64.223
rung-00100,ask,on,1.0,g061,1,1,1,89.252
rung-00100,ask,off,0.0,g061,2,1,1,65.597
rung-00100,ask,on,1.0,g061,2,1,1,80.899
rung-00100,ask,off,0.0,g061,3,0,1,65.305
rung-00100,ask,on,1.0,g061,3,0,1,83.806
rung-00100,ask,off,0.0,g061,4,0,1,66.069
rung-00100,ask,on,1.0,g061,4,0,1,80.463
rung-00100,ask,off,0.0,g061,5,0,1,64.194
rung-00100,ask,on,1.0,g061,5,0,1,78.054
rung-00100,ask,off,0.0,g061,6,0,1,64.426
rung-00100,ask,on,1.0,g061,6,0,1,81.733
rung-00100,ask,off,0.0,g061,7,0,1,65.680
rung-00100,ask,on,1.0,g061,7,0,1,84.976
rung-00100,ask,off,0.0,g061,8,0,1,66.378
rung-00100,ask,on,1.0,g061,8,0,1,82.072
rung-00100,ask,off,0.0,g061,9,0,1,64.517
rung-00100,ask,on,1.0,g061,9,0,1,81.987
rung-00100,ask,off,0.0,g062,0,1,1,67.387
rung-00100,ask,on,1.0,g062,0,1,1,89.422
rung-00100,ask,off,0.0,g062,1,1,1,66.493
rung-00100,ask,on,1.0,g062,1,1,1,92.041
rung-00100,ask,off,0.0,g062,2,1,1,66.711
rung-00100,ask,on,1.0,g062,2,1,1,90.316
rung-00100,ask,off,0.0,g062,3,0,1,69.747
rung-00100,ask,on,1.0,g062,3,0,1,91.654
rung-00100,ask,off,0.0,g062,4,0,1,68.081
rung-00100,ask,on,1.0,g062,4,0,1,90.581
rung-00100,ask,off,0.0,g062,5,0,1,69.196
rung-00100,ask,on,1.0,g062,5,0,1,91.175
rung-00100,ask,off,0.0,g062,6,0,1,66.788
rung-00100,ask,on,1.0,g062,6,0,1,91.015
rung-00100,ask,off,0.0,g062,7,0,1,70.184
rung-00100,ask,on,1.0,g062,7,0,1,114.227
rung-00100,ask,off,0.0,g062,8,0,1,66.661
rung-00100,ask,on,1.0,g062,8,0,1,87.488
rung-00100,ask,off,0.0,g062,9,0,1,66.748
rung-00100,ask,on,1.0,g062,9,0,1,87.173
rung-00100,ask,off,0.0,g063,0,1,1,66.682
rung-00100,ask,on,1.0,g063,0,1,1,86.542
rung-00100,ask,off,0.0,g063,1,1,1,65.721
rung-00100,ask,on,1.0,g063,1,1,1,87.000
rung-00100,ask,off,0.0,g063,2,1,1,67.303
rung-00100,ask,on,1.0,g063,2,1,1,86.867
rung-00100,ask,off,0.0,g063,3,0,1,65.137
rung-00100,ask,on,1.0,g063,3,0,1,87.056
rung-00100,ask,off,0.0,g063,4,0,1,64.970
rung-00100,ask,on,1.0,g063,4,0,1,86.759
rung-00100,ask,off,0.0,g063,5,0,1,64.688
rung-00100,ask,on,1.0,g063,5,0,1,86.388
rung-00100,ask,off,0.0,g063,6,0,1,66.201
rung-00100,ask,on,1.0,g063,6,0,1,85.122
rung-00100,ask,off,0.0,g063,7,0,1,64.843
rung-00100,ask,on,1.0,g063,7,0,1,87.235
rung-00100,ask,off,0.0,g063,8,0,1,66.704
rung-00100,ask,on,1.0,g063,8,0,1,84.809
rung-00100,ask,off,0.0,g063,9,0,1,64.478
rung-00100,ask,on,1.0,g063,9,0,1,86.646
rung-00100,ask,off,0.0,g064,0,1,1,65.816
rung-00100,ask,on,1.0,g064,0,1,1,78.809
rung-00100,ask,off,0.0,g064,1,1,1,64.638
rung-00100,ask,on,1.0,g064,1,1,1,80.456
rung-00100,ask,off,0.0,g064,2,1,1,65.167
rung-00100,ask,on,1.0,g064,2,1,1,80.138
rung-00100,ask,off,0.0,g064,3,0,1,64.533
rung-00100,ask,on,1.0,g064,3,0,1,82.023
rung-00100,ask,off,0.0,g064,4,0,1,68.461
rung-00100,ask,on,1.0,g064,4,0,1,82.990
rung-00100,ask,off,0.0,g064,5,0,1,66.917
rung-00100,ask,on,1.0,g064,5,0,1,78.694
rung-00100,ask,off,0.0,g064,6,0,1,64.644
rung-00100,ask,on,1.0,g064,6,0,1,84.572
rung-00100,ask,off,0.0,g064,7,0,1,67.502
rung-00100,ask,on,1.0,g064,7,0,1,80.502
rung-00100,ask,off,0.0,g064,8,0,1,64.390
rung-00100,ask,on,1.0,g064,8,0,1,78.529
rung-00100,ask,off,0.0,g064,9,0,1,65.792
rung-00100,ask,on,1.0,g064,9,0,1,79.926
rung-00100,ask,off,0.0,g065,0,1,1,64.824
rung-00100,ask,on,1.0,g065,0,1,1,88.014
rung-00100,ask,off,0.0,g065,1,1,1,66.776
rung-00100,ask,on,1.0,g065,1,1,1,86.209
rung-00100,ask,off,0.0,g065,2,1,1,65.237
rung-00100,ask,on,1.0,g065,2,1,1,88.063
rung-00100,ask,off,0.0,g065,3,0,1,66.444
rung-00100,ask,on,1.0,g065,3,0,1,86.162
rung-00100,ask,off,0.0,g065,4,0,1,64.772
rung-00100,ask,on,1.0,g065,4,0,1,87.665
rung-00100,ask,off,0.0,g065,5,0,1,66.620
rung-00100,ask,on,1.0,g065,5,0,1,86.283
rung-00100,ask,off,0.0,g065,6,0,1,66.607
rung-00100,ask,on,1.0,g065,6,0,1,86.296
rung-00100,ask,off,0.0,g065,7,0,1,66.644
rung-00100,ask,on,1.0,g065,7,0,1,87.313
rung-00100,ask,off,0.0,g065,8,0,1,66.677
rung-00100,ask,on,1.0,g065,8,0,1,88.368
rung-00100,ask,off,0.0,g065,9,0,1,65.219
rung-00100,ask,on,1.0,g065,9,0,1,87.867
rung-00100,ask,off,0.0,g066,0,1,1,64.796
rung-00100,ask,on,1.0,g066,0,1,1,83.992
rung-00100,ask,off,0.0,g066,1,1,1,66.221
rung-00100,ask,on,1.0,g066,1,1,1,85.977
rung-00100,ask,off,0.0,g066,2,1,1,64.621
rung-00100,ask,on,1.0,g066,2,1,1,85.206
rung-00100,ask,off,0.0,g066,3,0,1,64.973
rung-00100,ask,on,1.0,g066,3,0,1,84.259
rung-00100,ask,off,0.0,g066,4,0,1,67.102
rung-00100,ask,on,1.0,g066,4,0,1,83.042
rung-00100,ask,off,0.0,g066,5,0,1,66.755
rung-00100,ask,on,1.0,g066,5,0,1,83.836
rung-00100,ask,off,0.0,g066,6,0,1,66.179
rung-00100,ask,on,1.0,g066,6,0,1,86.354
rung-00100,ask,off,0.0,g066,7,0,1,64.544
rung-00100,ask,on,1.0,g066,7,0,1,85.086
rung-00100,ask,off,0.0,g066,8,0,1,64.673
rung-00100,ask,on,1.0,g066,8,0,1,83.360
rung-00100,ask,off,0.0,g066,9,0,1,66.534
rung-00100,ask,on,1.0,g066,9,0,1,85.013
rung-00100,ask,off,0.0,g067,0,1,1,64.139
rung-00100,ask,on,1.0,g067,0,1,1,80.455
rung-00100,ask,off,0.0,g067,1,1,1,65.911
rung-00100,ask,on,1.0,g067,1,1,1,80.996
rung-00100,ask,off,0.0,g067,2,1,1,64.340
rung-00100,ask,on,1.0,g067,2,1,1,82.363
rung-00100,ask,off,0.0,g067,3,0,1,65.536
rung-00100,ask,on,1.0,g067,3,0,1,82.391
rung-00100,ask,off,0.0,g067,4,0,1,65.037
rung-00100,ask,on,1.0,g067,4,0,1,81.260
rung-00100,ask,off,0.0,g067,5,0,1,63.892
rung-00100,ask,on,1.0,g067,5,0,1,81.076
rung-00100,ask,off,0.0,g067,6,0,1,65.559
rung-00100,ask,on,1.0,g067,6,0,1,81.946
rung-00100,ask,off,0.0,g067,7,0,1,63.964
rung-00100,ask,on,1.0,g067,7,0,1,82.051
rung-00100,ask,off,0.0,g067,8,0,1,65.020
rung-00100,ask,on,1.0,g067,8,0,1,84.862
rung-00100,ask,off,0.0,g067,9,0,1,71.046
rung-00100,ask,on,1.0,g067,9,0,1,85.740
rung-00100,ask,off,0.0,g068,0,1,1,64.983
rung-00100,ask,on,1.0,g068,0,1,1,85.723
rung-00100,ask,off,0.0,g068,1,1,1,64.574
rung-00100,ask,on,1.0,g068,1,1,1,84.235
rung-00100,ask,off,0.0,g068,2,1,1,66.293
rung-00100,ask,on,1.0,g068,2,1,1,86.073
rung-00100,ask,off,0.0,g068,3,0,1,64.721
rung-00100,ask,on,1.0,g068,3,0,1,84.262
rung-00100,ask,off,0.0,g068,4,0,1,65.953
rung-00100,ask,on,1.0,g068,4,0,1,86.251
rung-00100,ask,off,0.0,g068,5,0,1,64.896
rung-00100,ask,on,1.0,g068,5,0,1,84.666
rung-00100,ask,off,0.0,g068,6,0,1,64.985
rung-00100,ask,on,1.0,g068,6,0,1,85.811
rung-00100,ask,off,0.0,g068,7,0,1,66.055
rung-00100,ask,on,1.0,g068,7,0,1,84.467
rung-00100,ask,off,0.0,g068,8,0,1,65.455
rung-00100,ask,on,1.0,g068,8,0,1,85.851
rung-00100,ask,off,0.0,g068,9,0,1,66.601
rung-00100,ask,on,1.0,g068,9,0,1,85.952
rung-00100,ask,off,0.0,g069,0,1,1,66.269
rung-00100,ask,on,1.0,g069,0,1,1,86.896
rung-00100,ask,off,0.0,g069,1,1,1,65.461
rung-00100,ask,on,1.0,g069,1,1,1,86.848
rung-00100,ask,off,0.0,g069,2,1,1,66.804
rung-00100,ask,on,1.0,g069,2,1,1,86.302
rung-00100,ask,off,0.0,g069,3,0,1,66.233
rung-00100,ask,on,1.0,g069,3,0,1,87.772
rung-00100,ask,off,0.0,g069,4,0,1,64.779
rung-00100,ask,on,1.0,g069,4,0,1,87.242
rung-00100,ask,off,0.0,g069,5,0,1,65.767
rung-00100,ask,on,1.0,g069,5,0,1,87.980
rung-00100,ask,off,0.0,g069,6,0,1,64.915
rung-00100,ask,on,1.0,g069,6,0,1,87.260
rung-00100,ask,off,0.0,g069,7,0,1,66.279
rung-00100,ask,on,1.0,g069,7,0,1,87.932
rung-00100,ask,off,0.0,g069,8,0,1,66.480
rung-00100,ask,on,1.0,g069,8,0,1,88.562
rung-00100,ask,off,0.0,g069,9,0,1,65.975
rung-00100,ask,on,1.0,g069,9,0,1,86.370
rung-00100,ask,off,0.0,g070,0,1,1,66.282
rung-00100,ask,on,1.0,g070,0,1,1,80.409
rung-00100,ask,off,0.0,g070,1,1,1,66.066
rung-00100,ask,on,1.0,g070,1,1,1,80.226
rung-00100,ask,off,0.0,g070,2,1,1,64.525
rung-00100,ask,on,1.0,g070,2,1,1,82.434
rung-00100,ask,off,0.0,g070,3,0,1,66.093
rung-00100,ask,on,1.0,g070,3,0,1,81.010
rung-00100,ask,off,0.0,g070,4,0,1,66.886
rung-00100,ask,on,1.0,g070,4,0,1,80.959
rung-00100,ask,off,0.0,g070,5,0,1,66.209
rung-00100,ask,on,1.0,g070,5,0,1,80.583
rung-00100,ask,off,0.0,g070,6,0,1,123.151
rung-00100,ask,on,1.0,g070,6,0,1,80.882
rung-00100,ask,off,0.0,g070,7,0,1,65.837
rung-00100,ask,on,1.0,g070,7,0,1,82.688
rung-00100,ask,off,0.0,g070,8,0,1,65.231
rung-00100,ask,on,1.0,g070,8,0,1,82.403
rung-00100,ask,off,0.0,g070,9,0,1,64.811
rung-00100,ask,on,1.0,g070,9,0,1,82.027
rung-00100,ask,off,0.0,g071,0,1,1,65.244
rung-00100,ask,on,1.0,g071,0,1,1,86.127
rung-00100,ask,off,0.0,g071,1,1,1,66.822
rung-00100,ask,on,1.0,g071,1,1,1,87.179
rung-00100,ask,off,0.0,g071,2,1,1,65.032
rung-00100,ask,on,1.0,g071,2,1,1,87.420
rung-00100,ask,off,0.0,g071,3,0,1,65.215
rung-00100,ask,on,1.0,g071,3,0,1,85.796
rung-00100,ask,off,0.0,g071,4,0,1,66.534
rung-00100,ask,on,1.0,g071,4,0,1,85.539
rung-00100,ask,off,0.0,g071,5,0,1,66.823
rung-00100,ask,on,1.0,g071,5,0,1,86.759
rung-00100,ask,off,0.0,g071,6,0,1,66.732
rung-00100,ask,on,1.0,g071,6,0,1,87.164
rung-00100,ask,off,0.0,g071,7,0,1,66.983
rung-00100,ask,on,1.0,g071,7,0,1,85.327
rung-00100,ask,off,0.0,g071,8,0,1,66.887
rung-00100,ask,on,1.0,g071,8,0,1,85.156
rung-00100,ask,off,0.0,g071,9,0,1,66.476
rung-00100,ask,on,1.0,g071,9,0,1,87.363
rung-00100,ask,off,0.0,g072,0,1,1,63.883
rung-00100,ask,on,1.0,g072,0,1,1,81.860
rung-00100,ask,off,0.0,g072,1,1,1,65.420
rung-00100,ask,on,1.0,g072,1,1,1,81.526
rung-00100,ask,off,0.0,g072,2,1,1,65.585
rung-00100,ask,on,1.0,g072,2,1,1,81.938
rung-00100,ask,off,0.0,g072,3,0,1,65.223
rung-00100,ask,on,1.0,g072,3,0,1,84.411
rung-00100,ask,off,0.0,g072,4,0,1,66.946
rung-00100,ask,on,1.0,g072,4,0,1,81.807
rung-00100,ask,off,0.0,g072,5,0,1,64.065
rung-00100,ask,on,1.0,g072,5,0,1,82.761
rung-00100,ask,off,0.0,g072,6,0,1,63.672
rung-00100,ask,on,1.0,g072,6,0,1,83.249
rung-00100,ask,off,0.0,g072,7,0,1,63.965
rung-00100,ask,on,1.0,g072,7,0,1,81.623
rung-00100,ask,off,0.0,g072,8,0,1,64.871
rung-00100,ask,on,1.0,g072,8,0,1,82.653
rung-00100,ask,off,0.0,g072,9,0,1,65.026
rung-00100,ask,on,1.0,g072,9,0,1,81.764
rung-00100,ask,off,0.0,g073,0,1,1,67.115
rung-00100,ask,on,1.0,g073,0,1,1,87.454
rung-00100,ask,off,0.0,g073,1,1,1,65.041
rung-00100,ask,on,1.0,g073,1,1,1,86.493
rung-00100,ask,off,0.0,g073,2,1,1,74.181
rung-00100,ask,on,1.0,g073,2,1,1,85.895
rung-00100,ask,off,0.0,g073,3,0,1,66.534
rung-00100,ask,on,1.0,g073,3,0,1,84.392
rung-00100,ask,off,0.0,g073,4,0,1,66.436
rung-00100,ask,on,1.0,g073,4,0,1,86.278
rung-00100,ask,off,0.0,g073,5,0,1,64.851
rung-00100,ask,on,1.0,g073,5,0,1,86.606
rung-00100,ask,off,0.0,g073,6,0,1,64.520
rung-00100,ask,on,1.0,g073,6,0,1,86.406
rung-00100,ask,off,0.0,g073,7,0,1,66.527
rung-00100,ask,on,1.0,g073,7,0,1,84.932
rung-00100,ask,off,0.0,g073,8,0,1,66.854
rung-00100,ask,on,1.0,g073,8,0,1,86.091
rung-00100,ask,off,0.0,g073,9,0,1,66.037
rung-00100,ask,on,1.0,g073,9,0,1,84.801
rung-00100,ask,off,0.0,g074,0,1,1,64.144
rung-00100,ask,on,1.0,g074,0,1,1,83.097
rung-00100,ask,off,0.0,g074,1,1,1,65.782
rung-00100,ask,on,1.0,g074,1,1,1,83.234
rung-00100,ask,off,0.0,g074,2,1,1,65.823
rung-00100,ask,on,1.0,g074,2,1,1,85.075
rung-00100,ask,off,0.0,g074,3,0,1,65.253
rung-00100,ask,on,1.0,g074,3,0,1,84.002
rung-00100,ask,off,0.0,g074,4,0,1,65.703
rung-00100,ask,on,1.0,g074,4,0,1,84.847
rung-00100,ask,off,0.0,g074,5,0,1,65.941
rung-00100,ask,on,1.0,g074,5,0,1,84.581
rung-00100,ask,off,0.0,g074,6,0,1,64.662
rung-00100,ask,on,1.0,g074,6,0,1,83.191
rung-00100,ask,off,0.0,g074,7,0,1,65.604
rung-00100,ask,on,1.0,g074,7,0,1,83.623
rung-00100,ask,off,0.0,g074,8,0,1,65.030
rung-00100,ask,on,1.0,g074,8,0,1,84.828
rung-00100,ask,off,0.0,g074,9,0,1,64.523
rung-00100,ask,on,1.0,g074,9,0,1,84.750
rung-00100,ask,off,0.0,g075,0,1,1,63.907
rung-00100,ask,on,1.0,g075,0,1,1,84.697
rung-00100,ask,off,0.0,g075,1,1,1,64.766
rung-00100,ask,on,1.0,g075,1,1,1,82.808
rung-00100,ask,off,0.0,g075,2,1,1,64.846
rung-00100,ask,on,1.0,g075,2,1,1,82.621
rung-00100,ask,off,0.0,g075,3,0,1,64.329
rung-00100,ask,on,1.0,g075,3,0,1,82.677
rung-00100,ask,off,0.0,g075,4,0,1,64.833
rung-00100,ask,on,1.0,g075,4,0,1,84.667
rung-00100,ask,off,0.0,g075,5,0,1,63.512
rung-00100,ask,on,1.0,g075,5,0,1,84.026
rung-00100,ask,off,0.0,g075,6,0,1,63.509
rung-00100,ask,on,1.0,g075,6,0,1,82.644
rung-00100,ask,off,0.0,g075,7,0,1,65.503
rung-00100,ask,on,1.0,g075,7,0,1,84.072
rung-00100,ask,off,0.0,g075,8,0,1,64.882
rung-00100,ask,on,1.0,g075,8,0,1,82.902
rung-00100,ask,off,0.0,g075,9,0,1,63.009
rung-00100,ask,on,1.0,g075,9,0,1,84.557
rung-00100,ask,off,0.0,g076,0,1,1,66.568
rung-00100,ask,on,1.0,g076,0,1,1,85.674
rung-00100,ask,off,0.0,g076,1,1,1,64.960
rung-00100,ask,on,1.0,g076,1,1,1,87.359
rung-00100,ask,off,0.0,g076,2,1,1,66.522
rung-00100,ask,on,1.0,g076,2,1,1,85.909
rung-00100,ask,off,0.0,g076,3,0,1,64.755
rung-00100,ask,on,1.0,g076,3,0,1,87.669
rung-00100,ask,off,0.0,g076,4,0,1,71.207
rung-00100,ask,on,1.0,g076,4,0,1,97.387
rung-00100,ask,off,0.0,g076,5,0,1,65.151
rung-00100,ask,on,1.0,g076,5,0,1,87.195
rung-00100,ask,off,0.0,g076,6,0,1,65.497
rung-00100,ask,on,1.0,g076,6,0,1,85.992
rung-00100,ask,off,0.0,g076,7,0,1,65.055
rung-00100,ask,on,1.0,g076,7,0,1,87.407
rung-00100,ask,off,0.0,g076,8,0,1,65.460
rung-00100,ask,on,1.0,g076,8,0,1,86.316
rung-00100,ask,off,0.0,g076,9,0,1,66.504
rung-00100,ask,on,1.0,g076,9,0,1,85.803
rung-00100,ask,off,0.0,g077,0,1,1,65.982
rung-00100,ask,on,1.0,g077,0,1,1,84.856
rung-00100,ask,off,0.0,g077,1,1,1,68.886
rung-00100,ask,on,1.0,g077,1,1,1,83.832
rung-00100,ask,off,0.0,g077,2,1,1,66.041
rung-00100,ask,on,1.0,g077,2,1,1,80.702
rung-00100,ask,off,0.0,g077,3,0,1,66.434
rung-00100,ask,on,1.0,g077,3,0,1,86.283
rung-00100,ask,off,0.0,g077,4,0,1,64.675
rung-00100,ask,on,1.0,g077,4,0,1,82.984
rung-00100,ask,off,0.0,g077,5,0,1,66.108
rung-00100,ask,on,1.0,g077,5,0,1,82.368
rung-00100,ask,off,0.0,g077,6,0,1,65.737
rung-00100,ask,on,1.0,g077,6,0,1,82.936
rung-00100,ask,off,0.0,g077,7,0,1,66.414
rung-00100,ask,on,1.0,g077,7,0,1,81.305
rung-00100,ask,off,0.0,g077,8,0,1,65.112
rung-00100,ask,on,1.0,g077,8,0,1,82.932
rung-00100,ask,off,0.0,g077,9,0,1,64.284
rung-00100,ask,on,1.0,g077,9,0,1,81.386
rung-00100,ask,off,0.0,g078,0,1,1,65.269
rung-00100,ask,on,1.0,g078,0,1,1,87.791
rung-00100,ask,off,0.0,g078,1,1,1,66.581
rung-00100,ask,on,1.0,g078,1,1,1,86.542
rung-00100,ask,off,0.0,g078,2,1,1,66.646
rung-00100,ask,on,1.0,g078,2,1,1,87.607
rung-00100,ask,off,0.0,g078,3,0,1,66.099
rung-00100,ask,on,1.0,g078,3,0,1,87.285
rung-00100,ask,off,0.0,g078,4,0,1,64.793
rung-00100,ask,on,1.0,g078,4,0,1,88.587
rung-00100,ask,off,0.0,g078,5,0,1,66.447
rung-00100,ask,on,1.0,g078,5,0,1,86.708
rung-00100,ask,off,0.0,g078,6,0,1,65.086
rung-00100,ask,on,1.0,g078,6,0,1,88.526
rung-00100,ask,off,0.0,g078,7,0,1,66.621
rung-00100,ask,on,1.0,g078,7,0,1,88.003
rung-00100,ask,off,0.0,g078,8,0,1,65.246
rung-00100,ask,on,1.0,g078,8,0,1,88.464
rung-00100,ask,off,0.0,g078,9,0,1,66.568
rung-00100,ask,on,1.0,g078,9,0,1,86.800
rung-00100,ask,off,0.0,g079,0,1,1,66.313
rung-00100,ask,on,1.0,g079,0,1,1,85.376
rung-00100,ask,off,0.0,g079,1,1,1,65.354
rung-00100,ask,on,1.0,g079,1,1,1,83.313
rung-00100,ask,off,0.0,g079,2,1,1,65.416
rung-00100,ask,on,1.0,g079,2,1,1,83.537
rung-00100,ask,off,0.0,g079,3,0,1,65.535
rung-00100,ask,on,1.0,g079,3,0,1,83.235
rung-00100,ask,off,0.0,g079,4,0,1,64.119
rung-00100,ask,on,1.0,g079,4,0,1,84.880
rung-00100,ask,off,0.0,g079,5,0,1,65.522
rung-00100,ask,on,1.0,g079,5,0,1,85.033
rung-00100,ask,off,0.0,g079,6,0,1,63.894
rung-00100,ask,on,1.0,g079,6,0,1,85.159
rung-00100,ask,off,0.0,g079,7,0,1,65.960
rung-00100,ask,on,1.0,g079,7,0,1,84.305
rung-00100,ask,off,0.0,g079,8,0,1,64.320
rung-00100,ask,on,1.0,g079,8,0,1,85.131
rung-00100,ask,off,0.0,g079,9,0,1,65.248
rung-00100,ask,on,1.0,g079,9,0,1,83.487
rung-00100,ask,off,0.0,g080,0,1,1,66.854
rung-00100,ask,on,1.0,g080,0,1,1,85.799
rung-00100,ask,off,0.0,g080,1,1,1,64.947
rung-00100,ask,on,1.0,g080,1,1,1,87.169
rung-00100,ask,off,0.0,g080,2,1,1,65.055
rung-00100,ask,on,1.0,g080,2,1,1,87.208
rung-00100,ask,off,0.0,g080,3,0,1,65.028
rung-00100,ask,on,1.0,g080,3,0,1,87.969
rung-00100,ask,off,0.0,g080,4,0,1,65.193
rung-00100,ask,on,1.0,g080,4,0,1,87.871
rung-00100,ask,off,0.0,g080,5,0,1,65.920
rung-00100,ask,on,1.0,g080,5,0,1,86.057
rung-00100,ask,off,0.0,g080,6,0,1,66.980
rung-00100,ask,on,1.0,g080,6,0,1,85.840
rung-00100,ask,off,0.0,g080,7,0,1,66.394
rung-00100,ask,on,1.0,g080,7,0,1,87.634
rung-00100,ask,off,0.0,g080,8,0,1,65.499
rung-00100,ask,on,1.0,g080,8,0,1,87.621
rung-00100,ask,off,0.0,g080,9,0,1,65.156
rung-00100,ask,on,1.0,g080,9,0,1,85.689
rung-00100,ask,off,0.0,g081,0,1,1,67.683
rung-00100,ask,on,1.0,g081,0,1,1,83.442
rung-00100,ask,off,0.0,g081,1,1,1,66.411
rung-00100,ask,on,1.0,g081,1,1,1,81.751
rung-00100,ask,off,0.0,g081,2,1,1,64.794
rung-00100,ask,on,1.0,g081,2,1,1,83.307
rung-00100,ask,off,0.0,g081,3,0,1,66.175
rung-00100,ask,on,1.0,g081,3,0,1,81.568
rung-00100,ask,off,0.0,g081,4,0,1,67.421
rung-00100,ask,on,1.0,g081,4,0,1,83.722
rung-00100,ask,off,0.0,g081,5,0,1,66.619
rung-00100,ask,on,1.0,g081,5,0,1,83.977
rung-00100,ask,off,0.0,g081,6,0,1,64.667
rung-00100,ask,on,1.0,g081,6,0,1,82.924
rung-00100,ask,off,0.0,g081,7,0,1,64.804
rung-00100,ask,on,1.0,g081,7,0,1,82.773
rung-00100,ask,off,0.0,g081,8,0,1,64.696
rung-00100,ask,on,1.0,g081,8,0,1,83.030
rung-00100,ask,off,0.0,g081,9,0,1,65.034
rung-00100,ask,on,1.0,g081,9,0,1,81.755
rung-00100,ask,off,0.0,g082,0,1,1,66.072
rung-00100,ask,on,1.0,g082,0,1,1,84.975
rung-00100,ask,off,0.0,g082,1,1,1,65.905
rung-00100,ask,on,1.0,g082,1,1,1,82.777
rung-00100,ask,off,0.0,g082,2,1,1,64.341
rung-00100,ask,on,1.0,g082,2,1,1,84.510
rung-00100,ask,off,0.0,g082,3,0,1,64.162
rung-00100,ask,on,1.0,g082,3,0,1,85.125
rung-00100,ask,off,0.0,g082,4,0,1,65.632
rung-00100,ask,on,1.0,g082,4,0,1,85.446
rung-00100,ask,off,0.0,g082,5,0,1,64.770
rung-00100,ask,on,1.0,g082,5,0,1,84.597
rung-00100,ask,off,0.0,g082,6,0,1,64.627
rung-00100,ask,on,1.0,g082,6,0,1,84.947
rung-00100,ask,off,0.0,g082,7,0,1,64.405
rung-00100,ask,on,1.0,g082,7,0,1,83.637
rung-00100,ask,off,0.0,g082,8,0,1,65.846
rung-00100,ask,on,1.0,g082,8,0,1,83.461
rung-00100,ask,off,0.0,g082,9,0,1,67.155
rung-00100,ask,on,1.0,g082,9,0,1,83.358
rung-00100,ask,off,0.0,g083,0,1,1,66.565
rung-00100,ask,on,1.0,g083,0,1,1,75.583
rung-00100,ask,off,0.0,g083,1,1,1,64.940
rung-00100,ask,on,1.0,g083,1,1,1,74.462
rung-00100,ask,off,0.0,g083,2,1,1,65.231
rung-00100,ask,on,1.0,g083,2,1,1,75.790
rung-00100,ask,off,0.0,g083,3,0,1,64.733
rung-00100,ask,on,1.0,g083,3,0,1,75.739
rung-00100,ask,off,0.0,g083,4,0,1,64.489
rung-00100,ask,on,1.0,g083,4,0,1,74.403
rung-00100,ask,off,0.0,g083,5,0,1,66.133
rung-00100,ask,on,1.0,g083,5,0,1,73.935
rung-00100,ask,off,0.0,g083,6,0,1,66.086
rung-00100,ask,on,1.0,g083,6,0,1,74.361
rung-00100,ask,off,0.0,g083,7,0,1,66.026
rung-00100,ask,on,1.0,g083,7,0,1,74.789
rung-00100,ask,off,0.0,g083,8,0,1,65.989
rung-00100,ask,on,1.0,g083,8,0,1,75.920
rung-00100,ask,off,0.0,g083,9,0,1,64.590
rung-00100,ask,on,1.0,g083,9,0,1,74.161
rung-00100,ask,off,0.0,g084,0,1,1,65.741
rung-00100,ask,on,1.0,g084,0,1,1,83.567
rung-00100,ask,off,0.0,g084,1,1,1,64.295
rung-00100,ask,on,1.0,g084,1,1,1,83.590
rung-00100,ask,off,0.0,g084,2,1,1,64.527
rung-00100,ask,on,1.0,g084,2,1,1,81.736
rung-00100,ask,off,0.0,g084,3,0,1,65.423
rung-00100,ask,on,1.0,g084,3,0,1,84.339
rung-00100,ask,off,0.0,g084,4,0,1,65.091
rung-00100,ask,on,1.0,g084,4,0,1,83.510
rung-00100,ask,off,0.0,g084,5,0,1,65.981
rung-00100,ask,on,1.0,g084,5,0,1,81.544
rung-00100,ask,off,0.0,g084,6,0,1,65.332
rung-00100,ask,on,1.0,g084,6,0,1,81.610
rung-00100,ask,off,0.0,g084,7,0,1,65.776
rung-00100,ask,on,1.0,g084,7,0,1,83.138
rung-00100,ask,off,0.0,g084,8,0,1,64.401
rung-00100,ask,on,1.0,g084,8,0,1,83.321
rung-00100,ask,off,0.0,g084,9,0,1,64.187
rung-00100,ask,on,1.0,g084,9,0,1,83.638
rung-00100,ask,off,0.0,g085,0,1,1,65.666
rung-00100,ask,on,1.0,g085,0,1,1,84.341
rung-00100,ask,off,0.0,g085,1,1,1,97.547
rung-00100,ask,on,1.0,g085,1,1,1,88.284
rung-00100,ask,off,0.0,g085,2,1,1,65.843
rung-00100,ask,on,1.0,g085,2,1,1,84.653
rung-00100,ask,off,0.0,g085,3,0,1,63.947
rung-00100,ask,on,1.0,g085,3,0,1,85.148
rung-00100,ask,off,0.0,g085,4,0,1,64.262
rung-00100,ask,on,1.0,g085,4,0,1,87.028
rung-00100,ask,off,0.0,g085,5,0,1,68.646
rung-00100,ask,on,1.0,g085,5,0,1,91.306
rung-00100,ask,off,0.0,g085,6,0,1,73.928
rung-00100,ask,on,1.0,g085,6,0,1,86.787
rung-00100,ask,off,0.0,g085,7,0,1,66.523
rung-00100,ask,on,1.0,g085,7,0,1,87.265
rung-00100,ask,off,0.0,g085,8,0,1,65.561
rung-00100,ask,on,1.0,g085,8,0,1,84.949
rung-00100,ask,off,0.0,g085,9,0,1,65.466
rung-00100,ask,on,1.0,g085,9,0,1,84.679
rung-00100,ask,off,0.0,g086,0,1,1,66.092
rung-00100,ask,on,1.0,g086,0,1,1,85.270
rung-00100,ask,off,0.0,g086,1,1,1,65.823
rung-00100,ask,on,1.0,g086,1,1,1,88.213
rung-00100,ask,off,0.0,g086,2,1,1,64.340
rung-00100,ask,on,1.0,g086,2,1,1,85.177
rung-00100,ask,off,0.0,g086,3,0,1,65.536
rung-00100,ask,on,1.0,g086,3,0,1,87.382
rung-00100,ask,off,0.0,g086,4,0,1,65.759
rung-00100,ask,on,1.0,g086,4,0,1,86.983
rung-00100,ask,off,0.0,g086,5,0,1,64.420
rung-00100,ask,on,1.0,g086,5,0,1,85.449
rung-00100,ask,off,0.0,g086,6,0,1,65.490
rung-00100,ask,on,1.0,g086,6,0,1,85.349
rung-00100,ask,off,0.0,g086,7,0,1,65.922
rung-00100,ask,on,1.0,g086,7,0,1,86.834
rung-00100,ask,off,0.0,g086,8,0,1,64.465
rung-00100,ask,on,1.0,g086,8,0,1,85.873
rung-00100,ask,off,0.0,g086,9,0,1,65.202
rung-00100,ask,on,1.0,g086,9,0,1,85.622
rung-00100,ask,off,0.0,g087,0,1,1,65.513
rung-00100,ask,on,1.0,g087,0,1,1,77.605
rung-00100,ask,off,0.0,g087,1,1,1,63.233
rung-00100,ask,on,1.0,g087,1,1,1,77.615
rung-00100,ask,off,0.0,g087,2,1,1,63.090
rung-00100,ask,on,1.0,g087,2,1,1,77.108
rung-00100,ask,off,0.0,g087,3,0,1,64.002
rung-00100,ask,on,1.0,g087,3,0,1,75.640
rung-00100,ask,off,0.0,g087,4,0,1,62.701
rung-00100,ask,on,1.0,g087,4,0,1,76.663
rung-00100,ask,off,0.0,g087,5,0,1,63.226
rung-00100,ask,on,1.0,g087,5,0,1,77.181
rung-00100,ask,off,0.0,g087,6,0,1,63.496
rung-00100,ask,on,1.0,g087,6,0,1,77.262
rung-00100,ask,off,0.0,g087,7,0,1,63.188
rung-00100,ask,on,1.0,g087,7,0,1,77.048
rung-00100,ask,off,0.0,g087,8,0,1,64.995
rung-00100,ask,on,1.0,g087,8,0,1,75.860
rung-00100,ask,off,0.0,g087,9,0,1,64.719
rung-00100,ask,on,1.0,g087,9,0,1,77.557
rung-00100,ask,off,0.0,g088,0,1,1,64.468
rung-00100,ask,on,1.0,g088,0,1,1,78.535
rung-00100,ask,off,0.0,g088,1,1,1,65.623
rung-00100,ask,on,1.0,g088,1,1,1,79.900
rung-00100,ask,off,0.0,g088,2,1,1,64.526
rung-00100,ask,on,1.0,g088,2,1,1,79.313
rung-00100,ask,off,0.0,g088,3,0,1,64.321
rung-00100,ask,on,1.0,g088,3,0,1,80.400
rung-00100,ask,off,0.0,g088,4,0,1,64.458
rung-00100,ask,on,1.0,g088,4,0,1,80.708
rung-00100,ask,off,0.0,g088,5,0,1,66.115
rung-00100,ask,on,1.0,g088,5,0,1,78.730
rung-00100,ask,off,0.0,g088,6,0,1,66.412
rung-00100,ask,on,1.0,g088,6,0,1,78.550
rung-00100,ask,off,0.0,g088,7,0,1,65.874
rung-00100,ask,on,1.0,g088,7,0,1,78.801
rung-00100,ask,off,0.0,g088,8,0,1,66.037
rung-00100,ask,on,1.0,g088,8,0,1,79.988
rung-00100,ask,off,0.0,g088,9,0,1,64.988
rung-00100,ask,on,1.0,g088,9,0,1,78.967
rung-00100,ask,off,0.0,g089,0,1,1,65.879
rung-00100,ask,on,1.0,g089,0,1,1,83.814
rung-00100,ask,off,0.0,g089,1,1,1,65.782
rung-00100,ask,on,1.0,g089,1,1,1,83.501
rung-00100,ask,off,0.0,g089,2,1,1,66.522
rung-00100,ask,on,1.0,g089,2,1,1,84.611
rung-00100,ask,off,0.0,g089,3,0,1,65.801
rung-00100,ask,on,1.0,g089,3,0,1,83.129
rung-00100,ask,off,0.0,g089,4,0,1,64.601
rung-00100,ask,on,1.0,g089,4,0,1,85.065
rung-00100,ask,off,0.0,g089,5,0,1,65.740
rung-00100,ask,on,1.0,g089,5,0,1,82.899
rung-00100,ask,off,0.0,g089,6,0,1,64.261
rung-00100,ask,on,1.0,g089,6,0,1,84.798
rung-00100,ask,off,0.0,g089,7,0,1,66.839
rung-00100,ask,on,1.0,g089,7,0,1,83.343
rung-00100,ask,off,0.0,g089,8,0,1,65.008
rung-00100,ask,on,1.0,g089,8,0,1,85.469
rung-00100,ask,off,0.0,g089,9,0,1,66.076
rung-00100,ask,on,1.0,g089,9,0,1,83.272
rung-00100,ask,off,0.0,g090,0,1,1,64.184
rung-00100,ask,on,1.0,g090,0,1,1,86.508
rung-00100,ask,off,0.0,g090,1,1,1,65.803
rung-00100,ask,on,1.0,g090,1,1,1,86.710
rung-00100,ask,off,0.0,g090,2,1,1,64.108
rung-00100,ask,on,1.0,g090,2,1,1,87.878
rung-00100,ask,off,0.0,g090,3,0,1,69.266
rung-00100,ask,on,1.0,g090,3,0,1,86.284
rung-00100,ask,off,0.0,g090,4,0,1,64.812
rung-00100,ask,on,1.0,g090,4,0,1,88.233
rung-00100,ask,off,0.0,g090,5,0,1,66.502
rung-00100,ask,on,1.0,g090,5,0,1,86.183
rung-00100,ask,off,0.0,g090,6,0,1,66.167
rung-00100,ask,on,1.0,g090,6,0,1,87.088
rung-00100,ask,off,0.0,g090,7,0,1,64.648
rung-00100,ask,on,1.0,g090,7,0,1,87.322
rung-00100,ask,off,0.0,g090,8,0,1,64.356
rung-00100,ask,on,1.0,g090,8,0,1,85.710
rung-00100,ask,off,0.0,g090,9,0,1,66.391
rung-00100,ask,on,1.0,g090,9,0,1,85.376
rung-00100,ask,off,0.0,g091,0,1,1,65.623
rung-00100,ask,on,1.0,g091,0,1,1,89.731
rung-00100,ask,off,0.0,g091,1,1,1,64.856
rung-00100,ask,on,1.0,g091,1,1,1,88.109
rung-00100,ask,off,0.0,g091,2,1,1,65.904
rung-00100,ask,on,1.0,g091,2,1,1,85.760
rung-00100,ask,off,0.0,g091,3,0,1,64.988
rung-00100,ask,on,1.0,g091,3,0,1,87.515
rung-00100,ask,off,0.0,g091,4,0,1,64.566
rung-00100,ask,on,1.0,g091,4,0,1,86.189
rung-00100,ask,off,0.0,g091,5,0,1,65.979
rung-00100,ask,on,1.0,g091,5,0,1,87.890
rung-00100,ask,off,0.0,g091,6,0,1,64.549
rung-00100,ask,on,1.0,g091,6,0,1,86.292
rung-00100,ask,off,0.0,g091,7,0,1,65.639
rung-00100,ask,on,1.0,g091,7,0,1,88.013
rung-00100,ask,off,0.0,g091,8,0,1,64.492
rung-00100,ask,on,1.0,g091,8,0,1,86.350
rung-00100,ask,off,0.0,g091,9,0,1,64.263
rung-00100,ask,on,1.0,g091,9,0,1,87.588
rung-00100,ask,off,0.0,g092,0,1,1,65.977
rung-00100,ask,on,1.0,g092,0,1,1,85.222
rung-00100,ask,off,0.0,g092,1,1,1,65.079
rung-00100,ask,on,1.0,g092,1,1,1,86.506
rung-00100,ask,off,0.0,g092,2,1,1,65.659
rung-00100,ask,on,1.0,g092,2,1,1,86.151
rung-00100,ask,off,0.0,g092,3,0,1,64.340
rung-00100,ask,on,1.0,g092,3,0,1,86.639
rung-00100,ask,off,0.0,g092,4,0,1,66.026
rung-00100,ask,on,1.0,g092,4,0,1,85.710
rung-00100,ask,off,0.0,g092,5,0,1,64.762
rung-00100,ask,on,1.0,g092,5,0,1,86.765
rung-00100,ask,off,0.0,g092,6,0,1,64.828
rung-00100,ask,on,1.0,g092,6,0,1,85.988
rung-00100,ask,off,0.0,g092,7,0,1,64.396
rung-00100,ask,on,1.0,g092,7,0,1,86.738
rung-00100,ask,off,0.0,g092,8,0,1,65.229
rung-00100,ask,on,1.0,g092,8,0,1,86.004
rung-00100,ask,off,0.0,g092,9,0,1,65.770
rung-00100,ask,on,1.0,g092,9,0,1,84.850
rung-00100,ask,off,0.0,g093,0,1,1,65.572
rung-00100,ask,on,1.0,g093,0,1,1,81.333
rung-00100,ask,off,0.0,g093,1,1,1,66.594
rung-00100,ask,on,1.0,g093,1,1,1,80.048
rung-00100,ask,off,0.0,g093,2,1,1,65.675
rung-00100,ask,on,1.0,g093,2,1,1,79.344
rung-00100,ask,off,0.0,g093,3,0,1,65.724
rung-00100,ask,on,1.0,g093,3,0,1,79.593
rung-00100,ask,off,0.0,g093,4,0,1,65.040
rung-00100,ask,on,1.0,g093,4,0,1,81.602
rung-00100,ask,off,0.0,g093,5,0,1,64.142
rung-00100,ask,on,1.0,g093,5,0,1,81.571
rung-00100,ask,off,0.0,g093,6,0,1,64.001
rung-00100,ask,on,1.0,g093,6,0,1,81.337
rung-00100,ask,off,0.0,g093,7,0,1,64.117
rung-00100,ask,on,1.0,g093,7,0,1,79.651
rung-00100,ask,off,0.0,g093,8,0,1,65.007
rung-00100,ask,on,1.0,g093,8,0,1,82.530
rung-00100,ask,off,0.0,g093,9,0,1,66.069
rung-00100,ask,on,1.0,g093,9,0,1,80.452
rung-00100,ask,off,0.0,g094,0,1,1,63.864
rung-00100,ask,on,1.0,g094,0,1,1,84.160
rung-00100,ask,off,0.0,g094,1,1,1,65.369
rung-00100,ask,on,1.0,g094,1,1,1,82.768
rung-00100,ask,off,0.0,g094,2,1,1,63.339
rung-00100,ask,on,1.0,g094,2,1,1,84.652
rung-00100,ask,off,0.0,g094,3,0,1,65.329
rung-00100,ask,on,1.0,g094,3,0,1,82.606
rung-00100,ask,off,0.0,g094,4,0,1,64.015
rung-00100,ask,on,1.0,g094,4,0,1,85.242
rung-00100,ask,off,0.0,g094,5,0,1,65.723
rung-00100,ask,on,1.0,g094,5,0,1,83.490
rung-00100,ask,off,0.0,g094,6,0,1,63.748
rung-00100,ask,on,1.0,g094,6,0,1,84.525
rung-00100,ask,off,0.0,g094,7,0,1,65.992
rung-00100,ask,on,1.0,g094,7,0,1,82.484
rung-00100,ask,off,0.0,g094,8,0,1,64.542
rung-00100,ask,on,1.0,g094,8,0,1,84.401
rung-00100,ask,off,0.0,g094,9,0,1,63.982
rung-00100,ask,on,1.0,g094,9,0,1,85.093
rung-00100,ask,off,0.0,g095,0,1,1,65.291
rung-00100,ask,on,1.0,g095,0,1,1,85.274
rung-00100,ask,off,0.0,g095,1,1,1,65.684
rung-00100,ask,on,1.0,g095,1,1,1,83.589
rung-00100,ask,off,0.0,g095,2,1,1,66.892
rung-00100,ask,on,1.0,g095,2,1,1,83.294
rung-00100,ask,off,0.0,g095,3,0,1,66.628
rung-00100,ask,on,1.0,g095,3,0,1,84.414
rung-00100,ask,off,0.0,g095,4,0,1,66.897
rung-00100,ask,on,1.0,g095,4,0,1,83.915
rung-00100,ask,off,0.0,g095,5,0,1,69.047
rung-00100,ask,on,1.0,g095,5,0,1,84.888
rung-00100,ask,off,0.0,g095,6,0,1,66.722
rung-00100,ask,on,1.0,g095,6,0,1,82.778
rung-00100,ask,off,0.0,g095,7,0,1,65.405
rung-00100,ask,on,1.0,g095,7,0,1,86.093
rung-00100,ask,off,0.0,g095,8,0,1,67.402
rung-00100,ask,on,1.0,g095,8,0,1,84.707
rung-00100,ask,off,0.0,g095,9,0,1,65.080
rung-00100,ask,on,1.0,g095,9,0,1,84.320
rung-00100,ask,off,0.0,g096,0,1,1,64.072
rung-00100,ask,on,1.0,g096,0,1,1,83.483
rung-00100,ask,off,0.0,g096,1,1,1,64.260
rung-00100,ask,on,1.0,g096,1,1,1,84.830
rung-00100,ask,off,0.0,g096,2,1,1,65.552
rung-00100,ask,on,1.0,g096,2,1,1,82.889
rung-00100,ask,off,0.0,g096,3,0,1,64.355
rung-00100,ask,on,1.0,g096,3,0,1,84.286
rung-00100,ask,off,0.0,g096,4,0,1,65.842
rung-00100,ask,on,1.0,g096,4,0,1,83.556
rung-00100,ask,off,0.0,g096,5,0,1,64.168
rung-00100,ask,on,1.0,g096,5,0,1,84.515
rung-00100,ask,off,0.0,g096,6,0,1,65.525
rung-00100,ask,on,1.0,g096,6,0,1,85.293
rung-00100,ask,off,0.0,g096,7,0,1,68.046
rung-00100,ask,on,1.0,g096,7,0,1,94.549
rung-00100,ask,off,0.0,g096,8,0,1,64.453
rung-00100,ask,on,1.0,g096,8,0,1,82.852
rung-00100,ask,off,0.0,g096,9,0,1,65.422
rung-00100,ask,on,1.0,g096,9,0,1,84.504
rung-00100,ask,off,0.0,g097,0,1,1,64.467
rung-00100,ask,on,1.0,g097,0,1,1,77.973
rung-00100,ask,off,0.0,g097,1,1,1,66.079
rung-00100,ask,on,1.0,g097,1,1,1,79.862
rung-00100,ask,off,0.0,g097,2,1,1,64.654
rung-00100,ask,on,1.0,g097,2,1,1,79.847
rung-00100,ask,off,0.0,g097,3,0,1,66.272
rung-00100,ask,on,1.0,g097,3,0,1,78.215
rung-00100,ask,off,0.0,g097,4,0,1,64.506
rung-00100,ask,on,1.0,g097,4,0,1,79.545
rung-00100,ask,off,0.0,g097,5,0,1,69.177
rung-00100,ask,on,1.0,g097,5,0,1,79.967
rung-00100,ask,off,0.0,g097,6,0,1,65.332
rung-00100,ask,on,1.0,g097,6,0,1,79.566
rung-00100,ask,off,0.0,g097,7,0,1,65.348
rung-00100,ask,on,1.0,g097,7,0,1,79.731
rung-00100,ask,off,0.0,g097,8,0,1,66.643
rung-00100,ask,on,1.0,g097,8,0,1,79.837
rung-00100,ask,off,0.0,g097,9,0,1,65.078
rung-00100,ask,on,1.0,g097,9,0,1,78.316
rung-00100,ask,off,0.0,g098,0,1,1,64.737
rung-00100,ask,on,1.0,g098,0,1,1,87.254
rung-00100,ask,off,0.0,g098,1,1,1,66.355
rung-00100,ask,on,1.0,g098,1,1,1,85.935
rung-00100,ask,off,0.0,g098,2,1,1,64.737
rung-00100,ask,on,1.0,g098,2,1,1,87.326
rung-00100,ask,off,0.0,g098,3,0,1,66.138
rung-00100,ask,on,1.0,g098,3,0,1,85.633
rung-00100,ask,off,0.0,g098,4,0,1,64.908
rung-00100,ask,on,1.0,g098,4,0,1,87.652
rung-00100,ask,off,0.0,g098,5,0,1,66.302
rung-00100,ask,on,1.0,g098,5,0,1,85.771
rung-00100,ask,off,0.0,g098,6,0,1,65.012
rung-00100,ask,on,1.0,g098,6,0,1,87.427
rung-00100,ask,off,0.0,g098,7,0,1,66.453
rung-00100,ask,on,1.0,g098,7,0,1,85.674
rung-00100,ask,off,0.0,g098,8,0,1,65.076
rung-00100,ask,on,1.0,g098,8,0,1,87.628
rung-00100,ask,off,0.0,g098,9,0,1,66.226
rung-00100,ask,on,1.0,g098,9,0,1,85.721
rung-00100,ask,off,0.0,g099,0,1,1,64.276
rung-00100,ask,on,1.0,g099,0,1,1,88.070
rung-00100,ask,off,0.0,g099,1,1,1,65.562
rung-00100,ask,on,1.0,g099,1,1,1,86.655
rung-00100,ask,off,0.0,g099,2,1,1,64.317
rung-00100,ask,on,1.0,g099,2,1,1,87.361
rung-00100,ask,off,0.0,g099,3,0,1,65.922
rung-00100,ask,on,1.0,g099,3,0,1,87.250
rung-00100,ask,off,0.0,g099,4,0,1,64.243
rung-00100,ask,on,1.0,g099,4,0,1,87.553
rung-00100,ask,off,0.0,g099,5,0,1,64.323
rung-00100,ask,on,1.0,g099,5,0,1,87.002
rung-00100,ask,off,0.0,g099,6,0,1,65.586
rung-00100,ask,on,1.0,g099,6,0,1,87.836
rung-00100,ask,off,0.0,g099,7,0,1,64.451
rung-00100,ask,on,1.0,g099,7,0,1,87.911
rung-00100,ask,off,0.0,g099,8,0,1,65.144
rung-00100,ask,on,1.0,g099,8,0,1,86.265
rung-00100,ask,off,0.0,g099,9,0,1,65.327
rung-00100,ask,on,1.0,g099,9,0,1,86.287
rung-00100,ask,off,0.0,g100,0,1,1,66.100
rung-00100,ask,on,1.0,g100,0,1,1,83.410
rung-00100,ask,off,0.0,g100,1,1,1,66.425
rung-00100,ask,on,1.0,g100,1,1,1,82.969
rung-00100,ask,off,0.0,g100,2,1,1,64.769
rung-00100,ask,on,1.0,g100,2,1,1,82.027
rung-00100,ask,off,0.0,g100,3,0,1,66.329
rung-00100,ask,on,1.0,g100,3,0,1,83.502
rung-00100,ask,off,0.0,g100,4,0,1,64.954
rung-00100,ask,on,1.0,g100,4,0,1,84.423
rung-00100,ask,off,0.0,g100,5,0,1,64.924
rung-00100,ask,on,1.0,g100,5,0,1,82.224
rung-00100,ask,off,0.0,g100,6,0,1,66.328
rung-00100,ask,on,1.0,g100,6,0,1,83.281
rung-00100,ask,off,0.0,g100,7,0,1,64.956
rung-00100,ask,on,1.0,g100,7,0,1,83.190
rung-00100,ask,off,0.0,g100,8,0,1,64.872
rung-00100,ask,on,1.0,g100,8,0,1,83.344
rung-00100,ask,off,0.0,g100,9,0,1,64.945
rung-00100,ask,on,1.0,g100,9,0,1,83.231
rung-00100,ask,off,0.0,g101,0,1,1,66.096
rung-00100,ask,on,1.0,g101,0,1,1,83.544
rung-00100,ask,off,0.0,g101,1,1,1,64.476
rung-00100,ask,on,1.0,g101,1,1,1,86.380
rung-00100,ask,off,0.0,g101,2,1,1,64.360
rung-00100,ask,on,1.0,g101,2,1,1,85.565
rung-00100,ask,off,0.0,g101,3,0,1,64.562
rung-00100,ask,on,1.0,g101,3,0,1,85.783
rung-00100,ask,off,0.0,g101,4,0,1,65.590
rung-00100,ask,on,1.0,g101,4,0,1,85.278
rung-00100,ask,off,0.0,g101,5,0,1,64.825
rung-00100,ask,on,1.0,g101,5,0,1,84.183
rung-00100,ask,off,0.0,g101,6,0,1,64.528
rung-00100,ask,on,1.0,g101,6,0,1,84.301
rung-00100,ask,off,0.0,g101,7,0,1,65.880
rung-00100,ask,on,1.0,g101,7,0,1,83.869
rung-00100,ask,off,0.0,g101,8,0,1,66.904
rung-00100,ask,on,1.0,g101,8,0,1,86.106
rung-00100,ask,off,0.0,g101,9,0,1,66.665
rung-00100,ask,on,1.0,g101,9,0,1,84.178
rung-00100,ask,off,0.0,g102,0,1,1,64.410
rung-00100,ask,on,1.0,g102,0,1,1,80.670
rung-00100,ask,off,0.0,g102,1,1,1,65.741
rung-00100,ask,on,1.0,g102,1,1,1,78.665
rung-00100,ask,off,0.0,g102,2,1,1,65.009
rung-00100,ask,on,1.0,g102,2,1,1,80.188
rung-00100,ask,off,0.0,g102,3,0,1,65.975
rung-00100,ask,on,1.0,g102,3,0,1,78.487
rung-00100,ask,off,0.0,g102,4,0,1,64.719
rung-00100,ask,on,1.0,g102,4,0,1,80.450
rung-00100,ask,off,0.0,g102,5,0,1,66.523
rung-00100,ask,on,1.0,g102,5,0,1,78.785
rung-00100,ask,off,0.0,g102,6,0,1,66.099
rung-00100,ask,on,1.0,g102,6,0,1,78.551
rung-00100,ask,off,0.0,g102,7,0,1,67.058
rung-00100,ask,on,1.0,g102,7,0,1,78.912
rung-00100,ask,off,0.0,g102,8,0,1,64.468
rung-00100,ask,on,1.0,g102,8,0,1,80.316
rung-00100,ask,off,0.0,g102,9,0,1,64.325
rung-00100,ask,on,1.0,g102,9,0,1,80.356
rung-00100,ask,off,0.0,g103,0,1,1,66.055
rung-00100,ask,on,1.0,g103,0,1,1,86.474
rung-00100,ask,off,0.0,g103,1,1,1,65.292
rung-00100,ask,on,1.0,g103,1,1,1,86.175
rung-00100,ask,off,0.0,g103,2,1,1,64.516
rung-00100,ask,on,1.0,g103,2,1,1,87.141
rung-00100,ask,off,0.0,g103,3,0,1,65.953
rung-00100,ask,on,1.0,g103,3,0,1,84.975
rung-00100,ask,off,0.0,g103,4,0,1,64.183
rung-00100,ask,on,1.0,g103,4,0,1,86.761
rung-00100,ask,off,0.0,g103,5,0,1,65.543
rung-00100,ask,on,1.0,g103,5,0,1,85.313
rung-00100,ask,off,0.0,g103,6,0,1,64.403
rung-00100,ask,on,1.0,g103,6,0,1,87.152
rung-00100,ask,off,0.0,g103,7,0,1,64.333
rung-00100,ask,on,1.0,g103,7,0,1,86.546
rung-00100,ask,off,0.0,g103,8,0,1,64.007
rung-00100,ask,on,1.0,g103,8,0,1,85.730
rung-00100,ask,off,0.0,g103,9,0,1,64.463
rung-00100,ask,on,1.0,g103,9,0,1,86.930
rung-00100,ask,off,0.0,g104,0,1,1,66.208
rung-00100,ask,on,1.0,g104,0,1,1,84.857
rung-00100,ask,off,0.0,g104,1,1,1,64.718
rung-00100,ask,on,1.0,g104,1,1,1,86.272
rung-00100,ask,off,0.0,g104,2,1,1,66.201
rung-00100,ask,on,1.0,g104,2,1,1,84.555
rung-00100,ask,off,0.0,g104,3,0,1,65.992
rung-00100,ask,on,1.0,g104,3,0,1,84.963
rung-00100,ask,off,0.0,g104,4,0,1,65.982
rung-00100,ask,on,1.0,g104,4,0,1,86.059
rung-00100,ask,off,0.0,g104,5,0,1,66.506
rung-00100,ask,on,1.0,g104,5,0,1,87.480
rung-00100,ask,off,0.0,g104,6,0,1,64.991
rung-00100,ask,on,1.0,g104,6,0,1,85.433
rung-00100,ask,off,0.0,g104,7,0,1,66.252
rung-00100,ask,on,1.0,g104,7,0,1,86.429
rung-00100,ask,off,0.0,g104,8,0,1,66.058
rung-00100,ask,on,1.0,g104,8,0,1,84.394
rung-00100,ask,off,0.0,g104,9,0,1,64.596
rung-00100,ask,on,1.0,g104,9,0,1,86.162
rung-00100,ask,off,0.0,g105,0,1,1,66.417
rung-00100,ask,on,1.0,g105,0,1,1,83.854
rung-00100,ask,off,0.0,g105,1,1,1,65.115
rung-00100,ask,on,1.0,g105,1,1,1,85.795
rung-00100,ask,off,0.0,g105,2,1,1,66.129
rung-00100,ask,on,1.0,g105,2,1,1,83.698
rung-00100,ask,off,0.0,g105,3,0,1,66.287
rung-00100,ask,on,1.0,g105,3,0,1,84.606
rung-00100,ask,off,0.0,g105,4,0,1,64.968
rung-00100,ask,on,1.0,g105,4,0,1,85.126
rung-00100,ask,off,0.0,g105,5,0,1,65.220
rung-00100,ask,on,1.0,g105,5,0,1,86.005
rung-00100,ask,off,0.0,g105,6,0,1,64.835
rung-00100,ask,on,1.0,g105,6,0,1,83.546
rung-00100,ask,off,0.0,g105,7,0,1,66.330
rung-00100,ask,on,1.0,g105,7,0,1,85.303
rung-00100,ask,off,0.0,g105,8,0,1,65.330
rung-00100,ask,on,1.0,g105,8,0,1,83.895
rung-00100,ask,off,0.0,g105,9,0,1,66.416
rung-00100,ask,on,1.0,g105,9,0,1,83.521
rung-00100,ask,off,0.0,g106,0,1,1,66.101
rung-00100,ask,on,1.0,g106,0,1,1,82.118
rung-00100,ask,off,0.0,g106,1,1,1,64.398
rung-00100,ask,on,1.0,g106,1,1,1,80.210
rung-00100,ask,off,0.0,g106,2,1,1,66.175
rung-00100,ask,on,1.0,g106,2,1,1,81.302
rung-00100,ask,off,0.0,g106,3,0,1,65.934
rung-00100,ask,on,1.0,g106,3,0,1,82.152
rung-00100,ask,off,0.0,g106,4,0,1,64.710
rung-00100,ask,on,1.0,g106,4,0,1,82.318
rung-00100,ask,off,0.0,g106,5,0,1,65.737
rung-00100,ask,on,1.0,g106,5,0,1,82.034
rung-00100,ask,off,0.0,g106,6,0,1,65.485
rung-00100,ask,on,1.0,g106,6,0,1,80.729
rung-00100,ask,off,0.0,g106,7,0,1,64.900
rung-00100,ask,on,1.0,g106,7,0,1,81.845
rung-00100,ask,off,0.0,g106,8,0,1,66.223
rung-00100,ask,on,1.0,g106,8,0,1,80.557
rung-00100,ask,off,0.0,g106,9,0,1,66.200
rung-00100,ask,on,1.0,g106,9,0,1,80.453
rung-00100,ask,off,0.0,g107,0,1,1,66.559
rung-00100,ask,on,1.0,g107,0,1,1,88.021
rung-00100,ask,off,0.0,g107,1,1,1,64.661
rung-00100,ask,on,1.0,g107,1,1,1,87.485
rung-00100,ask,off,0.0,g107,2,1,1,66.475
rung-00100,ask,on,1.0,g107,2,1,1,87.040
rung-00100,ask,off,0.0,g107,3,0,1,66.621
rung-00100,ask,on,1.0,g107,3,0,1,88.262
rung-00100,ask,off,0.0,g107,4,0,1,65.134
rung-00100,ask,on,1.0,g107,4,0,1,88.309
rung-00100,ask,off,0.0,g107,5,0,1,65.059
rung-00100,ask,on,1.0,g107,5,0,1,86.678
rung-00100,ask,off,0.0,g107,6,0,1,66.562
rung-00100,ask,on,1.0,g107,6,0,1,86.654
rung-00100,ask,off,0.0,g107,7,0,1,66.397
rung-00100,ask,on,1.0,g107,7,0,1,87.326
rung-00100,ask,off,0.0,g107,8,0,1,67.090
rung-00100,ask,on,1.0,g107,8,0,1,88.583
rung-00100,ask,off,0.0,g107,9,0,1,64.691
rung-00100,ask,on,1.0,g107,9,0,1,87.662
rung-00100,ask,off,0.0,g108,0,1,1,66.582
rung-00100,ask,on,1.0,g108,0,1,1,80.217
rung-00100,ask,off,0.0,g108,1,1,1,68.146
rung-00100,ask,on,1.0,g108,1,1,1,83.272
rung-00100,ask,off,0.0,g108,2,1,1,66.992
rung-00100,ask,on,1.0,g108,2,1,1,81.394
rung-00100,ask,off,0.0,g108,3,0,1,64.534
rung-00100,ask,on,1.0,g108,3,0,1,80.878
rung-00100,ask,off,0.0,g108,4,0,1,64.592
rung-00100,ask,on,1.0,g108,4,0,1,81.526
rung-00100,ask,off,0.0,g108,5,0,1,66.362
rung-00100,ask,on,1.0,g108,5,0,1,79.816
rung-00100,ask,off,0.0,g108,6,0,1,65.848
rung-00100,ask,on,1.0,g108,6,0,1,79.276
rung-00100,ask,off,0.0,g108,7,0,1,65.443
rung-00100,ask,on,1.0,g108,7,0,1,79.449
rung-00100,ask,off,0.0,g108,8,0,1,65.728
rung-00100,ask,on,1.0,g108,8,0,1,79.385
rung-00100,ask,off,0.0,g108,9,0,1,66.324
rung-00100,ask,on,1.0,g108,9,0,1,85.916
rung-00100,ask,off,0.0,g109,0,1,1,72.736
rung-00100,ask,on,1.0,g109,0,1,1,81.237
rung-00100,ask,off,0.0,g109,1,1,1,64.594
rung-00100,ask,on,1.0,g109,1,1,1,82.008
rung-00100,ask,off,0.0,g109,2,1,1,64.508
rung-00100,ask,on,1.0,g109,2,1,1,80.685
rung-00100,ask,off,0.0,g109,3,0,1,65.890
rung-00100,ask,on,1.0,g109,3,0,1,79.481
rung-00100,ask,off,0.0,g109,4,0,1,64.782
rung-00100,ask,on,1.0,g109,4,0,1,81.269
rung-00100,ask,off,0.0,g109,5,0,1,65.487
rung-00100,ask,on,1.0,g109,5,0,1,79.637
rung-00100,ask,off,0.0,g109,6,0,1,64.193
rung-00100,ask,on,1.0,g109,6,0,1,80.760
rung-00100,ask,off,0.0,g109,7,0,1,64.323
rung-00100,ask,on,1.0,g109,7,0,1,80.664
rung-00100,ask,off,0.0,g109,8,0,1,64.346
rung-00100,ask,on,1.0,g109,8,0,1,81.726
rung-00100,ask,off,0.0,g109,9,0,1,64.665
rung-00100,ask,on,1.0,g109,9,0,1,80.777
rung-00100,ask,off,0.0,g110,0,1,1,65.359
rung-00100,ask,on,1.0,g110,0,1,1,83.789
rung-00100,ask,off,0.0,g110,1,1,1,65.440
rung-00100,ask,on,1.0,g110,1,1,1,84.835
rung-00100,ask,off,0.0,g110,2,1,1,65.841
rung-00100,ask,on,1.0,g110,2,1,1,85.314
rung-00100,ask,off,0.0,g110,3,0,1,64.796
rung-00100,ask,on,1.0,g110,3,0,1,84.590
rung-00100,ask,off,0.0,g110,4,0,1,66.422
rung-00100,ask,on,1.0,g110,4,0,1,85.803
rung-00100,ask,off,0.0,g110,5,0,1,65.186
rung-00100,ask,on,1.0,g110,5,0,1,85.143
rung-00100,ask,off,0.0,g110,6,0,1,66.308
rung-00100,ask,on,1.0,g110,6,0,1,83.551
rung-00100,ask,off,0.0,g110,7,0,1,65.902
rung-00100,ask,on,1.0,g110,7,0,1,83.400
rung-00100,ask,off,0.0,g110,8,0,1,66.166
rung-00100,ask,on,1.0,g110,8,0,1,84.903
rung-00100,ask,off,0.0,g110,9,0,1,64.759
rung-00100,ask,on,1.0,g110,9,0,1,84.557
rung-00100,ask,off,0.0,g111,0,1,1,63.801
rung-00100,ask,on,1.0,g111,0,1,1,81.867
rung-00100,ask,off,0.0,g111,1,1,1,65.171
rung-00100,ask,on,1.0,g111,1,1,1,79.724
rung-00100,ask,off,0.0,g111,2,1,1,64.587
rung-00100,ask,on,1.0,g111,2,1,1,81.718
rung-00100,ask,off,0.0,g111,3,0,1,64.997
rung-00100,ask,on,1.0,g111,3,0,1,79.831
rung-00100,ask,off,0.0,g111,4,0,1,63.356
rung-00100,ask,on,1.0,g111,4,0,1,81.168
rung-00100,ask,off,0.0,g111,5,0,1,63.735
rung-00100,ask,on,1.0,g111,5,0,1,81.521
rung-00100,ask,off,0.0,g111,6,0,1,63.760
rung-00100,ask,on,1.0,g111,6,0,1,81.782
rung-00100,ask,off,0.0,g111,7,0,1,63.330
rung-00100,ask,on,1.0,g111,7,0,1,80.812
rung-00100,ask,off,0.0,g111,8,0,1,63.750
rung-00100,ask,on,1.0,g111,8,0,1,79.690
rung-00100,ask,off,0.0,g111,9,0,1,64.922
rung-00100,ask,on,1.0,g111,9,0,1,81.406
rung-00100,ask,off,0.0,g112,0,1,1,65.630
rung-00100,ask,on,1.0,g112,0,1,1,85.500
rung-00100,ask,off,0.0,g112,1,1,1,65.510
rung-00100,ask,on,1.0,g112,1,1,1,87.490
rung-00100,ask,off,0.0,g112,2,1,1,64.027
rung-00100,ask,on,1.0,g112,2,1,1,85.683
rung-00100,ask,off,0.0,g112,3,0,1,65.985
rung-00100,ask,on,1.0,g112,3,0,1,87.360
rung-00100,ask,off,0.0,g112,4,0,1,64.237
rung-00100,ask,on,1.0,g112,4,0,1,85.893
rung-00100,ask,off,0.0,g112,5,0,1,64.296
rung-00100,ask,on,1.0,g112,5,0,1,87.541
rung-00100,ask,off,0.0,g112,6,0,1,65.725
rung-00100,ask,on,1.0,g112,6,0,1,87.170
rung-00100,ask,off,0.0,g112,7,0,1,64.497
rung-00100,ask,on,1.0,g112,7,0,1,85.794
rung-00100,ask,off,0.0,g112,8,0,1,65.724
rung-00100,ask,on,1.0,g112,8,0,1,85.556
rung-00100,ask,off,0.0,g112,9,0,1,66.151
rung-00100,ask,on,1.0,g112,9,0,1,86.381
rung-00100,ask,off,0.0,g113,0,1,1,66.398
rung-00100,ask,on,1.0,g113,0,1,1,84.128
rung-00100,ask,off,0.0,g113,1,1,1,65.944
rung-00100,ask,on,1.0,g113,1,1,1,85.350
rung-00100,ask,off,0.0,g113,2,1,1,65.973
rung-00100,ask,on,1.0,g113,2,1,1,86.374
rung-00100,ask,off,0.0,g113,3,0,1,64.138
rung-00100,ask,on,1.0,g113,3,0,1,86.345
rung-00100,ask,off,0.0,g113,4,0,1,64.286
rung-00100,ask,on,1.0,g113,4,0,1,85.760
rung-00100,ask,off,0.0,g113,5,0,1,65.511
rung-00100,ask,on,1.0,g113,5,0,1,85.736
rung-00100,ask,off,0.0,g113,6,0,1,64.588
rung-00100,ask,on,1.0,g113,6,0,1,84.456
rung-00100,ask,off,0.0,g113,7,0,1,63.963
rung-00100,ask,on,1.0,g113,7,0,1,85.953
rung-00100,ask,off,0.0,g113,8,0,1,65.749
rung-00100,ask,on,1.0,g113,8,0,1,85.166
rung-00100,ask,off,0.0,g113,9,0,1,64.632
rung-00100,ask,on,1.0,g113,9,0,1,86.025
rung-00100,ask,off,0.0,g114,0,1,1,66.502
rung-00100,ask,on,1.0,g114,0,1,1,83.002
rung-00100,ask,off,0.0,g114,1,1,1,65.097
rung-00100,ask,on,1.0,g114,1,1,1,81.320
rung-00100,ask,off,0.0,g114,2,1,1,66.215
rung-00100,ask,on,1.0,g114,2,1,1,81.702
rung-00100,ask,off,0.0,g114,3,0,1,66.795
rung-00100,ask,on,1.0,g114,3,0,1,82.869
rung-00100,ask,off,0.0,g114,4,0,1,65.087
rung-00100,ask,on,1.0,g114,4,0,1,81.366
rung-00100,ask,off,0.0,g114,5,0,1,66.324
rung-00100,ask,on,1.0,g114,5,0,1,82.557
rung-00100,ask,off,0.0,g114,6,0,1,65.632
rung-00100,ask,on,1.0,g114,6,0,1,82.849
rung-00100,ask,off,0.0,g114,7,0,1,66.466
rung-00100,ask,on,1.0,g114,7,0,1,81.401
rung-00100,ask,off,0.0,g114,8,0,1,66.205
rung-00100,ask,on,1.0,g114,8,0,1,81.393
rung-00100,ask,off,0.0,g114,9,0,1,66.001
rung-00100,ask,on,1.0,g114,9,0,1,81.914
rung-00100,ask,off,0.0,g115,0,1,1,65.450
rung-00100,ask,on,1.0,g115,0,1,1,78.065
rung-00100,ask,off,0.0,g115,1,1,1,65.841
rung-00100,ask,on,1.0,g115,1,1,1,80.214
rung-00100,ask,off,0.0,g115,2,1,1,64.076
rung-00100,ask,on,1.0,g115,2,1,1,79.346
rung-00100,ask,off,0.0,g115,3,0,1,65.552
rung-00100,ask,on,1.0,g115,3,0,1,78.023
rung-00100,ask,off,0.0,g115,4,0,1,65.686
rung-00100,ask,on,1.0,g115,4,0,1,78.015
rung-00100,ask,off,0.0,g115,5,0,1,65.603
rung-00100,ask,on,1.0,g115,5,0,1,79.473
rung-00100,ask,off,0.0,g115,6,0,1,63.790
rung-00100,ask,on,1.0,g115,6,0,1,77.875
rung-00100,ask,off,0.0,g115,7,0,1,65.396
rung-00100,ask,on,1.0,g115,7,0,1,79.259
rung-00100,ask,off,0.0,g115,8,0,1,65.958
rung-00100,ask,on,1.0,g115,8,0,1,78.026
rung-00100,ask,off,0.0,g115,9,0,1,64.270
rung-00100,ask,on,1.0,g115,9,0,1,80.579
rung-00100,ask,off,0.0,g116,0,1,1,64.432
rung-00100,ask,on,1.0,g116,0,1,1,87.211
rung-00100,ask,off,0.0,g116,1,1,1,64.074
rung-00100,ask,on,1.0,g116,1,1,1,85.603
rung-00100,ask,off,0.0,g116,2,1,1,65.954
rung-00100,ask,on,1.0,g116,2,1,1,85.278
rung-00100,ask,off,0.0,g116,3,0,1,65.665
rung-00100,ask,on,1.0,g116,3,0,1,86.916
rung-00100,ask,off,0.0,g116,4,0,1,64.495
rung-00100,ask,on,1.0,g116,4,0,1,85.438
rung-00100,ask,off,0.0,g116,5,0,1,65.541
rung-00100,ask,on,1.0,g116,5,0,1,85.552
rung-00100,ask,off,0.0,g116,6,0,1,66.403
rung-00100,ask,on,1.0,g116,6,0,1,87.456
rung-00100,ask,off,0.0,g116,7,0,1,64.040
rung-00100,ask,on,1.0,g116,7,0,1,87.387
rung-00100,ask,off,0.0,g116,8,0,1,64.340
rung-00100,ask,on,1.0,g116,8,0,1,85.876
rung-00100,ask,off,0.0,g116,9,0,1,65.567
rung-00100,ask,on,1.0,g116,9,0,1,87.086
rung-00100,ask,off,0.0,g117,0,1,1,64.615
rung-00100,ask,on,1.0,g117,0,1,1,82.222
rung-00100,ask,off,0.0,g117,1,1,1,64.890
rung-00100,ask,on,1.0,g117,1,1,1,83.609
rung-00100,ask,off,0.0,g117,2,1,1,66.088
rung-00100,ask,on,1.0,g117,2,1,1,82.730
rung-00100,ask,off,0.0,g117,3,0,1,64.988
rung-00100,ask,on,1.0,g117,3,0,1,83.514
rung-00100,ask,off,0.0,g117,4,0,1,66.225
rung-00100,ask,on,1.0,g117,4,0,1,82.035
rung-00100,ask,off,0.0,g117,5,0,1,65.913
rung-00100,ask,on,1.0,g117,5,0,1,83.637
rung-00100,ask,off,0.0,g117,6,0,1,70.570
rung-00100,ask,on,1.0,g117,6,0,1,82.331
rung-00100,ask,off,0.0,g117,7,0,1,64.819
rung-00100,ask,on,1.0,g117,7,0,1,83.595
rung-00100,ask,off,0.0,g117,8,0,1,66.451
rung-00100,ask,on,1.0,g117,8,0,1,83.714
rung-00100,ask,off,0.0,g117,9,0,1,64.773
rung-00100,ask,on,1.0,g117,9,0,1,82.956
rung-00100,ask,off,0.0,g118,0,1,1,66.762
rung-00100,ask,on,1.0,g118,0,1,1,84.381
rung-00100,ask,off,0.0,g118,1,1,1,65.576
rung-00100,ask,on,1.0,g118,1,1,1,82.051
rung-00100,ask,off,0.0,g118,2,1,1,65.822
rung-00100,ask,on,1.0,g118,2,1,1,81.517
rung-00100,ask,off,0.0,g118,3,0,1,65.677
rung-00100,ask,on,1.0,g118,3,0,1,83.463
rung-00100,ask,off,0.0,g118,4,0,1,64.260
rung-00100,ask,on,1.0,g118,4,0,1,81.815
rung-00100,ask,off,0.0,g118,5,0,1,66.032
rung-00100,ask,on,1.0,g118,5,0,1,81.160
rung-00100,ask,off,0.0,g118,6,0,1,66.878
rung-00100,ask,on,1.0,g118,6,0,1,83.555
rung-00100,ask,off,0.0,g118,7,0,1,64.235
rung-00100,ask,on,1.0,g118,7,0,1,83.619
rung-00100,ask,off,0.0,g118,8,0,1,64.265
rung-00100,ask,on,1.0,g118,8,0,1,81.555
rung-00100,ask,off,0.0,g118,9,0,1,65.586
rung-00100,ask,on,1.0,g118,9,0,1,82.270
rung-00100,ask,off,0.0,g119,0,1,1,65.353
rung-00100,ask,on,1.0,g119,0,1,1,84.050
rung-00100,ask,off,0.0,g119,1,1,1,64.116
rung-00100,ask,on,1.0,g119,1,1,1,84.289
rung-00100,ask,off,0.0,g119,2,1,1,63.925
rung-00100,ask,on,1.0,g119,2,1,1,84.467
rung-00100,ask,off,0.0,g119,3,0,1,64.389
rung-00100,ask,on,1.0,g119,3,0,1,84.548
rung-00100,ask,off,0.0,g119,4,0,1,63.766
rung-00100,ask,on,1.0,g119,4,0,1,82.415
rung-00100,ask,off,0.0,g119,5,0,1,65.398
rung-00100,ask,on,1.0,g119,5,0,1,82.243
rung-00100,ask,off,0.0,g119,6,0,1,65.312
rung-00100,ask,on,1.0,g119,6,0,1,81.981
rung-00100,ask,off,0.0,g119,7,0,1,65.492
rung-00100,ask,on,1.0,g119,7,0,1,84.414
rung-00100,ask,off,0.0,g119,8,0,1,65.049
rung-00100,ask,on,1.0,g119,8,0,1,82.321
rung-00100,ask,off,0.0,g119,9,0,1,65.727
rung-00100,ask,on,1.0,g119,9,0,1,83.068
rung-00100,ask,off,0.0,g120,0,1,1,66.024
rung-00100,ask,on,1.0,g120,0,1,1,85.580
rung-00100,ask,off,0.0,g120,1,1,1,65.808
rung-00100,ask,on,1.0,g120,1,1,1,87.515
rung-00100,ask,off,0.0,g120,2,1,1,64.990
rung-00100,ask,on,1.0,g120,2,1,1,85.702
rung-00100,ask,off,0.0,g120,3,0,1,65.563
rung-00100,ask,on,1.0,g120,3,0,1,85.671
rung-00100,ask,off,0.0,g120,4,0,1,65.864
rung-00100,ask,on,1.0,g120,4,0,1,85.369
rung-00100,ask,off,0.0,g120,5,0,1,66.358
rung-00100,ask,on,1.0,g120,5,0,1,87.640
rung-00100,ask,off,0.0,g120,6,0,1,66.275
rung-00100,ask,on,1.0,g120,6,0,1,86.324
rung-00100,ask,off,0.0,g120,7,0,1,64.956
rung-00100,ask,on,1.0,g120,7,0,1,87.428
rung-00100,ask,off,0.0,g120,8,0,1,64.219
rung-00100,ask,on,1.0,g120,8,0,1,87.023
rung-00100,ask,off,0.0,g120,9,0,1,64.803
rung-00100,ask,on,1.0,g120,9,0,1,85.619
rung-00100,ask,off,0.0,g121,0,1,1,65.866
rung-00100,ask,on,1.0,g121,0,1,1,85.015
rung-00100,ask,off,0.0,g121,1,1,1,64.507
rung-00100,ask,on,1.0,g121,1,1,1,84.011
rung-00100,ask,off,0.0,g121,2,1,1,65.494
rung-00100,ask,on,1.0,g121,2,1,1,85.189
rung-00100,ask,off,0.0,g121,3,0,1,65.991
rung-00100,ask,on,1.0,g121,3,0,1,84.603
rung-00100,ask,off,0.0,g121,4,0,1,63.815
rung-00100,ask,on,1.0,g121,4,0,1,86.242
rung-00100,ask,off,0.0,g121,5,0,1,69.566
rung-00100,ask,on,1.0,g121,5,0,1,95.671
rung-00100,ask,off,0.0,g121,6,0,1,65.702
rung-00100,ask,on,1.0,g121,6,0,1,85.286
rung-00100,ask,off,0.0,g121,7,0,1,64.584
rung-00100,ask,on,1.0,g121,7,0,1,85.398
rung-00100,ask,off,0.0,g121,8,0,1,64.218
rung-00100,ask,on,1.0,g121,8,0,1,83.628
rung-00100,ask,off,0.0,g121,9,0,1,65.830
rung-00100,ask,on,1.0,g121,9,0,1,85.359
rung-00100,ask,off,0.0,g122,0,1,1,65.863
rung-00100,ask,on,1.0,g122,0,1,1,76.301
rung-00100,ask,off,0.0,g122,1,1,1,64.723
rung-00100,ask,on,1.0,g122,1,1,1,78.000
rung-00100,ask,off,0.0,g122,2,1,1,65.795
rung-00100,ask,on,1.0,g122,2,1,1,75.947
rung-00100,ask,off,0.0,g122,3,0,1,64.103
rung-00100,ask,on,1.0,g122,3,0,1,77.935
rung-00100,ask,off,0.0,g122,4,0,1,65.885
rung-00100,ask,on,1.0,g122,4,0,1,75.696
rung-00100,ask,off,0.0,g122,5,0,1,64.126
rung-00100,ask,on,1.0,g122,5,0,1,77.730
rung-00100,ask,off,0.0,g122,6,0,1,66.071
rung-00100,ask,on,1.0,g122,6,0,1,76.733
rung-00100,ask,off,0.0,g122,7,0,1,65.588
rung-00100,ask,on,1.0,g122,7,0,1,76.278
rung-00100,ask,off,0.0,g122,8,0,1,65.853
rung-00100,ask,on,1.0,g122,8,0,1,75.828
rung-00100,ask,off,0.0,g122,9,0,1,65.897
rung-00100,ask,on,1.0,g122,9,0,1,77.656
rung-00100,ask,off,0.0,g123,0,1,1,62.884
rung-00100,ask,on,1.0,g123,0,1,1,80.811
rung-00100,ask,off,0.0,g123,1,1,1,63.995
rung-00100,ask,on,1.0,g123,1,1,1,82.305
rung-00100,ask,off,0.0,g123,2,1,1,64.322
rung-00100,ask,on,1.0,g123,2,1,1,81.082
rung-00100,ask,off,0.0,g123,3,0,1,64.487
rung-00100,ask,on,1.0,g123,3,0,1,81.241
rung-00100,ask,off,0.0,g123,4,0,1,64.939
rung-00100,ask,on,1.0,g123,4,0,1,80.958
rung-00100,ask,off,0.0,g123,5,0,1,64.596
rung-00100,ask,on,1.0,g123,5,0,1,80.757
rung-00100,ask,off,0.0,g123,6,0,1,64.243
rung-00100,ask,on,1.0,g123,6,0,1,82.340
rung-00100,ask,off,0.0,g123,7,0,1,63.244
rung-00100,ask,on,1.0,g123,7,0,1,82.913
rung-00100,ask,off,0.0,g123,8,0,1,63.574
rung-00100,ask,on,1.0,g123,8,0,1,80.754
rung-00100,ask,off,0.0,g123,9,0,1,63.286
rung-00100,ask,on,1.0,g123,9,0,1,81.950
rung-00100,ask,off,0.0,g124,0,1,1,67.536
rung-00100,ask,on,1.0,g124,0,1,1,89.435
rung-00100,ask,off,0.0,g124,1,1,1,66.540
rung-00100,ask,on,1.0,g124,1,1,1,87.530
rung-00100,ask,off,0.0,g124,2,1,1,66.752
rung-00100,ask,on,1.0,g124,2,1,1,87.975
rung-00100,ask,off,0.0,g124,3,0,1,65.361
rung-00100,ask,on,1.0,g124,3,0,1,89.057
rung-00100,ask,off,0.0,g124,4,0,1,65.446
rung-00100,ask,on,1.0,g124,4,0,1,88.179
rung-00100,ask,off,0.0,g124,5,0,1,66.792
rung-00100,ask,on,1.0,g124,5,0,1,90.853
rung-00100,ask,off,0.0,g124,6,0,1,65.425
rung-00100,ask,on,1.0,g124,6,0,1,89.955
rung-00100,ask,off,0.0,g124,7,0,1,95.138
rung-00100,ask,on,1.0,g124,7,0,1,90.968
rung-00100,ask,off,0.0,g124,8,0,1,65.821
rung-00100,ask,on,1.0,g124,8,0,1,87.647
rung-00100,ask,off,0.0,g124,9,0,1,66.017
rung-00100,ask,on,1.0,g124,9,0,1,89.502
rung-00100,answer,off,0.0,g001,0,1,1,84.613
rung-00100,answer,on,1.0,g001,0,1,1,103.608
rung-00100,answer,off,0.0,g001,1,1,1,81.321
rung-00100,answer,on,1.0,g001,1,1,1,105.342
rung-00100,answer,off,0.0,g001,2,1,1,82.167
rung-00100,answer,on,1.0,g001,2,1,1,103.808
rung-00100,answer,off,0.0,g001,3,0,1,82.441
rung-00100,answer,on,1.0,g001,3,0,1,103.629
rung-00100,answer,off,0.0,g001,4,0,1,82.987
rung-00100,answer,on,1.0,g001,4,0,1,103.864
rung-00100,answer,off,0.0,g001,5,0,1,82.658
rung-00100,answer,on,1.0,g001,5,0,1,104.091
rung-00100,answer,off,0.0,g001,6,0,1,81.951
rung-00100,answer,on,1.0,g001,6,0,1,103.978
rung-00100,answer,off,0.0,g001,7,0,1,81.373
rung-00100,answer,on,1.0,g001,7,0,1,103.713
rung-00100,answer,off,0.0,g001,8,0,1,83.547
rung-00100,answer,on,1.0,g001,8,0,1,103.566
rung-00100,answer,off,0.0,g001,9,0,1,82.182
rung-00100,answer,on,1.0,g001,9,0,1,104.602
rung-00100,answer,off,0.0,g002,0,1,1,81.823
rung-00100,answer,on,1.0,g002,0,1,1,105.624
rung-00100,answer,off,0.0,g002,1,1,1,83.055
rung-00100,answer,on,1.0,g002,1,1,1,106.168
rung-00100,answer,off,0.0,g002,2,1,1,82.141
rung-00100,answer,on,1.0,g002,2,1,1,106.332
rung-00100,answer,off,0.0,g002,3,0,1,82.926
rung-00100,answer,on,1.0,g002,3,0,1,106.126
rung-00100,answer,off,0.0,g002,4,0,1,83.179
rung-00100,answer,on,1.0,g002,4,0,1,104.632
rung-00100,answer,off,0.0,g002,5,0,1,82.907
rung-00100,answer,on,1.0,g002,5,0,1,106.183
rung-00100,answer,off,0.0,g002,6,0,1,81.927
rung-00100,answer,on,1.0,g002,6,0,1,105.019
rung-00100,answer,off,0.0,g002,7,0,1,83.590
rung-00100,answer,on,1.0,g002,7,0,1,107.175
rung-00100,answer,off,0.0,g002,8,0,1,83.585
rung-00100,answer,on,1.0,g002,8,0,1,104.558
rung-00100,answer,off,0.0,g002,9,0,1,84.076
rung-00100,answer,on,1.0,g002,9,0,1,104.549
rung-00100,answer,off,0.0,g003,0,1,1,85.490
rung-00100,answer,on,1.0,g003,0,1,1,108.427
rung-00100,answer,off,0.0,g003,1,1,1,84.586
rung-00100,answer,on,1.0,g003,1,1,1,108.657
rung-00100,answer,off,0.0,g003,2,1,1,84.781
rung-00100,answer,on,1.0,g003,2,1,1,108.857
rung-00100,answer,off,0.0,g003,3,0,1,85.440
rung-00100,answer,on,1.0,g003,3,0,1,109.239
rung-00100,answer,off,0.0,g003,4,0,1,84.913
rung-00100,answer,on,1.0,g003,4,0,1,108.208
rung-00100,answer,off,0.0,g003,5,0,1,85.647
rung-00100,answer,on,1.0,g003,5,0,1,107.810
rung-00100,answer,off,0.0,g003,6,0,1,85.282
rung-00100,answer,on,1.0,g003,6,0,1,108.664
rung-00100,answer,off,0.0,g003,7,0,1,85.085
rung-00100,answer,on,1.0,g003,7,0,1,108.119
rung-00100,answer,off,0.0,g003,8,0,1,85.217
rung-00100,answer,on,1.0,g003,8,0,1,109.237
rung-00100,answer,off,0.0,g003,9,0,1,85.730
rung-00100,answer,on,1.0,g003,9,0,1,108.695
rung-00100,answer,off,0.0,g004,0,1,1,80.055
rung-00100,answer,on,1.0,g004,0,1,1,99.605
rung-00100,answer,off,0.0,g004,1,1,1,79.494
rung-00100,answer,on,1.0,g004,1,1,1,99.816
rung-00100,answer,off,0.0,g004,2,1,1,80.373
rung-00100,answer,on,1.0,g004,2,1,1,99.193
rung-00100,answer,off,0.0,g004,3,0,1,80.305
rung-00100,answer,on,1.0,g004,3,0,1,99.357
rung-00100,answer,off,0.0,g004,4,0,1,81.258
rung-00100,answer,on,1.0,g004,4,0,1,99.102
rung-00100,answer,off,0.0,g004,5,0,1,80.248
rung-00100,answer,on,1.0,g004,5,0,1,100.442
rung-00100,answer,off,0.0,g004,6,0,1,79.787
rung-00100,answer,on,1.0,g004,6,0,1,98.305
rung-00100,answer,off,0.0,g004,7,0,1,80.101
rung-00100,answer,on,1.0,g004,7,0,1,99.839
rung-00100,answer,off,0.0,g004,8,0,1,80.282
rung-00100,answer,on,1.0,g004,8,0,1,100.080
rung-00100,answer,off,0.0,g004,9,0,1,79.879
rung-00100,answer,on,1.0,g004,9,0,1,100.390
rung-00100,answer,off,0.0,g005,0,1,1,84.074
rung-00100,answer,on,1.0,g005,0,1,1,105.725
rung-00100,answer,off,0.0,g005,1,1,1,84.195
rung-00100,answer,on,1.0,g005,1,1,1,105.995
rung-00100,answer,off,0.0,g005,2,1,1,83.273
rung-00100,answer,on,1.0,g005,2,1,1,106.734
rung-00100,answer,off,0.0,g005,3,0,1,84.002
rung-00100,answer,on,1.0,g005,3,0,1,104.244
rung-00100,answer,off,0.0,g005,4,0,1,84.541
rung-00100,answer,on,1.0,g005,4,0,1,106.535
rung-00100,answer,off,0.0,g005,5,0,1,85.165
rung-00100,answer,on,1.0,g005,5,0,1,104.935
rung-00100,answer,off,0.0,g005,6,0,1,84.834
rung-00100,answer,on,1.0,g005,6,0,1,105.599
rung-00100,answer,off,0.0,g005,7,0,1,83.680
rung-00100,answer,on,1.0,g005,7,0,1,105.651
rung-00100,answer,off,0.0,g005,8,0,1,83.193
rung-00100,answer,on,1.0,g005,8,0,1,105.845
rung-00100,answer,off,0.0,g005,9,0,1,86.305
rung-00100,answer,on,1.0,g005,9,0,1,104.167
rung-00100,answer,off,0.0,g006,0,1,1,83.532
rung-00100,answer,on,1.0,g006,0,1,1,107.163
rung-00100,answer,off,0.0,g006,1,1,1,83.805
rung-00100,answer,on,1.0,g006,1,1,1,105.856
rung-00100,answer,off,0.0,g006,2,1,1,84.274
rung-00100,answer,on,1.0,g006,2,1,1,106.049
rung-00100,answer,off,0.0,g006,3,0,1,82.877
rung-00100,answer,on,1.0,g006,3,0,1,106.414
rung-00100,answer,off,0.0,g006,4,0,1,83.994
rung-00100,answer,on,1.0,g006,4,0,1,105.937
rung-00100,answer,off,0.0,g006,5,0,1,83.239
rung-00100,answer,on,1.0,g006,5,0,1,105.726
rung-00100,answer,off,0.0,g006,6,0,1,84.524
rung-00100,answer,on,1.0,g006,6,0,1,106.247
rung-00100,answer,off,0.0,g006,7,0,1,84.714
rung-00100,answer,on,1.0,g006,7,0,1,107.089
rung-00100,answer,off,0.0,g006,8,0,1,83.443
rung-00100,answer,on,1.0,g006,8,0,1,107.059
rung-00100,answer,off,0.0,g006,9,0,1,83.983
rung-00100,answer,on,1.0,g006,9,0,1,106.517
rung-00100,answer,off,0.0,g007,0,1,1,81.050
rung-00100,answer,on,1.0,g007,0,1,1,93.832
rung-00100,answer,off,0.0,g007,1,1,1,80.892
rung-00100,answer,on,1.0,g007,1,1,1,92.865
rung-00100,answer,off,0.0,g007,2,1,1,80.221
rung-00100,answer,on,1.0,g007,2,1,1,92.488
rung-00100,answer,off,0.0,g007,3,0,1,80.927
rung-00100,answer,on,1.0,g007,3,0,1,92.890
rung-00100,answer,off,0.0,g007,4,0,1,81.321
rung-00100,answer,on,1.0,g007,4,0,1,92.389
rung-00100,answer,off,0.0,g007,5,0,1,81.452
rung-00100,answer,on,1.0,g007,5,0,1,92.525
rung-00100,answer,off,0.0,g007,6,0,1,80.600
rung-00100,answer,on,1.0,g007,6,0,1,92.924
rung-00100,answer,off,0.0,g007,7,0,1,81.050
rung-00100,answer,on,1.0,g007,7,0,1,93.290
rung-00100,answer,off,0.0,g007,8,0,1,81.069
rung-00100,answer,on,1.0,g007,8,0,1,93.019
rung-00100,answer,off,0.0,g007,9,0,1,80.393
rung-00100,answer,on,1.0,g007,9,0,1,92.609
rung-00100,answer,off,0.0,g008,0,1,1,80.318
rung-00100,answer,on,1.0,g008,0,1,1,97.975
rung-00100,answer,off,0.0,g008,1,1,1,80.687
rung-00100,answer,on,1.0,g008,1,1,1,97.282
rung-00100,answer,off,0.0,g008,2,1,1,81.993
rung-00100,answer,on,1.0,g008,2,1,1,103.090
rung-00100,answer,off,0.0,g008,3,0,1,86.439
rung-00100,answer,on,1.0,g008,3,0,1,105.286
rung-00100,answer,off,0.0,g008,4,0,1,90.014
rung-00100,answer,on,1.0,g008,4,0,1,97.397
rung-00100,answer,off,0.0,g008,5,0,1,82.223
rung-00100,answer,on,1.0,g008,5,0,1,97.243
rung-00100,answer,off,0.0,g008,6,0,1,82.223
rung-00100,answer,on,1.0,g008,6,0,1,105.792
rung-00100,answer,off,0.0,g008,7,0,1,82.951
rung-00100,answer,on,1.0,g008,7,0,1,99.684
rung-00100,answer,off,0.0,g008,8,0,1,90.775
rung-00100,answer,on,1.0,g008,8,0,1,98.559
rung-00100,answer,off,0.0,g008,9,0,1,81.221
rung-00100,answer,on,1.0,g008,9,0,1,98.958
rung-00100,answer,off,0.0,g009,0,1,1,81.433
rung-00100,answer,on,1.0,g009,0,1,1,98.619
rung-00100,answer,off,0.0,g009,1,1,1,82.457
rung-00100,answer,on,1.0,g009,1,1,1,100.221
rung-00100,answer,off,0.0,g009,2,1,1,82.659
rung-00100,answer,on,1.0,g009,2,1,1,98.723
rung-00100,answer,off,0.0,g009,3,0,1,82.165
rung-00100,answer,on,1.0,g009,3,0,1,99.492
rung-00100,answer,off,0.0,g009,4,0,1,90.423
rung-00100,answer,on,1.0,g009,4,0,1,98.985
rung-00100,answer,off,0.0,g009,5,0,1,84.859
rung-00100,answer,on,1.0,g009,5,0,1,100.198
rung-00100,answer,off,0.0,g009,6,0,1,81.355
rung-00100,answer,on,1.0,g009,6,0,1,98.657
rung-00100,answer,off,0.0,g009,7,0,1,81.746
rung-00100,answer,on,1.0,g009,7,0,1,99.920
rung-00100,answer,off,0.0,g009,8,0,1,80.934
rung-00100,answer,on,1.0,g009,8,0,1,107.400
rung-00100,answer,off,0.0,g009,9,0,1,82.238
rung-00100,answer,on,1.0,g009,9,0,1,105.109
rung-00100,answer,off,0.0,g010,0,1,1,83.898
rung-00100,answer,on,1.0,g010,0,1,1,99.450
rung-00100,answer,off,0.0,g010,1,1,1,83.583
rung-00100,answer,on,1.0,g010,1,1,1,99.393
rung-00100,answer,off,0.0,g010,2,1,1,83.777
rung-00100,answer,on,1.0,g010,2,1,1,98.703
rung-00100,answer,off,0.0,g010,3,0,1,83.809
rung-00100,answer,on,1.0,g010,3,0,1,99.737
rung-00100,answer,off,0.0,g010,4,0,1,84.525
rung-00100,answer,on,1.0,g010,4,0,1,97.821
rung-00100,answer,off,0.0,g010,5,0,1,85.021
rung-00100,answer,on,1.0,g010,5,0,1,96.928
rung-00100,answer,off,0.0,g010,6,0,1,84.089
rung-00100,answer,on,1.0,g010,6,0,1,98.018
rung-00100,answer,off,0.0,g010,7,0,1,83.139
rung-00100,answer,on,1.0,g010,7,0,1,99.190
rung-00100,answer,off,0.0,g010,8,0,1,83.144
rung-00100,answer,on,1.0,g010,8,0,1,99.078
rung-00100,answer,off,0.0,g010,9,0,1,83.931
rung-00100,answer,on,1.0,g010,9,0,1,99.295
rung-00100,answer,off,0.0,g011,0,1,1,82.638
rung-00100,answer,on,1.0,g011,0,1,1,104.736
rung-00100,answer,off,0.0,g011,1,1,1,81.037
rung-00100,answer,on,1.0,g011,1,1,1,104.051
rung-00100,answer,off,0.0,g011,2,1,1,82.161
rung-00100,answer,on,1.0,g011,2,1,1,108.127
rung-00100,answer,off,0.0,g011,3,0,1,81.301
rung-00100,answer,on,1.0,g011,3,0,1,104.536
rung-00100,answer,off,0.0,g011,4,0,1,81.368
rung-00100,answer,on,1.0,g011,4,0,1,104.209
rung-00100,answer,off,0.0,g011,5,0,1,81.860
rung-00100,answer,on,1.0,g011,5,0,1,104.231
rung-00100,answer,off,0.0,g011,6,0,1,81.944
rung-00100,answer,on,1.0,g011,6,0,1,107.192
rung-00100,answer,off,0.0,g011,7,0,1,83.467
rung-00100,answer,on,1.0,g011,7,0,1,102.944
rung-00100,answer,off,0.0,g011,8,0,1,82.323
rung-00100,answer,on,1.0,g011,8,0,1,103.998
rung-00100,answer,off,0.0,g011,9,0,1,81.477
rung-00100,answer,on,1.0,g011,9,0,1,102.718
rung-00100,answer,off,0.0,g012,0,1,1,87.160
rung-00100,answer,on,1.0,g012,0,1,1,106.162
rung-00100,answer,off,0.0,g012,1,1,1,85.385
rung-00100,answer,on,1.0,g012,1,1,1,104.857
rung-00100,answer,off,0.0,g012,2,1,1,87.178
rung-00100,answer,on,1.0,g012,2,1,1,104.867
rung-00100,answer,off,0.0,g012,3,0,1,86.387
rung-00100,answer,on,1.0,g012,3,0,1,106.506
rung-00100,answer,off,0.0,g012,4,0,1,84.893
rung-00100,answer,on,1.0,g012,4,0,1,105.083
rung-00100,answer,off,0.0,g012,5,0,1,86.128
rung-00100,answer,on,1.0,g012,5,0,1,106.479
rung-00100,answer,off,0.0,g012,6,0,1,86.165
rung-00100,answer,on,1.0,g012,6,0,1,105.500
rung-00100,answer,off,0.0,g012,7,0,1,84.275
rung-00100,answer,on,1.0,g012,7,0,1,106.276
rung-00100,answer,off,0.0,g012,8,0,1,85.147
rung-00100,answer,on,1.0,g012,8,0,1,104.848
rung-00100,answer,off,0.0,g012,9,0,1,85.717
rung-00100,answer,on,1.0,g012,9,0,1,105.660
rung-00100,answer,off,0.0,g013,0,1,1,81.010
rung-00100,answer,on,1.0,g013,0,1,1,99.444
rung-00100,answer,off,0.0,g013,1,1,1,81.123
rung-00100,answer,on,1.0,g013,1,1,1,98.315
rung-00100,answer,off,0.0,g013,2,1,1,81.950
rung-00100,answer,on,1.0,g013,2,1,1,98.742
rung-00100,answer,off,0.0,g013,3,0,1,81.976
rung-00100,answer,on,1.0,g013,3,0,1,97.835
rung-00100,answer,off,0.0,g013,4,0,1,81.587
rung-00100,answer,on,1.0,g013,4,0,1,98.580
rung-00100,answer,off,0.0,g013,5,0,1,81.788
rung-00100,answer,on,1.0,g013,5,0,1,98.303
rung-00100,answer,off,0.0,g013,6,0,1,82.435
rung-00100,answer,on,1.0,g013,6,0,1,98.451
rung-00100,answer,off,0.0,g013,7,0,1,82.109
rung-00100,answer,on,1.0,g013,7,0,1,99.594
rung-00100,answer,off,0.0,g013,8,0,1,81.954
rung-00100,answer,on,1.0,g013,8,0,1,98.491
rung-00100,answer,off,0.0,g013,9,0,1,82.306
rung-00100,answer,on,1.0,g013,9,0,1,98.796
rung-00100,answer,off,0.0,g014,0,1,1,81.704
rung-00100,answer,on,1.0,g014,0,1,1,95.689
rung-00100,answer,off,0.0,g014,1,1,1,81.050
rung-00100,answer,on,1.0,g014,1,1,1,94.961
rung-00100,answer,off,0.0,g014,2,1,1,80.198
rung-00100,answer,on,1.0,g014,2,1,1,94.824
rung-00100,answer,off,0.0,g014,3,0,1,80.375
rung-00100,answer,on,1.0,g014,3,0,1,93.051
rung-00100,answer,off,0.0,g014,4,0,1,80.638
rung-00100,answer,on,1.0,g014,4,0,1,94.365
rung-00100,answer,off,0.0,g014,5,0,1,80.259
rung-00100,answer,on,1.0,g014,5,0,1,93.909
rung-00100,answer,off,0.0,g014,6,0,1,87.213
rung-00100,answer,on,1.0,g014,6,0,1,106.880
rung-00100,answer,off,0.0,g014,7,0,1,81.947
rung-00100,answer,on,1.0,g014,7,0,1,95.697
rung-00100,answer,off,0.0,g014,8,0,1,85.136
rung-00100,answer,on,1.0,g014,8,0,1,108.280
rung-00100,answer,off,0.0,g014,9,0,1,81.143
rung-00100,answer,on,1.0,g014,9,0,1,95.674
rung-00100,answer,off,0.0,g015,0,1,1,79.824
rung-00100,answer,on,1.0,g015,0,1,1,96.734
rung-00100,answer,off,0.0,g015,1,1,1,81.318
rung-00100,answer,on,1.0,g015,1,1,1,96.848
rung-00100,answer,off,0.0,g015,2,1,1,80.075
rung-00100,answer,on,1.0,g015,2,1,1,97.404
rung-00100,answer,off,0.0,g015,3,0,1,83.469
rung-00100,answer,on,1.0,g015,3,0,1,96.209
rung-00100,answer,off,0.0,g015,4,0,1,80.695
rung-00100,answer,on,1.0,g015,4,0,1,96.856
rung-00100,answer,off,0.0,g015,5,0,1,81.112
rung-00100,answer,on,1.0,g015,5,0,1,96.172
rung-00100,answer,off,0.0,g015,6,0,1,81.343
rung-00100,answer,on,1.0,g015,6,0,1,95.678
rung-00100,answer,off,0.0,g015,7,0,1,81.572
rung-00100,answer,on,1.0,g015,7,0,1,96.666
rung-00100,answer,off,0.0,g015,8,0,1,81.125
rung-00100,answer,on,1.0,g015,8,0,1,98.782
rung-00100,answer,off,0.0,g015,9,0,1,81.595
rung-00100,answer,on,1.0,g015,9,0,1,96.422
rung-00100,answer,off,0.0,g016,0,1,1,79.438
rung-00100,answer,on,1.0,g016,0,1,1,99.945
rung-00100,answer,off,0.0,g016,1,1,1,85.769
rung-00100,answer,on,1.0,g016,1,1,1,98.478
rung-00100,answer,off,0.0,g016,2,1,1,81.192
rung-00100,answer,on,1.0,g016,2,1,1,97.916
rung-00100,answer,off,0.0,g016,3,0,1,81.283
rung-00100,answer,on,1.0,g016,3,0,1,98.588
rung-00100,answer,off,0.0,g016,4,0,1,81.888
rung-00100,answer,on,1.0,g016,4,0,1,101.338
rung-00100,answer,off,0.0,g016,5,0,1,80.751
rung-00100,answer,on,1.0,g016,5,0,1,97.718
rung-00100,answer,off,0.0,g016,6,0,1,79.422
rung-00100,answer,on,1.0,g016,6,0,1,98.064
rung-00100,answer,off,0.0,g016,7,0,1,80.191
rung-00100,answer,on,1.0,g016,7,0,1,98.148
rung-00100,answer,off,0.0,g016,8,0,1,80.013
rung-00100,answer,on,1.0,g016,8,0,1,101.132
rung-00100,answer,off,0.0,g016,9,0,1,80.027
rung-00100,answer,on,1.0,g016,9,0,1,99.170
rung-00100,answer,off,0.0,g017,0,1,1,79.556
rung-00100,answer,on,1.0,g017,0,1,1,92.725
rung-00100,answer,off,0.0,g017,1,1,1,78.665
rung-00100,answer,on,1.0,g017,1,1,1,91.711
rung-00100,answer,off,0.0,g017,2,1,1,78.849
rung-00100,answer,on,1.0,g017,2,1,1,91.968
rung-00100,answer,off,0.0,g017,3,0,1,79.136
rung-00100,answer,on,1.0,g017,3,0,1,91.374
rung-00100,answer,off,0.0,g017,4,0,1,78.311
rung-00100,answer,on,1.0,g017,4,0,1,92.403
rung-00100,answer,off,0.0,g017,5,0,1,79.320
rung-00100,answer,on,1.0,g017,5,0,1,92.368
rung-00100,answer,off,0.0,g017,6,0,1,78.835
rung-00100,answer,on,1.0,g017,6,0,1,92.517
rung-00100,answer,off,0.0,g017,7,0,1,79.486
rung-00100,answer,on,1.0,g017,7,0,1,92.979
rung-00100,answer,off,0.0,g017,8,0,1,78.539
rung-00100,answer,on,1.0,g017,8,0,1,91.524
rung-00100,answer,off,0.0,g017,9,0,1,79.757
rung-00100,answer,on,1.0,g017,9,0,1,91.341
rung-00100,answer,off,0.0,g018,0,1,1,81.998
rung-00100,answer,on,1.0,g018,0,1,1,98.355
rung-00100,answer,off,0.0,g018,1,1,1,80.859
rung-00100,answer,on,1.0,g018,1,1,1,99.957
rung-00100,answer,off,0.0,g018,2,1,1,80.224
rung-00100,answer,on,1.0,g018,2,1,1,99.260
rung-00100,answer,off,0.0,g018,3,0,1,80.914
rung-00100,answer,on,1.0,g018,3,0,1,97.584
rung-00100,answer,off,0.0,g018,4,0,1,81.413
rung-00100,answer,on,1.0,g018,4,0,1,98.625
rung-00100,answer,off,0.0,g018,5,0,1,81.978
rung-00100,answer,on,1.0,g018,5,0,1,97.545
rung-00100,answer,off,0.0,g018,6,0,1,81.741
rung-00100,answer,on,1.0,g018,6,0,1,97.626
rung-00100,answer,off,0.0,g018,7,0,1,82.577
rung-00100,answer,on,1.0,g018,7,0,1,98.055
rung-00100,answer,off,0.0,g018,8,0,1,81.684
rung-00100,answer,on,1.0,g018,8,0,1,99.644
rung-00100,answer,off,0.0,g018,9,0,1,80.232
rung-00100,answer,on,1.0,g018,9,0,1,98.903
rung-00100,answer,off,0.0,g019,0,1,1,81.349
rung-00100,answer,on,1.0,g019,0,1,1,100.358
rung-00100,answer,off,0.0,g019,1,1,1,80.708
rung-00100,answer,on,1.0,g019,1,1,1,100.046
rung-00100,answer,off,0.0,g019,2,1,1,82.063
rung-00100,answer,on,1.0,g019,2,1,1,101.755
rung-00100,answer,off,0.0,g019,3,0,1,80.513
rung-00100,answer,on,1.0,g019,3,0,1,100.739
rung-00100,answer,off,0.0,g019,4,0,1,80.393
rung-00100,answer,on,1.0,g019,4,0,1,100.401
rung-00100,answer,off,0.0,g019,5,0,1,81.024
rung-00100,answer,on,1.0,g019,5,0,1,99.851
rung-00100,answer,off,0.0,g019,6,0,1,81.041
rung-00100,answer,on,1.0,g019,6,0,1,100.535
rung-00100,answer,off,0.0,g019,7,0,1,81.606
rung-00100,answer,on,1.0,g019,7,0,1,101.226
rung-00100,answer,off,0.0,g019,8,0,1,83.177
rung-00100,answer,on,1.0,g019,8,0,1,99.801
rung-00100,answer,off,0.0,g019,9,0,1,83.168
rung-00100,answer,on,1.0,g019,9,0,1,101.164
rung-00100,answer,off,0.0,g020,0,1,1,81.411
rung-00100,answer,on,1.0,g020,0,1,1,103.541
rung-00100,answer,off,0.0,g020,1,1,1,80.317
rung-00100,answer,on,1.0,g020,1,1,1,103.378
rung-00100,answer,off,0.0,g020,2,1,1,80.827
rung-00100,answer,on,1.0,g020,2,1,1,103.451
rung-00100,answer,off,0.0,g020,3,0,1,80.882
rung-00100,answer,on,1.0,g020,3,0,1,103.784
rung-00100,answer,off,0.0,g020,4,0,1,82.385
rung-00100,answer,on,1.0,g020,4,0,1,102.947
rung-00100,answer,off,0.0,g020,5,0,1,82.101
rung-00100,answer,on,1.0,g020,5,0,1,102.615
rung-00100,answer,off,0.0,g020,6,0,1,81.629
rung-00100,answer,on,1.0,g020,6,0,1,103.353
rung-00100,answer,off,0.0,g020,7,0,1,81.528
rung-00100,answer,on,1.0,g020,7,0,1,104.331
rung-00100,answer,off,0.0,g020,8,0,1,80.933
rung-00100,answer,on,1.0,g020,8,0,1,103.681
rung-00100,answer,off,0.0,g020,9,0,1,81.842
rung-00100,answer,on,1.0,g020,9,0,1,101.956
rung-00100,answer,off,0.0,g021,0,1,1,84.973
rung-00100,answer,on,1.0,g021,0,1,1,107.576
rung-00100,answer,off,0.0,g021,1,1,1,84.818
rung-00100,answer,on,1.0,g021,1,1,1,106.372
rung-00100,answer,off,0.0,g021,2,1,1,84.457
rung-00100,answer,on,1.0,g021,2,1,1,106.464
rung-00100,answer,off,0.0,g021,3,0,1,84.407
rung-00100,answer,on,1.0,g021,3,0,1,107.797
rung-00100,answer,off,0.0,g021,4,0,1,85.369
rung-00100,answer,on,1.0,g021,4,0,1,106.224
rung-00100,answer,off,0.0,g021,5,0,1,85.493
rung-00100,answer,on,1.0,g021,5,0,1,107.397
rung-00100,answer,off,0.0,g021,6,0,1,84.095
rung-00100,answer,on,1.0,g021,6,0,1,107.436
rung-00100,answer,off,0.0,g021,7,0,1,84.220
rung-00100,answer,on,1.0,g021,7,0,1,106.195
rung-00100,answer,off,0.0,g021,8,0,1,86.215
rung-00100,answer,on,1.0,g021,8,0,1,105.422
rung-00100,answer,off,0.0,g021,9,0,1,86.505
rung-00100,answer,on,1.0,g021,9,0,1,106.132
rung-00100,answer,off,0.0,g022,0,1,1,81.422
rung-00100,answer,on,1.0,g022,0,1,1,104.418
rung-00100,answer,off,0.0,g022,1,1,1,81.436
rung-00100,answer,on,1.0,g022,1,1,1,103.776
rung-00100,answer,off,0.0,g022,2,1,1,81.387
rung-00100,answer,on,1.0,g022,2,1,1,104.954
rung-00100,answer,off,0.0,g022,3,0,1,81.184
rung-00100,answer,on,1.0,g022,3,0,1,104.203
rung-00100,answer,off,0.0,g022,4,0,1,80.776
rung-00100,answer,on,1.0,g022,4,0,1,105.294
rung-00100,answer,off,0.0,g022,5,0,1,81.512
rung-00100,answer,on,1.0,g022,5,0,1,104.415
rung-00100,answer,off,0.0,g022,6,0,1,81.410
rung-00100,answer,on,1.0,g022,6,0,1,105.660
rung-00100,answer,off,0.0,g022,7,0,1,81.125
rung-00100,answer,on,1.0,g022,7,0,1,104.329
rung-00100,answer,off,0.0,g022,8,0,1,81.715
rung-00100,answer,on,1.0,g022,8,0,1,105.922
rung-00100,answer,off,0.0,g022,9,0,1,80.314
rung-00100,answer,on,1.0,g022,9,0,1,104.296
rung-00100,answer,off,0.0,g023,0,1,1,82.663
rung-00100,answer,on,1.0,g023,0,1,1,95.960
rung-00100,answer,off,0.0,g023,1,1,1,80.388
rung-00100,answer,on,1.0,g023,1,1,1,95.795
rung-00100,answer,off,0.0,g023,2,1,1,81.398
rung-00100,answer,on,1.0,g023,2,1,1,97.455
rung-00100,answer,off,0.0,g023,3,0,1,87.252
rung-00100,answer,on,1.0,g023,3,0,1,104.708
rung-00100,answer,off,0.0,g023,4,0,1,80.421
rung-00100,answer,on,1.0,g023,4,0,1,95.033
rung-00100,answer,off,0.0,g023,5,0,1,81.319
rung-00100,answer,on,1.0,g023,5,0,1,113.346
rung-00100,answer,off,0.0,g023,6,0,1,82.167
rung-00100,answer,on,1.0,g023,6,0,1,95.881
rung-00100,answer,off,0.0,g023,7,0,1,81.764
rung-00100,answer,on,1.0,g023,7,0,1,95.154
rung-00100,answer,off,0.0,g023,8,0,1,81.605
rung-00100,answer,on,1.0,g023,8,0,1,95.886
rung-00100,answer,off,0.0,g023,9,0,1,84.132
rung-00100,answer,on,1.0,g023,9,0,1,110.463
rung-00100,answer,off,0.0,g024,0,1,1,79.591
rung-00100,answer,on,1.0,g024,0,1,1,99.454
rung-00100,answer,off,0.0,g024,1,1,1,81.516
rung-00100,answer,on,1.0,g024,1,1,1,98.353
rung-00100,answer,off,0.0,g024,2,1,1,80.483
rung-00100,answer,on,1.0,g024,2,1,1,99.896
rung-00100,answer,off,0.0,g024,3,0,1,79.928
rung-00100,answer,on,1.0,g024,3,0,1,99.094
rung-00100,answer,off,0.0,g024,4,0,1,80.916
rung-00100,answer,on,1.0,g024,4,0,1,99.582
rung-00100,answer,off,0.0,g024,5,0,1,79.659
rung-00100,answer,on,1.0,g024,5,0,1,99.671
rung-00100,answer,off,0.0,g024,6,0,1,80.631
rung-00100,answer,on,1.0,g024,6,0,1,98.958
rung-00100,answer,off,0.0,g024,7,0,1,80.220
rung-00100,answer,on,1.0,g024,7,0,1,99.528
rung-00100,answer,off,0.0,g024,8,0,1,80.969
rung-00100,answer,on,1.0,g024,8,0,1,97.770
rung-00100,answer,off,0.0,g024,9,0,1,81.345
rung-00100,answer,on,1.0,g024,9,0,1,99.926
rung-00100,answer,off,0.0,g025,0,1,1,81.073
rung-00100,answer,on,1.0,g025,0,1,1,100.322
rung-00100,answer,off,0.0,g025,1,1,1,82.175
rung-00100,answer,on,1.0,g025,1,1,1,100.891
rung-00100,answer,off,0.0,g025,2,1,1,81.441
rung-00100,answer,on,1.0,g025,2,1,1,101.070
rung-00100,answer,off,0.0,g025,3,0,1,80.031
rung-00100,answer,on,1.0,g025,3,0,1,100.347
rung-00100,answer,off,0.0,g025,4,0,1,81.387
rung-00100,answer,on,1.0,g025,4,0,1,99.393
rung-00100,answer,off,0.0,g025,5,0,1,82.102
rung-00100,answer,on,1.0,g025,5,0,1,100.596
rung-00100,answer,off,0.0,g025,6,0,1,81.945
rung-00100,answer,on,1.0,g025,6,0,1,100.201
rung-00100,answer,off,0.0,g025,7,0,1,81.511
rung-00100,answer,on,1.0,g025,7,0,1,100.830
rung-00100,answer,off,0.0,g025,8,0,1,81.604
rung-00100,answer,on,1.0,g025,8,0,1,99.362
rung-00100,answer,off,0.0,g025,9,0,1,81.433
rung-00100,answer,on,1.0,g025,9,0,1,101.210
rung-00100,answer,off,0.0,g026,0,1,1,80.086
rung-00100,answer,on,1.0,g026,0,1,1,98.894
rung-00100,answer,off,0.0,g026,1,1,1,80.301
rung-00100,answer,on,1.0,g026,1,1,1,98.805
rung-00100,answer,off,0.0,g026,2,1,1,79.740
rung-00100,answer,on,1.0,g026,2,1,1,99.952
rung-00100,answer,off,0.0,g026,3,0,1,81.313
rung-00100,answer,on,1.0,g026,3,0,1,99.793
rung-00100,answer,off,0.0,g026,4,0,1,79.233
rung-00100,answer,on,1.0,g026,4,0,1,99.877
rung-00100,answer,off,0.0,g026,5,0,1,80.475
rung-00100,answer,on,1.0,g026,5,0,1,98.552
rung-00100,answer,off,0.0,g026,6,0,1,80.179
rung-00100,answer,on,1.0,g026,6,0,1,99.396
rung-00100,answer,off,0.0,g026,7,0,1,79.387
rung-00100,answer,on,1.0,g026,7,0,1,99.352
rung-00100,answer,off,0.0,g026,8,0,1,79.186
rung-00100,answer,on,1.0,g026,8,0,1,100.277
rung-00100,answer,off,0.0,g026,9,0,1,78.935
rung-00100,answer,on,1.0,g026,9,0,1,99.939
rung-00100,answer,off,0.0,g027,0,1,1,81.542
rung-00100,answer,on,1.0,g027,0,1,1,95.168
rung-00100,answer,off,0.0,g027,1,1,1,81.704
rung-00100,answer,on,1.0,g027,1,1,1,95.459
rung-00100,answer,off,0.0,g027,2,1,1,83.252
rung-00100,answer,on,1.0,g027,2,1,1,96.886
rung-00100,answer,off,0.0,g027,3,0,1,81.282
rung-00100,answer,on,1.0,g027,3,0,1,94.561
rung-00100,answer,off,0.0,g027,4,0,1,83.616
rung-00100,answer,on,1.0,g027,4,0,1,96.351
rung-00100,answer,off,0.0,g027,5,0,1,82.599
rung-00100,answer,on,1.0,g027,5,0,1,95.530
rung-00100,answer,off,0.0,g027,6,0,1,82.510
rung-00100,answer,on,1.0,g027,6,0,1,96.272
rung-00100,answer,off,0.0,g027,7,0,1,83.448
rung-00100,answer,on,1.0,g027,7,0,1,97.976
rung-00100,answer,off,0.0,g027,8,0,1,82.775
rung-00100,answer,on,1.0,g027,8,0,1,94.841
rung-00100,answer,off,0.0,g027,9,0,1,82.449
rung-00100,answer,on,1.0,g027,9,0,1,96.372
rung-00100,answer,off,0.0,g028,0,1,1,113.738
rung-00100,answer,on,1.0,g028,0,1,1,103.126
rung-00100,answer,off,0.0,g028,1,1,1,82.353
rung-00100,answer,on,1.0,g028,1,1,1,103.969
rung-00100,answer,off,0.0,g028,2,1,1,82.568
rung-00100,answer,on,1.0,g028,2,1,1,102.109
rung-00100,answer,off,0.0,g028,3,0,1,81.639
rung-00100,answer,on,1.0,g028,3,0,1,103.639
rung-00100,answer,off,0.0,g028,4,0,1,82.883
rung-00100,answer,on,1.0,g028,4,0,1,102.694
rung-00100,answer,off,0.0,g028,5,0,1,82.638
rung-00100,answer,on,1.0,g028,5,0,1,103.784
rung-00100,answer,off,0.0,g028,6,0,1,81.595
rung-00100,answer,on,1.0,g028,6,0,1,103.157
rung-00100,answer,off,0.0,g028,7,0,1,81.753
rung-00100,answer,on,1.0,g028,7,0,1,103.229
rung-00100,answer,off,0.0,g028,8,0,1,82.315
rung-00100,answer,on,1.0,g028,8,0,1,102.921
rung-00100,answer,off,0.0,g028,9,0,1,82.861
rung-00100,answer,on,1.0,g028,9,0,1,103.194
rung-00100,answer,off,0.0,g029,0,1,1,81.539
rung-00100,answer,on,1.0,g029,0,1,1,96.806
rung-00100,answer,off,0.0,g029,1,1,1,82.236
rung-00100,answer,on,1.0,g029,1,1,1,97.450
rung-00100,answer,off,0.0,g029,2,1,1,81.540
rung-00100,answer,on,1.0,g029,2,1,1,96.725
rung-00100,answer,off,0.0,g029,3,0,1,82.530
rung-00100,answer,on,1.0,g029,3,0,1,97.534
rung-00100,answer,off,0.0,g029,4,0,1,81.639
rung-00100,answer,on,1.0,g029,4,0,1,98.559
rung-00100,answer,off,0.0,g029,5,0,1,81.835
rung-00100,answer,on,1.0,g029,5,0,1,96.853
rung-00100,answer,off,0.0,g029,6,0,1,82.750
rung-00100,answer,on,1.0,g029,6,0,1,95.417
rung-00100,answer,off,0.0,g029,7,0,1,82.368
rung-00100,answer,on,1.0,g029,7,0,1,96.886
rung-00100,answer,off,0.0,g029,8,0,1,84.363
rung-00100,answer,on,1.0,g029,8,0,1,97.269
rung-00100,answer,off,0.0,g029,9,0,1,81.876
rung-00100,answer,on,1.0,g029,9,0,1,97.384
rung-00100,answer,off,0.0,g030,0,1,1,82.464
rung-00100,answer,on,1.0,g030,0,1,1,98.778
rung-00100,answer,off,0.0,g030,1,1,1,84.063
rung-00100,answer,on,1.0,g030,1,1,1,100.793
rung-00100,answer,off,0.0,g030,2,1,1,83.108
rung-00100,answer,on,1.0,g030,2,1,1,100.782
rung-00100,answer,off,0.0,g030,3,0,1,82.838
rung-00100,answer,on,1.0,g030,3,0,1,100.602
rung-00100,answer,off,0.0,g030,4,0,1,83.755
rung-00100,answer,on,1.0,g030,4,0,1,99.967
rung-00100,answer,off,0.0,g030,5,0,1,83.362
rung-00100,answer,on,1.0,g030,5,0,1,99.645
rung-00100,answer,off,0.0,g030,6,0,1,83.196
rung-00100,answer,on,1.0,g030,6,0,1,99.483
rung-00100,answer,off,0.0,g030,7,0,1,83.976
rung-00100,answer,on,1.0,g030,7,0,1,100.843
rung-00100,answer,off,0.0,g030,8,0,1,83.393
rung-00100,answer,on,1.0,g030,8,0,1,100.906
rung-00100,answer,off,0.0,g030,9,0,1,83.482
rung-00100,answer,on,1.0,g030,9,0,1,99.505
rung-00100,answer,off,0.0,g031,0,1,1,81.193
rung-00100,answer,on,1.0,g031,0,1,1,99.611
rung-00100,answer,off,0.0,g031,1,1,1,82.634
rung-00100,answer,on,1.0,g031,1,1,1,99.907
rung-00100,answer,off,0.0,g031,2,1,1,83.290
rung-00100,answer,on,1.0,g031,2,1,1,100.242
rung-00100,answer,off,0.0,g031,3,0,1,81.063
rung-00100,answer,on,1.0,g031,3,0,1,100.111
rung-00100,answer,off,0.0,g031,4,0,1,83.087
rung-00100,answer,on,1.0,g031,4,0,1,97.893
rung-00100,answer,off,0.0,g031,5,0,1,82.044
rung-00100,answer,on,1.0,g031,5,0,1,100.077
rung-00100,answer,off,0.0,g031,6,0,1,82.525
rung-00100,answer,on,1.0,g031,6,0,1,99.599
rung-00100,answer,off,0.0,g031,7,0,1,82.886
rung-00100,answer,on,1.0,g031,7,0,1,98.984
rung-00100,answer,off,0.0,g031,8,0,1,83.180
rung-00100,answer,on,1.0,g031,8,0,1,100.090
rung-00100,answer,off,0.0,g031,9,0,1,82.595
rung-00100,answer,on,1.0,g031,9,0,1,98.377
rung-00100,answer,off,0.0,g032,0,1,1,79.236
rung-00100,answer,on,1.0,g032,0,1,1,93.477
rung-00100,answer,off,0.0,g032,1,1,1,79.545
rung-00100,answer,on,1.0,g032,1,1,1,91.877
rung-00100,answer,off,0.0,g032,2,1,1,79.131
rung-00100,answer,on,1.0,g032,2,1,1,92.662
rung-00100,answer,off,0.0,g032,3,0,1,78.052
rung-00100,answer,on,1.0,g032,3,0,1,93.432
rung-00100,answer,off,0.0,g032,4,0,1,79.834
rung-00100,answer,on,1.0,g032,4,0,1,91.851
rung-00100,answer,off,0.0,g032,5,0,1,78.300
rung-00100,answer,on,1.0,g032,5,0,1,92.889
rung-00100,answer,off,0.0,g032,6,0,1,78.647
rung-00100,answer,on,1.0,g032,6,0,1,93.535
rung-00100,answer,off,0.0,g032,7,0,1,78.659
rung-00100,answer,on,1.0,g032,7,0,1,93.403
rung-00100,answer,off,0.0,g032,8,0,1,78.678
rung-00100,answer,on,1.0,g032,8,0,1,93.012
rung-00100,answer,off,0.0,g032,9,0,1,78.722
rung-00100,answer,on,1.0,g032,9,0,1,93.959
rung-00100,answer,off,0.0,g033,0,1,1,84.093
rung-00100,answer,on,1.0,g033,0,1,1,109.686
rung-00100,answer,off,0.0,g033,1,1,1,83.652
rung-00100,answer,on,1.0,g033,1,1,1,98.871
rung-00100,answer,off,0.0,g033,2,1,1,80.857
rung-00100,answer,on,1.0,g033,2,1,1,100.279
rung-00100,answer,off,0.0,g033,3,0,1,82.305
rung-00100,answer,on,1.0,g033,3,0,1,99.010
rung-00100,answer,off,0.0,g033,4,0,1,81.548
rung-00100,answer,on,1.0,g033,4,0,1,100.512
rung-00100,answer,off,0.0,g033,5,0,1,81.632
rung-00100,answer,on,1.0,g033,5,0,1,99.177
rung-00100,answer,off,0.0,g033,6,0,1,81.874
rung-00100,answer,on,1.0,g033,6,0,1,100.188
rung-00100,answer,off,0.0,g033,7,0,1,81.578
rung-00100,answer,on,1.0,g033,7,0,1,99.160
rung-00100,answer,off,0.0,g033,8,0,1,81.357
rung-00100,answer,on,1.0,g033,8,0,1,100.807
rung-00100,answer,off,0.0,g033,9,0,1,81.643
rung-00100,answer,on,1.0,g033,9,0,1,98.853
rung-00100,answer,off,0.0,g034,0,1,1,81.296
rung-00100,answer,on,1.0,g034,0,1,1,97.217
rung-00100,answer,off,0.0,g034,1,1,1,80.705
rung-00100,answer,on,1.0,g034,1,1,1,96.600
rung-00100,answer,off,0.0,g034,2,1,1,79.017
rung-00100,answer,on,1.0,g034,2,1,1,97.919
rung-00100,answer,off,0.0,g034,3,0,1,79.392
rung-00100,answer,on,1.0,g034,3,0,1,98.069
rung-00100,answer,off,0.0,g034,4,0,1,79.586
rung-00100,answer,on,1.0,g034,4,0,1,96.949
rung-00100,answer,off,0.0,g034,5,0,1,79.968
rung-00100,answer,on,1.0,g034,5,0,1,97.849
rung-00100,answer,off,0.0,g034,6,0,1,80.717
rung-00100,answer,on,1.0,g034,6,0,1,96.808
rung-00100,answer,off,0.0,g034,7,0,1,79.612
rung-00100,answer,on,1.0,g034,7,0,1,96.602
rung-00100,answer,off,0.0,g034,8,0,1,80.407
rung-00100,answer,on,1.0,g034,8,0,1,95.414
rung-00100,answer,off,0.0,g034,9,0,1,80.877
rung-00100,answer,on,1.0,g034,9,0,1,96.000
rung-00100,answer,off,0.0,g035,0,1,1,82.726
rung-00100,answer,on,1.0,g035,0,1,1,100.463
rung-00100,answer,off,0.0,g035,1,1,1,81.436
rung-00100,answer,on,1.0,g035,1,1,1,101.986
rung-00100,answer,off,0.0,g035,2,1,1,83.163
rung-00100,answer,on,1.0,g035,2,1,1,100.834
rung-00100,answer,off,0.0,g035,3,0,1,82.016
rung-00100,answer,on,1.0,g035,3,0,1,99.822
rung-00100,answer,off,0.0,g035,4,0,1,84.988
rung-00100,answer,on,1.0,g035,4,0,1,99.163
rung-00100,answer,off,0.0,g035,5,0,1,82.826
rung-00100,answer,on,1.0,g035,5,0,1,101.865
rung-00100,answer,off,0.0,g035,6,0,1,81.625
rung-00100,answer,on,1.0,g035,6,0,1,99.574
rung-00100,answer,off,0.0,g035,7,0,1,83.899
rung-00100,answer,on,1.0,g035,7,0,1,101.912
rung-00100,answer,off,0.0,g035,8,0,1,82.179
rung-00100,answer,on,1.0,g035,8,0,1,101.031
rung-00100,answer,off,0.0,g035,9,0,1,83.366
rung-00100,answer,on,1.0,g035,9,0,1,100.596
rung-00100,answer,off,0.0,g036,0,1,1,81.253
rung-00100,answer,on,1.0,g036,0,1,1,100.507
rung-00100,answer,off,0.0,g036,1,1,1,81.765
rung-00100,answer,on,1.0,g036,1,1,1,100.655
rung-00100,answer,off,0.0,g036,2,1,1,84.686
rung-00100,answer,on,1.0,g036,2,1,1,101.301
rung-00100,answer,off,0.0,g036,3,0,1,82.936
rung-00100,answer,on,1.0,g036,3,0,1,98.404
rung-00100,answer,off,0.0,g036,4,0,1,81.823
rung-00100,answer,on,1.0,g036,4,0,1,100.205
rung-00100,answer,off,0.0,g036,5,0,1,81.626
rung-00100,answer,on,1.0,g036,5,0,1,98.736
rung-00100,answer,off,0.0,g036,6,0,1,81.679
rung-00100,answer,on,1.0,g036,6,0,1,99.699
rung-00100,answer,off,0.0,g036,7,0,1,80.919
rung-00100,answer,on,1.0,g036,7,0,1,100.149
rung-00100,answer,off,0.0,g036,8,0,1,82.557
rung-00100,answer,on,1.0,g036,8,0,1,99.820
rung-00100,answer,off,0.0,g036,9,0,1,82.103
rung-00100,answer,on,1.0,g036,9,0,1,99.453
rung-00100,answer,off,0.0,g037,0,1,1,82.916
rung-00100,answer,on,1.0,g037,0,1,1,105.015
rung-00100,answer,off,0.0,g037,1,1,1,82.520
rung-00100,answer,on,1.0,g037,1,1,1,105.718
rung-00100,answer,off,0.0,g037,2,1,1,82.607
rung-00100,answer,on,1.0,g037,2,1,1,105.348
rung-00100,answer,off,0.0,g037,3,0,1,83.792
rung-00100,answer,on,1.0,g037,3,0,1,110.933
rung-00100,answer,off,0.0,g037,4,0,1,93.835
rung-00100,answer,on,1.0,g037,4,0,1,105.447
rung-00100,answer,off,0.0,g037,5,0,1,83.069
rung-00100,answer,on,1.0,g037,5,0,1,106.008
rung-00100,answer,off,0.0,g037,6,0,1,82.876
rung-00100,answer,on,1.0,g037,6,0,1,104.462
rung-00100,answer,off,0.0,g037,7,0,1,82.713
rung-00100,answer,on,1.0,g037,7,0,1,104.954
rung-00100,answer,off,0.0,g037,8,0,1,83.226
rung-00100,answer,on,1.0,g037,8,0,1,105.055
rung-00100,answer,off,0.0,g037,9,0,1,84.166
rung-00100,answer,on,1.0,g037,9,0,1,104.832
rung-00100,answer,off,0.0,g038,0,1,1,79.361
rung-00100,answer,on,1.0,g038,0,1,1,94.326
rung-00100,answer,off,0.0,g038,1,1,1,78.606
rung-00100,answer,on,1.0,g038,1,1,1,94.277
rung-00100,answer,off,0.0,g038,2,1,1,79.071
rung-00100,answer,on,1.0,g038,2,1,1,94.405
rung-00100,answer,off,0.0,g038,3,0,1,79.206
rung-00100,answer,on,1.0,g038,3,0,1,94.619
rung-00100,answer,off,0.0,g038,4,0,1,80.856
rung-00100,answer,on,1.0,g038,4,0,1,95.723
rung-00100,answer,off,0.0,g038,5,0,1,79.338
rung-00100,answer,on,1.0,g038,5,0,1,95.159
rung-00100,answer,off,0.0,g038,6,0,1,80.522
rung-00100,answer,on,1.0,g038,6,0,1,94.239
rung-00100,answer,off,0.0,g038,7,0,1,79.244
rung-00100,answer,on,1.0,g038,7,0,1,95.029
rung-00100,answer,off,0.0,g038,8,0,1,78.628
rung-00100,answer,on,1.0,g038,8,0,1,127.505
rung-00100,answer,off,0.0,g038,9,0,1,81.696
rung-00100,answer,on,1.0,g038,9,0,1,94.554
rung-00100,answer,off,0.0,g039,0,1,1,82.429
rung-00100,answer,on,1.0,g039,0,1,1,101.037
rung-00100,answer,off,0.0,g039,1,1,1,83.499
rung-00100,answer,on,1.0,g039,1,1,1,101.369
rung-00100,answer,off,0.0,g039,2,1,1,82.657
rung-00100,answer,on,1.0,g039,2,1,1,100.333
rung-00100,answer,off,0.0,g039,3,0,1,82.759
rung-00100,answer,on,1.0,g039,3,0,1,99.225
rung-00100,answer,off,0.0,g039,4,0,1,82.994
rung-00100,answer,on,1.0,g039,4,0,1,101.260
rung-00100,answer,off,0.0,g039,5,0,1,81.893
rung-00100,answer,on,1.0,g039,5,0,1,101.870
rung-00100,answer,off,0.0,g039,6,0,1,82.358
rung-00100,answer,on,1.0,g039,6,0,1,99.982
rung-00100,answer,off,0.0,g039,7,0,1,82.717
rung-00100,answer,on,1.0,g039,7,0,1,100.588
rung-00100,answer,off,0.0,g039,8,0,1,82.179
rung-00100,answer,on,1.0,g039,8,0,1,99.902
rung-00100,answer,off,0.0,g039,9,0,1,82.369
rung-00100,answer,on,1.0,g039,9,0,1,100.655
rung-00100,answer,off,0.0,g040,0,1,1,82.045
rung-00100,answer,on,1.0,g040,0,1,1,97.711
rung-00100,answer,off,0.0,g040,1,1,1,81.877
rung-00100,answer,on,1.0,g040,1,1,1,98.674
rung-00100,answer,off,0.0,g040,2,1,1,80.930
rung-00100,answer,on,1.0,g040,2,1,1,98.715
rung-00100,answer,off,0.0,g040,3,0,1,81.033
rung-00100,answer,on,1.0,g040,3,0,1,98.608
rung-00100,answer,off,0.0,g040,4,0,1,82.570
rung-00100,answer,on,1.0,g040,4,0,1,97.621
rung-00100,answer,off,0.0,g040,5,0,1,83.069
rung-00100,answer,on,1.0,g040,5,0,1,96.959
rung-00100,answer,off,0.0,g040,6,0,1,83.106
rung-00100,answer,on,1.0,g040,6,0,1,98.770
rung-00100,answer,off,0.0,g040,7,0,1,81.315
rung-00100,answer,on,1.0,g040,7,0,1,97.430
rung-00100,answer,off,0.0,g040,8,0,1,81.377
rung-00100,answer,on,1.0,g040,8,0,1,98.597
rung-00100,answer,off,0.0,g040,9,0,1,81.943
rung-00100,answer,on,1.0,g040,9,0,1,102.790
rung-00100,answer,off,0.0,g041,0,1,1,81.898
rung-00100,answer,on,1.0,g041,0,1,1,106.971
rung-00100,answer,off,0.0,g041,1,1,1,86.644
rung-00100,answer,on,1.0,g041,1,1,1,109.085
rung-00100,answer,off,0.0,g041,2,1,1,81.985
rung-00100,answer,on,1.0,g041,2,1,1,104.447
rung-00100,answer,off,0.0,g041,3,0,1,82.321
rung-00100,answer,on,1.0,g041,3,0,1,107.514
rung-00100,answer,off,0.0,g041,4,0,1,82.075
rung-00100,answer,on,1.0,g041,4,0,1,104.126
rung-00100,answer,off,0.0,g041,5,0,1,83.799
rung-00100,answer,on,1.0,g041,5,0,1,106.850
rung-00100,answer,off,0.0,g041,6,0,1,80.800
rung-00100,answer,on,1.0,g041,6,0,1,105.561
rung-00100,answer,off,0.0,g041,7,0,1,83.365
rung-00100,answer,on,1.0,g041,7,0,1,104.600
rung-00100,answer,off,0.0,g041,8,0,1,81.967
rung-00100,answer,on,1.0,g041,8,0,1,105.539
rung-00100,answer,off,0.0,g041,9,0,1,82.082
rung-00100,answer,on,1.0,g041,9,0,1,103.974
rung-00100,answer,off,0.0,g042,0,1,1,80.814
rung-00100,answer,on,1.0,g042,0,1,1,93.492
rung-00100,answer,off,0.0,g042,1,1,1,79.451
rung-00100,answer,on,1.0,g042,1,1,1,93.598
rung-00100,answer,off,0.0,g042,2,1,1,80.473
rung-00100,answer,on,1.0,g042,2,1,1,92.571
rung-00100,answer,off,0.0,g042,3,0,1,79.896
rung-00100,answer,on,1.0,g042,3,0,1,93.217
rung-00100,answer,off,0.0,g042,4,0,1,79.894
rung-00100,answer,on,1.0,g042,4,0,1,92.035
rung-00100,answer,off,0.0,g042,5,0,1,80.636
rung-00100,answer,on,1.0,g042,5,0,1,92.240
rung-00100,answer,off,0.0,g042,6,0,1,79.905
rung-00100,answer,on,1.0,g042,6,0,1,93.163
rung-00100,answer,off,0.0,g042,7,0,1,79.867
rung-00100,answer,on,1.0,g042,7,0,1,91.689
rung-00100,answer,off,0.0,g042,8,0,1,79.970
rung-00100,answer,on,1.0,g042,8,0,1,92.884
rung-00100,answer,off,0.0,g042,9,0,1,79.491
rung-00100,answer,on,1.0,g042,9,0,1,92.650
rung-00100,answer,off,0.0,g043,0,1,1,84.652
rung-00100,answer,on,1.0,g043,0,1,1,101.340
rung-00100,answer,off,0.0,g043,1,1,1,82.711
rung-00100,answer,on,1.0,g043,1,1,1,101.216
rung-00100,answer,off,0.0,g043,2,1,1,84.314
rung-00100,answer,on,1.0,g043,2,1,1,101.096
rung-00100,answer,off,0.0,g043,3,0,1,82.796
rung-00100,answer,on,1.0,g043,3,0,1,100.626
rung-00100,answer,off,0.0,g043,4,0,1,84.355
rung-00100,answer,on,1.0,g043,4,0,1,101.186
rung-00100,answer,off,0.0,g043,5,0,1,84.243
rung-00100,answer,on,1.0,g043,5,0,1,100.349
rung-00100,answer,off,0.0,g043,6,0,1,82.819
rung-00100,answer,on,1.0,g043,6,0,1,101.084
rung-00100,answer,off,0.0,g043,7,0,1,83.555
rung-00100,answer,on,1.0,g043,7,0,1,101.334
rung-00100,answer,off,0.0,g043,8,0,1,83.948
rung-00100,answer,on,1.0,g043,8,0,1,100.492
rung-00100,answer,off,0.0,g043,9,0,1,84.007
rung-00100,answer,on,1.0,g043,9,0,1,102.140
rung-00100,answer,off,0.0,g044,0,1,1,80.689
rung-00100,answer,on,1.0,g044,0,1,1,99.178
rung-00100,answer,off,0.0,g044,1,1,1,79.570
rung-00100,answer,on,1.0,g044,1,1,1,98.165
rung-00100,answer,off,0.0,g044,2,1,1,84.834
rung-00100,answer,on,1.0,g044,2,1,1,102.551
rung-00100,answer,off,0.0,g044,3,0,1,80.628
rung-00100,answer,on,1.0,g044,3,0,1,98.786
rung-00100,answer,off,0.0,g044,4,0,1,81.483
rung-00100,answer,on,1.0,g044,4,0,1,98.097
rung-00100,answer,off,0.0,g044,5,0,1,81.680
rung-00100,answer,on,1.0,g044,5,0,1,98.534
rung-00100,answer,off,0.0,g044,6,0,1,80.145
rung-00100,answer,on,1.0,g044,6,0,1,97.793
rung-00100,answer,off,0.0,g044,7,0,1,80.257
rung-00100,answer,on,1.0,g044,7,0,1,98.701
rung-00100,answer,off,0.0,g044,8,0,1,80.048
rung-00100,answer,on,1.0,g044,8,0,1,98.771
rung-00100,answer,off,0.0,g044,9,0,1,80.460
rung-00100,answer,on,1.0,g044,9,0,1,99.003
rung-00100,answer,off,0.0,g045,0,1,1,81.818
rung-00100,answer,on,1.0,g045,0,1,1,102.789
rung-00100,answer,off,0.0,g045,1,1,1,89.055
rung-00100,answer,on,1.0,g045,1,1,1,112.160
rung-00100,answer,off,0.0,g045,2,1,1,81.207
rung-00100,answer,on,1.0,g045,2,1,1,102.801
rung-00100,answer,off,0.0,g045,3,0,1,81.539
rung-00100,answer,on,1.0,g045,3,0,1,101.594
rung-00100,answer,off,0.0,g045,4,0,1,82.999
rung-00100,answer,on,1.0,g045,4,0,1,101.238
rung-00100,answer,off,0.0,g045,5,0,1,82.851
rung-00100,answer,on,1.0,g045,5,0,1,102.931
rung-00100,answer,off,0.0,g045,6,0,1,82.415
rung-00100,answer,on,1.0,g045,6,0,1,102.039
rung-00100,answer,off,0.0,g045,7,0,1,82.186
rung-00100,answer,on,1.0,g045,7,0,1,101.796
rung-00100,answer,off,0.0,g045,8,0,1,82.900
rung-00100,answer,on,1.0,g045,8,0,1,100.945
rung-00100,answer,off,0.0,g045,9,0,1,83.310
rung-00100,answer,on,1.0,g045,9,0,1,101.708
rung-00100,answer,off,0.0,g046,0,1,1,82.106
rung-00100,answer,on,1.0,g046,0,1,1,95.901
rung-00100,answer,off,0.0,g046,1,1,1,81.198
rung-00100,answer,on,1.0,g046,1,1,1,95.624
rung-00100,answer,off,0.0,g046,2,1,1,81.490
rung-00100,answer,on,1.0,g046,2,1,1,95.492
rung-00100,answer,off,0.0,g046,3,0,1,81.184
rung-00100,answer,on,1.0,g046,3,0,1,95.768
rung-00100,answer,off,0.0,g046,4,0,1,81.172
rung-00100,answer,on,1.0,g046,4,0,1,94.487
rung-00100,answer,off,0.0,g046,5,0,1,81.715
rung-00100,answer,on,1.0,g046,5,0,1,96.673
rung-00100,answer,off,0.0,g046,6,0,1,80.361
rung-00100,answer,on,1.0,g046,6,0,1,96.219
rung-00100,answer,off,0.0,g046,7,0,1,81.652
rung-00100,answer,on,1.0,g046,7,0,1,94.693
rung-00100,answer,off,0.0,g046,8,0,1,81.266
rung-00100,answer,on,1.0,g046,8,0,1,96.239
rung-00100,answer,off,0.0,g046,9,0,1,80.647
rung-00100,answer,on,1.0,g046,9,0,1,95.701
rung-00100,answer,off,0.0,g047,0,1,1,80.877
rung-00100,answer,on,1.0,g047,0,1,1,93.710
rung-00100,answer,off,0.0,g047,1,1,1,80.237
rung-00100,answer,on,1.0,g047,1,1,1,94.398
rung-00100,answer,off,0.0,g047,2,1,1,80.022
rung-00100,answer,on,1.0,g047,2,1,1,94.402
rung-00100,answer,off,0.0,g047,3,0,1,80.945
rung-00100,answer,on,1.0,g047,3,0,1,92.432
rung-00100,answer,off,0.0,g047,4,0,1,81.917
rung-00100,answer,on,1.0,g047,4,0,1,128.470
rung-00100,answer,off,0.0,g047,5,0,1,83.154
rung-00100,answer,on,1.0,g047,5,0,1,93.796
rung-00100,answer,off,0.0,g047,6,0,1,79.852
rung-00100,answer,on,1.0,g047,6,0,1,93.577
rung-00100,answer,off,0.0,g047,7,0,1,80.915
rung-00100,answer,on,1.0,g047,7,0,1,92.618
rung-00100,answer,off,0.0,g047,8,0,1,84.398
rung-00100,answer,on,1.0,g047,8,0,1,96.035
rung-00100,answer,off,0.0,g047,9,0,1,79.914
rung-00100,answer,on,1.0,g047,9,0,1,94.875
rung-00100,answer,off,0.0,g048,0,1,1,80.510
rung-00100,answer,on,1.0,g048,0,1,1,100.917
rung-00100,answer,off,0.0,g048,1,1,1,83.024
rung-00100,answer,on,1.0,g048,1,1,1,97.462
rung-00100,answer,off,0.0,g048,2,1,1,82.403
rung-00100,answer,on,1.0,g048,2,1,1,97.953
rung-00100,answer,off,0.0,g048,3,0,1,82.403
rung-00100,answer,on,1.0,g048,3,0,1,98.819
rung-00100,answer,off,0.0,g048,4,0,1,81.708
rung-00100,answer,on,1.0,g048,4,0,1,99.027
rung-00100,answer,off,0.0,g048,5,0,1,80.616
rung-00100,answer,on,1.0,g048,5,0,1,99.094
rung-00100,answer,off,0.0,g048,6,0,1,82.260
rung-00100,answer,on,1.0,g048,6,0,1,98.407
rung-00100,answer,off,0.0,g048,7,0,1,80.706
rung-00100,answer,on,1.0,g048,7,0,1,98.796
rung-00100,answer,off,0.0,g048,8,0,1,82.437
rung-00100,answer,on,1.0,g048,8,0,1,97.501
rung-00100,answer,off,0.0,g048,9,0,1,82.291
rung-00100,answer,on,1.0,g048,9,0,1,97.429
rung-00100,answer,off,0.0,g049,0,1,1,79.958
rung-00100,answer,on,1.0,g049,0,1,1,102.432
rung-00100,answer,off,0.0,g049,1,1,1,79.748
rung-00100,answer,on,1.0,g049,1,1,1,102.556
rung-00100,answer,off,0.0,g049,2,1,1,79.123
rung-00100,answer,on,1.0,g049,2,1,1,102.866
rung-00100,answer,off,0.0,g049,3,0,1,80.982
rung-00100,answer,on,1.0,g049,3,0,1,102.277
rung-00100,answer,off,0.0,g049,4,0,1,80.891
rung-00100,answer,on,1.0,g049,4,0,1,103.075
rung-00100,answer,off,0.0,g049,5,0,1,80.122
rung-00100,answer,on,1.0,g049,5,0,1,103.223
rung-00100,answer,off,0.0,g049,6,0,1,80.354
rung-00100,answer,on,1.0,g049,6,0,1,102.087
rung-00100,answer,off,0.0,g049,7,0,1,80.307
rung-00100,answer,on,1.0,g049,7,0,1,103.810
rung-00100,answer,off,0.0,g049,8,0,1,79.645
rung-00100,answer,on,1.0,g049,8,0,1,103.128
rung-00100,answer,off,0.0,g049,9,0,1,79.891
rung-00100,answer,on,1.0,g049,9,0,1,103.501
rung-00100,answer,off,0.0,g050,0,1,1,83.264
rung-00100,answer,on,1.0,g050,0,1,1,105.106
rung-00100,answer,off,0.0,g050,1,1,1,83.052
rung-00100,answer,on,1.0,g050,1,1,1,103.956
rung-00100,answer,off,0.0,g050,2,1,1,81.935
rung-00100,answer,on,1.0,g050,2,1,1,102.470
rung-00100,answer,off,0.0,g050,3,0,1,80.975
rung-00100,answer,on,1.0,g050,3,0,1,104.053
rung-00100,answer,off,0.0,g050,4,0,1,81.994
rung-00100,answer,on,1.0,g050,4,0,1,102.300
rung-00100,answer,off,0.0,g050,5,0,1,83.369
rung-00100,answer,on,1.0,g050,5,0,1,103.833
rung-00100,answer,off,0.0,g050,6,0,1,81.987
rung-00100,answer,on,1.0,g050,6,0,1,103.216
rung-00100,answer,off,0.0,g050,7,0,1,81.471
rung-00100,answer,on,1.0,g050,7,0,1,102.623
rung-00100,answer,off,0.0,g050,8,0,1,82.545
rung-00100,answer,on,1.0,g050,8,0,1,102.237
rung-00100,answer,off,0.0,g050,9,0,1,81.386
rung-00100,answer,on,1.0,g050,9,0,1,103.665
rung-00100,answer,off,0.0,g051,0,1,1,84.108
rung-00100,answer,on,1.0,g051,0,1,1,107.810
rung-00100,answer,off,0.0,g051,1,1,1,85.387
rung-00100,answer,on,1.0,g051,1,1,1,106.135
rung-00100,answer,off,0.0,g051,2,1,1,84.947
rung-00100,answer,on,1.0,g051,2,1,1,107.464
rung-00100,answer,off,0.0,g051,3,0,1,83.624
rung-00100,answer,on,1.0,g051,3,0,1,107.332
rung-00100,answer,off,0.0,g051,4,0,1,84.387
rung-00100,answer,on,1.0,g051,4,0,1,107.334
rung-00100,answer,off,0.0,g051,5,0,1,85.514
rung-00100,answer,on,1.0,g051,5,0,1,106.271
rung-00100,answer,off,0.0,g051,6,0,1,86.845
rung-00100,answer,on,1.0,g051,6,0,1,109.049
rung-00100,answer,off,0.0,g051,7,0,1,85.390
rung-00100,answer,on,1.0,g051,7,0,1,106.805
rung-00100,answer,off,0.0,g051,8,0,1,84.845
rung-00100,answer,on,1.0,g051,8,0,1,106.342
rung-00100,answer,off,0.0,g051,9,0,1,84.779
rung-00100,answer,on,1.0,g051,9,0,1,107.482
rung-00100,answer,off,0.0,g052,0,1,1,82.826
rung-00100,answer,on,1.0,g052,0,1,1,102.391
rung-00100,answer,off,0.0,g052,1,1,1,82.883
rung-00100,answer,on,1.0,g052,1,1,1,104.377
rung-00100,answer,off,0.0,g052,2,1,1,82.237
rung-00100,answer,on,1.0,g052,2,1,1,101.630
rung-00100,answer,off,0.0,g052,3,0,1,83.790
rung-00100,answer,on,1.0,g052,3,0,1,102.773
rung-00100,answer,off,0.0,g052,4,0,1,82.670
rung-00100,answer,on,1.0,g052,4,0,1,103.806
rung-00100,answer,off,0.0,g052,5,0,1,81.902
rung-00100,answer,on,1.0,g052,5,0,1,104.706
rung-00100,answer,off,0.0,g052,6,0,1,81.496
rung-00100,answer,on,1.0,g052,6,0,1,103.353
rung-00100,answer,off,0.0,g052,7,0,1,82.355
rung-00100,answer,on,1.0,g052,7,0,1,103.244
rung-00100,answer,off,0.0,g052,8,0,1,82.039
rung-00100,answer,on,1.0,g052,8,0,1,103.541
rung-00100,answer,off,0.0,g052,9,0,1,82.347
rung-00100,answer,on,1.0,g052,9,0,1,103.208
rung-00100,answer,off,0.0,g053,0,1,1,81.442
rung-00100,answer,on,1.0,g053,0,1,1,93.191
rung-00100,answer,off,0.0,g053,1,1,1,80.998
rung-00100,answer,on,1.0,g053,1,1,1,92.932
rung-00100,answer,off,0.0,g053,2,1,1,81.065
rung-00100,answer,on,1.0,g053,2,1,1,94.495
rung-00100,answer,off,0.0,g053,3,0,1,80.700
rung-00100,answer,on,1.0,g053,3,0,1,93.421
rung-00100,answer,off,0.0,g053,4,0,1,80.432
rung-00100,answer,on,1.0,g053,4,0,1,94.071
rung-00100,answer,off,0.0,g053,5,0,1,80.584
rung-00100,answer,on,1.0,g053,5,0,1,92.485
rung-00100,answer,off,0.0,g053,6,0,1,81.941
rung-00100,answer,on,1.0,g053,6,0,1,92.747
rung-00100,answer,off,0.0,g053,7,0,1,81.356
rung-00100,answer,on,1.0,g053,7,0,1,94.148
rung-00100,answer,off,0.0,g053,8,0,1,81.040
rung-00100,answer,on,1.0,g053,8,0,1,94.096
rung-00100,answer,off,0.0,g053,9,0,1,81.054
rung-00100,answer,on,1.0,g053,9,0,1,91.979
rung-00100,answer,off,0.0,g054,0,1,1,80.651
rung-00100,answer,on,1.0,g054,0,1,1,94.760
rung-00100,answer,off,0.0,g054,1,1,1,79.775
rung-00100,answer,on,1.0,g054,1,1,1,93.202
rung-00100,answer,off,0.0,g054,2,1,1,79.561
rung-00100,answer,on,1.0,g054,2,1,1,94.934
rung-00100,answer,off,0.0,g054,3,0,1,78.711
rung-00100,answer,on,1.0,g054,3,0,1,101.085
rung-00100,answer,off,0.0,g054,4,0,1,89.190
rung-00100,answer,on,1.0,g054,4,0,1,94.177
rung-00100,answer,off,0.0,g054,5,0,1,80.045
rung-00100,answer,on,1.0,g054,5,0,1,94.690
rung-00100,answer,off,0.0,g054,6,0,1,78.396
rung-00100,answer,on,1.0,g054,6,0,1,95.594
rung-00100,answer,off,0.0,g054,7,0,1,78.709
rung-00100,answer,on,1.0,g054,7,0,1,94.638
rung-00100,answer,off,0.0,g054,8,0,1,79.642
rung-00100,answer,on,1.0,g054,8,0,1,94.607
rung-00100,answer,off,0.0,g054,9,0,1,78.690
rung-00100,answer,on,1.0,g054,9,0,1,95.086
rung-00100,answer,off,0.0,g055,0,1,1,83.132
rung-00100,answer,on,1.0,g055,0,1,1,102.251
rung-00100,answer,off,0.0,g055,1,1,1,82.789
rung-00100,answer,on,1.0,g055,1,1,1,103.458
rung-00100,answer,off,0.0,g055,2,1,1,81.847
rung-00100,answer,on,1.0,g055,2,1,1,102.430
rung-00100,answer,off,0.0,g055,3,0,1,84.141
rung-00100,answer,on,1.0,g055,3,0,1,101.150
rung-00100,answer,off,0.0,g055,4,0,1,83.097
rung-00100,answer,on,1.0,g055,4,0,1,101.399
rung-00100,answer,off,0.0,g055,5,0,1,83.242
rung-00100,answer,on,1.0,g055,5,0,1,103.961
rung-00100,answer,off,0.0,g055,6,0,1,81.404
rung-00100,answer,on,1.0,g055,6,0,1,103.455
rung-00100,answer,off,0.0,g055,7,0,1,82.800
rung-00100,answer,on,1.0,g055,7,0,1,102.875
rung-00100,answer,off,0.0,g055,8,0,1,81.331
rung-00100,answer,on,1.0,g055,8,0,1,101.550
rung-00100,answer,off,0.0,g055,9,0,1,82.151
rung-00100,answer,on,1.0,g055,9,0,1,102.810
rung-00100,answer,off,0.0,g056,0,1,1,82.339
rung-00100,answer,on,1.0,g056,0,1,1,95.311
rung-00100,answer,off,0.0,g056,1,1,1,80.749
rung-00100,answer,on,1.0,g056,1,1,1,95.431
rung-00100,answer,off,0.0,g056,2,1,1,80.899
rung-00100,answer,on,1.0,g056,2,1,1,94.871
rung-00100,answer,off,0.0,g056,3,0,1,81.168
rung-00100,answer,on,1.0,g056,3,0,1,96.166
rung-00100,answer,off,0.0,g056,4,0,1,80.365
rung-00100,answer,on,1.0,g056,4,0,1,96.285
rung-00100,answer,off,0.0,g056,5,0,1,80.861
rung-00100,answer,on,1.0,g056,5,0,1,99.137
rung-00100,answer,off,0.0,g056,6,0,1,81.227
rung-00100,answer,on,1.0,g056,6,0,1,96.809
rung-00100,answer,off,0.0,g056,7,0,1,79.969
rung-00100,answer,on,1.0,g056,7,0,1,94.561
rung-00100,answer,off,0.0,g056,8,0,1,80.958
rung-00100,answer,on,1.0,g056,8,0,1,96.167
rung-00100,answer,off,0.0,g056,9,0,1,79.646
rung-00100,answer,on,1.0,g056,9,0,1,95.636
rung-00100,answer,off,0.0,g057,0,1,1,84.893
rung-00100,answer,on,1.0,g057,0,1,1,104.733
rung-00100,answer,off,0.0,g057,1,1,1,84.768
rung-00100,answer,on,1.0,g057,1,1,1,107.607
rung-00100,answer,off,0.0,g057,2,1,1,83.743
rung-00100,answer,on,1.0,g057,2,1,1,106.726
rung-00100,answer,off,0.0,g057,3,0,1,82.988
rung-00100,answer,on,1.0,g057,3,0,1,106.078
rung-00100,answer,off,0.0,g057,4,0,1,83.546
rung-00100,answer,on,1.0,g057,4,0,1,106.501
rung-00100,answer,off,0.0,g057,5,0,1,83.444
rung-00100,answer,on,1.0,g057,5,0,1,106.639
rung-00100,answer,off,0.0,g057,6,0,1,83.500
rung-00100,answer,on,1.0,g057,6,0,1,106.543
rung-00100,answer,off,0.0,g057,7,0,1,84.260
rung-00100,answer,on,1.0,g057,7,0,1,106.418
rung-00100,answer,off,0.0,g057,8,0,1,83.896
rung-00100,answer,on,1.0,g057,8,0,1,107.273
rung-00100,answer,off,0.0,g057,9,0,1,83.186
rung-00100,answer,on,1.0,g057,9,0,1,106.342
rung-00100,answer,off,0.0,g058,0,1,1,80.737
rung-00100,answer,on,1.0,g058,0,1,1,96.759
rung-00100,answer,off,0.0,g058,1,1,1,81.439
rung-00100,answer,on,1.0,g058,1,1,1,96.991
rung-00100,answer,off,0.0,g058,2,1,1,81.471
rung-00100,answer,on,1.0,g058,2,1,1,97.075
rung-00100,answer,off,0.0,g058,3,0,1,81.905
rung-00100,answer,on,1.0,g058,3,0,1,96.546
rung-00100,answer,off,0.0,g058,4,0,1,80.721
rung-00100,answer,on,1.0,g058,4,0,1,97.374
rung-00100,answer,off,0.0,g058,5,0,1,79.194
rung-00100,answer,on,1.0,g058,5,0,1,96.330
rung-00100,answer,off,0.0,g058,6,0,1,80.570
rung-00100,answer,on,1.0,g058,6,0,1,98.333
rung-00100,answer,off,0.0,g058,7,0,1,80.428
rung-00100,answer,on,1.0,g058,7,0,1,98.512
rung-00100,answer,off,0.0,g058,8,0,1,80.204
rung-00100,answer,on,1.0,g058,8,0,1,96.716
rung-00100,answer,off,0.0,g058,9,0,1,83.039
rung-00100,answer,on,1.0,g058,9,0,1,96.545
rung-00100,answer,off,0.0,g059,0,1,1,83.407
rung-00100,answer,on,1.0,g059,0,1,1,104.362
rung-00100,answer,off,0.0,g059,1,1,1,82.876
rung-00100,answer,on,1.0,g059,1,1,1,103.901
rung-00100,answer,off,0.0,g059,2,1,1,84.008
rung-00100,answer,on,1.0,g059,2,1,1,102.552
rung-00100,answer,off,0.0,g059,3,0,1,85.388
rung-00100,answer,on,1.0,g059,3,0,1,103.122
rung-00100,answer,off,0.0,g059,4,0,1,85.283
rung-00100,answer,on,1.0,g059,4,0,1,103.652
rung-00100,answer,off,0.0,g059,5,0,1,83.928
rung-00100,answer,on,1.0,g059,5,0,1,104.312
rung-00100,answer,off,0.0,g059,6,0,1,83.077
rung-00100,answer,on,1.0,g059,6,0,1,104.591
rung-00100,answer,off,0.0,g059,7,0,1,83.228
rung-00100,answer,on,1.0,g059,7,0,1,104.591
rung-00100,answer,off,0.0,g059,8,0,1,83.287
rung-00100,answer,on,1.0,g059,8,0,1,105.244
rung-00100,answer,off,0.0,g059,9,0,1,82.929
rung-00100,answer,on,1.0,g059,9,0,1,104.766
rung-00100,answer,off,0.0,g060,0,1,1,80.901
rung-00100,answer,on,1.0,g060,0,1,1,101.906
rung-00100,answer,off,0.0,g060,1,1,1,83.110
rung-00100,answer,on,1.0,g060,1,1,1,100.664
rung-00100,answer,off,0.0,g060,2,1,1,83.308
rung-00100,answer,on,1.0,g060,2,1,1,101.359
rung-00100,answer,off,0.0,g060,3,0,1,84.513
rung-00100,answer,on,1.0,g060,3,0,1,101.418
rung-00100,answer,off,0.0,g060,4,0,1,83.311
rung-00100,answer,on,1.0,g060,4,0,1,101.435
rung-00100,answer,off,0.0,g060,5,0,1,81.667
rung-00100,answer,on,1.0,g060,5,0,1,102.566
rung-00100,answer,off,0.0,g060,6,0,1,82.317
rung-00100,answer,on,1.0,g060,6,0,1,103.257
rung-00100,answer,off,0.0,g060,7,0,1,87.779
rung-00100,answer,on,1.0,g060,7,0,1,102.790
rung-00100,answer,off,0.0,g060,8,0,1,81.745
rung-00100,answer,on,1.0,g060,8,0,1,102.249
rung-00100,answer,off,0.0,g060,9,0,1,83.693
rung-00100,answer,on,1.0,g060,9,0,1,101.448
rung-00100,answer,off,0.0,g061,0,1,1,80.574
rung-00100,answer,on,1.0,g061,0,1,1,94.781
rung-00100,answer,off,0.0,g061,1,1,1,79.419
rung-00100,answer,on,1.0,g061,1,1,1,95.286
rung-00100,answer,off,0.0,g061,2,1,1,79.989
rung-00100,answer,on,1.0,g061,2,1,1,94.311
rung-00100,answer,off,0.0,g061,3,0,1,78.898
rung-00100,answer,on,1.0,g061,3,0,1,96.127
rung-00100,answer,off,0.0,g061,4,0,1,78.690
rung-00100,answer,on,1.0,g061,4,0,1,95.553
rung-00100,answer,off,0.0,g061,5,0,1,79.398
rung-00100,answer,on,1.0,g061,5,0,1,95.855
rung-00100,answer,off,0.0,g061,6,0,1,79.157
rung-00100,answer,on,1.0,g061,6,0,1,94.143
rung-00100,answer,off,0.0,g061,7,0,1,79.689
rung-00100,answer,on,1.0,g061,7,0,1,95.367
rung-00100,answer,off,0.0,g061,8,0,1,79.776
rung-00100,answer,on,1.0,g061,8,0,1,94.272
rung-00100,answer,off,0.0,g061,9,0,1,80.432
rung-00100,answer,on,1.0,g061,9,0,1,95.436
rung-00100,answer,off,0.0,g062,0,1,1,83.942
rung-00100,answer,on,1.0,g062,0,1,1,106.445
rung-00100,answer,off,0.0,g062,1,1,1,83.142
rung-00100,answer,on,1.0,g062,1,1,1,105.804
rung-00100,answer,off,0.0,g062,2,1,1,85.379
rung-00100,answer,on,1.0,g062,2,1,1,105.439
rung-00100,answer,off,0.0,g062,3,0,1,84.147
rung-00100,answer,on,1.0,g062,3,0,1,105.691
rung-00100,answer,off,0.0,g062,4,0,1,83.403
rung-00100,answer,on,1.0,g062,4,0,1,104.971
rung-00100,answer,off,0.0,g062,5,0,1,85.813
rung-00100,answer,on,1.0,g062,5,0,1,106.182
rung-00100,answer,off,0.0,g062,6,0,1,83.905
rung-00100,answer,on,1.0,g062,6,0,1,106.546
rung-00100,answer,off,0.0,g062,7,0,1,82.503
rung-00100,answer,on,1.0,g062,7,0,1,106.740
rung-00100,answer,off,0.0,g062,8,0,1,83.257
rung-00100,answer,on,1.0,g062,8,0,1,105.752
rung-00100,answer,off,0.0,g062,9,0,1,84.055
rung-00100,answer,on,1.0,g062,9,0,1,104.639
rung-00100,answer,off,0.0,g063,0,1,1,82.508
rung-00100,answer,on,1.0,g063,0,1,1,109.329
rung-00100,answer,off,0.0,g063,1,1,1,84.178
rung-00100,answer,on,1.0,g063,1,1,1,105.285
rung-00100,answer,off,0.0,g063,2,1,1,84.203
rung-00100,answer,on,1.0,g063,2,1,1,107.054
rung-00100,answer,off,0.0,g063,3,0,1,81.810
rung-00100,answer,on,1.0,g063,3,0,1,106.924
rung-00100,answer,off,0.0,g063,4,0,1,82.619
rung-00100,answer,on,1.0,g063,4,0,1,139.847
rung-00100,answer,off,0.0,g063,5,0,1,83.191
rung-00100,answer,on,1.0,g063,5,0,1,107.480
rung-00100,answer,off,0.0,g063,6,0,1,83.398
rung-00100,answer,on,1.0,g063,6,0,1,105.280
rung-00100,answer,off,0.0,g063,7,0,1,82.984
rung-00100,answer,on,1.0,g063,7,0,1,107.474
rung-00100,answer,off,0.0,g063,8,0,1,83.217
rung-00100,answer,on,1.0,g063,8,0,1,106.508
rung-00100,answer,off,0.0,g063,9,0,1,82.930
rung-00100,answer,on,1.0,g063,9,0,1,111.755
rung-00100,answer,off,0.0,g064,0,1,1,92.494
rung-00100,answer,on,1.0,g064,0,1,1,94.556
rung-00100,answer,off,0.0,g064,1,1,1,81.915
rung-00100,answer,on,1.0,g064,1,1,1,96.462
rung-00100,answer,off,0.0,g064,2,1,1,81.128
rung-00100,answer,on,1.0,g064,2,1,1,96.031
rung-00100,answer,off,0.0,g064,3,0,1,81.299
rung-00100,answer,on,1.0,g064,3,0,1,94.373
rung-00100,answer,off,0.0,g064,4,0,1,81.766
rung-00100,answer,on,1.0,g064,4,0,1,93.550
rung-00100,answer,off,0.0,g064,5,0,1,81.394
rung-00100,answer,on,1.0,g064,5,0,1,95.293
rung-00100,answer,off,0.0,g064,6,0,1,81.574
rung-00100,answer,on,1.0,g064,6,0,1,94.071
rung-00100,answer,off,0.0,g064,7,0,1,82.458
rung-00100,answer,on,1.0,g064,7,0,1,94.953
rung-00100,answer,off,0.0,g064,8,0,1,81.589
rung-00100,answer,on,1.0,g064,8,0,1,97.011
rung-00100,answer,off,0.0,g064,9,0,1,82.892
rung-00100,answer,on,1.0,g064,9,0,1,93.234
rung-00100,answer,off,0.0,g065,0,1,1,84.885
rung-00100,answer,on,1.0,g065,0,1,1,109.479
rung-00100,answer,off,0.0,g065,1,1,1,85.330
rung-00100,answer,on,1.0,g065,1,1,1,107.586
rung-00100,answer,off,0.0,g065,2,1,1,85.047
rung-00100,answer,on,1.0,g065,2,1,1,107.898
rung-00100,answer,off,0.0,g065,3,0,1,86.223
rung-00100,answer,on,1.0,g065,3,0,1,107.794
rung-00100,answer,off,0.0,g065,4,0,1,85.835
rung-00100,answer,on,1.0,g065,4,0,1,109.307
rung-00100,answer,off,0.0,g065,5,0,1,85.599
rung-00100,answer,on,1.0,g065,5,0,1,108.439
rung-00100,answer,off,0.0,g065,6,0,1,86.635
rung-00100,answer,on,1.0,g065,6,0,1,108.774
rung-00100,answer,off,0.0,g065,7,0,1,85.807
rung-00100,answer,on,1.0,g065,7,0,1,107.955
rung-00100,answer,off,0.0,g065,8,0,1,85.975
rung-00100,answer,on,1.0,g065,8,0,1,107.373
rung-00100,answer,off,0.0,g065,9,0,1,85.824
rung-00100,answer,on,1.0,g065,9,0,1,109.185
rung-00100,answer,off,0.0,g066,0,1,1,79.618
rung-00100,answer,on,1.0,g066,0,1,1,97.432
rung-00100,answer,off,0.0,g066,1,1,1,79.323
rung-00100,answer,on,1.0,g066,1,1,1,98.041
rung-00100,answer,off,0.0,g066,2,1,1,81.119
rung-00100,answer,on,1.0,g066,2,1,1,95.807
rung-00100,answer,off,0.0,g066,3,0,1,83.520
rung-00100,answer,on,1.0,g066,3,0,1,97.124
rung-00100,answer,off,0.0,g066,4,0,1,80.822
rung-00100,answer,on,1.0,g066,4,0,1,97.410
rung-00100,answer,off,0.0,g066,5,0,1,79.041
rung-00100,answer,on,1.0,g066,5,0,1,101.225
rung-00100,answer,off,0.0,g066,6,0,1,84.203
rung-00100,answer,on,1.0,g066,6,0,1,98.079
rung-00100,answer,off,0.0,g066,7,0,1,79.367
rung-00100,answer,on,1.0,g066,7,0,1,95.957
rung-00100,answer,off,0.0,g066,8,0,1,81.755
rung-00100,answer,on,1.0,g066,8,0,1,96.839
rung-00100,answer,off,0.0,g066,9,0,1,80.939
rung-00100,answer,on,1.0,g066,9,0,1,97.401
rung-00100,answer,off,0.0,g067,0,1,1,79.911
rung-00100,answer,on,1.0,g067,0,1,1,96.158
rung-00100,answer,off,0.0,g067,1,1,1,81.339
rung-00100,answer,on,1.0,g067,1,1,1,97.109
rung-00100,answer,off,0.0,g067,2,1,1,80.934
rung-00100,answer,on,1.0,g067,2,1,1,95.882
rung-00100,answer,off,0.0,g067,3,0,1,81.577
rung-00100,answer,on,1.0,g067,3,0,1,96.504
rung-00100,answer,off,0.0,g067,4,0,1,82.031
rung-00100,answer,on,1.0,g067,4,0,1,97.638
rung-00100,answer,off,0.0,g067,5,0,1,80.088
rung-00100,answer,on,1.0,g067,5,0,1,96.588
rung-00100,answer,off,0.0,g067,6,0,1,79.891
rung-00100,answer,on,1.0,g067,6,0,1,96.019
rung-00100,answer,off,0.0,g067,7,0,1,81.064
rung-00100,answer,on,1.0,g067,7,0,1,94.985
rung-00100,answer,off,0.0,g067,8,0,1,80.679
rung-00100,answer,on,1.0,g067,8,0,1,96.528
rung-00100,answer,off,0.0,g067,9,0,1,82.420
rung-00100,answer,on,1.0,g067,9,0,1,96.215
rung-00100,answer,off,0.0,g068,0,1,1,86.092
rung-00100,answer,on,1.0,g068,0,1,1,107.015
rung-00100,answer,off,0.0,g068,1,1,1,85.382
rung-00100,answer,on,1.0,g068,1,1,1,106.698
rung-00100,answer,off,0.0,g068,2,1,1,84.848
rung-00100,answer,on,1.0,g068,2,1,1,106.528
rung-00100,answer,off,0.0,g068,3,0,1,85.513
rung-00100,answer,on,1.0,g068,3,0,1,112.856
rung-00100,answer,off,0.0,g068,4,0,1,86.187
rung-00100,answer,on,1.0,g068,4,0,1,106.953
rung-00100,answer,off,0.0,g068,5,0,1,86.716
rung-00100,answer,on,1.0,g068,5,0,1,107.196
rung-00100,answer,off,0.0,g068,6,0,1,84.697
rung-00100,answer,on,1.0,g068,6,0,1,106.789
rung-00100,answer,off,0.0,g068,7,0,1,89.084
rung-00100,answer,on,1.0,g068,7,0,1,111.414
rung-00100,answer,off,0.0,g068,8,0,1,86.708
rung-00100,answer,on,1.0,g068,8,0,1,106.960
rung-00100,answer,off,0.0,g068,9,0,1,86.762
rung-00100,answer,on,1.0,g068,9,0,1,108.589
rung-00100,answer,off,0.0,g069,0,1,1,83.790
rung-00100,answer,on,1.0,g069,0,1,1,106.998
rung-00100,answer,off,0.0,g069,1,1,1,83.257
rung-00100,answer,on,1.0,g069,1,1,1,104.144
rung-00100,answer,off,0.0,g069,2,1,1,84.446
rung-00100,answer,on,1.0,g069,2,1,1,103.845
rung-00100,answer,off,0.0,g069,3,0,1,84.189
rung-00100,answer,on,1.0,g069,3,0,1,104.376
rung-00100,answer,off,0.0,g069,4,0,1,83.731
rung-00100,answer,on,1.0,g069,4,0,1,104.356
rung-00100,answer,off,0.0,g069,5,0,1,83.286
rung-00100,answer,on,1.0,g069,5,0,1,106.365
rung-00100,answer,off,0.0,g069,6,0,1,83.123
rung-00100,answer,on,1.0,g069,6,0,1,106.011
rung-00100,answer,off,0.0,g069,7,0,1,83.468
rung-00100,answer,on,1.0,g069,7,0,1,104.598
rung-00100,answer,off,0.0,g069,8,0,1,81.975
rung-00100,answer,on,1.0,g069,8,0,1,104.969
rung-00100,answer,off,0.0,g069,9,0,1,84.539
rung-00100,answer,on,1.0,g069,9,0,1,105.536
rung-00100,answer,off,0.0,g070,0,1,1,82.615
rung-00100,answer,on,1.0,g070,0,1,1,101.321
rung-00100,answer,off,0.0,g070,1,1,1,82.660
rung-00100,answer,on,1.0,g070,1,1,1,97.896
rung-00100,answer,off,0.0,g070,2,1,1,83.663
rung-00100,answer,on,1.0,g070,2,1,1,97.181
rung-00100,answer,off,0.0,g070,3,0,1,81.926
rung-00100,answer,on,1.0,g070,3,0,1,98.101
rung-00100,answer,off,0.0,g070,4,0,1,82.966
rung-00100,answer,on,1.0,g070,4,0,1,98.961
rung-00100,answer,off,0.0,g070,5,0,1,82.222
rung-00100,answer,on,1.0,g070,5,0,1,99.078
rung-00100,answer,off,0.0,g070,6,0,1,82.365
rung-00100,answer,on,1.0,g070,6,0,1,99.393
rung-00100,answer,off,0.0,g070,7,0,1,81.769
rung-00100,answer,on,1.0,g070,7,0,1,99.695
rung-00100,answer,off,0.0,g070,8,0,1,81.535
rung-00100,answer,on,1.0,g070,8,0,1,98.371
rung-00100,answer,off,0.0,g070,9,0,1,81.769
rung-00100,answer,on,1.0,g070,9,0,1,98.064
rung-00100,answer,off,0.0,g071,0,1,1,83.152
rung-00100,answer,on,1.0,g071,0,1,1,102.717
rung-00100,answer,off,0.0,g071,1,1,1,83.392
rung-00100,answer,on,1.0,g071,1,1,1,103.469
rung-00100,answer,off,0.0,g071,2,1,1,82.715
rung-00100,answer,on,1.0,g071,2,1,1,103.311
rung-00100,answer,off,0.0,g071,3,0,1,85.115
rung-00100,answer,on,1.0,g071,3,0,1,103.948
rung-00100,answer,off,0.0,g071,4,0,1,81.830
rung-00100,answer,on,1.0,g071,4,0,1,102.907
rung-00100,answer,off,0.0,g071,5,0,1,82.717
rung-00100,answer,on,1.0,g071,5,0,1,103.617
rung-00100,answer,off,0.0,g071,6,0,1,82.358
rung-00100,answer,on,1.0,g071,6,0,1,102.511
rung-00100,answer,off,0.0,g071,7,0,1,83.363
rung-00100,answer,on,1.0,g071,7,0,1,102.276
rung-00100,answer,off,0.0,g071,8,0,1,82.198
rung-00100,answer,on,1.0,g071,8,0,1,103.721
rung-00100,answer,off,0.0,g071,9,0,1,81.561
rung-00100,answer,on,1.0,g071,9,0,1,103.182
rung-00100,answer,off,0.0,g072,0,1,1,83.304
rung-00100,answer,on,1.0,g072,0,1,1,98.651
rung-00100,answer,off,0.0,g072,1,1,1,80.905
rung-00100,answer,on,1.0,g072,1,1,1,98.890
rung-00100,answer,off,0.0,g072,2,1,1,81.287
rung-00100,answer,on,1.0,g072,2,1,1,100.207
rung-00100,answer,off,0.0,g072,3,0,1,84.657
rung-00100,answer,on,1.0,g072,3,0,1,100.491
rung-00100,answer,off,0.0,g072,4,0,1,84.174
rung-00100,answer,on,1.0,g072,4,0,1,98.042
rung-00100,answer,off,0.0,g072,5,0,1,81.538
rung-00100,answer,on,1.0,g072,5,0,1,98.557
rung-00100,answer,off,0.0,g072,6,0,1,82.685
rung-00100,answer,on,1.0,g072,6,0,1,97.228
rung-00100,answer,off,0.0,g072,7,0,1,82.124
rung-00100,answer,on,1.0,g072,7,0,1,98.967
rung-00100,answer,off,0.0,g072,8,0,1,81.998
rung-00100,answer,on,1.0,g072,8,0,1,98.581
rung-00100,answer,off,0.0,g072,9,0,1,107.306
rung-00100,answer,on,1.0,g072,9,0,1,104.892
rung-00100,answer,off,0.0,g073,0,1,1,84.221
rung-00100,answer,on,1.0,g073,0,1,1,102.730
rung-00100,answer,off,0.0,g073,1,1,1,83.204
rung-00100,answer,on,1.0,g073,1,1,1,102.092
rung-00100,answer,off,0.0,g073,2,1,1,82.594
rung-00100,answer,on,1.0,g073,2,1,1,102.313
rung-00100,answer,off,0.0,g073,3,0,1,83.721
rung-00100,answer,on,1.0,g073,3,0,1,104.331
rung-00100,answer,off,0.0,g073,4,0,1,84.447
rung-00100,answer,on,1.0,g073,4,0,1,104.918
rung-00100,answer,off,0.0,g073,5,0,1,83.765
rung-00100,answer,on,1.0,g073,5,0,1,103.261
rung-00100,answer,off,0.0,g073,6,0,1,82.494
rung-00100,answer,on,1.0,g073,6,0,1,102.745
rung-00100,answer,off,0.0,g073,7,0,1,87.431
rung-00100,answer,on,1.0,g073,7,0,1,100.846
rung-00100,answer,off,0.0,g073,8,0,1,87.128
rung-00100,answer,on,1.0,g073,8,0,1,102.571
rung-00100,answer,off,0.0,g073,9,0,1,83.653
rung-00100,answer,on,1.0,g073,9,0,1,102.770
rung-00100,answer,off,0.0,g074,0,1,1,83.102
rung-00100,answer,on,1.0,g074,0,1,1,105.940
rung-00100,answer,off,0.0,g074,1,1,1,91.779
rung-00100,answer,on,1.0,g074,1,1,1,100.558
rung-00100,answer,off,0.0,g074,2,1,1,80.644
rung-00100,answer,on,1.0,g074,2,1,1,100.833
rung-00100,answer,off,0.0,g074,3,0,1,82.188
rung-00100,answer,on,1.0,g074,3,0,1,100.798
rung-00100,answer,off,0.0,g074,4,0,1,82.624
rung-00100,answer,on,1.0,g074,4,0,1,101.221
rung-00100,answer,off,0.0,g074,5,0,1,81.598
rung-00100,answer,on,1.0,g074,5,0,1,102.027
rung-00100,answer,off,0.0,g074,6,0,1,84.368
rung-00100,answer,on,1.0,g074,6,0,1,101.407
rung-00100,answer,off,0.0,g074,7,0,1,81.256
rung-00100,answer,on,1.0,g074,7,0,1,100.387
rung-00100,answer,off,0.0,g074,8,0,1,82.295
rung-00100,answer,on,1.0,g074,8,0,1,100.679
rung-00100,answer,off,0.0,g074,9,0,1,81.366
rung-00100,answer,on,1.0,g074,9,0,1,99.584
rung-00100,answer,off,0.0,g075,0,1,1,84.271
rung-00100,answer,on,1.0,g075,0,1,1,100.674
rung-00100,answer,off,0.0,g075,1,1,1,83.565
rung-00100,answer,on,1.0,g075,1,1,1,101.507
rung-00100,answer,off,0.0,g075,2,1,1,82.707
rung-00100,answer,on,1.0,g075,2,1,1,102.022
rung-00100,answer,off,0.0,g075,3,0,1,81.883
rung-00100,answer,on,1.0,g075,3,0,1,102.123
rung-00100,answer,off,0.0,g075,4,0,1,82.004
rung-00100,answer,on,1.0,g075,4,0,1,101.568
rung-00100,answer,off,0.0,g075,5,0,1,83.048
rung-00100,answer,on,1.0,g075,5,0,1,101.486
rung-00100,answer,off,0.0,g075,6,0,1,82.961
rung-00100,answer,on,1.0,g075,6,0,1,102.113
rung-00100,answer,off,0.0,g075,7,0,1,82.489
rung-00100,answer,on,1.0,g075,7,0,1,100.779
rung-00100,answer,off,0.0,g075,8,0,1,82.604
rung-00100,answer,on,1.0,g075,8,0,1,101.685
rung-00100,answer,off,0.0,g075,9,0,1,82.811
rung-00100,answer,on,1.0,g075,9,0,1,100.713
rung-00100,answer,off,0.0,g076,0,1,1,84.976
rung-00100,answer,on,1.0,g076,0,1,1,107.362
rung-00100,answer,off,0.0,g076,1,1,1,83.723
rung-00100,answer,on,1.0,g076,1,1,1,105.657
rung-00100,answer,off,0.0,g076,2,1,1,83.989
rung-00100,answer,on,1.0,g076,2,1,1,106.120
rung-00100,answer,off,0.0,g076,3,0,1,84.693
rung-00100,answer,on,1.0,g076,3,0,1,105.339
rung-00100,answer,off,0.0,g076,4,0,1,84.095
rung-00100,answer,on,1.0,g076,4,0,1,106.198
rung-00100,answer,off,0.0,g076,5,0,1,84.978
rung-00100,answer,on,1.0,g076,5,0,1,106.468
rung-00100,answer,off,0.0,g076,6,0,1,84.826
rung-00100,answer,on,1.0,g076,6,0,1,106.401
rung-00100,answer,off,0.0,g076,7,0,1,84.756
rung-00100,answer,on,1.0,g076,7,0,1,105.324
rung-00100,answer,off,0.0,g076,8,0,1,84.135
rung-00100,answer,on,1.0,g076,8,0,1,107.150
rung-00100,answer,off,0.0,g076,9,0,1,89.465
rung-00100,answer,on,1.0,g076,9,0,1,105.630
rung-00100,answer,off,0.0,g077,0,1,1,84.775
rung-00100,answer,on,1.0,g077,0,1,1,105.301
rung-00100,answer,off,0.0,g077,1,1,1,85.079
rung-00100,answer,on,1.0,g077,1,1,1,102.783
rung-00100,answer,off,0.0,g077,2,1,1,85.643
rung-00100,answer,on,1.0,g077,2,1,1,101.876
rung-00100,answer,off,0.0,g077,3,0,1,84.513
rung-00100,answer,on,1.0,g077,3,0,1,102.899
rung-00100,answer,off,0.0,g077,4,0,1,84.362
rung-00100,answer,on,1.0,g077,4,0,1,102.774
rung-00100,answer,off,0.0,g077,5,0,1,82.971
rung-00100,answer,on,1.0,g077,5,0,1,101.896
rung-00100,answer,off,0.0,g077,6,0,1,87.133
rung-00100,answer,on,1.0,g077,6,0,1,106.497
rung-00100,answer,off,0.0,g077,7,0,1,86.865
rung-00100,answer,on,1.0,g077,7,0,1,105.097
rung-00100,answer,off,0.0,g077,8,0,1,85.898
rung-00100,answer,on,1.0,g077,8,0,1,102.408
rung-00100,answer,off,0.0,g077,9,0,1,84.716
rung-00100,answer,on,1.0,g077,9,0,1,102.587
rung-00100,answer,off,0.0,g078,0,1,1,82.600
rung-00100,answer,on,1.0,g078,0,1,1,101.047
rung-00100,answer,off,0.0,g078,1,1,1,82.266
rung-00100,answer,on,1.0,g078,1,1,1,102.002
rung-00100,answer,off,0.0,g078,2,1,1,82.044
rung-00100,answer,on,1.0,g078,2,1,1,101.246
rung-00100,answer,off,0.0,g078,3,0,1,81.714
rung-00100,answer,on,1.0,g078,3,0,1,102.677
rung-00100,answer,off,0.0,g078,4,0,1,80.716
rung-00100,answer,on,1.0,g078,4,0,1,102.266
rung-00100,answer,off,0.0,g078,5,0,1,80.877
rung-00100,answer,on,1.0,g078,5,0,1,102.618
rung-00100,answer,off,0.0,g078,6,0,1,87.449
rung-00100,answer,on,1.0,g078,6,0,1,105.616
rung-00100,answer,off,0.0,g078,7,0,1,94.316
rung-00100,answer,on,1.0,g078,7,0,1,102.975
rung-00100,answer,off,0.0,g078,8,0,1,85.198
rung-00100,answer,on,1.0,g078,8,0,1,103.397
rung-00100,answer,off,0.0,g078,9,0,1,82.877
rung-00100,answer,on,1.0,g078,9,0,1,101.502
rung-00100,answer,off,0.0,g079,0,1,1,84.771
rung-00100,answer,on,1.0,g079,0,1,1,106.001
rung-00100,answer,off,0.0,g079,1,1,1,85.146
rung-00100,answer,on,1.0,g079,1,1,1,107.188
rung-00100,answer,off,0.0,g079,2,1,1,85.373
rung-00100,answer,on,1.0,g079,2,1,1,106.571
rung-00100,answer,off,0.0,g079,3,0,1,86.699
rung-00100,answer,on,1.0,g079,3,0,1,108.691
rung-00100,answer,off,0.0,g079,4,0,1,84.565
rung-00100,answer,on,1.0,g079,4,0,1,106.935
rung-00100,answer,off,0.0,g079,5,0,1,84.723
rung-00100,answer,on,1.0,g079,5,0,1,105.552
rung-00100,answer,off,0.0,g079,6,0,1,88.801
rung-00100,answer,on,1.0,g079,6,0,1,105.411
rung-00100,answer,off,0.0,g079,7,0,1,85.544
rung-00100,answer,on,1.0,g079,7,0,1,106.663
rung-00100,answer,off,0.0,g079,8,0,1,86.349
rung-00100,answer,on,1.0,g079,8,0,1,105.248
rung-00100,answer,off,0.0,g079,9,0,1,85.524
rung-00100,answer,on,1.0,g079,9,0,1,105.378
rung-00100,answer,off,0.0,g080,0,1,1,81.721
rung-00100,answer,on,1.0,g080,0,1,1,99.658
rung-00100,answer,off,0.0,g080,1,1,1,80.624
rung-00100,answer,on,1.0,g080,1,1,1,98.677
rung-00100,answer,off,0.0,g080,2,1,1,83.137
rung-00100,answer,on,1.0,g080,2,1,1,106.529
rung-00100,answer,off,0.0,g080,3,0,1,80.693
rung-00100,answer,on,1.0,g080,3,0,1,99.600
rung-00100,answer,off,0.0,g080,4,0,1,82.248
rung-00100,answer,on,1.0,g080,4,0,1,99.863
rung-00100,answer,off,0.0,g080,5,0,1,81.272
rung-00100,answer,on,1.0,g080,5,0,1,99.591
rung-00100,answer,off,0.0,g080,6,0,1,80.293
rung-00100,answer,on,1.0,g080,6,0,1,100.056
rung-00100,answer,off,0.0,g080,7,0,1,81.364
rung-00100,answer,on,1.0,g080,7,0,1,99.269
rung-00100,answer,off,0.0,g080,8,0,1,82.002
rung-00100,answer,on,1.0,g080,8,0,1,99.731
rung-00100,answer,off,0.0,g080,9,0,1,82.131
rung-00100,answer,on,1.0,g080,9,0,1,100.872
rung-00100,answer,off,0.0,g081,0,1,1,84.355
rung-00100,answer,on,1.0,g081,0,1,1,100.272
rung-00100,answer,off,0.0,g081,1,1,1,82.292
rung-00100,answer,on,1.0,g081,1,1,1,99.879
rung-00100,answer,off,0.0,g081,2,1,1,83.689
rung-00100,answer,on,1.0,g081,2,1,1,98.154
rung-00100,answer,off,0.0,g081,3,0,1,83.802
rung-00100,answer,on,1.0,g081,3,0,1,100.616
rung-00100,answer,off,0.0,g081,4,0,1,82.572
rung-00100,answer,on,1.0,g081,4,0,1,100.156
rung-00100,answer,off,0.0,g081,5,0,1,83.525
rung-00100,answer,on,1.0,g081,5,0,1,100.165
rung-00100,answer,off,0.0,g081,6,0,1,83.295
rung-00100,answer,on,1.0,g081,6,0,1,98.413
rung-00100,answer,off,0.0,g081,7,0,1,83.815
rung-00100,answer,on,1.0,g081,7,0,1,99.208
rung-00100,answer,off,0.0,g081,8,0,1,82.477
rung-00100,answer,on,1.0,g081,8,0,1,99.952
rung-00100,answer,off,0.0,g081,9,0,1,82.605
rung-00100,answer,on,1.0,g081,9,0,1,99.487
rung-00100,answer,off,0.0,g082,0,1,1,81.567
rung-00100,answer,on,1.0,g082,0,1,1,100.802
rung-00100,answer,off,0.0,g082,1,1,1,81.968
rung-00100,answer,on,1.0,g082,1,1,1,101.339
rung-00100,answer,off,0.0,g082,2,1,1,81.386
rung-00100,answer,on,1.0,g082,2,1,1,100.436
rung-00100,answer,off,0.0,g082,3,0,1,82.228
rung-00100,answer,on,1.0,g082,3,0,1,100.223
rung-00100,answer,off,0.0,g082,4,0,1,83.007
rung-00100,answer,on,1.0,g082,4,0,1,101.231
rung-00100,answer,off,0.0,g082,5,0,1,81.775
rung-00100,answer,on,1.0,g082,5,0,1,100.615
rung-00100,answer,off,0.0,g082,6,0,1,82.404
rung-00100,answer,on,1.0,g082,6,0,1,99.760
rung-00100,answer,off,0.0,g082,7,0,1,82.007
rung-00100,answer,on,1.0,g082,7,0,1,100.478
rung-00100,answer,off,0.0,g082,8,0,1,81.424
rung-00100,answer,on,1.0,g082,8,0,1,100.168
rung-00100,answer,off,0.0,g082,9,0,1,82.733
rung-00100,answer,on,1.0,g082,9,0,1,100.757
rung-00100,answer,off,0.0,g083,0,1,1,81.085
rung-00100,answer,on,1.0,g083,0,1,1,89.441
rung-00100,answer,off,0.0,g083,1,1,1,80.502
rung-00100,answer,on,1.0,g083,1,1,1,86.496
rung-00100,answer,off,0.0,g083,2,1,1,80.085
rung-00100,answer,on,1.0,g083,2,1,1,87.631
rung-00100,answer,off,0.0,g083,3,0,1,78.600
rung-00100,answer,on,1.0,g083,3,0,1,88.029
rung-00100,answer,off,0.0,g083,4,0,1,79.202
rung-00100,answer,on,1.0,g083,4,0,1,88.778
rung-00100,answer,off,0.0,g083,5,0,1,78.943
rung-00100,answer,on,1.0,g083,5,0,1,89.488
rung-00100,answer,off,0.0,g083,6,0,1,81.875
rung-00100,answer,on,1.0,g083,6,0,1,86.849
rung-00100,answer,off,0.0,g083,7,0,1,81.084
rung-00100,answer,on,1.0,g083,7,0,1,91.458
rung-00100,answer,off,0.0,g083,8,0,1,82.421
rung-00100,answer,on,1.0,g083,8,0,1,90.614
rung-00100,answer,off,0.0,g083,9,0,1,81.306
rung-00100,answer,on,1.0,g083,9,0,1,88.148
rung-00100,answer,off,0.0,g084,0,1,1,82.785
rung-00100,answer,on,1.0,g084,0,1,1,105.634
rung-00100,answer,off,0.0,g084,1,1,1,80.425
rung-00100,answer,on,1.0,g084,1,1,1,103.770
rung-00100,answer,off,0.0,g084,2,1,1,81.545
rung-00100,answer,on,1.0,g084,2,1,1,102.499
rung-00100,answer,off,0.0,g084,3,0,1,81.464
rung-00100,answer,on,1.0,g084,3,0,1,107.542
rung-00100,answer,off,0.0,g084,4,0,1,85.234
rung-00100,answer,on,1.0,g084,4,0,1,109.438
rung-00100,answer,off,0.0,g084,5,0,1,88.545
rung-00100,answer,on,1.0,g084,5,0,1,121.986
rung-00100,answer,off,0.0,g084,6,0,1,85.743
rung-00100,answer,on,1.0,g084,6,0,1,118.872
rung-00100,answer,off,0.0,g084,7,0,1,101.206
rung-00100,answer,on,1.0,g084,7,0,1,107.063
rung-00100,answer,off,0.0,g084,8,0,1,80.950
rung-00100,answer,on,1.0,g084,8,0,1,103.936
rung-00100,answer,off,0.0,g084,9,0,1,81.465
rung-00100,answer,on,1.0,g084,9,0,1,103.141
rung-00100,answer,off,0.0,g085,0,1,1,90.289
rung-00100,answer,on,1.0,g085,0,1,1,110.355
rung-00100,answer,off,0.0,g085,1,1,1,100.944
rung-00100,answer,on,1.0,g085,1,1,1,110.835
rung-00100,answer,off,0.0,g085,2,1,1,86.616
rung-00100,answer,on,1.0,g085,2,1,1,111.489
rung-00100,answer,off,0.0,g085,3,0,1,86.358
rung-00100,answer,on,1.0,g085,3,0,1,107.840
rung-00100,answer,off,0.0,g085,4,0,1,85.222
rung-00100,answer,on,1.0,g085,4,0,1,117.268
rung-00100,answer,off,0.0,g085,5,0,1,103.058
rung-00100,answer,on,1.0,g085,5,0,1,114.961
rung-00100,answer,off,0.0,g085,6,0,1,87.380
rung-00100,answer,on,1.0,g085,6,0,1,109.115
rung-00100,answer,off,0.0,g085,7,0,1,88.976
rung-00100,answer,on,1.0,g085,7,0,1,107.842
rung-00100,answer,off,0.0,g085,8,0,1,84.689
rung-00100,answer,on,1.0,g085,8,0,1,108.552
rung-00100,answer,off,0.0,g085,9,0,1,86.139
rung-00100,answer,on,1.0,g085,9,0,1,122.962
rung-00100,answer,off,0.0,g086,0,1,1,85.279
rung-00100,answer,on,1.0,g086,0,1,1,104.554
rung-00100,answer,off,0.0,g086,1,1,1,90.559
rung-00100,answer,on,1.0,g086,1,1,1,117.747
rung-00100,answer,off,0.0,g086,2,1,1,84.233
rung-00100,answer,on,1.0,g086,2,1,1,103.928
rung-00100,answer,off,0.0,g086,3,0,1,86.856
rung-00100,answer,on,1.0,g086,3,0,1,105.974
rung-00100,answer,off,0.0,g086,4,0,1,83.245
rung-00100,answer,on,1.0,g086,4,0,1,104.460
rung-00100,answer,off,0.0,g086,5,0,1,82.610
rung-00100,answer,on,1.0,g086,5,0,1,102.360
rung-00100,answer,off,0.0,g086,6,0,1,85.315
rung-00100,answer,on,1.0,g086,6,0,1,102.069
rung-00100,answer,off,0.0,g086,7,0,1,83.744
rung-00100,answer,on,1.0,g086,7,0,1,103.727
rung-00100,answer,off,0.0,g086,8,0,1,83.380
rung-00100,answer,on,1.0,g086,8,0,1,104.231
rung-00100,answer,off,0.0,g086,9,0,1,84.310
rung-00100,answer,on,1.0,g086,9,0,1,102.673
rung-00100,answer,off,0.0,g087,0,1,1,83.578
rung-00100,answer,on,1.0,g087,0,1,1,103.617
rung-00100,answer,off,0.0,g087,1,1,1,84.207
rung-00100,answer,on,1.0,g087,1,1,1,98.395
rung-00100,answer,off,0.0,g087,2,1,1,83.546
rung-00100,answer,on,1.0,g087,2,1,1,101.994
rung-00100,answer,off,0.0,g087,3,0,1,82.788
rung-00100,answer,on,1.0,g087,3,0,1,97.597
rung-00100,answer,off,0.0,g087,4,0,1,83.768
rung-00100,answer,on,1.0,g087,4,0,1,95.662
rung-00100,answer,off,0.0,g087,5,0,1,84.260
rung-00100,answer,on,1.0,g087,5,0,1,97.238
rung-00100,answer,off,0.0,g087,6,0,1,82.773
rung-00100,answer,on,1.0,g087,6,0,1,97.910
rung-00100,answer,off,0.0,g087,7,0,1,83.302
rung-00100,answer,on,1.0,g087,7,0,1,97.055
rung-00100,answer,off,0.0,g087,8,0,1,84.457
rung-00100,answer,on,1.0,g087,8,0,1,95.592
rung-00100,answer,off,0.0,g087,9,0,1,82.837
rung-00100,answer,on,1.0,g087,9,0,1,97.461
rung-00100,answer,off,0.0,g088,0,1,1,81.169
rung-00100,answer,on,1.0,g088,0,1,1,94.797
rung-00100,answer,off,0.0,g088,1,1,1,80.306
rung-00100,answer,on,1.0,g088,1,1,1,93.843
rung-00100,answer,off,0.0,g088,2,1,1,79.677
rung-00100,answer,on,1.0,g088,2,1,1,93.511
rung-00100,answer,off,0.0,g088,3,0,1,80.631
rung-00100,answer,on,1.0,g088,3,0,1,93.741
rung-00100,answer,off,0.0,g088,4,0,1,81.119
rung-00100,answer,on,1.0,g088,4,0,1,94.144
rung-00100,answer,off,0.0,g088,5,0,1,80.917
rung-00100,answer,on,1.0,g088,5,0,1,94.859
rung-00100,answer,off,0.0,g088,6,0,1,81.088
rung-00100,answer,on,1.0,g088,6,0,1,93.596
rung-00100,answer,off,0.0,g088,7,0,1,81.777
rung-00100,answer,on,1.0,g088,7,0,1,92.762
rung-00100,answer,off,0.0,g088,8,0,1,81.015
rung-00100,answer,on,1.0,g088,8,0,1,94.513
rung-00100,answer,off,0.0,g088,9,0,1,80.242
rung-00100,answer,on,1.0,g088,9,0,1,94.745
rung-00100,answer,off,0.0,g089,0,1,1,84.478
rung-00100,answer,on,1.0,g089,0,1,1,106.153
rung-00100,answer,off,0.0,g089,1,1,1,83.671
rung-00100,answer,on,1.0,g089,1,1,1,106.346
rung-00100,answer,off,0.0,g089,2,1,1,85.908
rung-00100,answer,on,1.0,g089,2,1,1,105.163
rung-00100,answer,off,0.0,g089,3,0,1,85.220
rung-00100,answer,on,1.0,g089,3,0,1,105.725
rung-00100,answer,off,0.0,g089,4,0,1,85.199
rung-00100,answer,on,1.0,g089,4,0,1,105.368
rung-00100,answer,off,0.0,g089,5,0,1,85.633
rung-00100,answer,on,1.0,g089,5,0,1,105.412
rung-00100,answer,off,0.0,g089,6,0,1,85.076
rung-00100,answer,on,1.0,g089,6,0,1,104.760
rung-00100,answer,off,0.0,g089,7,0,1,85.373
rung-00100,answer,on,1.0,g089,7,0,1,105.371
rung-00100,answer,off,0.0,g089,8,0,1,83.797
rung-00100,answer,on,1.0,g089,8,0,1,105.105
rung-00100,answer,off,0.0,g089,9,0,1,85.456
rung-00100,answer,on,1.0,g089,9,0,1,105.003
rung-00100,answer,off,0.0,g090,0,1,1,82.976
rung-00100,answer,on,1.0,g090,0,1,1,104.196
rung-00100,answer,off,0.0,g090,1,1,1,82.354
rung-00100,answer,on,1.0,g090,1,1,1,103.022
rung-00100,answer,off,0.0,g090,2,1,1,81.813
rung-00100,answer,on,1.0,g090,2,1,1,103.546
rung-00100,answer,off,0.0,g090,3,0,1,81.129
rung-00100,answer,on,1.0,g090,3,0,1,103.791
rung-00100,answer,off,0.0,g090,4,0,1,80.704
rung-00100,answer,on,1.0,g090,4,0,1,103.416
rung-00100,answer,off,0.0,g090,5,0,1,81.058
rung-00100,answer,on,1.0,g090,5,0,1,104.867
rung-00100,answer,off,0.0,g090,6,0,1,80.520
rung-00100,answer,on,1.0,g090,6,0,1,103.760
rung-00100,answer,off,0.0,g090,7,0,1,82.044
rung-00100,answer,on,1.0,g090,7,0,1,103.010
rung-00100,answer,off,0.0,g090,8,0,1,81.958
rung-00100,answer,on,1.0,g090,8,0,1,103.310
rung-00100,answer,off,0.0,g090,9,0,1,81.244
rung-00100,answer,on,1.0,g090,9,0,1,103.765
rung-00100,answer,off,0.0,g091,0,1,1,83.872
rung-00100,answer,on,1.0,g091,0,1,1,106.640
rung-00100,answer,off,0.0,g091,1,1,1,83.412
rung-00100,answer,on,1.0,g091,1,1,1,104.401
rung-00100,answer,off,0.0,g091,2,1,1,82.940
rung-00100,answer,on,1.0,g091,2,1,1,106.092
rung-00100,answer,off,0.0,g091,3,0,1,81.664
rung-00100,answer,on,1.0,g091,3,0,1,105.755
rung-00100,answer,off,0.0,g091,4,0,1,81.944
rung-00100,answer,on,1.0,g091,4,0,1,104.553
rung-00100,answer,off,0.0,g091,5,0,1,82.483
rung-00100,answer,on,1.0,g091,5,0,1,105.678
rung-00100,answer,off,0.0,g091,6,0,1,82.561
rung-00100,answer,on,1.0,g091,6,0,1,105.289
rung-00100,answer,off,0.0,g091,7,0,1,82.207
rung-00100,answer,on,1.0,g091,7,0,1,105.869
rung-00100,answer,off,0.0,g091,8,0,1,82.639
rung-00100,answer,on,1.0,g091,8,0,1,106.681
rung-00100,answer,off,0.0,g091,9,0,1,82.079
rung-00100,answer,on,1.0,g091,9,0,1,104.252
rung-00100,answer,off,0.0,g092,0,1,1,82.468
rung-00100,answer,on,1.0,g092,0,1,1,103.794
rung-00100,answer,off,0.0,g092,1,1,1,81.908
rung-00100,answer,on,1.0,g092,1,1,1,103.544
rung-00100,answer,off,0.0,g092,2,1,1,82.698
rung-00100,answer,on,1.0,g092,2,1,1,103.687
rung-00100,answer,off,0.0,g092,3,0,1,81.373
rung-00100,answer,on,1.0,g092,3,0,1,101.310
rung-00100,answer,off,0.0,g092,4,0,1,81.869
rung-00100,answer,on,1.0,g092,4,0,1,102.704
rung-00100,answer,off,0.0,g092,5,0,1,80.693
rung-00100,answer,on,1.0,g092,5,0,1,102.190
rung-00100,answer,off,0.0,g092,6,0,1,82.604
rung-00100,answer,on,1.0,g092,6,0,1,102.031
rung-00100,answer,off,0.0,g092,7,0,1,82.005
rung-00100,answer,on,1.0,g092,7,0,1,101.127
rung-00100,answer,off,0.0,g092,8,0,1,82.071
rung-00100,answer,on,1.0,g092,8,0,1,101.472
rung-00100,answer,off,0.0,g092,9,0,1,81.644
rung-00100,answer,on,1.0,g092,9,0,1,103.053
rung-00100,answer,off,0.0,g093,0,1,1,82.489
rung-00100,answer,on,1.0,g093,0,1,1,101.369
rung-00100,answer,off,0.0,g093,1,1,1,80.664
rung-00100,answer,on,1.0,g093,1,1,1,95.913
rung-00100,answer,off,0.0,g093,2,1,1,81.677
rung-00100,answer,on,1.0,g093,2,1,1,96.851
rung-00100,answer,off,0.0,g093,3,0,1,81.676
rung-00100,answer,on,1.0,g093,3,0,1,96.565
rung-00100,answer,off,0.0,g093,4,0,1,80.012
rung-00100,answer,on,1.0,g093,4,0,1,95.712
rung-00100,answer,off,0.0,g093,5,0,1,80.625
rung-00100,answer,on,1.0,g093,5,0,1,95.083
rung-00100,answer,off,0.0,g093,6,0,1,81.561
rung-00100,answer,on,1.0,g093,6,0,1,96.840
rung-00100,answer,off,0.0,g093,7,0,1,81.230
rung-00100,answer,on,1.0,g093,7,0,1,94.961
rung-00100,answer,off,0.0,g093,8,0,1,82.463
rung-00100,answer,on,1.0,g093,8,0,1,96.493
rung-00100,answer,off,0.0,g093,9,0,1,81.885
rung-00100,answer,on,1.0,g093,9,0,1,95.356
rung-00100,answer,off,0.0,g094,0,1,1,80.560
rung-00100,answer,on,1.0,g094,0,1,1,101.662
rung-00100,answer,off,0.0,g094,1,1,1,82.762
rung-00100,answer,on,1.0,g094,1,1,1,101.507
rung-00100,answer,off,0.0,g094,2,1,1,81.821
rung-00100,answer,on,1.0,g094,2,1,1,101.760
rung-00100,answer,off,0.0,g094,3,0,1,82.779
rung-00100,answer,on,1.0,g094,3,0,1,101.211
rung-00100,answer,off,0.0,g094,4,0,1,82.711
rung-00100,answer,on,1.0,g094,4,0,1,100.449
rung-00100,answer,off,0.0,g094,5,0,1,82.499
rung-00100,answer,on,1.0,g094,5,0,1,101.482
rung-00100,answer,off,0.0,g094,6,0,1,82.469
rung-00100,answer,on,1.0,g094,6,0,1,101.049
rung-00100,answer,off,0.0,g094,7,0,1,81.556
rung-00100,answer,on,1.0,g094,7,0,1,102.162
rung-00100,answer,off,0.0,g094,8,0,1,82.294
rung-00100,answer,on,1.0,g094,8,0,1,100.465
rung-00100,answer,off,0.0,g094,9,0,1,82.602
rung-00100,answer,on,1.0,g094,9,0,1,101.347
rung-00100,answer,off,0.0,g095,0,1,1,85.611
rung-00100,answer,on,1.0,g095,0,1,1,106.565
rung-00100,answer,off,0.0,g095,1,1,1,84.556
rung-00100,answer,on,1.0,g095,1,1,1,106.098
rung-00100,answer,off,0.0,g095,2,1,1,85.170
rung-00100,answer,on,1.0,g095,2,1,1,109.501
rung-00100,answer,off,0.0,g095,3,0,1,96.716
rung-00100,answer,on,1.0,g095,3,0,1,106.614
rung-00100,answer,off,0.0,g095,4,0,1,85.241
rung-00100,answer,on,1.0,g095,4,0,1,106.304
rung-00100,answer,off,0.0,g095,5,0,1,84.839
rung-00100,answer,on,1.0,g095,5,0,1,106.425
rung-00100,answer,off,0.0,g095,6,0,1,84.880
rung-00100,answer,on,1.0,g095,6,0,1,105.184
rung-00100,answer,off,0.0,g095,7,0,1,85.494
rung-00100,answer,on,1.0,g095,7,0,1,105.752
rung-00100,answer,off,0.0,g095,8,0,1,84.867
rung-00100,answer,on,1.0,g095,8,0,1,105.818
rung-00100,answer,off,0.0,g095,9,0,1,86.869
rung-00100,answer,on,1.0,g095,9,0,1,107.399
rung-00100,answer,off,0.0,g096,0,1,1,81.536
rung-00100,answer,on,1.0,g096,0,1,1,105.476
rung-00100,answer,off,0.0,g096,1,1,1,84.906
rung-00100,answer,on,1.0,g096,1,1,1,100.692
rung-00100,answer,off,0.0,g096,2,1,1,81.534
rung-00100,answer,on,1.0,g096,2,1,1,98.636
rung-00100,answer,off,0.0,g096,3,0,1,81.691
rung-00100,answer,on,1.0,g096,3,0,1,100.315
rung-00100,answer,off,0.0,g096,4,0,1,82.030
rung-00100,answer,on,1.0,g096,4,0,1,99.437
rung-00100,answer,off,0.0,g096,5,0,1,81.310
rung-00100,answer,on,1.0,g096,5,0,1,100.417
rung-00100,answer,off,0.0,g096,6,0,1,82.289
rung-00100,answer,on,1.0,g096,6,0,1,99.794
rung-00100,answer,off,0.0,g096,7,0,1,82.139
rung-00100,answer,on,1.0,g096,7,0,1,99.021
rung-00100,answer,off,0.0,g096,8,0,1,82.329
rung-00100,answer,on,1.0,g096,8,0,1,99.546
rung-00100,answer,off,0.0,g096,9,0,1,81.632
rung-00100,answer,on,1.0,g096,9,0,1,99.327
rung-00100,answer,off,0.0,g097,0,1,1,82.131
rung-00100,answer,on,1.0,g097,0,1,1,94.797
rung-00100,answer,off,0.0,g097,1,1,1,80.015
rung-00100,answer,on,1.0,g097,1,1,1,93.106
rung-00100,answer,off,0.0,g097,2,1,1,81.286
rung-00100,answer,on,1.0,g097,2,1,1,92.937
rung-00100,answer,off,0.0,g097,3,0,1,81.357
rung-00100,answer,on,1.0,g097,3,0,1,91.923
rung-00100,answer,off,0.0,g097,4,0,1,80.417
rung-00100,answer,on,1.0,g097,4,0,1,92.728
rung-00100,answer,off,0.0,g097,5,0,1,80.471
rung-00100,answer,on,1.0,g097,5,0,1,93.007
rung-00100,answer,off,0.0,g097,6,0,1,83.122
rung-00100,answer,on,1.0,g097,6,0,1,93.015
rung-00100,answer,off,0.0,g097,7,0,1,80.914
rung-00100,answer,on,1.0,g097,7,0,1,94.276
rung-00100,answer,off,0.0,g097,8,0,1,80.508
rung-00100,answer,on,1.0,g097,8,0,1,91.629
rung-00100,answer,off,0.0,g097,9,0,1,81.907
rung-00100,answer,on,1.0,g097,9,0,1,93.744
rung-00100,answer,off,0.0,g098,0,1,1,80.725
rung-00100,answer,on,1.0,g098,0,1,1,102.911
rung-00100,answer,off,0.0,g098,1,1,1,82.037
rung-00100,answer,on,1.0,g098,1,1,1,101.843
rung-00100,answer,off,0.0,g098,2,1,1,82.318
rung-00100,answer,on,1.0,g098,2,1,1,102.951
rung-00100,answer,off,0.0,g098,3,0,1,81.694
rung-00100,answer,on,1.0,g098,3,0,1,101.338
rung-00100,answer,off,0.0,g098,4,0,1,81.706
rung-00100,answer,on,1.0,g098,4,0,1,102.474
rung-00100,answer,off,0.0,g098,5,0,1,80.662
rung-00100,answer,on,1.0,g098,5,0,1,101.645
rung-00100,answer,off,0.0,g098,6,0,1,81.763
rung-00100,answer,on,1.0,g098,6,0,1,102.777
rung-00100,answer,off,0.0,g098,7,0,1,82.238
rung-00100,answer,on,1.0,g098,7,0,1,101.441
rung-00100,answer,off,0.0,g098,8,0,1,82.943
rung-00100,answer,on,1.0,g098,8,0,1,102.048
rung-00100,answer,off,0.0,g098,9,0,1,82.578
rung-00100,answer,on,1.0,g098,9,0,1,101.558
rung-00100,answer,off,0.0,g099,0,1,1,85.448
rung-00100,answer,on,1.0,g099,0,1,1,107.820
rung-00100,answer,off,0.0,g099,1,1,1,84.495
rung-00100,answer,on,1.0,g099,1,1,1,107.067
rung-00100,answer,off,0.0,g099,2,1,1,83.381
rung-00100,answer,on,1.0,g099,2,1,1,108.755
rung-00100,answer,off,0.0,g099,3,0,1,83.860
rung-00100,answer,on,1.0,g099,3,0,1,108.150
rung-00100,answer,off,0.0,g099,4,0,1,83.230
rung-00100,answer,on,1.0,g099,4,0,1,106.698
rung-00100,answer,off,0.0,g099,5,0,1,83.301
rung-00100,answer,on,1.0,g099,5,0,1,108.761
rung-00100,answer,off,0.0,g099,6,0,1,83.220
rung-00100,answer,on,1.0,g099,6,0,1,108.192
rung-00100,answer,off,0.0,g099,7,0,1,83.719
rung-00100,answer,on,1.0,g099,7,0,1,107.690
rung-00100,answer,off,0.0,g099,8,0,1,83.765
rung-00100,answer,on,1.0,g099,8,0,1,108.040
rung-00100,answer,off,0.0,g099,9,0,1,84.138
rung-00100,answer,on,1.0,g099,9,0,1,108.606
rung-00100,answer,off,0.0,g100,0,1,1,81.023
rung-00100,answer,on,1.0,g100,0,1,1,96.116
rung-00100,answer,off,0.0,g100,1,1,1,79.999
rung-00100,answer,on,1.0,g100,1,1,1,96.089
rung-00100,answer,off,0.0,g100,2,1,1,82.362
rung-00100,answer,on,1.0,g100,2,1,1,96.879
rung-00100,answer,off,0.0,g100,3,0,1,81.674
rung-00100,answer,on,1.0,g100,3,0,1,95.075
rung-00100,answer,off,0.0,g100,4,0,1,81.038
rung-00100,answer,on,1.0,g100,4,0,1,96.277
rung-00100,answer,off,0.0,g100,5,0,1,79.741
rung-00100,answer,on,1.0,g100,5,0,1,95.879
rung-00100,answer,off,0.0,g100,6,0,1,80.760
rung-00100,answer,on,1.0,g100,6,0,1,94.822
rung-00100,answer,off,0.0,g100,7,0,1,81.296
rung-00100,answer,on,1.0,g100,7,0,1,94.965
rung-00100,answer,off,0.0,g100,8,0,1,80.564
rung-00100,answer,on,1.0,g100,8,0,1,94.831
rung-00100,answer,off,0.0,g100,9,0,1,81.376
rung-00100,answer,on,1.0,g100,9,0,1,95.732
rung-00100,answer,off,0.0,g101,0,1,1,81.503
rung-00100,answer,on,1.0,g101,0,1,1,100.233
rung-00100,answer,off,0.0,g101,1,1,1,80.415
rung-00100,answer,on,1.0,g101,1,1,1,99.862
rung-00100,answer,off,0.0,g101,2,1,1,81.450
rung-00100,answer,on,1.0,g101,2,1,1,99.805
rung-00100,answer,off,0.0,g101,3,0,1,81.608
rung-00100,answer,on,1.0,g101,3,0,1,99.708
rung-00100,answer,off,0.0,g101,4,0,1,81.616
rung-00100,answer,on,1.0,g101,4,0,1,100.775
rung-00100,answer,off,0.0,g101,5,0,1,81.104
rung-00100,answer,on,1.0,g101,5,0,1,100.866
rung-00100,answer,off,0.0,g101,6,0,1,81.076
rung-00100,answer,on,1.0,g101,6,0,1,99.830
rung-00100,answer,off,0.0,g101,7,0,1,82.221
rung-00100,answer,on,1.0,g101,7,0,1,98.639
rung-00100,answer,off,0.0,g101,8,0,1,82.315
rung-00100,answer,on,1.0,g101,8,0,1,100.580
rung-00100,answer,off,0.0,g101,9,0,1,80.478
rung-00100,answer,on,1.0,g101,9,0,1,99.775
rung-00100,answer,off,0.0,g102,0,1,1,81.957
rung-00100,answer,on,1.0,g102,0,1,1,95.804
rung-00100,answer,off,0.0,g102,1,1,1,80.934
rung-00100,answer,on,1.0,g102,1,1,1,95.296
rung-00100,answer,off,0.0,g102,2,1,1,79.464
rung-00100,answer,on,1.0,g102,2,1,1,94.476
rung-00100,answer,off,0.0,g102,3,0,1,79.765
rung-00100,answer,on,1.0,g102,3,0,1,95.165
rung-00100,answer,off,0.0,g102,4,0,1,79.340
rung-00100,answer,on,1.0,g102,4,0,1,94.527
rung-00100,answer,off,0.0,g102,5,0,1,80.924
rung-00100,answer,on,1.0,g102,5,0,1,96.378
rung-00100,answer,off,0.0,g102,6,0,1,80.115
rung-00100,answer,on,1.0,g102,6,0,1,94.057
rung-00100,answer,off,0.0,g102,7,0,1,81.407
rung-00100,answer,on,1.0,g102,7,0,1,94.269
rung-00100,answer,off,0.0,g102,8,0,1,79.623
rung-00100,answer,on,1.0,g102,8,0,1,94.550
rung-00100,answer,off,0.0,g102,9,0,1,80.204
rung-00100,answer,on,1.0,g102,9,0,1,93.208
rung-00100,answer,off,0.0,g103,0,1,1,85.664
rung-00100,answer,on,1.0,g103,0,1,1,105.890
rung-00100,answer,off,0.0,g103,1,1,1,84.927
rung-00100,answer,on,1.0,g103,1,1,1,106.009
rung-00100,answer,off,0.0,g103,2,1,1,83.526
rung-00100,answer,on,1.0,g103,2,1,1,106.993
rung-00100,answer,off,0.0,g103,3,0,1,83.693
rung-00100,answer,on,1.0,g103,3,0,1,104.970
rung-00100,answer,off,0.0,g103,4,0,1,84.127
rung-00100,answer,on,1.0,g103,4,0,1,106.959
rung-00100,answer,off,0.0,g103,5,0,1,83.293
rung-00100,answer,on,1.0,g103,5,0,1,106.460
rung-00100,answer,off,0.0,g103,6,0,1,84.548
rung-00100,answer,on,1.0,g103,6,0,1,105.947
rung-00100,answer,off,0.0,g103,7,0,1,84.245
rung-00100,answer,on,1.0,g103,7,0,1,106.847
rung-00100,answer,off,0.0,g103,8,0,1,82.764
rung-00100,answer,on,1.0,g103,8,0,1,105.913
rung-00100,answer,off,0.0,g103,9,0,1,84.440
rung-00100,answer,on,1.0,g103,9,0,1,106.207
rung-00100,answer,off,0.0,g104,0,1,1,82.277
rung-00100,answer,on,1.0,g104,0,1,1,99.680
rung-00100,answer,off,0.0,g104,1,1,1,82.256
rung-00100,answer,on,1.0,g104,1,1,1,99.885
rung-00100,answer,off,0.0,g104,2,1,1,82.359
rung-00100,answer,on,1.0,g104,2,1,1,100.374
rung-00100,answer,off,0.0,g104,3,0,1,80.531
rung-00100,answer,on,1.0,g104,3,0,1,100.557
rung-00100,answer,off,0.0,g104,4,0,1,81.491
rung-00100,answer,on,1.0,g104,4,0,1,99.487
rung-00100,answer,off,0.0,g104,5,0,1,80.761
rung-00100,answer,on,1.0,g104,5,0,1,100.993
rung-00100,answer,off,0.0,g104,6,0,1,81.486
rung-00100,answer,on,1.0,g104,6,0,1,99.163
rung-00100,answer,off,0.0,g104,7,0,1,81.151
rung-00100,answer,on,1.0,g104,7,0,1,100.922
rung-00100,answer,off,0.0,g104,8,0,1,81.222
rung-00100,answer,on,1.0,g104,8,0,1,99.005
rung-00100,answer,off,0.0,g104,9,0,1,81.599
rung-00100,answer,on,1.0,g104,9,0,1,99.807
rung-00100,answer,off,0.0,g105,0,1,1,83.139
rung-00100,answer,on,1.0,g105,0,1,1,100.447
rung-00100,answer,off,0.0,g105,1,1,1,82.695
rung-00100,answer,on,1.0,g105,1,1,1,100.686
rung-00100,answer,off,0.0,g105,2,1,1,81.852
rung-00100,answer,on,1.0,g105,2,1,1,104.943
rung-00100,answer,off,0.0,g105,3,0,1,91.888
rung-00100,answer,on,1.0,g105,3,0,1,100.203
rung-00100,answer,off,0.0,g105,4,0,1,81.343
rung-00100,answer,on,1.0,g105,4,0,1,99.756
rung-00100,answer,off,0.0,g105,5,0,1,81.962
rung-00100,answer,on,1.0,g105,5,0,1,101.545
rung-00100,answer,off,0.0,g105,6,0,1,82.570
rung-00100,answer,on,1.0,g105,6,0,1,100.831
rung-00100,answer,off,0.0,g105,7,0,1,82.037
rung-00100,answer,on,1.0,g105,7,0,1,100.664
rung-00100,answer,off,0.0,g105,8,0,1,83.550
rung-00100,answer,on,1.0,g105,8,0,1,101.268
rung-00100,answer,off,0.0,g105,9,0,1,81.697
rung-00100,answer,on,1.0,g105,9,0,1,100.636
rung-00100,answer,off,0.0,g106,0,1,1,82.252
rung-00100,answer,on,1.0,g106,0,1,1,94.190
rung-00100,answer,off,0.0,g106,1,1,1,80.614
rung-00100,answer,on,1.0,g106,1,1,1,95.006
rung-00100,answer,off,0.0,g106,2,1,1,80.137
rung-00100,answer,on,1.0,g106,2,1,1,97.588
rung-00100,answer,off,0.0,g106,3,0,1,82.054
rung-00100,answer,on,1.0,g106,3,0,1,95.564
rung-00100,answer,off,0.0,g106,4,0,1,80.752
rung-00100,answer,on,1.0,g106,4,0,1,95.327
rung-00100,answer,off,0.0,g106,5,0,1,81.417
rung-00100,answer,on,1.0,g106,5,0,1,95.566
rung-00100,answer,off,0.0,g106,6,0,1,79.664
rung-00100,answer,on,1.0,g106,6,0,1,94.962
rung-00100,answer,off,0.0,g106,7,0,1,80.172
rung-00100,answer,on,1.0,g106,7,0,1,94.195
rung-00100,answer,off,0.0,g106,8,0,1,80.348
rung-00100,answer,on,1.0,g106,8,0,1,95.439
rung-00100,answer,off,0.0,g106,9,0,1,81.249
rung-00100,answer,on,1.0,g106,9,0,1,97.071
rung-00100,answer,off,0.0,g107,0,1,1,85.042
rung-00100,answer,on,1.0,g107,0,1,1,113.756
rung-00100,answer,off,0.0,g107,1,1,1,87.141
rung-00100,answer,on,1.0,g107,1,1,1,106.968
rung-00100,answer,off,0.0,g107,2,1,1,85.938
rung-00100,answer,on,1.0,g107,2,1,1,107.252
rung-00100,answer,off,0.0,g107,3,0,1,85.277
rung-00100,answer,on,1.0,g107,3,0,1,108.239
rung-00100,answer,off,0.0,g107,4,0,1,86.693
rung-00100,answer,on,1.0,g107,4,0,1,109.313
rung-00100,answer,off,0.0,g107,5,0,1,84.544
rung-00100,answer,on,1.0,g107,5,0,1,108.363
rung-00100,answer,off,0.0,g107,6,0,1,84.981
rung-00100,answer,on,1.0,g107,6,0,1,107.457
rung-00100,answer,off,0.0,g107,7,0,1,85.934
rung-00100,answer,on,1.0,g107,7,0,1,108.700
rung-00100,answer,off,0.0,g107,8,0,1,84.467
rung-00100,answer,on,1.0,g107,8,0,1,107.916
rung-00100,answer,off,0.0,g107,9,0,1,85.314
rung-00100,answer,on,1.0,g107,9,0,1,109.829
rung-00100,answer,off,0.0,g108,0,1,1,81.350
rung-00100,answer,on,1.0,g108,0,1,1,96.903
rung-00100,answer,off,0.0,g108,1,1,1,80.011
rung-00100,answer,on,1.0,g108,1,1,1,95.717
rung-00100,answer,off,0.0,g108,2,1,1,80.693
rung-00100,answer,on,1.0,g108,2,1,1,94.873
rung-00100,answer,off,0.0,g108,3,0,1,81.395
rung-00100,answer,on,1.0,g108,3,0,1,95.797
rung-00100,answer,off,0.0,g108,4,0,1,80.527
rung-00100,answer,on,1.0,g108,4,0,1,94.372
rung-00100,answer,off,0.0,g108,5,0,1,81.967
rung-00100,answer,on,1.0,g108,5,0,1,95.577
rung-00100,answer,off,0.0,g108,6,0,1,81.621
rung-00100,answer,on,1.0,g108,6,0,1,96.481
rung-00100,answer,off,0.0,g108,7,0,1,79.950
rung-00100,answer,on,1.0,g108,7,0,1,97.703
rung-00100,answer,off,0.0,g108,8,0,1,80.651
rung-00100,answer,on,1.0,g108,8,0,1,95.268
rung-00100,answer,off,0.0,g108,9,0,1,81.362
rung-00100,answer,on,1.0,g108,9,0,1,94.738
rung-00100,answer,off,0.0,g109,0,1,1,81.068
rung-00100,answer,on,1.0,g109,0,1,1,94.949
rung-00100,answer,off,0.0,g109,1,1,1,81.547
rung-00100,answer,on,1.0,g109,1,1,1,94.985
rung-00100,answer,off,0.0,g109,2,1,1,80.080
rung-00100,answer,on,1.0,g109,2,1,1,95.162
rung-00100,answer,off,0.0,g109,3,0,1,80.132
rung-00100,answer,on,1.0,g109,3,0,1,94.366
rung-00100,answer,off,0.0,g109,4,0,1,81.561
rung-00100,answer,on,1.0,g109,4,0,1,98.030
rung-00100,answer,off,0.0,g109,5,0,1,83.794
rung-00100,answer,on,1.0,g109,5,0,1,94.875
rung-00100,answer,off,0.0,g109,6,0,1,81.899
rung-00100,answer,on,1.0,g109,6,0,1,96.661
rung-00100,answer,off,0.0,g109,7,0,1,80.388
rung-00100,answer,on,1.0,g109,7,0,1,95.341
rung-00100,answer,off,0.0,g109,8,0,1,80.521
rung-00100,answer,on,1.0,g109,8,0,1,95.874
rung-00100,answer,off,0.0,g109,9,0,1,81.340
rung-00100,answer,on,1.0,g109,9,0,1,94.665
rung-00100,answer,off,0.0,g110,0,1,1,80.722
rung-00100,answer,on,1.0,g110,0,1,1,98.920
rung-00100,answer,off,0.0,g110,1,1,1,79.943
rung-00100,answer,on,1.0,g110,1,1,1,97.964
rung-00100,answer,off,0.0,g110,2,1,1,79.970
rung-00100,answer,on,1.0,g110,2,1,1,97.712
rung-00100,answer,off,0.0,g110,3,0,1,81.648
rung-00100,answer,on,1.0,g110,3,0,1,97.674
rung-00100,answer,off,0.0,g110,4,0,1,81.731
rung-00100,answer,on,1.0,g110,4,0,1,96.676
rung-00100,answer,off,0.0,g110,5,0,1,80.522
rung-00100,answer,on,1.0,g110,5,0,1,98.016
rung-00100,answer,off,0.0,g110,6,0,1,80.622
rung-00100,answer,on,1.0,g110,6,0,1,98.165
rung-00100,answer,off,0.0,g110,7,0,1,80.796
rung-00100,answer,on,1.0,g110,7,0,1,96.885
rung-00100,answer,off,0.0,g110,8,0,1,80.750
rung-00100,answer,on,1.0,g110,8,0,1,97.012
rung-00100,answer,off,0.0,g110,9,0,1,80.988
rung-00100,answer,on,1.0,g110,9,0,1,98.298
rung-00100,answer,off,0.0,g111,0,1,1,80.091
rung-00100,answer,on,1.0,g111,0,1,1,98.646
rung-00100,answer,off,0.0,g111,1,1,1,79.825
rung-00100,answer,on,1.0,g111,1,1,1,97.714
rung-00100,answer,off,0.0,g111,2,1,1,79.943
rung-00100,answer,on,1.0,g111,2,1,1,100.701
rung-00100,answer,off,0.0,g111,3,0,1,79.362
rung-00100,answer,on,1.0,g111,3,0,1,101.011
rung-00100,answer,off,0.0,g111,4,0,1,78.452
rung-00100,answer,on,1.0,g111,4,0,1,100.588
rung-00100,answer,off,0.0,g111,5,0,1,79.060
rung-00100,answer,on,1.0,g111,5,0,1,100.248
rung-00100,answer,off,0.0,g111,6,0,1,80.556
rung-00100,answer,on,1.0,g111,6,0,1,99.268
rung-00100,answer,off,0.0,g111,7,0,1,78.252
rung-00100,answer,on,1.0,g111,7,0,1,100.156
rung-00100,answer,off,0.0,g111,8,0,1,79.034
rung-00100,answer,on,1.0,g111,8,0,1,99.112
rung-00100,answer,off,0.0,g111,9,0,1,80.236
rung-00100,answer,on,1.0,g111,9,0,1,100.194
rung-00100,answer,off,0.0,g112,0,1,1,80.790
rung-00100,answer,on,1.0,g112,0,1,1,98.655
rung-00100,answer,off,0.0,g112,1,1,1,81.046
rung-00100,answer,on,1.0,g112,1,1,1,99.811
rung-00100,answer,off,0.0,g112,2,1,1,79.376
rung-00100,answer,on,1.0,g112,2,1,1,99.431
rung-00100,answer,off,0.0,g112,3,0,1,78.867
rung-00100,answer,on,1.0,g112,3,0,1,100.490
rung-00100,answer,off,0.0,g112,4,0,1,78.990
rung-00100,answer,on,1.0,g112,4,0,1,100.826
rung-00100,answer,off,0.0,g112,5,0,1,79.750
rung-00100,answer,on,1.0,g112,5,0,1,100.021
rung-00100,answer,off,0.0,g112,6,0,1,81.005
rung-00100,answer,on,1.0,g112,6,0,1,99.803
rung-00100,answer,off,0.0,g112,7,0,1,80.218
rung-00100,answer,on,1.0,g112,7,0,1,99.124
rung-00100,answer,off,0.0,g112,8,0,1,79.803
rung-00100,answer,on,1.0,g112,8,0,1,100.143
rung-00100,answer,off,0.0,g112,9,0,1,80.525
rung-00100,answer,on,1.0,g112,9,0,1,99.759
rung-00100,answer,off,0.0,g113,0,1,1,84.537
rung-00100,answer,on,1.0,g113,0,1,1,104.974
rung-00100,answer,off,0.0,g113,1,1,1,84.618
rung-00100,answer,on,1.0,g113,1,1,1,103.082
rung-00100,answer,off,0.0,g113,2,1,1,84.444
rung-00100,answer,on,1.0,g113,2,1,1,103.906
rung-00100,answer,off,0.0,g113,3,0,1,83.580
rung-00100,answer,on,1.0,g113,3,0,1,105.346
rung-00100,answer,off,0.0,g113,4,0,1,82.352
rung-00100,answer,on,1.0,g113,4,0,1,104.632
rung-00100,answer,off,0.0,g113,5,0,1,82.486
rung-00100,answer,on,1.0,g113,5,0,1,105.603
rung-00100,answer,off,0.0,g113,6,0,1,85.214
rung-00100,answer,on,1.0,g113,6,0,1,105.909
rung-00100,answer,off,0.0,g113,7,0,1,83.817
rung-00100,answer,on,1.0,g113,7,0,1,105.105
rung-00100,answer,off,0.0,g113,8,0,1,83.724
rung-00100,answer,on,1.0,g113,8,0,1,103.806
rung-00100,answer,off,0.0,g113,9,0,1,83.937
rung-00100,answer,on,1.0,g113,9,0,1,104.374
rung-00100,answer,off,0.0,g114,0,1,1,81.257
rung-00100,answer,on,1.0,g114,0,1,1,97.440
rung-00100,answer,off,0.0,g114,1,1,1,82.625
rung-00100,answer,on,1.0,g114,1,1,1,97.057
rung-00100,answer,off,0.0,g114,2,1,1,82.777
rung-00100,answer,on,1.0,g114,2,1,1,95.730
rung-00100,answer,off,0.0,g114,3,0,1,82.517
rung-00100,answer,on,1.0,g114,3,0,1,97.571
rung-00100,answer,off,0.0,g114,4,0,1,81.535
rung-00100,answer,on,1.0,g114,4,0,1,100.202
rung-00100,answer,off,0.0,g114,5,0,1,81.413
rung-00100,answer,on,1.0,g114,5,0,1,97.112
rung-00100,answer,off,0.0,g114,6,0,1,81.947
rung-00100,answer,on,1.0,g114,6,0,1,96.381
rung-00100,answer,off,0.0,g114,7,0,1,81.636
rung-00100,answer,on,1.0,g114,7,0,1,96.404
rung-00100,answer,off,0.0,g114,8,0,1,81.365
rung-00100,answer,on,1.0,g114,8,0,1,96.961
rung-00100,answer,off,0.0,g114,9,0,1,81.779
rung-00100,answer,on,1.0,g114,9,0,1,97.447
rung-00100,answer,off,0.0,g115,0,1,1,80.786
rung-00100,answer,on,1.0,g115,0,1,1,95.612
rung-00100,answer,off,0.0,g115,1,1,1,81.285
rung-00100,answer,on,1.0,g115,1,1,1,95.544
rung-00100,answer,off,0.0,g115,2,1,1,82.388
rung-00100,answer,on,1.0,g115,2,1,1,95.329
rung-00100,answer,off,0.0,g115,3,0,1,82.579
rung-00100,answer,on,1.0,g115,3,0,1,94.532
rung-00100,answer,off,0.0,g115,4,0,1,82.207
rung-00100,answer,on,1.0,g115,4,0,1,94.997
rung-00100,answer,off,0.0,g115,5,0,1,80.916
rung-00100,answer,on,1.0,g115,5,0,1,95.811
rung-00100,answer,off,0.0,g115,6,0,1,81.214
rung-00100,answer,on,1.0,g115,6,0,1,94.692
rung-00100,answer,off,0.0,g115,7,0,1,82.081
rung-00100,answer,on,1.0,g115,7,0,1,99.348
rung-00100,answer,off,0.0,g115,8,0,1,93.275
rung-00100,answer,on,1.0,g115,8,0,1,95.774
rung-00100,answer,off,0.0,g115,9,0,1,82.396
rung-00100,answer,on,1.0,g115,9,0,1,94.744
rung-00100,answer,off,0.0,g116,0,1,1,82.477
rung-00100,answer,on,1.0,g116,0,1,1,104.774
rung-00100,answer,off,0.0,g116,1,1,1,82.744
rung-00100,answer,on,1.0,g116,1,1,1,103.612
rung-00100,answer,off,0.0,g116,2,1,1,83.533
rung-00100,answer,on,1.0,g116,2,1,1,105.021
rung-00100,answer,off,0.0,g116,3,0,1,84.040
rung-00100,answer,on,1.0,g116,3,0,1,105.061
rung-00100,answer,off,0.0,g116,4,0,1,83.284
rung-00100,answer,on,1.0,g116,4,0,1,104.395
rung-00100,answer,off,0.0,g116,5,0,1,83.958
rung-00100,answer,on,1.0,g116,5,0,1,103.989
rung-00100,answer,off,0.0,g116,6,0,1,82.849
rung-00100,answer,on,1.0,g116,6,0,1,105.251
rung-00100,answer,off,0.0,g116,7,0,1,83.186
rung-00100,answer,on,1.0,g116,7,0,1,105.459
rung-00100,answer,off,0.0,g116,8,0,1,82.709
rung-00100,answer,on,1.0,g116,8,0,1,105.609
rung-00100,answer,off,0.0,g116,9,0,1,82.968
rung-00100,answer,on,1.0,g116,9,0,1,106.334
rung-00100,answer,off,0.0,g117,0,1,1,81.219
rung-00100,answer,on,1.0,g117,0,1,1,96.126
rung-00100,answer,off,0.0,g117,1,1,1,80.511
rung-00100,answer,on,1.0,g117,1,1,1,96.939
rung-00100,answer,off,0.0,g117,2,1,1,81.000
rung-00100,answer,on,1.0,g117,2,1,1,95.431
rung-00100,answer,off,0.0,g117,3,0,1,82.107
rung-00100,answer,on,1.0,g117,3,0,1,96.037
rung-00100,answer,off,0.0,g117,4,0,1,82.348
rung-00100,answer,on,1.0,g117,4,0,1,96.352
rung-00100,answer,off,0.0,g117,5,0,1,80.478
rung-00100,answer,on,1.0,g117,5,0,1,97.581
rung-00100,answer,off,0.0,g117,6,0,1,80.876
rung-00100,answer,on,1.0,g117,6,0,1,95.837
rung-00100,answer,off,0.0,g117,7,0,1,82.404
rung-00100,answer,on,1.0,g117,7,0,1,97.308
rung-00100,answer,off,0.0,g117,8,0,1,80.680
rung-00100,answer,on,1.0,g117,8,0,1,97.229
rung-00100,answer,off,0.0,g117,9,0,1,81.155
rung-00100,answer,on,1.0,g117,9,0,1,96.647
rung-00100,answer,off,0.0,g118,0,1,1,81.663
rung-00100,answer,on,1.0,g118,0,1,1,103.268
rung-00100,answer,off,0.0,g118,1,1,1,84.746
rung-00100,answer,on,1.0,g118,1,1,1,97.639
rung-00100,answer,off,0.0,g118,2,1,1,81.975
rung-00100,answer,on,1.0,g118,2,1,1,98.878
rung-00100,answer,off,0.0,g118,3,0,1,80.558
rung-00100,answer,on,1.0,g118,3,0,1,99.169
rung-00100,answer,off,0.0,g118,4,0,1,81.958
rung-00100,answer,on,1.0,g118,4,0,1,99.865
rung-00100,answer,off,0.0,g118,5,0,1,83.068
rung-00100,answer,on,1.0,g118,5,0,1,98.963
rung-00100,answer,off,0.0,g118,6,0,1,82.819
rung-00100,answer,on,1.0,g118,6,0,1,97.500
rung-00100,answer,off,0.0,g118,7,0,1,82.265
rung-00100,answer,on,1.0,g118,7,0,1,100.583
rung-00100,answer,off,0.0,g118,8,0,1,82.824
rung-00100,answer,on,1.0,g118,8,0,1,98.710
rung-00100,answer,off,0.0,g118,9,0,1,81.725
rung-00100,answer,on,1.0,g118,9,0,1,98.602
rung-00100,answer,off,0.0,g119,0,1,1,84.156
rung-00100,answer,on,1.0,g119,0,1,1,105.297
rung-00100,answer,off,0.0,g119,1,1,1,83.428
rung-00100,answer,on,1.0,g119,1,1,1,104.600
rung-00100,answer,off,0.0,g119,2,1,1,83.114
rung-00100,answer,on,1.0,g119,2,1,1,104.517
rung-00100,answer,off,0.0,g119,3,0,1,83.197
rung-00100,answer,on,1.0,g119,3,0,1,103.377
rung-00100,answer,off,0.0,g119,4,0,1,83.890
rung-00100,answer,on,1.0,g119,4,0,1,103.023
rung-00100,answer,off,0.0,g119,5,0,1,84.997
rung-00100,answer,on,1.0,g119,5,0,1,103.258
rung-00100,answer,off,0.0,g119,6,0,1,84.675
rung-00100,answer,on,1.0,g119,6,0,1,103.838
rung-00100,answer,off,0.0,g119,7,0,1,83.150
rung-00100,answer,on,1.0,g119,7,0,1,103.810
rung-00100,answer,off,0.0,g119,8,0,1,82.764
rung-00100,answer,on,1.0,g119,8,0,1,102.550
rung-00100,answer,off,0.0,g119,9,0,1,84.358
rung-00100,answer,on,1.0,g119,9,0,1,103.277
rung-00100,answer,off,0.0,g120,0,1,1,84.065
rung-00100,answer,on,1.0,g120,0,1,1,107.021
rung-00100,answer,off,0.0,g120,1,1,1,83.580
rung-00100,answer,on,1.0,g120,1,1,1,107.759
rung-00100,answer,off,0.0,g120,2,1,1,83.449
rung-00100,answer,on,1.0,g120,2,1,1,105.694
rung-00100,answer,off,0.0,g120,3,0,1,84.375
rung-00100,answer,on,1.0,g120,3,0,1,106.486
rung-00100,answer,off,0.0,g120,4,0,1,83.581
rung-00100,answer,on,1.0,g120,4,0,1,107.097
rung-00100,answer,off,0.0,g120,5,0,1,83.763
rung-00100,answer,on,1.0,g120,5,0,1,105.537
rung-00100,answer,off,0.0,g120,6,0,1,83.452
rung-00100,answer,on,1.0,g120,6,0,1,107.620
rung-00100,answer,off,0.0,g120,7,0,1,82.949
rung-00100,answer,on,1.0,g120,7,0,1,106.661
rung-00100,answer,off,0.0,g120,8,0,1,82.908
rung-00100,answer,on,1.0,g120,8,0,1,106.394
rung-00100,answer,off,0.0,g120,9,0,1,82.877
rung-00100,answer,on,1.0,g120,9,0,1,106.967
rung-00100,answer,off,0.0,g121,0,1,1,81.376
rung-00100,answer,on,1.0,g121,0,1,1,100.247
rung-00100,answer,off,0.0,g121,1,1,1,80.893
rung-00100,answer,on,1.0,g121,1,1,1,100.929
rung-00100,answer,off,0.0,g121,2,1,1,81.556
rung-00100,answer,on,1.0,g121,2,1,1,99.757
rung-00100,answer,off,0.0,g121,3,0,1,81.193
rung-00100,answer,on,1.0,g121,3,0,1,100.299
rung-00100,answer,off,0.0,g121,4,0,1,80.056
rung-00100,answer,on,1.0,g121,4,0,1,100.105
rung-00100,answer,off,0.0,g121,5,0,1,102.424
rung-00100,answer,on,1.0,g121,5,0,1,103.726
rung-00100,answer,off,0.0,g121,6,0,1,81.937
rung-00100,answer,on,1.0,g121,6,0,1,101.159
rung-00100,answer,off,0.0,g121,7,0,1,83.183
rung-00100,answer,on,1.0,g121,7,0,1,103.521
rung-00100,answer,off,0.0,g121,8,0,1,80.948
rung-00100,answer,on,1.0,g121,8,0,1,100.306
rung-00100,answer,off,0.0,g121,9,0,1,83.383
rung-00100,answer,on,1.0,g121,9,0,1,100.571
rung-00100,answer,off,0.0,g122,0,1,1,83.786
rung-00100,answer,on,1.0,g122,0,1,1,91.827
rung-00100,answer,off,0.0,g122,1,1,1,81.469
rung-00100,answer,on,1.0,g122,1,1,1,89.252
rung-00100,answer,off,0.0,g122,2,1,1,82.432
rung-00100,answer,on,1.0,g122,2,1,1,91.077
rung-00100,answer,off,0.0,g122,3,0,1,80.077
rung-00100,answer,on,1.0,g122,3,0,1,90.795
rung-00100,answer,off,0.0,g122,4,0,1,79.637
rung-00100,answer,on,1.0,g122,4,0,1,90.689
rung-00100,answer,off,0.0,g122,5,0,1,79.482
rung-00100,answer,on,1.0,g122,5,0,1,90.745
rung-00100,answer,off,0.0,g122,6,0,1,80.309
rung-00100,answer,on,1.0,g122,6,0,1,89.454
rung-00100,answer,off,0.0,g122,7,0,1,81.178
rung-00100,answer,on,1.0,g122,7,0,1,88.887
rung-00100,answer,off,0.0,g122,8,0,1,81.107
rung-00100,answer,on,1.0,g122,8,0,1,90.021
rung-00100,answer,off,0.0,g122,9,0,1,81.346
rung-00100,answer,on,1.0,g122,9,0,1,89.321
rung-00100,answer,off,0.0,g123,0,1,1,79.924
rung-00100,answer,on,1.0,g123,0,1,1,95.964
rung-00100,answer,off,0.0,g123,1,1,1,79.360
rung-00100,answer,on,1.0,g123,1,1,1,95.570
rung-00100,answer,off,0.0,g123,2,1,1,80.143
rung-00100,answer,on,1.0,g123,2,1,1,97.304
rung-00100,answer,off,0.0,g123,3,0,1,79.844
rung-00100,answer,on,1.0,g123,3,0,1,95.810
rung-00100,answer,off,0.0,g123,4,0,1,79.878
rung-00100,answer,on,1.0,g123,4,0,1,97.874
rung-00100,answer,off,0.0,g123,5,0,1,80.461
rung-00100,answer,on,1.0,g123,5,0,1,96.011
rung-00100,answer,off,0.0,g123,6,0,1,79.240
rung-00100,answer,on,1.0,g123,6,0,1,95.608
rung-00100,answer,off,0.0,g123,7,0,1,80.458
rung-00100,answer,on,1.0,g123,7,0,1,94.961
rung-00100,answer,off,0.0,g123,8,0,1,79.379
rung-00100,answer,on,1.0,g123,8,0,1,95.316
rung-00100,answer,off,0.0,g123,9,0,1,79.408
rung-00100,answer,on,1.0,g123,9,0,1,94.326
rung-00100,answer,off,0.0,g124,0,1,1,86.712
rung-00100,answer,on,1.0,g124,0,1,1,108.776
rung-00100,answer,off,0.0,g124,1,1,1,84.863
rung-00100,answer,on,1.0,g124,1,1,1,108.787
rung-00100,answer,off,0.0,g124,2,1,1,85.715
rung-00100,answer,on,1.0,g124,2,1,1,108.467
rung-00100,answer,off,0.0,g124,3,0,1,85.233
rung-00100,answer,on,1.0,g124,3,0,1,109.680
rung-00100,answer,off,0.0,g124,4,0,1,85.746
rung-00100,answer,on,1.0,g124,4,0,1,107.820
rung-00100,answer,off,0.0,g124,5,0,1,85.667
rung-00100,answer,on,1.0,g124,5,0,1,110.346
rung-00100,answer,off,0.0,g124,6,0,1,83.964
rung-00100,answer,on,1.0,g124,6,0,1,109.137
rung-00100,answer,off,0.0,g124,7,0,1,84.824
rung-00100,answer,on,1.0,g124,7,0,1,108.974
rung-00100,answer,off,0.0,g124,8,0,1,85.911
rung-00100,answer,on,1.0,g124,8,0,1,108.329
rung-00100,answer,off,0.0,g124,9,0,1,85.385
rung-00100,answer,on,1.0,g124,9,0,1,111.209
