run,arm,version,corpus,path,query_id,class,repeat,warmup,ms
2026-09-12-l9,A,1.0.0,docs-00200,scan,q001,rare,0,1,103.317
2026-09-12-l9,B,2.0.0-alpha.7,docs-00200,scan,q001,rare,0,1,131.683
2026-09-12-l9,A,1.0.0,docs-00200,scan,q001,rare,1,1,84.130
2026-09-12-l9,B,2.0.0-alpha.7,docs-00200,scan,q001,rare,1,1,109.326
2026-09-12-l9,A,1.0.0,docs-00200,scan,q001,rare,2,1,86.459
2026-09-12-l9,B,2.0.0-alpha.7,docs-00200,scan,q001,rare,2,1,113.119
2026-09-12-l9,A,1.0.0,docs-00200,scan,q001,rare,3,0,84.506
2026-09-12-l9,B,2.0.0-alpha.7,docs-00200,scan,q001,rare,3,0,115.163
2026-09-12-l9,A,1.0.0,docs-00200,scan,q001,rare,4,0,85.219
2026-09-12-l9,B,2.0.0-alpha.7,docs-00200,scan,q001,rare,4,0,113.743
2026-09-12-l9,A,1.0.0,docs-00200,scan,q001,rare,5,0,84.587
2026-09-12-l9,B,2.0.0-alpha.7,docs-00200,scan,q001,rare,5,0,114.655
2026-09-12-l9,A,1.0.0,docs-00200,scan,q001,rare,6,0,86.747
2026-09-12-l9,B,2.0.0-alpha.7,docs-00200,scan,q001,rare,6,0,114.147
2026-09-12-l9,A,1.0.0,docs-00200,scan,q001,rare,7,0,90.412
2026-09-12-l9,B,2.0.0-alpha.7,docs-00200,scan,q001,rare,7,0,115.892
2026-09-12-l9,A,1.0.0,docs-00200,scan,q001,rare,8,0,88.199
2026-09-12-l9,B,2.0.0-alpha.7,docs-00200,scan,q001,rare,8,0,116.312
2026-09-12-l9,A,1.0.0,docs-00200,scan,q001,rare,9,0,87.481
2026-09-12-l9,B,2.0.0-alpha.7,docs-00200,scan,q001,rare,9,0,116.698
2026-09-12-l9,A,1.0.0,docs-00200,scan,q001,rare,10,0,87.035
2026-09-12-l9,B,2.0.0-alpha.7,docs-00200,scan,q001,rare,10,0,116.526
2026-09-12-l9,A,1.0.0,docs-00200,scan,q001,rare,11,0,87.587
2026-09-12-l9,B,2.0.0-alpha.7,docs-00200,scan,q001,rare,11,0,121.112
2026-09-12-l9,A,1.0.0,docs-00200,scan,q001,rare,12,0,91.537
2026-09-12-l9,B,2.0.0-alpha.7,docs-00200,scan,q001,rare,12,0,116.490
2026-09-12-l9,A,1.0.0,docs-00200,scan,q002,rare,0,1,91.181
2026-09-12-l9,B,2.0.0-alpha.7,docs-00200,scan,q002,rare,0,1,115.237
2026-09-12-l9,A,1.0.0,docs-00200,scan,q002,rare,1,1,89.622
2026-09-12-l9,B,2.0.0-alpha.7,docs-00200,scan,q002,rare,1,1,115.201
2026-09-12-l9,A,1.0.0,docs-00200,scan,q002,rare,2,1,88.712
2026-09-12-l9,B,2.0.0-alpha.7,docs-00200,scan,q002,rare,2,1,115.232
2026-09-12-l9,A,1.0.0,docs-00200,scan,q002,rare,3,0,90.062
2026-09-12-l9,B,2.0.0-alpha.7,docs-00200,scan,q002,rare,3,0,117.304
2026-09-12-l9,A,1.0.0,docs-00200,scan,q002,rare,4,0,91.347
2026-09-12-l9,B,2.0.0-alpha.7,docs-00200,scan,q002,rare,4,0,118.531
2026-09-12-l9,A,1.0.0,docs-00200,scan,q002,rare,5,0,94.857
2026-09-12-l9,B,2.0.0-alpha.7,docs-00200,scan,q002,rare,5,0,121.282
2026-09-12-l9,A,1.0.0,docs-00200,scan,q002,rare,6,0,89.928
2026-09-12-l9,B,2.0.0-alpha.7,docs-00200,scan,q002,rare,6,0,113.964
2026-09-12-l9,A,1.0.0,docs-00200,scan,q002,rare,7,0,87.097
2026-09-12-l9,B,2.0.0-alpha.7,docs-00200,scan,q002,rare,7,0,124.359
2026-09-12-l9,A,1.0.0,docs-00200,scan,q002,rare,8,0,97.041
2026-09-12-l9,B,2.0.0-alpha.7,docs-00200,scan,q002,rare,8,0,127.515
2026-09-12-l9,A,1.0.0,docs-00200,scan,q002,rare,9,0,95.517
2026-09-12-l9,B,2.0.0-alpha.7,docs-00200,scan,q002,rare,9,0,119.449
2026-09-12-l9,A,1.0.0,docs-00200,scan,q002,rare,10,0,88.008
2026-09-12-l9,B,2.0.0-alpha.7,docs-00200,scan,q002,rare,10,0,114.230
2026-09-12-l9,A,1.0.0,docs-00200,scan,q002,rare,11,0,87.318
2026-09-12-l9,B,2.0.0-alpha.7,docs-00200,scan,q002,rare,11,0,114.241
2026-09-12-l9,A,1.0.0,docs-00200,scan,q002,rare,12,0,88.129
2026-09-12-l9,B,2.0.0-alpha.7,docs-00200,scan,q002,rare,12,0,114.167
2026-09-12-l9,A,1.0.0,docs-00200,scan,q003,rare,0,1,87.287
2026-09-12-l9,B,2.0.0-alpha.7,docs-00200,scan,q003,rare,0,1,114.545
2026-09-12-l9,A,1.0.0,docs-00200,scan,q003,rare,1,1,87.822
2026-09-12-l9,B,2.0.0-alpha.7,docs-00200,scan,q003,rare,1,1,114.409
2026-09-12-l9,A,1.0.0,docs-00200,scan,q003,rare,2,1,87.428
2026-09-12-l9,B,2.0.0-alpha.7,docs-00200,scan,q003,rare,2,1,114.398
2026-09-12-l9,A,1.0.0,docs-00200,scan,q003,rare,3,0,87.750
2026-09-12-l9,B,2.0.0-alpha.7,docs-00200,scan,q003,rare,3,0,122.431
2026-09-12-l9,A,1.0.0,docs-00200,scan,q003,rare,4,0,100.840
2026-09-12-l9,B,2.0.0-alpha.7,docs-00200,scan,q003,rare,4,0,141.362
2026-09-12-l9,A,1.0.0,docs-00200,scan,q003,rare,5,0,108.259
2026-09-12-l9,B,2.0.0-alpha.7,docs-00200,scan,q003,rare,5,0,141.346
2026-09-12-l9,A,1.0.0,docs-00200,scan,q003,rare,6,0,114.108
2026-09-12-l9,B,2.0.0-alpha.7,docs-00200,scan,q003,rare,6,0,140.874
2026-09-12-l9,A,1.0.0,docs-00200,scan,q003,rare,7,0,106.696
2026-09-12-l9,B,2.0.0-alpha.7,docs-00200,scan,q003,rare,7,0,137.016
2026-09-12-l9,A,1.0.0,docs-00200,scan,q003,rare,8,0,97.761
2026-09-12-l9,B,2.0.0-alpha.7,docs-00200,scan,q003,rare,8,0,129.144
2026-09-12-l9,A,1.0.0,docs-00200,scan,q003,rare,9,0,97.147
2026-09-12-l9,B,2.0.0-alpha.7,docs-00200,scan,q003,rare,9,0,126.284
2026-09-12-l9,A,1.0.0,docs-00200,scan,q003,rare,10,0,96.405
2026-09-12-l9,B,2.0.0-alpha.7,docs-00200,scan,q003,rare,10,0,126.330
2026-09-12-l9,A,1.0.0,docs-00200,scan,q003,rare,11,0,92.029
2026-09-12-l9,B,2.0.0-alpha.7,docs-00200,scan,q003,rare,11,0,115.708
2026-09-12-l9,A,1.0.0,docs-00200,scan,q003,rare,12,0,91.145
2026-09-12-l9,B,2.0.0-alpha.7,docs-00200,scan,q003,rare,12,0,127.638
2026-09-12-l9,A,1.0.0,docs-00200,scan,q004,rare,0,1,96.503
2026-09-12-l9,B,2.0.0-alpha.7,docs-00200,scan,q004,rare,0,1,125.646
2026-09-12-l9,A,1.0.0,docs-00200,scan,q004,rare,1,1,97.223
2026-09-12-l9,B,2.0.0-alpha.7,docs-00200,scan,q004,rare,1,1,131.572
2026-09-12-l9,A,1.0.0,docs-00200,scan,q004,rare,2,1,95.579
2026-09-12-l9,B,2.0.0-alpha.7,docs-00200,scan,q004,rare,2,1,128.900
2026-09-12-l9,A,1.0.0,docs-00200,scan,q004,rare,3,0,95.932
2026-09-12-l9,B,2.0.0-alpha.7,docs-00200,scan,q004,rare,3,0,123.716
2026-09-12-l9,A,1.0.0,docs-00200,scan,q004,rare,4,0,91.920
2026-09-12-l9,B,2.0.0-alpha.7,docs-00200,scan,q004,rare,4,0,130.295
2026-09-12-l9,A,1.0.0,docs-00200,scan,q004,rare,5,0,97.412
2026-09-12-l9,B,2.0.0-alpha.7,docs-00200,scan,q004,rare,5,0,124.744
2026-09-12-l9,A,1.0.0,docs-00200,scan,q004,rare,6,0,97.209
2026-09-12-l9,B,2.0.0-alpha.7,docs-00200,scan,q004,rare,6,0,132.088
2026-09-12-l9,A,1.0.0,docs-00200,scan,q004,rare,7,0,96.964
2026-09-12-l9,B,2.0.0-alpha.7,docs-00200,scan,q004,rare,7,0,125.158
2026-09-12-l9,A,1.0.0,docs-00200,scan,q004,rare,8,0,95.057
2026-09-12-l9,B,2.0.0-alpha.7,docs-00200,scan,q004,rare,8,0,130.044
2026-09-12-l9,A,1.0.0,docs-00200,scan,q004,rare,9,0,99.634
2026-09-12-l9,B,2.0.0-alpha.7,docs-00200,scan,q004,rare,9,0,124.228
2026-09-12-l9,A,1.0.0,docs-00200,scan,q004,rare,10,0,96.487
2026-09-12-l9,B,2.0.0-alpha.7,docs-00200,scan,q004,rare,10,0,127.191
2026-09-12-l9,A,1.0.0,docs-00200,scan,q004,rare,11,0,95.542
2026-09-12-l9,B,2.0.0-alpha.7,docs-00200,scan,q004,rare,11,0,124.265
2026-09-12-l9,A,1.0.0,docs-00200,scan,q004,rare,12,0,96.201
2026-09-12-l9,B,2.0.0-alpha.7,docs-00200,scan,q004,rare,12,0,124.161
2026-09-12-l9,A,1.0.0,docs-00200,scan,q005,rare,0,1,90.552
2026-09-12-l9,B,2.0.0-alpha.7,docs-00200,scan,q005,rare,0,1,115.056
2026-09-12-l9,A,1.0.0,docs-00200,scan,q005,rare,1,1,88.547
2026-09-12-l9,B,2.0.0-alpha.7,docs-00200,scan,q005,rare,1,1,114.985
2026-09-12-l9,A,1.0.0,docs-00200,scan,q005,rare,2,1,88.162
2026-09-12-l9,B,2.0.0-alpha.7,docs-00200,scan,q005,rare,2,1,117.701
2026-09-12-l9,A,1.0.0,docs-00200,scan,q005,rare,3,0,88.351
2026-09-12-l9,B,2.0.0-alpha.7,docs-00200,scan,q005,rare,3,0,113.806
2026-09-12-l9,A,1.0.0,docs-00200,scan,q005,rare,4,0,88.362
2026-09-12-l9,B,2.0.0-alpha.7,docs-00200,scan,q005,rare,4,0,114.741
2026-09-12-l9,A,1.0.0,docs-00200,scan,q005,rare,5,0,87.875
2026-09-12-l9,B,2.0.0-alpha.7,docs-00200,scan,q005,rare,5,0,115.061
2026-09-12-l9,A,1.0.0,docs-00200,scan,q005,rare,6,0,90.034
2026-09-12-l9,B,2.0.0-alpha.7,docs-00200,scan,q005,rare,6,0,117.265
2026-09-12-l9,A,1.0.0,docs-00200,scan,q005,rare,7,0,88.780
2026-09-12-l9,B,2.0.0-alpha.7,docs-00200,scan,q005,rare,7,0,116.386
2026-09-12-l9,A,1.0.0,docs-00200,scan,q005,rare,8,0,88.196
2026-09-12-l9,B,2.0.0-alpha.7,docs-00200,scan,q005,rare,8,0,114.499
2026-09-12-l9,A,1.0.0,docs-00200,scan,q005,rare,9,0,89.230
2026-09-12-l9,B,2.0.0-alpha.7,docs-00200,scan,q005,rare,9,0,115.594
2026-09-12-l9,A,1.0.0,docs-00200,scan,q005,rare,10,0,91.162
2026-09-12-l9,B,2.0.0-alpha.7,docs-00200,scan,q005,rare,10,0,118.439
2026-09-12-l9,A,1.0.0,docs-00200,scan,q005,rare,11,0,91.496
2026-09-12-l9,B,2.0.0-alpha.7,docs-00200,scan,q005,rare,11,0,116.376
2026-09-12-l9,A,1.0.0,docs-00200,scan,q005,rare,12,0,90.111
2026-09-12-l9,B,2.0.0-alpha.7,docs-00200,scan,q005,rare,12,0,117.539
2026-09-12-l9,A,1.0.0,docs-00200,scan,q006,rare,0,1,90.046
2026-09-12-l9,B,2.0.0-alpha.7,docs-00200,scan,q006,rare,0,1,119.764
2026-09-12-l9,A,1.0.0,docs-00200,scan,q006,rare,1,1,90.289
2026-09-12-l9,B,2.0.0-alpha.7,docs-00200,scan,q006,rare,1,1,117.271
2026-09-12-l9,A,1.0.0,docs-00200,scan,q006,rare,2,1,88.427
2026-09-12-l9,B,2.0.0-alpha.7,docs-00200,scan,q006,rare,2,1,119.686
2026-09-12-l9,A,1.0.0,docs-00200,scan,q006,rare,3,0,93.974
2026-09-12-l9,B,2.0.0-alpha.7,docs-00200,scan,q006,rare,3,0,120.987
2026-09-12-l9,A,1.0.0,docs-00200,scan,q006,rare,4,0,90.528
2026-09-12-l9,B,2.0.0-alpha.7,docs-00200,scan,q006,rare,4,0,117.106
2026-09-12-l9,A,1.0.0,docs-00200,scan,q006,rare,5,0,90.210
2026-09-12-l9,B,2.0.0-alpha.7,docs-00200,scan,q006,rare,5,0,116.297
2026-09-12-l9,A,1.0.0,docs-00200,scan,q006,rare,6,0,90.421
2026-09-12-l9,B,2.0.0-alpha.7,docs-00200,scan,q006,rare,6,0,117.237
2026-09-12-l9,A,1.0.0,docs-00200,scan,q006,rare,7,0,96.988
2026-09-12-l9,B,2.0.0-alpha.7,docs-00200,scan,q006,rare,7,0,127.007
2026-09-12-l9,A,1.0.0,docs-00200,scan,q006,rare,8,0,97.632
2026-09-12-l9,B,2.0.0-alpha.7,docs-00200,scan,q006,rare,8,0,127.939
2026-09-12-l9,A,1.0.0,docs-00200,scan,q006,rare,9,0,95.847
2026-09-12-l9,B,2.0.0-alpha.7,docs-00200,scan,q006,rare,9,0,125.314
2026-09-12-l9,A,1.0.0,docs-00200,scan,q006,rare,10,0,93.186
2026-09-12-l9,B,2.0.0-alpha.7,docs-00200,scan,q006,rare,10,0,117.519
2026-09-12-l9,A,1.0.0,docs-00200,scan,q006,rare,11,0,93.818
2026-09-12-l9,B,2.0.0-alpha.7,docs-00200,scan,q006,rare,11,0,121.021
2026-09-12-l9,A,1.0.0,docs-00200,scan,q006,rare,12,0,91.938
2026-09-12-l9,B,2.0.0-alpha.7,docs-00200,scan,q006,rare,12,0,118.181
2026-09-12-l9,A,1.0.0,docs-00200,scan,q007,rare,0,1,90.730
2026-09-12-l9,B,2.0.0-alpha.7,docs-00200,scan,q007,rare,0,1,119.348
2026-09-12-l9,A,1.0.0,docs-00200,scan,q007,rare,1,1,91.890
2026-09-12-l9,B,2.0.0-alpha.7,docs-00200,scan,q007,rare,1,1,120.938
2026-09-12-l9,A,1.0.0,docs-00200,scan,q007,rare,2,1,90.594
2026-09-12-l9,B,2.0.0-alpha.7,docs-00200,scan,q007,rare,2,1,115.540
2026-09-12-l9,A,1.0.0,docs-00200,scan,q007,rare,3,0,89.203
2026-09-12-l9,B,2.0.0-alpha.7,docs-00200,scan,q007,rare,3,0,119.703
2026-09-12-l9,A,1.0.0,docs-00200,scan,q007,rare,4,0,97.501
2026-09-12-l9,B,2.0.0-alpha.7,docs-00200,scan,q007,rare,4,0,123.938
2026-09-12-l9,A,1.0.0,docs-00200,scan,q007,rare,5,0,97.526
2026-09-12-l9,B,2.0.0-alpha.7,docs-00200,scan,q007,rare,5,0,124.579
2026-09-12-l9,A,1.0.0,docs-00200,scan,q007,rare,6,0,93.769
2026-09-12-l9,B,2.0.0-alpha.7,docs-00200,scan,q007,rare,6,0,114.689
2026-09-12-l9,A,1.0.0,docs-00200,scan,q007,rare,7,0,87.226
2026-09-12-l9,B,2.0.0-alpha.7,docs-00200,scan,q007,rare,7,0,113.520
2026-09-12-l9,A,1.0.0,docs-00200,scan,q007,rare,8,0,87.791
2026-09-12-l9,B,2.0.0-alpha.7,docs-00200,scan,q007,rare,8,0,114.210
2026-09-12-l9,A,1.0.0,docs-00200,scan,q007,rare,9,0,86.949
2026-09-12-l9,B,2.0.0-alpha.7,docs-00200,scan,q007,rare,9,0,113.767
2026-09-12-l9,A,1.0.0,docs-00200,scan,q007,rare,10,0,87.075
2026-09-12-l9,B,2.0.0-alpha.7,docs-00200,scan,q007,rare,10,0,113.121
2026-09-12-l9,A,1.0.0,docs-00200,scan,q007,rare,11,0,88.735
2026-09-12-l9,B,2.0.0-alpha.7,docs-00200,scan,q007,rare,11,0,125.394
2026-09-12-l9,A,1.0.0,docs-00200,scan,q007,rare,12,0,94.037
2026-09-12-l9,B,2.0.0-alpha.7,docs-00200,scan,q007,rare,12,0,124.060
2026-09-12-l9,A,1.0.0,docs-00200,scan,q008,rare,0,1,97.579
2026-09-12-l9,B,2.0.0-alpha.7,docs-00200,scan,q008,rare,0,1,127.473
2026-09-12-l9,A,1.0.0,docs-00200,scan,q008,rare,1,1,95.407
2026-09-12-l9,B,2.0.0-alpha.7,docs-00200,scan,q008,rare,1,1,125.754
2026-09-12-l9,A,1.0.0,docs-00200,scan,q008,rare,2,1,90.121
2026-09-12-l9,B,2.0.0-alpha.7,docs-00200,scan,q008,rare,2,1,114.337
2026-09-12-l9,A,1.0.0,docs-00200,scan,q008,rare,3,0,87.064
2026-09-12-l9,B,2.0.0-alpha.7,docs-00200,scan,q008,rare,3,0,114.184
2026-09-12-l9,A,1.0.0,docs-00200,scan,q008,rare,4,0,86.916
2026-09-12-l9,B,2.0.0-alpha.7,docs-00200,scan,q008,rare,4,0,115.714
2026-09-12-l9,A,1.0.0,docs-00200,scan,q008,rare,5,0,87.887
2026-09-12-l9,B,2.0.0-alpha.7,docs-00200,scan,q008,rare,5,0,114.016
2026-09-12-l9,A,1.0.0,docs-00200,scan,q008,rare,6,0,87.768
2026-09-12-l9,B,2.0.0-alpha.7,docs-00200,scan,q008,rare,6,0,113.833
2026-09-12-l9,A,1.0.0,docs-00200,scan,q008,rare,7,0,87.115
2026-09-12-l9,B,2.0.0-alpha.7,docs-00200,scan,q008,rare,7,0,113.936
2026-09-12-l9,A,1.0.0,docs-00200,scan,q008,rare,8,0,86.952
2026-09-12-l9,B,2.0.0-alpha.7,docs-00200,scan,q008,rare,8,0,114.057
2026-09-12-l9,A,1.0.0,docs-00200,scan,q008,rare,9,0,87.320
2026-09-12-l9,B,2.0.0-alpha.7,docs-00200,scan,q008,rare,9,0,115.499
2026-09-12-l9,A,1.0.0,docs-00200,scan,q008,rare,10,0,88.249
2026-09-12-l9,B,2.0.0-alpha.7,docs-00200,scan,q008,rare,10,0,114.136
2026-09-12-l9,A,1.0.0,docs-00200,scan,q008,rare,11,0,87.550
2026-09-12-l9,B,2.0.0-alpha.7,docs-00200,scan,q008,rare,11,0,113.746
2026-09-12-l9,A,1.0.0,docs-00200,scan,q008,rare,12,0,87.368
2026-09-12-l9,B,2.0.0-alpha.7,docs-00200,scan,q008,rare,12,0,113.316
2026-09-12-l9,A,1.0.0,docs-00200,scan,q009,rare,0,1,86.970
2026-09-12-l9,B,2.0.0-alpha.7,docs-00200,scan,q009,rare,0,1,113.512
2026-09-12-l9,A,1.0.0,docs-00200,scan,q009,rare,1,1,87.473
2026-09-12-l9,B,2.0.0-alpha.7,docs-00200,scan,q009,rare,1,1,113.919
2026-09-12-l9,A,1.0.0,docs-00200,scan,q009,rare,2,1,88.766
2026-09-12-l9,B,2.0.0-alpha.7,docs-00200,scan,q009,rare,2,1,113.622
2026-09-12-l9,A,1.0.0,docs-00200,scan,q009,rare,3,0,87.789
2026-09-12-l9,B,2.0.0-alpha.7,docs-00200,scan,q009,rare,3,0,113.671
2026-09-12-l9,A,1.0.0,docs-00200,scan,q009,rare,4,0,88.920
2026-09-12-l9,B,2.0.0-alpha.7,docs-00200,scan,q009,rare,4,0,113.378
2026-09-12-l9,A,1.0.0,docs-00200,scan,q009,rare,5,0,87.275
2026-09-12-l9,B,2.0.0-alpha.7,docs-00200,scan,q009,rare,5,0,113.371
2026-09-12-l9,A,1.0.0,docs-00200,scan,q009,rare,6,0,87.631
2026-09-12-l9,B,2.0.0-alpha.7,docs-00200,scan,q009,rare,6,0,113.993
2026-09-12-l9,A,1.0.0,docs-00200,scan,q009,rare,7,0,87.970
2026-09-12-l9,B,2.0.0-alpha.7,docs-00200,scan,q009,rare,7,0,113.481
2026-09-12-l9,A,1.0.0,docs-00200,scan,q009,rare,8,0,86.763
2026-09-12-l9,B,2.0.0-alpha.7,docs-00200,scan,q009,rare,8,0,112.955
2026-09-12-l9,A,1.0.0,docs-00200,scan,q009,rare,9,0,87.785
2026-09-12-l9,B,2.0.0-alpha.7,docs-00200,scan,q009,rare,9,0,115.281
2026-09-12-l9,A,1.0.0,docs-00200,scan,q009,rare,10,0,86.970
2026-09-12-l9,B,2.0.0-alpha.7,docs-00200,scan,q009,rare,10,0,113.498
2026-09-12-l9,A,1.0.0,docs-00200,scan,q009,rare,11,0,86.921
2026-09-12-l9,B,2.0.0-alpha.7,docs-00200,scan,q009,rare,11,0,114.350
2026-09-12-l9,A,1.0.0,docs-00200,scan,q009,rare,12,0,87.635
2026-09-12-l9,B,2.0.0-alpha.7,docs-00200,scan,q009,rare,12,0,112.933
2026-09-12-l9,A,1.0.0,docs-00200,scan,q010,rare,0,1,87.439
2026-09-12-l9,B,2.0.0-alpha.7,docs-00200,scan,q010,rare,0,1,113.098
2026-09-12-l9,A,1.0.0,docs-00200,scan,q010,rare,1,1,87.336
2026-09-12-l9,B,2.0.0-alpha.7,docs-00200,scan,q010,rare,1,1,113.381
2026-09-12-l9,A,1.0.0,docs-00200,scan,q010,rare,2,1,86.914
2026-09-12-l9,B,2.0.0-alpha.7,docs-00200,scan,q010,rare,2,1,113.650
2026-09-12-l9,A,1.0.0,docs-00200,scan,q010,rare,3,0,86.747
2026-09-12-l9,B,2.0.0-alpha.7,docs-00200,scan,q010,rare,3,0,116.186
2026-09-12-l9,A,1.0.0,docs-00200,scan,q010,rare,4,0,87.533
2026-09-12-l9,B,2.0.0-alpha.7,docs-00200,scan,q010,rare,4,0,113.534
2026-09-12-l9,A,1.0.0,docs-00200,scan,q010,rare,5,0,87.799
2026-09-12-l9,B,2.0.0-alpha.7,docs-00200,scan,q010,rare,5,0,114.172
2026-09-12-l9,A,1.0.0,docs-00200,scan,q010,rare,6,0,87.585
2026-09-12-l9,B,2.0.0-alpha.7,docs-00200,scan,q010,rare,6,0,113.564
2026-09-12-l9,A,1.0.0,docs-00200,scan,q010,rare,7,0,86.940
2026-09-12-l9,B,2.0.0-alpha.7,docs-00200,scan,q010,rare,7,0,113.437
2026-09-12-l9,A,1.0.0,docs-00200,scan,q010,rare,8,0,87.214
2026-09-12-l9,B,2.0.0-alpha.7,docs-00200,scan,q010,rare,8,0,114.244
2026-09-12-l9,A,1.0.0,docs-00200,scan,q010,rare,9,0,87.957
2026-09-12-l9,B,2.0.0-alpha.7,docs-00200,scan,q010,rare,9,0,113.541
2026-09-12-l9,A,1.0.0,docs-00200,scan,q010,rare,10,0,88.579
2026-09-12-l9,B,2.0.0-alpha.7,docs-00200,scan,q010,rare,10,0,116.408
2026-09-12-l9,A,1.0.0,docs-00200,scan,q010,rare,11,0,87.663
2026-09-12-l9,B,2.0.0-alpha.7,docs-00200,scan,q010,rare,11,0,113.744
2026-09-12-l9,A,1.0.0,docs-00200,scan,q010,rare,12,0,87.344
2026-09-12-l9,B,2.0.0-alpha.7,docs-00200,scan,q010,rare,12,0,113.623
2026-09-12-l9,A,1.0.0,docs-00200,scan,q011,common,0,1,84.814
2026-09-12-l9,B,2.0.0-alpha.7,docs-00200,scan,q011,common,0,1,111.956
2026-09-12-l9,A,1.0.0,docs-00200,scan,q011,common,1,1,85.583
2026-09-12-l9,B,2.0.0-alpha.7,docs-00200,scan,q011,common,1,1,111.652
2026-09-12-l9,A,1.0.0,docs-00200,scan,q011,common,2,1,84.830
2026-09-12-l9,B,2.0.0-alpha.7,docs-00200,scan,q011,common,2,1,111.179
2026-09-12-l9,A,1.0.0,docs-00200,scan,q011,common,3,0,84.643
2026-09-12-l9,B,2.0.0-alpha.7,docs-00200,scan,q011,common,3,0,111.215
2026-09-12-l9,A,1.0.0,docs-00200,scan,q011,common,4,0,85.319
2026-09-12-l9,B,2.0.0-alpha.7,docs-00200,scan,q011,common,4,0,111.830
2026-09-12-l9,A,1.0.0,docs-00200,scan,q011,common,5,0,84.623
2026-09-12-l9,B,2.0.0-alpha.7,docs-00200,scan,q011,common,5,0,112.183
2026-09-12-l9,A,1.0.0,docs-00200,scan,q011,common,6,0,84.888
2026-09-12-l9,B,2.0.0-alpha.7,docs-00200,scan,q011,common,6,0,111.570
2026-09-12-l9,A,1.0.0,docs-00200,scan,q011,common,7,0,85.084
2026-09-12-l9,B,2.0.0-alpha.7,docs-00200,scan,q011,common,7,0,112.272
2026-09-12-l9,A,1.0.0,docs-00200,scan,q011,common,8,0,85.026
2026-09-12-l9,B,2.0.0-alpha.7,docs-00200,scan,q011,common,8,0,111.802
2026-09-12-l9,A,1.0.0,docs-00200,scan,q011,common,9,0,84.967
2026-09-12-l9,B,2.0.0-alpha.7,docs-00200,scan,q011,common,9,0,111.605
2026-09-12-l9,A,1.0.0,docs-00200,scan,q011,common,10,0,84.681
2026-09-12-l9,B,2.0.0-alpha.7,docs-00200,scan,q011,common,10,0,111.976
2026-09-12-l9,A,1.0.0,docs-00200,scan,q011,common,11,0,85.074
2026-09-12-l9,B,2.0.0-alpha.7,docs-00200,scan,q011,common,11,0,111.640
2026-09-12-l9,A,1.0.0,docs-00200,scan,q011,common,12,0,85.355
2026-09-12-l9,B,2.0.0-alpha.7,docs-00200,scan,q011,common,12,0,114.490
2026-09-12-l9,A,1.0.0,docs-00200,scan,q012,common,0,1,86.962
2026-09-12-l9,B,2.0.0-alpha.7,docs-00200,scan,q012,common,0,1,115.290
2026-09-12-l9,A,1.0.0,docs-00200,scan,q012,common,1,1,86.787
2026-09-12-l9,B,2.0.0-alpha.7,docs-00200,scan,q012,common,1,1,114.875
2026-09-12-l9,A,1.0.0,docs-00200,scan,q012,common,2,1,88.603
2026-09-12-l9,B,2.0.0-alpha.7,docs-00200,scan,q012,common,2,1,115.311
2026-09-12-l9,A,1.0.0,docs-00200,scan,q012,common,3,0,89.157
2026-09-12-l9,B,2.0.0-alpha.7,docs-00200,scan,q012,common,3,0,113.732
2026-09-12-l9,A,1.0.0,docs-00200,scan,q012,common,4,0,87.684
2026-09-12-l9,B,2.0.0-alpha.7,docs-00200,scan,q012,common,4,0,120.855
2026-09-12-l9,A,1.0.0,docs-00200,scan,q012,common,5,0,86.982
2026-09-12-l9,B,2.0.0-alpha.7,docs-00200,scan,q012,common,5,0,113.207
2026-09-12-l9,A,1.0.0,docs-00200,scan,q012,common,6,0,86.742
2026-09-12-l9,B,2.0.0-alpha.7,docs-00200,scan,q012,common,6,0,112.717
2026-09-12-l9,A,1.0.0,docs-00200,scan,q012,common,7,0,85.940
2026-09-12-l9,B,2.0.0-alpha.7,docs-00200,scan,q012,common,7,0,115.043
2026-09-12-l9,A,1.0.0,docs-00200,scan,q012,common,8,0,88.963
2026-09-12-l9,B,2.0.0-alpha.7,docs-00200,scan,q012,common,8,0,114.312
2026-09-12-l9,A,1.0.0,docs-00200,scan,q012,common,9,0,86.228
2026-09-12-l9,B,2.0.0-alpha.7,docs-00200,scan,q012,common,9,0,113.770
2026-09-12-l9,A,1.0.0,docs-00200,scan,q012,common,10,0,86.407
2026-09-12-l9,B,2.0.0-alpha.7,docs-00200,scan,q012,common,10,0,113.812
2026-09-12-l9,A,1.0.0,docs-00200,scan,q012,common,11,0,88.777
2026-09-12-l9,B,2.0.0-alpha.7,docs-00200,scan,q012,common,11,0,114.769
2026-09-12-l9,A,1.0.0,docs-00200,scan,q012,common,12,0,88.384
2026-09-12-l9,B,2.0.0-alpha.7,docs-00200,scan,q012,common,12,0,115.964
2026-09-12-l9,A,1.0.0,docs-00200,scan,q013,common,0,1,89.216
2026-09-12-l9,B,2.0.0-alpha.7,docs-00200,scan,q013,common,0,1,114.066
2026-09-12-l9,A,1.0.0,docs-00200,scan,q013,common,1,1,85.742
2026-09-12-l9,B,2.0.0-alpha.7,docs-00200,scan,q013,common,1,1,114.560
2026-09-12-l9,A,1.0.0,docs-00200,scan,q013,common,2,1,86.934
2026-09-12-l9,B,2.0.0-alpha.7,docs-00200,scan,q013,common,2,1,121.939
2026-09-12-l9,A,1.0.0,docs-00200,scan,q013,common,3,0,92.765
2026-09-12-l9,B,2.0.0-alpha.7,docs-00200,scan,q013,common,3,0,123.300
2026-09-12-l9,A,1.0.0,docs-00200,scan,q013,common,4,0,94.837
2026-09-12-l9,B,2.0.0-alpha.7,docs-00200,scan,q013,common,4,0,122.861
2026-09-12-l9,A,1.0.0,docs-00200,scan,q013,common,5,0,93.216
2026-09-12-l9,B,2.0.0-alpha.7,docs-00200,scan,q013,common,5,0,113.882
2026-09-12-l9,A,1.0.0,docs-00200,scan,q013,common,6,0,86.291
2026-09-12-l9,B,2.0.0-alpha.7,docs-00200,scan,q013,common,6,0,113.578
2026-09-12-l9,A,1.0.0,docs-00200,scan,q013,common,7,0,86.054
2026-09-12-l9,B,2.0.0-alpha.7,docs-00200,scan,q013,common,7,0,112.687
2026-09-12-l9,A,1.0.0,docs-00200,scan,q013,common,8,0,85.221
2026-09-12-l9,B,2.0.0-alpha.7,docs-00200,scan,q013,common,8,0,114.596
2026-09-12-l9,A,1.0.0,docs-00200,scan,q013,common,9,0,86.172
2026-09-12-l9,B,2.0.0-alpha.7,docs-00200,scan,q013,common,9,0,113.058
2026-09-12-l9,A,1.0.0,docs-00200,scan,q013,common,10,0,86.576
2026-09-12-l9,B,2.0.0-alpha.7,docs-00200,scan,q013,common,10,0,114.428
2026-09-12-l9,A,1.0.0,docs-00200,scan,q013,common,11,0,85.566
2026-09-12-l9,B,2.0.0-alpha.7,docs-00200,scan,q013,common,11,0,112.288
2026-09-12-l9,A,1.0.0,docs-00200,scan,q013,common,12,0,85.299
2026-09-12-l9,B,2.0.0-alpha.7,docs-00200,scan,q013,common,12,0,112.570
2026-09-12-l9,A,1.0.0,docs-00200,scan,q014,common,0,1,84.316
2026-09-12-l9,B,2.0.0-alpha.7,docs-00200,scan,q014,common,0,1,112.526
2026-09-12-l9,A,1.0.0,docs-00200,scan,q014,common,1,1,87.532
2026-09-12-l9,B,2.0.0-alpha.7,docs-00200,scan,q014,common,1,1,115.450
2026-09-12-l9,A,1.0.0,docs-00200,scan,q014,common,2,1,86.835
2026-09-12-l9,B,2.0.0-alpha.7,docs-00200,scan,q014,common,2,1,113.594
2026-09-12-l9,A,1.0.0,docs-00200,scan,q014,common,3,0,87.827
2026-09-12-l9,B,2.0.0-alpha.7,docs-00200,scan,q014,common,3,0,115.410
2026-09-12-l9,A,1.0.0,docs-00200,scan,q014,common,4,0,86.323
2026-09-12-l9,B,2.0.0-alpha.7,docs-00200,scan,q014,common,4,0,113.977
2026-09-12-l9,A,1.0.0,docs-00200,scan,q014,common,5,0,86.457
2026-09-12-l9,B,2.0.0-alpha.7,docs-00200,scan,q014,common,5,0,113.277
2026-09-12-l9,A,1.0.0,docs-00200,scan,q014,common,6,0,87.239
2026-09-12-l9,B,2.0.0-alpha.7,docs-00200,scan,q014,common,6,0,116.883
2026-09-12-l9,A,1.0.0,docs-00200,scan,q014,common,7,0,88.255
2026-09-12-l9,B,2.0.0-alpha.7,docs-00200,scan,q014,common,7,0,114.819
2026-09-12-l9,A,1.0.0,docs-00200,scan,q014,common,8,0,86.587
2026-09-12-l9,B,2.0.0-alpha.7,docs-00200,scan,q014,common,8,0,117.135
2026-09-12-l9,A,1.0.0,docs-00200,scan,q014,common,9,0,87.622
2026-09-12-l9,B,2.0.0-alpha.7,docs-00200,scan,q014,common,9,0,114.986
2026-09-12-l9,A,1.0.0,docs-00200,scan,q014,common,10,0,87.885
2026-09-12-l9,B,2.0.0-alpha.7,docs-00200,scan,q014,common,10,0,115.940
2026-09-12-l9,A,1.0.0,docs-00200,scan,q014,common,11,0,87.823
2026-09-12-l9,B,2.0.0-alpha.7,docs-00200,scan,q014,common,11,0,119.212
2026-09-12-l9,A,1.0.0,docs-00200,scan,q014,common,12,0,87.126
2026-09-12-l9,B,2.0.0-alpha.7,docs-00200,scan,q014,common,12,0,116.244
2026-09-12-l9,A,1.0.0,docs-00200,scan,q015,common,0,1,88.587
2026-09-12-l9,B,2.0.0-alpha.7,docs-00200,scan,q015,common,0,1,121.505
2026-09-12-l9,A,1.0.0,docs-00200,scan,q015,common,1,1,92.375
2026-09-12-l9,B,2.0.0-alpha.7,docs-00200,scan,q015,common,1,1,117.500
2026-09-12-l9,A,1.0.0,docs-00200,scan,q015,common,2,1,88.096
2026-09-12-l9,B,2.0.0-alpha.7,docs-00200,scan,q015,common,2,1,115.937
2026-09-12-l9,A,1.0.0,docs-00200,scan,q015,common,3,0,92.876
2026-09-12-l9,B,2.0.0-alpha.7,docs-00200,scan,q015,common,3,0,121.490
2026-09-12-l9,A,1.0.0,docs-00200,scan,q015,common,4,0,91.976
2026-09-12-l9,B,2.0.0-alpha.7,docs-00200,scan,q015,common,4,0,121.177
2026-09-12-l9,A,1.0.0,docs-00200,scan,q015,common,5,0,92.071
2026-09-12-l9,B,2.0.0-alpha.7,docs-00200,scan,q015,common,5,0,117.111
2026-09-12-l9,A,1.0.0,docs-00200,scan,q015,common,6,0,87.874
2026-09-12-l9,B,2.0.0-alpha.7,docs-00200,scan,q015,common,6,0,115.938
2026-09-12-l9,A,1.0.0,docs-00200,scan,q015,common,7,0,88.095
2026-09-12-l9,B,2.0.0-alpha.7,docs-00200,scan,q015,common,7,0,117.848
2026-09-12-l9,A,1.0.0,docs-00200,scan,q015,common,8,0,89.382
2026-09-12-l9,B,2.0.0-alpha.7,docs-00200,scan,q015,common,8,0,119.546
2026-09-12-l9,A,1.0.0,docs-00200,scan,q015,common,9,0,88.088
2026-09-12-l9,B,2.0.0-alpha.7,docs-00200,scan,q015,common,9,0,119.603
2026-09-12-l9,A,1.0.0,docs-00200,scan,q015,common,10,0,90.303
2026-09-12-l9,B,2.0.0-alpha.7,docs-00200,scan,q015,common,10,0,116.810
2026-09-12-l9,A,1.0.0,docs-00200,scan,q015,common,11,0,88.538
2026-09-12-l9,B,2.0.0-alpha.7,docs-00200,scan,q015,common,11,0,116.921
2026-09-12-l9,A,1.0.0,docs-00200,scan,q015,common,12,0,89.256
2026-09-12-l9,B,2.0.0-alpha.7,docs-00200,scan,q015,common,12,0,119.185
2026-09-12-l9,A,1.0.0,docs-00200,scan,q016,common,0,1,92.792
2026-09-12-l9,B,2.0.0-alpha.7,docs-00200,scan,q016,common,0,1,119.345
2026-09-12-l9,A,1.0.0,docs-00200,scan,q016,common,1,1,89.371
2026-09-12-l9,B,2.0.0-alpha.7,docs-00200,scan,q016,common,1,1,123.086
2026-09-12-l9,A,1.0.0,docs-00200,scan,q016,common,2,1,91.107
2026-09-12-l9,B,2.0.0-alpha.7,docs-00200,scan,q016,common,2,1,117.999
2026-09-12-l9,A,1.0.0,docs-00200,scan,q016,common,3,0,89.833
2026-09-12-l9,B,2.0.0-alpha.7,docs-00200,scan,q016,common,3,0,117.684
2026-09-12-l9,A,1.0.0,docs-00200,scan,q016,common,4,0,90.048
2026-09-12-l9,B,2.0.0-alpha.7,docs-00200,scan,q016,common,4,0,119.966
2026-09-12-l9,A,1.0.0,docs-00200,scan,q016,common,5,0,91.339
2026-09-12-l9,B,2.0.0-alpha.7,docs-00200,scan,q016,common,5,0,118.938
2026-09-12-l9,A,1.0.0,docs-00200,scan,q016,common,6,0,90.878
2026-09-12-l9,B,2.0.0-alpha.7,docs-00200,scan,q016,common,6,0,120.809
2026-09-12-l9,A,1.0.0,docs-00200,scan,q016,common,7,0,89.771
2026-09-12-l9,B,2.0.0-alpha.7,docs-00200,scan,q016,common,7,0,118.055
2026-09-12-l9,A,1.0.0,docs-00200,scan,q016,common,8,0,90.474
2026-09-12-l9,B,2.0.0-alpha.7,docs-00200,scan,q016,common,8,0,120.105
2026-09-12-l9,A,1.0.0,docs-00200,scan,q016,common,9,0,90.990
2026-09-12-l9,B,2.0.0-alpha.7,docs-00200,scan,q016,common,9,0,122.390
2026-09-12-l9,A,1.0.0,docs-00200,scan,q016,common,10,0,91.737
2026-09-12-l9,B,2.0.0-alpha.7,docs-00200,scan,q016,common,10,0,119.307
2026-09-12-l9,A,1.0.0,docs-00200,scan,q016,common,11,0,93.289
2026-09-12-l9,B,2.0.0-alpha.7,docs-00200,scan,q016,common,11,0,122.479
2026-09-12-l9,A,1.0.0,docs-00200,scan,q016,common,12,0,92.160
2026-09-12-l9,B,2.0.0-alpha.7,docs-00200,scan,q016,common,12,0,121.193
2026-09-12-l9,A,1.0.0,docs-00200,scan,q017,common,0,1,90.956
2026-09-12-l9,B,2.0.0-alpha.7,docs-00200,scan,q017,common,0,1,123.209
2026-09-12-l9,A,1.0.0,docs-00200,scan,q017,common,1,1,92.522
2026-09-12-l9,B,2.0.0-alpha.7,docs-00200,scan,q017,common,1,1,122.781
2026-09-12-l9,A,1.0.0,docs-00200,scan,q017,common,2,1,93.856
2026-09-12-l9,B,2.0.0-alpha.7,docs-00200,scan,q017,common,2,1,123.261
2026-09-12-l9,A,1.0.0,docs-00200,scan,q017,common,3,0,93.523
2026-09-12-l9,B,2.0.0-alpha.7,docs-00200,scan,q017,common,3,0,122.136
2026-09-12-l9,A,1.0.0,docs-00200,scan,q017,common,4,0,93.368
2026-09-12-l9,B,2.0.0-alpha.7,docs-00200,scan,q017,common,4,0,122.704
2026-09-12-l9,A,1.0.0,docs-00200,scan,q017,common,5,0,93.324
2026-09-12-l9,B,2.0.0-alpha.7,docs-00200,scan,q017,common,5,0,123.472
2026-09-12-l9,A,1.0.0,docs-00200,scan,q017,common,6,0,93.884
2026-09-12-l9,B,2.0.0-alpha.7,docs-00200,scan,q017,common,6,0,123.312
2026-09-12-l9,A,1.0.0,docs-00200,scan,q017,common,7,0,93.898
2026-09-12-l9,B,2.0.0-alpha.7,docs-00200,scan,q017,common,7,0,122.928
2026-09-12-l9,A,1.0.0,docs-00200,scan,q017,common,8,0,93.520
2026-09-12-l9,B,2.0.0-alpha.7,docs-00200,scan,q017,common,8,0,123.329
2026-09-12-l9,A,1.0.0,docs-00200,scan,q017,common,9,0,94.053
2026-09-12-l9,B,2.0.0-alpha.7,docs-00200,scan,q017,common,9,0,122.206
2026-09-12-l9,A,1.0.0,docs-00200,scan,q017,common,10,0,94.745
2026-09-12-l9,B,2.0.0-alpha.7,docs-00200,scan,q017,common,10,0,123.057
2026-09-12-l9,A,1.0.0,docs-00200,scan,q017,common,11,0,93.559
2026-09-12-l9,B,2.0.0-alpha.7,docs-00200,scan,q017,common,11,0,123.568
2026-09-12-l9,A,1.0.0,docs-00200,scan,q017,common,12,0,93.836
2026-09-12-l9,B,2.0.0-alpha.7,docs-00200,scan,q017,common,12,0,122.891
2026-09-12-l9,A,1.0.0,docs-00200,scan,q018,common,0,1,91.779
2026-09-12-l9,B,2.0.0-alpha.7,docs-00200,scan,q018,common,0,1,121.027
2026-09-12-l9,A,1.0.0,docs-00200,scan,q018,common,1,1,92.651
2026-09-12-l9,B,2.0.0-alpha.7,docs-00200,scan,q018,common,1,1,121.610
2026-09-12-l9,A,1.0.0,docs-00200,scan,q018,common,2,1,97.054
2026-09-12-l9,B,2.0.0-alpha.7,docs-00200,scan,q018,common,2,1,128.003
2026-09-12-l9,A,1.0.0,docs-00200,scan,q018,common,3,0,98.670
2026-09-12-l9,B,2.0.0-alpha.7,docs-00200,scan,q018,common,3,0,129.454
2026-09-12-l9,A,1.0.0,docs-00200,scan,q018,common,4,0,100.520
2026-09-12-l9,B,2.0.0-alpha.7,docs-00200,scan,q018,common,4,0,130.150
2026-09-12-l9,A,1.0.0,docs-00200,scan,q018,common,5,0,97.902
2026-09-12-l9,B,2.0.0-alpha.7,docs-00200,scan,q018,common,5,0,131.057
2026-09-12-l9,A,1.0.0,docs-00200,scan,q018,common,6,0,100.179
2026-09-12-l9,B,2.0.0-alpha.7,docs-00200,scan,q018,common,6,0,132.987
2026-09-12-l9,A,1.0.0,docs-00200,scan,q018,common,7,0,97.942
2026-09-12-l9,B,2.0.0-alpha.7,docs-00200,scan,q018,common,7,0,132.320
2026-09-12-l9,A,1.0.0,docs-00200,scan,q018,common,8,0,102.550
2026-09-12-l9,B,2.0.0-alpha.7,docs-00200,scan,q018,common,8,0,130.951
2026-09-12-l9,A,1.0.0,docs-00200,scan,q018,common,9,0,99.864
2026-09-12-l9,B,2.0.0-alpha.7,docs-00200,scan,q018,common,9,0,131.405
2026-09-12-l9,A,1.0.0,docs-00200,scan,q018,common,10,0,99.932
2026-09-12-l9,B,2.0.0-alpha.7,docs-00200,scan,q018,common,10,0,134.395
2026-09-12-l9,A,1.0.0,docs-00200,scan,q018,common,11,0,101.852
2026-09-12-l9,B,2.0.0-alpha.7,docs-00200,scan,q018,common,11,0,132.237
2026-09-12-l9,A,1.0.0,docs-00200,scan,q018,common,12,0,100.652
2026-09-12-l9,B,2.0.0-alpha.7,docs-00200,scan,q018,common,12,0,133.794
2026-09-12-l9,A,1.0.0,docs-00200,scan,q019,rare+common,0,1,102.782
2026-09-12-l9,B,2.0.0-alpha.7,docs-00200,scan,q019,rare+common,0,1,133.622
2026-09-12-l9,A,1.0.0,docs-00200,scan,q019,rare+common,1,1,101.765
2026-09-12-l9,B,2.0.0-alpha.7,docs-00200,scan,q019,rare+common,1,1,134.327
2026-09-12-l9,A,1.0.0,docs-00200,scan,q019,rare+common,2,1,105.862
2026-09-12-l9,B,2.0.0-alpha.7,docs-00200,scan,q019,rare+common,2,1,132.472
2026-09-12-l9,A,1.0.0,docs-00200,scan,q019,rare+common,3,0,102.448
2026-09-12-l9,B,2.0.0-alpha.7,docs-00200,scan,q019,rare+common,3,0,134.259
2026-09-12-l9,A,1.0.0,docs-00200,scan,q019,rare+common,4,0,102.020
2026-09-12-l9,B,2.0.0-alpha.7,docs-00200,scan,q019,rare+common,4,0,133.408
2026-09-12-l9,A,1.0.0,docs-00200,scan,q019,rare+common,5,0,102.803
2026-09-12-l9,B,2.0.0-alpha.7,docs-00200,scan,q019,rare+common,5,0,135.009
2026-09-12-l9,A,1.0.0,docs-00200,scan,q019,rare+common,6,0,106.037
2026-09-12-l9,B,2.0.0-alpha.7,docs-00200,scan,q019,rare+common,6,0,136.330
2026-09-12-l9,A,1.0.0,docs-00200,scan,q019,rare+common,7,0,104.511
2026-09-12-l9,B,2.0.0-alpha.7,docs-00200,scan,q019,rare+common,7,0,137.549
2026-09-12-l9,A,1.0.0,docs-00200,scan,q019,rare+common,8,0,106.752
2026-09-12-l9,B,2.0.0-alpha.7,docs-00200,scan,q019,rare+common,8,0,137.662
2026-09-12-l9,A,1.0.0,docs-00200,scan,q019,rare+common,9,0,104.042
2026-09-12-l9,B,2.0.0-alpha.7,docs-00200,scan,q019,rare+common,9,0,137.952
2026-09-12-l9,A,1.0.0,docs-00200,scan,q019,rare+common,10,0,107.653
2026-09-12-l9,B,2.0.0-alpha.7,docs-00200,scan,q019,rare+common,10,0,140.206
2026-09-12-l9,A,1.0.0,docs-00200,scan,q019,rare+common,11,0,104.288
2026-09-12-l9,B,2.0.0-alpha.7,docs-00200,scan,q019,rare+common,11,0,139.778
2026-09-12-l9,A,1.0.0,docs-00200,scan,q019,rare+common,12,0,106.031
2026-09-12-l9,B,2.0.0-alpha.7,docs-00200,scan,q019,rare+common,12,0,137.347
2026-09-12-l9,A,1.0.0,docs-00200,scan,q020,rare+common,0,1,105.465
2026-09-12-l9,B,2.0.0-alpha.7,docs-00200,scan,q020,rare+common,0,1,136.737
2026-09-12-l9,A,1.0.0,docs-00200,scan,q020,rare+common,1,1,106.811
2026-09-12-l9,B,2.0.0-alpha.7,docs-00200,scan,q020,rare+common,1,1,143.902
2026-09-12-l9,A,1.0.0,docs-00200,scan,q020,rare+common,2,1,107.099
2026-09-12-l9,B,2.0.0-alpha.7,docs-00200,scan,q020,rare+common,2,1,139.276
2026-09-12-l9,A,1.0.0,docs-00200,scan,q020,rare+common,3,0,106.709
2026-09-12-l9,B,2.0.0-alpha.7,docs-00200,scan,q020,rare+common,3,0,139.493
2026-09-12-l9,A,1.0.0,docs-00200,scan,q020,rare+common,4,0,109.136
2026-09-12-l9,B,2.0.0-alpha.7,docs-00200,scan,q020,rare+common,4,0,141.869
2026-09-12-l9,A,1.0.0,docs-00200,scan,q020,rare+common,5,0,109.772
2026-09-12-l9,B,2.0.0-alpha.7,docs-00200,scan,q020,rare+common,5,0,142.695
2026-09-12-l9,A,1.0.0,docs-00200,scan,q020,rare+common,6,0,108.724
2026-09-12-l9,B,2.0.0-alpha.7,docs-00200,scan,q020,rare+common,6,0,143.192
2026-09-12-l9,A,1.0.0,docs-00200,scan,q020,rare+common,7,0,108.854
2026-09-12-l9,B,2.0.0-alpha.7,docs-00200,scan,q020,rare+common,7,0,141.763
2026-09-12-l9,A,1.0.0,docs-00200,scan,q020,rare+common,8,0,107.642
2026-09-12-l9,B,2.0.0-alpha.7,docs-00200,scan,q020,rare+common,8,0,140.910
2026-09-12-l9,A,1.0.0,docs-00200,scan,q020,rare+common,9,0,109.260
2026-09-12-l9,B,2.0.0-alpha.7,docs-00200,scan,q020,rare+common,9,0,143.234
2026-09-12-l9,A,1.0.0,docs-00200,scan,q020,rare+common,10,0,109.234
2026-09-12-l9,B,2.0.0-alpha.7,docs-00200,scan,q020,rare+common,10,0,142.682
2026-09-12-l9,A,1.0.0,docs-00200,scan,q020,rare+common,11,0,109.035
2026-09-12-l9,B,2.0.0-alpha.7,docs-00200,scan,q020,rare+common,11,0,140.692
2026-09-12-l9,A,1.0.0,docs-00200,scan,q020,rare+common,12,0,107.546
2026-09-12-l9,B,2.0.0-alpha.7,docs-00200,scan,q020,rare+common,12,0,141.694
2026-09-12-l9,A,1.0.0,docs-00200,scan,q021,rare+common,0,1,110.027
2026-09-12-l9,B,2.0.0-alpha.7,docs-00200,scan,q021,rare+common,0,1,152.184
2026-09-12-l9,A,1.0.0,docs-00200,scan,q021,rare+common,1,1,117.471
2026-09-12-l9,B,2.0.0-alpha.7,docs-00200,scan,q021,rare+common,1,1,157.259
2026-09-12-l9,A,1.0.0,docs-00200,scan,q021,rare+common,2,1,124.063
2026-09-12-l9,B,2.0.0-alpha.7,docs-00200,scan,q021,rare+common,2,1,159.042
2026-09-12-l9,A,1.0.0,docs-00200,scan,q021,rare+common,3,0,121.420
2026-09-12-l9,B,2.0.0-alpha.7,docs-00200,scan,q021,rare+common,3,0,158.359
2026-09-12-l9,A,1.0.0,docs-00200,scan,q021,rare+common,4,0,121.084
2026-09-12-l9,B,2.0.0-alpha.7,docs-00200,scan,q021,rare+common,4,0,159.437
2026-09-12-l9,A,1.0.0,docs-00200,scan,q021,rare+common,5,0,121.100
2026-09-12-l9,B,2.0.0-alpha.7,docs-00200,scan,q021,rare+common,5,0,158.378
2026-09-12-l9,A,1.0.0,docs-00200,scan,q021,rare+common,6,0,121.786
2026-09-12-l9,B,2.0.0-alpha.7,docs-00200,scan,q021,rare+common,6,0,153.618
2026-09-12-l9,A,1.0.0,docs-00200,scan,q021,rare+common,7,0,116.814
2026-09-12-l9,B,2.0.0-alpha.7,docs-00200,scan,q021,rare+common,7,0,157.940
2026-09-12-l9,A,1.0.0,docs-00200,scan,q021,rare+common,8,0,124.214
2026-09-12-l9,B,2.0.0-alpha.7,docs-00200,scan,q021,rare+common,8,0,155.183
2026-09-12-l9,A,1.0.0,docs-00200,scan,q021,rare+common,9,0,121.536
2026-09-12-l9,B,2.0.0-alpha.7,docs-00200,scan,q021,rare+common,9,0,157.187
2026-09-12-l9,A,1.0.0,docs-00200,scan,q021,rare+common,10,0,117.443
2026-09-12-l9,B,2.0.0-alpha.7,docs-00200,scan,q021,rare+common,10,0,153.204
2026-09-12-l9,A,1.0.0,docs-00200,scan,q021,rare+common,11,0,120.708
2026-09-12-l9,B,2.0.0-alpha.7,docs-00200,scan,q021,rare+common,11,0,158.411
2026-09-12-l9,A,1.0.0,docs-00200,scan,q021,rare+common,12,0,119.287
2026-09-12-l9,B,2.0.0-alpha.7,docs-00200,scan,q021,rare+common,12,0,156.365
2026-09-12-l9,A,1.0.0,docs-00200,scan,q022,rare+common,0,1,120.434
2026-09-12-l9,B,2.0.0-alpha.7,docs-00200,scan,q022,rare+common,0,1,155.998
2026-09-12-l9,A,1.0.0,docs-00200,scan,q022,rare+common,1,1,120.105
2026-09-12-l9,B,2.0.0-alpha.7,docs-00200,scan,q022,rare+common,1,1,156.683
2026-09-12-l9,A,1.0.0,docs-00200,scan,q022,rare+common,2,1,120.093
2026-09-12-l9,B,2.0.0-alpha.7,docs-00200,scan,q022,rare+common,2,1,156.703
2026-09-12-l9,A,1.0.0,docs-00200,scan,q022,rare+common,3,0,120.725
2026-09-12-l9,B,2.0.0-alpha.7,docs-00200,scan,q022,rare+common,3,0,156.263
2026-09-12-l9,A,1.0.0,docs-00200,scan,q022,rare+common,4,0,124.597
2026-09-12-l9,B,2.0.0-alpha.7,docs-00200,scan,q022,rare+common,4,0,163.509
2026-09-12-l9,A,1.0.0,docs-00200,scan,q022,rare+common,5,0,124.782
2026-09-12-l9,B,2.0.0-alpha.7,docs-00200,scan,q022,rare+common,5,0,161.250
2026-09-12-l9,A,1.0.0,docs-00200,scan,q022,rare+common,6,0,120.311
2026-09-12-l9,B,2.0.0-alpha.7,docs-00200,scan,q022,rare+common,6,0,160.079
2026-09-12-l9,A,1.0.0,docs-00200,scan,q022,rare+common,7,0,122.407
2026-09-12-l9,B,2.0.0-alpha.7,docs-00200,scan,q022,rare+common,7,0,163.892
2026-09-12-l9,A,1.0.0,docs-00200,scan,q022,rare+common,8,0,122.742
2026-09-12-l9,B,2.0.0-alpha.7,docs-00200,scan,q022,rare+common,8,0,158.637
2026-09-12-l9,A,1.0.0,docs-00200,scan,q022,rare+common,9,0,122.138
2026-09-12-l9,B,2.0.0-alpha.7,docs-00200,scan,q022,rare+common,9,0,161.422
2026-09-12-l9,A,1.0.0,docs-00200,scan,q022,rare+common,10,0,120.443
2026-09-12-l9,B,2.0.0-alpha.7,docs-00200,scan,q022,rare+common,10,0,159.637
2026-09-12-l9,A,1.0.0,docs-00200,scan,q022,rare+common,11,0,125.183
2026-09-12-l9,B,2.0.0-alpha.7,docs-00200,scan,q022,rare+common,11,0,158.509
2026-09-12-l9,A,1.0.0,docs-00200,scan,q022,rare+common,12,0,123.313
2026-09-12-l9,B,2.0.0-alpha.7,docs-00200,scan,q022,rare+common,12,0,159.833
2026-09-12-l9,A,1.0.0,docs-00200,scan,q023,rare+common,0,1,120.589
2026-09-12-l9,B,2.0.0-alpha.7,docs-00200,scan,q023,rare+common,0,1,158.832
2026-09-12-l9,A,1.0.0,docs-00200,scan,q023,rare+common,1,1,119.970
2026-09-12-l9,B,2.0.0-alpha.7,docs-00200,scan,q023,rare+common,1,1,158.896
2026-09-12-l9,A,1.0.0,docs-00200,scan,q023,rare+common,2,1,125.334
2026-09-12-l9,B,2.0.0-alpha.7,docs-00200,scan,q023,rare+common,2,1,160.519
2026-09-12-l9,A,1.0.0,docs-00200,scan,q023,rare+common,3,0,120.734
2026-09-12-l9,B,2.0.0-alpha.7,docs-00200,scan,q023,rare+common,3,0,156.320
2026-09-12-l9,A,1.0.0,docs-00200,scan,q023,rare+common,4,0,119.880
2026-09-12-l9,B,2.0.0-alpha.7,docs-00200,scan,q023,rare+common,4,0,158.695
2026-09-12-l9,A,1.0.0,docs-00200,scan,q023,rare+common,5,0,132.469
2026-09-12-l9,B,2.0.0-alpha.7,docs-00200,scan,q023,rare+common,5,0,175.534
2026-09-12-l9,A,1.0.0,docs-00200,scan,q023,rare+common,6,0,135.130
2026-09-12-l9,B,2.0.0-alpha.7,docs-00200,scan,q023,rare+common,6,0,182.437
2026-09-12-l9,A,1.0.0,docs-00200,scan,q023,rare+common,7,0,134.567
2026-09-12-l9,B,2.0.0-alpha.7,docs-00200,scan,q023,rare+common,7,0,178.753
2026-09-12-l9,A,1.0.0,docs-00200,scan,q023,rare+common,8,0,131.404
2026-09-12-l9,B,2.0.0-alpha.7,docs-00200,scan,q023,rare+common,8,0,171.732
2026-09-12-l9,A,1.0.0,docs-00200,scan,q023,rare+common,9,0,131.625
2026-09-12-l9,B,2.0.0-alpha.7,docs-00200,scan,q023,rare+common,9,0,181.740
2026-09-12-l9,A,1.0.0,docs-00200,scan,q023,rare+common,10,0,131.745
2026-09-12-l9,B,2.0.0-alpha.7,docs-00200,scan,q023,rare+common,10,0,174.846
2026-09-12-l9,A,1.0.0,docs-00200,scan,q023,rare+common,11,0,130.333
2026-09-12-l9,B,2.0.0-alpha.7,docs-00200,scan,q023,rare+common,11,0,171.467
2026-09-12-l9,A,1.0.0,docs-00200,scan,q023,rare+common,12,0,130.379
2026-09-12-l9,B,2.0.0-alpha.7,docs-00200,scan,q023,rare+common,12,0,169.459
2026-09-12-l9,A,1.0.0,docs-00200,scan,q024,rare+common,0,1,138.654
2026-09-12-l9,B,2.0.0-alpha.7,docs-00200,scan,q024,rare+common,0,1,173.458
2026-09-12-l9,A,1.0.0,docs-00200,scan,q024,rare+common,1,1,130.213
2026-09-12-l9,B,2.0.0-alpha.7,docs-00200,scan,q024,rare+common,1,1,168.877
2026-09-12-l9,A,1.0.0,docs-00200,scan,q024,rare+common,2,1,129.851
2026-09-12-l9,B,2.0.0-alpha.7,docs-00200,scan,q024,rare+common,2,1,167.974
2026-09-12-l9,A,1.0.0,docs-00200,scan,q024,rare+common,3,0,135.086
2026-09-12-l9,B,2.0.0-alpha.7,docs-00200,scan,q024,rare+common,3,0,172.263
2026-09-12-l9,A,1.0.0,docs-00200,scan,q024,rare+common,4,0,131.770
2026-09-12-l9,B,2.0.0-alpha.7,docs-00200,scan,q024,rare+common,4,0,174.200
2026-09-12-l9,A,1.0.0,docs-00200,scan,q024,rare+common,5,0,133.111
2026-09-12-l9,B,2.0.0-alpha.7,docs-00200,scan,q024,rare+common,5,0,171.976
2026-09-12-l9,A,1.0.0,docs-00200,scan,q024,rare+common,6,0,132.713
2026-09-12-l9,B,2.0.0-alpha.7,docs-00200,scan,q024,rare+common,6,0,171.090
2026-09-12-l9,A,1.0.0,docs-00200,scan,q024,rare+common,7,0,134.053
2026-09-12-l9,B,2.0.0-alpha.7,docs-00200,scan,q024,rare+common,7,0,173.996
2026-09-12-l9,A,1.0.0,docs-00200,scan,q024,rare+common,8,0,132.796
2026-09-12-l9,B,2.0.0-alpha.7,docs-00200,scan,q024,rare+common,8,0,172.591
2026-09-12-l9,A,1.0.0,docs-00200,scan,q024,rare+common,9,0,130.962
2026-09-12-l9,B,2.0.0-alpha.7,docs-00200,scan,q024,rare+common,9,0,171.945
2026-09-12-l9,A,1.0.0,docs-00200,scan,q024,rare+common,10,0,136.409
2026-09-12-l9,B,2.0.0-alpha.7,docs-00200,scan,q024,rare+common,10,0,172.073
2026-09-12-l9,A,1.0.0,docs-00200,scan,q024,rare+common,11,0,133.295
2026-09-12-l9,B,2.0.0-alpha.7,docs-00200,scan,q024,rare+common,11,0,172.197
2026-09-12-l9,A,1.0.0,docs-00200,scan,q024,rare+common,12,0,134.009
2026-09-12-l9,B,2.0.0-alpha.7,docs-00200,scan,q024,rare+common,12,0,176.143
2026-09-12-l9,A,1.0.0,docs-00200,scan,q025,rare+common,0,1,137.868
2026-09-12-l9,B,2.0.0-alpha.7,docs-00200,scan,q025,rare+common,0,1,177.005
2026-09-12-l9,A,1.0.0,docs-00200,scan,q025,rare+common,1,1,133.572
2026-09-12-l9,B,2.0.0-alpha.7,docs-00200,scan,q025,rare+common,1,1,170.411
2026-09-12-l9,A,1.0.0,docs-00200,scan,q025,rare+common,2,1,129.131
2026-09-12-l9,B,2.0.0-alpha.7,docs-00200,scan,q025,rare+common,2,1,172.565
2026-09-12-l9,A,1.0.0,docs-00200,scan,q025,rare+common,3,0,135.859
2026-09-12-l9,B,2.0.0-alpha.7,docs-00200,scan,q025,rare+common,3,0,181.059
2026-09-12-l9,A,1.0.0,docs-00200,scan,q025,rare+common,4,0,139.166
2026-09-12-l9,B,2.0.0-alpha.7,docs-00200,scan,q025,rare+common,4,0,179.978
2026-09-12-l9,A,1.0.0,docs-00200,scan,q025,rare+common,5,0,137.216
2026-09-12-l9,B,2.0.0-alpha.7,docs-00200,scan,q025,rare+common,5,0,177.145
2026-09-12-l9,A,1.0.0,docs-00200,scan,q025,rare+common,6,0,136.119
2026-09-12-l9,B,2.0.0-alpha.7,docs-00200,scan,q025,rare+common,6,0,178.100
2026-09-12-l9,A,1.0.0,docs-00200,scan,q025,rare+common,7,0,131.523
2026-09-12-l9,B,2.0.0-alpha.7,docs-00200,scan,q025,rare+common,7,0,175.934
2026-09-12-l9,A,1.0.0,docs-00200,scan,q025,rare+common,8,0,132.064
2026-09-12-l9,B,2.0.0-alpha.7,docs-00200,scan,q025,rare+common,8,0,171.373
2026-09-12-l9,A,1.0.0,docs-00200,scan,q025,rare+common,9,0,131.262
2026-09-12-l9,B,2.0.0-alpha.7,docs-00200,scan,q025,rare+common,9,0,176.619
2026-09-12-l9,A,1.0.0,docs-00200,scan,q025,rare+common,10,0,134.600
2026-09-12-l9,B,2.0.0-alpha.7,docs-00200,scan,q025,rare+common,10,0,174.148
2026-09-12-l9,A,1.0.0,docs-00200,scan,q025,rare+common,11,0,130.366
2026-09-12-l9,B,2.0.0-alpha.7,docs-00200,scan,q025,rare+common,11,0,169.985
2026-09-12-l9,A,1.0.0,docs-00200,scan,q025,rare+common,12,0,128.690
2026-09-12-l9,B,2.0.0-alpha.7,docs-00200,scan,q025,rare+common,12,0,172.873
2026-09-12-l9,A,1.0.0,docs-00200,scan,q026,rare+common,0,1,139.824
2026-09-12-l9,B,2.0.0-alpha.7,docs-00200,scan,q026,rare+common,0,1,177.946
2026-09-12-l9,A,1.0.0,docs-00200,scan,q026,rare+common,1,1,151.141
2026-09-12-l9,B,2.0.0-alpha.7,docs-00200,scan,q026,rare+common,1,1,201.406
2026-09-12-l9,A,1.0.0,docs-00200,scan,q026,rare+common,2,1,137.779
2026-09-12-l9,B,2.0.0-alpha.7,docs-00200,scan,q026,rare+common,2,1,184.438
2026-09-12-l9,A,1.0.0,docs-00200,scan,q026,rare+common,3,0,145.654
2026-09-12-l9,B,2.0.0-alpha.7,docs-00200,scan,q026,rare+common,3,0,186.720
2026-09-12-l9,A,1.0.0,docs-00200,scan,q026,rare+common,4,0,142.210
2026-09-12-l9,B,2.0.0-alpha.7,docs-00200,scan,q026,rare+common,4,0,184.511
2026-09-12-l9,A,1.0.0,docs-00200,scan,q026,rare+common,5,0,138.401
2026-09-12-l9,B,2.0.0-alpha.7,docs-00200,scan,q026,rare+common,5,0,179.596
2026-09-12-l9,A,1.0.0,docs-00200,scan,q026,rare+common,6,0,141.042
2026-09-12-l9,B,2.0.0-alpha.7,docs-00200,scan,q026,rare+common,6,0,180.691
2026-09-12-l9,A,1.0.0,docs-00200,scan,q026,rare+common,7,0,139.923
2026-09-12-l9,B,2.0.0-alpha.7,docs-00200,scan,q026,rare+common,7,0,188.142
2026-09-12-l9,A,1.0.0,docs-00200,scan,q026,rare+common,8,0,138.250
2026-09-12-l9,B,2.0.0-alpha.7,docs-00200,scan,q026,rare+common,8,0,179.689
2026-09-12-l9,A,1.0.0,docs-00200,scan,q026,rare+common,9,0,140.420
2026-09-12-l9,B,2.0.0-alpha.7,docs-00200,scan,q026,rare+common,9,0,180.548
2026-09-12-l9,A,1.0.0,docs-00200,scan,q026,rare+common,10,0,138.843
2026-09-12-l9,B,2.0.0-alpha.7,docs-00200,scan,q026,rare+common,10,0,181.312
2026-09-12-l9,A,1.0.0,docs-00200,scan,q026,rare+common,11,0,138.307
2026-09-12-l9,B,2.0.0-alpha.7,docs-00200,scan,q026,rare+common,11,0,180.175
2026-09-12-l9,A,1.0.0,docs-00200,scan,q026,rare+common,12,0,142.549
2026-09-12-l9,B,2.0.0-alpha.7,docs-00200,scan,q026,rare+common,12,0,182.312
2026-09-12-l9,A,1.0.0,docs-00200,scan,q027,common+common,0,1,136.724
2026-09-12-l9,B,2.0.0-alpha.7,docs-00200,scan,q027,common+common,0,1,182.334
2026-09-12-l9,A,1.0.0,docs-00200,scan,q027,common+common,1,1,137.242
2026-09-12-l9,B,2.0.0-alpha.7,docs-00200,scan,q027,common+common,1,1,166.625
2026-09-12-l9,A,1.0.0,docs-00200,scan,q027,common+common,2,1,124.066
2026-09-12-l9,B,2.0.0-alpha.7,docs-00200,scan,q027,common+common,2,1,170.152
2026-09-12-l9,A,1.0.0,docs-00200,scan,q027,common+common,3,0,122.278
2026-09-12-l9,B,2.0.0-alpha.7,docs-00200,scan,q027,common+common,3,0,167.632
2026-09-12-l9,A,1.0.0,docs-00200,scan,q027,common+common,4,0,125.329
2026-09-12-l9,B,2.0.0-alpha.7,docs-00200,scan,q027,common+common,4,0,164.851
2026-09-12-l9,A,1.0.0,docs-00200,scan,q027,common+common,5,0,124.572
2026-09-12-l9,B,2.0.0-alpha.7,docs-00200,scan,q027,common+common,5,0,169.798
2026-09-12-l9,A,1.0.0,docs-00200,scan,q027,common+common,6,0,132.010
2026-09-12-l9,B,2.0.0-alpha.7,docs-00200,scan,q027,common+common,6,0,180.658
2026-09-12-l9,A,1.0.0,docs-00200,scan,q027,common+common,7,0,137.260
2026-09-12-l9,B,2.0.0-alpha.7,docs-00200,scan,q027,common+common,7,0,181.063
2026-09-12-l9,A,1.0.0,docs-00200,scan,q027,common+common,8,0,128.989
2026-09-12-l9,B,2.0.0-alpha.7,docs-00200,scan,q027,common+common,8,0,170.540
2026-09-12-l9,A,1.0.0,docs-00200,scan,q027,common+common,9,0,127.007
2026-09-12-l9,B,2.0.0-alpha.7,docs-00200,scan,q027,common+common,9,0,173.884
2026-09-12-l9,A,1.0.0,docs-00200,scan,q027,common+common,10,0,129.984
2026-09-12-l9,B,2.0.0-alpha.7,docs-00200,scan,q027,common+common,10,0,172.386
2026-09-12-l9,A,1.0.0,docs-00200,scan,q027,common+common,11,0,129.238
2026-09-12-l9,B,2.0.0-alpha.7,docs-00200,scan,q027,common+common,11,0,173.628
2026-09-12-l9,A,1.0.0,docs-00200,scan,q027,common+common,12,0,129.027
2026-09-12-l9,B,2.0.0-alpha.7,docs-00200,scan,q027,common+common,12,0,174.336
2026-09-12-l9,A,1.0.0,docs-00200,scan,q028,common+common,0,1,132.309
2026-09-12-l9,B,2.0.0-alpha.7,docs-00200,scan,q028,common+common,0,1,169.044
2026-09-12-l9,A,1.0.0,docs-00200,scan,q028,common+common,1,1,132.607
2026-09-12-l9,B,2.0.0-alpha.7,docs-00200,scan,q028,common+common,1,1,180.005
2026-09-12-l9,A,1.0.0,docs-00200,scan,q028,common+common,2,1,137.398
2026-09-12-l9,B,2.0.0-alpha.7,docs-00200,scan,q028,common+common,2,1,174.834
2026-09-12-l9,A,1.0.0,docs-00200,scan,q028,common+common,3,0,133.460
2026-09-12-l9,B,2.0.0-alpha.7,docs-00200,scan,q028,common+common,3,0,183.347
2026-09-12-l9,A,1.0.0,docs-00200,scan,q028,common+common,4,0,139.781
2026-09-12-l9,B,2.0.0-alpha.7,docs-00200,scan,q028,common+common,4,0,180.044
2026-09-12-l9,A,1.0.0,docs-00200,scan,q028,common+common,5,0,138.402
2026-09-12-l9,B,2.0.0-alpha.7,docs-00200,scan,q028,common+common,5,0,183.045
2026-09-12-l9,A,1.0.0,docs-00200,scan,q028,common+common,6,0,139.429
2026-09-12-l9,B,2.0.0-alpha.7,docs-00200,scan,q028,common+common,6,0,180.311
2026-09-12-l9,A,1.0.0,docs-00200,scan,q028,common+common,7,0,138.442
2026-09-12-l9,B,2.0.0-alpha.7,docs-00200,scan,q028,common+common,7,0,176.695
2026-09-12-l9,A,1.0.0,docs-00200,scan,q028,common+common,8,0,131.653
2026-09-12-l9,B,2.0.0-alpha.7,docs-00200,scan,q028,common+common,8,0,165.999
2026-09-12-l9,A,1.0.0,docs-00200,scan,q028,common+common,9,0,130.625
2026-09-12-l9,B,2.0.0-alpha.7,docs-00200,scan,q028,common+common,9,0,179.942
2026-09-12-l9,A,1.0.0,docs-00200,scan,q028,common+common,10,0,138.795
2026-09-12-l9,B,2.0.0-alpha.7,docs-00200,scan,q028,common+common,10,0,178.827
2026-09-12-l9,A,1.0.0,docs-00200,scan,q028,common+common,11,0,135.548
2026-09-12-l9,B,2.0.0-alpha.7,docs-00200,scan,q028,common+common,11,0,169.763
2026-09-12-l9,A,1.0.0,docs-00200,scan,q028,common+common,12,0,131.810
2026-09-12-l9,B,2.0.0-alpha.7,docs-00200,scan,q028,common+common,12,0,174.518
2026-09-12-l9,A,1.0.0,docs-00200,scan,q029,common+common,0,1,130.679
2026-09-12-l9,B,2.0.0-alpha.7,docs-00200,scan,q029,common+common,0,1,172.249
2026-09-12-l9,A,1.0.0,docs-00200,scan,q029,common+common,1,1,130.191
2026-09-12-l9,B,2.0.0-alpha.7,docs-00200,scan,q029,common+common,1,1,171.459
2026-09-12-l9,A,1.0.0,docs-00200,scan,q029,common+common,2,1,136.143
2026-09-12-l9,B,2.0.0-alpha.7,docs-00200,scan,q029,common+common,2,1,177.200
2026-09-12-l9,A,1.0.0,docs-00200,scan,q029,common+common,3,0,127.661
2026-09-12-l9,B,2.0.0-alpha.7,docs-00200,scan,q029,common+common,3,0,174.168
2026-09-12-l9,A,1.0.0,docs-00200,scan,q029,common+common,4,0,131.753
2026-09-12-l9,B,2.0.0-alpha.7,docs-00200,scan,q029,common+common,4,0,172.956
2026-09-12-l9,A,1.0.0,docs-00200,scan,q029,common+common,5,0,131.757
2026-09-12-l9,B,2.0.0-alpha.7,docs-00200,scan,q029,common+common,5,0,170.354
2026-09-12-l9,A,1.0.0,docs-00200,scan,q029,common+common,6,0,136.402
2026-09-12-l9,B,2.0.0-alpha.7,docs-00200,scan,q029,common+common,6,0,175.828
2026-09-12-l9,A,1.0.0,docs-00200,scan,q029,common+common,7,0,132.540
2026-09-12-l9,B,2.0.0-alpha.7,docs-00200,scan,q029,common+common,7,0,172.378
2026-09-12-l9,A,1.0.0,docs-00200,scan,q029,common+common,8,0,127.711
2026-09-12-l9,B,2.0.0-alpha.7,docs-00200,scan,q029,common+common,8,0,174.522
2026-09-12-l9,A,1.0.0,docs-00200,scan,q029,common+common,9,0,140.719
2026-09-12-l9,B,2.0.0-alpha.7,docs-00200,scan,q029,common+common,9,0,175.656
2026-09-12-l9,A,1.0.0,docs-00200,scan,q029,common+common,10,0,125.051
2026-09-12-l9,B,2.0.0-alpha.7,docs-00200,scan,q029,common+common,10,0,173.589
2026-09-12-l9,A,1.0.0,docs-00200,scan,q029,common+common,11,0,129.429
2026-09-12-l9,B,2.0.0-alpha.7,docs-00200,scan,q029,common+common,11,0,170.343
2026-09-12-l9,A,1.0.0,docs-00200,scan,q029,common+common,12,0,134.617
2026-09-12-l9,B,2.0.0-alpha.7,docs-00200,scan,q029,common+common,12,0,180.067
2026-09-12-l9,A,1.0.0,docs-00200,scan,q030,common+common,0,1,131.637
2026-09-12-l9,B,2.0.0-alpha.7,docs-00200,scan,q030,common+common,0,1,173.956
2026-09-12-l9,A,1.0.0,docs-00200,scan,q030,common+common,1,1,132.970
2026-09-12-l9,B,2.0.0-alpha.7,docs-00200,scan,q030,common+common,1,1,169.413
2026-09-12-l9,A,1.0.0,docs-00200,scan,q030,common+common,2,1,131.075
2026-09-12-l9,B,2.0.0-alpha.7,docs-00200,scan,q030,common+common,2,1,175.446
2026-09-12-l9,A,1.0.0,docs-00200,scan,q030,common+common,3,0,133.383
2026-09-12-l9,B,2.0.0-alpha.7,docs-00200,scan,q030,common+common,3,0,174.642
2026-09-12-l9,A,1.0.0,docs-00200,scan,q030,common+common,4,0,131.781
2026-09-12-l9,B,2.0.0-alpha.7,docs-00200,scan,q030,common+common,4,0,170.186
2026-09-12-l9,A,1.0.0,docs-00200,scan,q030,common+common,5,0,129.502
2026-09-12-l9,B,2.0.0-alpha.7,docs-00200,scan,q030,common+common,5,0,177.988
2026-09-12-l9,A,1.0.0,docs-00200,scan,q030,common+common,6,0,134.201
2026-09-12-l9,B,2.0.0-alpha.7,docs-00200,scan,q030,common+common,6,0,173.605
2026-09-12-l9,A,1.0.0,docs-00200,scan,q030,common+common,7,0,131.768
2026-09-12-l9,B,2.0.0-alpha.7,docs-00200,scan,q030,common+common,7,0,176.561
2026-09-12-l9,A,1.0.0,docs-00200,scan,q030,common+common,8,0,133.294
2026-09-12-l9,B,2.0.0-alpha.7,docs-00200,scan,q030,common+common,8,0,170.435
2026-09-12-l9,A,1.0.0,docs-00200,scan,q030,common+common,9,0,136.672
2026-09-12-l9,B,2.0.0-alpha.7,docs-00200,scan,q030,common+common,9,0,172.614
2026-09-12-l9,A,1.0.0,docs-00200,scan,q030,common+common,10,0,130.210
2026-09-12-l9,B,2.0.0-alpha.7,docs-00200,scan,q030,common+common,10,0,174.818
2026-09-12-l9,A,1.0.0,docs-00200,scan,q030,common+common,11,0,132.531
2026-09-12-l9,B,2.0.0-alpha.7,docs-00200,scan,q030,common+common,11,0,171.653
2026-09-12-l9,A,1.0.0,docs-00200,scan,q030,common+common,12,0,129.372
2026-09-12-l9,B,2.0.0-alpha.7,docs-00200,scan,q030,common+common,12,0,176.542
2026-09-12-l9,A,1.0.0,docs-00200,scan,q031,common+common,0,1,138.030
2026-09-12-l9,B,2.0.0-alpha.7,docs-00200,scan,q031,common+common,0,1,169.062
2026-09-12-l9,A,1.0.0,docs-00200,scan,q031,common+common,1,1,130.257
2026-09-12-l9,B,2.0.0-alpha.7,docs-00200,scan,q031,common+common,1,1,174.321
2026-09-12-l9,A,1.0.0,docs-00200,scan,q031,common+common,2,1,130.787
2026-09-12-l9,B,2.0.0-alpha.7,docs-00200,scan,q031,common+common,2,1,174.801
2026-09-12-l9,A,1.0.0,docs-00200,scan,q031,common+common,3,0,135.985
2026-09-12-l9,B,2.0.0-alpha.7,docs-00200,scan,q031,common+common,3,0,173.259
2026-09-12-l9,A,1.0.0,docs-00200,scan,q031,common+common,4,0,133.730
2026-09-12-l9,B,2.0.0-alpha.7,docs-00200,scan,q031,common+common,4,0,170.712
2026-09-12-l9,A,1.0.0,docs-00200,scan,q031,common+common,5,0,132.794
2026-09-12-l9,B,2.0.0-alpha.7,docs-00200,scan,q031,common+common,5,0,169.367
2026-09-12-l9,A,1.0.0,docs-00200,scan,q031,common+common,6,0,132.841
2026-09-12-l9,B,2.0.0-alpha.7,docs-00200,scan,q031,common+common,6,0,172.354
2026-09-12-l9,A,1.0.0,docs-00200,scan,q031,common+common,7,0,132.169
2026-09-12-l9,B,2.0.0-alpha.7,docs-00200,scan,q031,common+common,7,0,173.047
2026-09-12-l9,A,1.0.0,docs-00200,scan,q031,common+common,8,0,132.505
2026-09-12-l9,B,2.0.0-alpha.7,docs-00200,scan,q031,common+common,8,0,168.534
2026-09-12-l9,A,1.0.0,docs-00200,scan,q031,common+common,9,0,132.895
2026-09-12-l9,B,2.0.0-alpha.7,docs-00200,scan,q031,common+common,9,0,176.565
2026-09-12-l9,A,1.0.0,docs-00200,scan,q031,common+common,10,0,137.763
2026-09-12-l9,B,2.0.0-alpha.7,docs-00200,scan,q031,common+common,10,0,171.258
2026-09-12-l9,A,1.0.0,docs-00200,scan,q031,common+common,11,0,131.873
2026-09-12-l9,B,2.0.0-alpha.7,docs-00200,scan,q031,common+common,11,0,172.363
2026-09-12-l9,A,1.0.0,docs-00200,scan,q031,common+common,12,0,129.963
2026-09-12-l9,B,2.0.0-alpha.7,docs-00200,scan,q031,common+common,12,0,175.170
2026-09-12-l9,A,1.0.0,docs-00200,scan,q032,common+common,0,1,133.531
2026-09-12-l9,B,2.0.0-alpha.7,docs-00200,scan,q032,common+common,0,1,170.584
2026-09-12-l9,A,1.0.0,docs-00200,scan,q032,common+common,1,1,131.206
2026-09-12-l9,B,2.0.0-alpha.7,docs-00200,scan,q032,common+common,1,1,170.889
2026-09-12-l9,A,1.0.0,docs-00200,scan,q032,common+common,2,1,129.469
2026-09-12-l9,B,2.0.0-alpha.7,docs-00200,scan,q032,common+common,2,1,172.027
2026-09-12-l9,A,1.0.0,docs-00200,scan,q032,common+common,3,0,134.301
2026-09-12-l9,B,2.0.0-alpha.7,docs-00200,scan,q032,common+common,3,0,172.622
2026-09-12-l9,A,1.0.0,docs-00200,scan,q032,common+common,4,0,130.986
2026-09-12-l9,B,2.0.0-alpha.7,docs-00200,scan,q032,common+common,4,0,170.505
2026-09-12-l9,A,1.0.0,docs-00200,scan,q032,common+common,5,0,130.167
2026-09-12-l9,B,2.0.0-alpha.7,docs-00200,scan,q032,common+common,5,0,169.016
2026-09-12-l9,A,1.0.0,docs-00200,scan,q032,common+common,6,0,134.524
2026-09-12-l9,B,2.0.0-alpha.7,docs-00200,scan,q032,common+common,6,0,177.312
2026-09-12-l9,A,1.0.0,docs-00200,scan,q032,common+common,7,0,132.931
2026-09-12-l9,B,2.0.0-alpha.7,docs-00200,scan,q032,common+common,7,0,175.978
2026-09-12-l9,A,1.0.0,docs-00200,scan,q032,common+common,8,0,131.399
2026-09-12-l9,B,2.0.0-alpha.7,docs-00200,scan,q032,common+common,8,0,169.741
2026-09-12-l9,A,1.0.0,docs-00200,scan,q032,common+common,9,0,132.365
2026-09-12-l9,B,2.0.0-alpha.7,docs-00200,scan,q032,common+common,9,0,180.119
2026-09-12-l9,A,1.0.0,docs-00200,scan,q032,common+common,10,0,132.077
2026-09-12-l9,B,2.0.0-alpha.7,docs-00200,scan,q032,common+common,10,0,174.463
2026-09-12-l9,A,1.0.0,docs-00200,scan,q032,common+common,11,0,128.748
2026-09-12-l9,B,2.0.0-alpha.7,docs-00200,scan,q032,common+common,11,0,169.216
2026-09-12-l9,A,1.0.0,docs-00200,scan,q032,common+common,12,0,125.442
2026-09-12-l9,B,2.0.0-alpha.7,docs-00200,scan,q032,common+common,12,0,169.407
2026-09-12-l9,A,1.0.0,docs-00200,scan,q033,common+common,0,1,132.019
2026-09-12-l9,B,2.0.0-alpha.7,docs-00200,scan,q033,common+common,0,1,175.173
2026-09-12-l9,A,1.0.0,docs-00200,scan,q033,common+common,1,1,135.965
2026-09-12-l9,B,2.0.0-alpha.7,docs-00200,scan,q033,common+common,1,1,168.797
2026-09-12-l9,A,1.0.0,docs-00200,scan,q033,common+common,2,1,129.838
2026-09-12-l9,B,2.0.0-alpha.7,docs-00200,scan,q033,common+common,2,1,166.593
2026-09-12-l9,A,1.0.0,docs-00200,scan,q033,common+common,3,0,130.250
2026-09-12-l9,B,2.0.0-alpha.7,docs-00200,scan,q033,common+common,3,0,173.944
2026-09-12-l9,A,1.0.0,docs-00200,scan,q033,common+common,4,0,132.163
2026-09-12-l9,B,2.0.0-alpha.7,docs-00200,scan,q033,common+common,4,0,169.229
2026-09-12-l9,A,1.0.0,docs-00200,scan,q033,common+common,5,0,128.419
2026-09-12-l9,B,2.0.0-alpha.7,docs-00200,scan,q033,common+common,5,0,170.949
2026-09-12-l9,A,1.0.0,docs-00200,scan,q033,common+common,6,0,132.140
2026-09-12-l9,B,2.0.0-alpha.7,docs-00200,scan,q033,common+common,6,0,174.429
2026-09-12-l9,A,1.0.0,docs-00200,scan,q033,common+common,7,0,130.572
2026-09-12-l9,B,2.0.0-alpha.7,docs-00200,scan,q033,common+common,7,0,167.040
2026-09-12-l9,A,1.0.0,docs-00200,scan,q033,common+common,8,0,128.823
2026-09-12-l9,B,2.0.0-alpha.7,docs-00200,scan,q033,common+common,8,0,167.457
2026-09-12-l9,A,1.0.0,docs-00200,scan,q033,common+common,9,0,126.958
2026-09-12-l9,B,2.0.0-alpha.7,docs-00200,scan,q033,common+common,9,0,175.361
2026-09-12-l9,A,1.0.0,docs-00200,scan,q033,common+common,10,0,132.790
2026-09-12-l9,B,2.0.0-alpha.7,docs-00200,scan,q033,common+common,10,0,170.790
2026-09-12-l9,A,1.0.0,docs-00200,scan,q033,common+common,11,0,129.669
2026-09-12-l9,B,2.0.0-alpha.7,docs-00200,scan,q033,common+common,11,0,168.268
2026-09-12-l9,A,1.0.0,docs-00200,scan,q033,common+common,12,0,125.244
2026-09-12-l9,B,2.0.0-alpha.7,docs-00200,scan,q033,common+common,12,0,173.299
2026-09-12-l9,A,1.0.0,docs-00200,scan,q034,common+common,0,1,135.848
2026-09-12-l9,B,2.0.0-alpha.7,docs-00200,scan,q034,common+common,0,1,170.652
2026-09-12-l9,A,1.0.0,docs-00200,scan,q034,common+common,1,1,136.764
2026-09-12-l9,B,2.0.0-alpha.7,docs-00200,scan,q034,common+common,1,1,176.506
2026-09-12-l9,A,1.0.0,docs-00200,scan,q034,common+common,2,1,131.478
2026-09-12-l9,B,2.0.0-alpha.7,docs-00200,scan,q034,common+common,2,1,171.712
2026-09-12-l9,A,1.0.0,docs-00200,scan,q034,common+common,3,0,135.121
2026-09-12-l9,B,2.0.0-alpha.7,docs-00200,scan,q034,common+common,3,0,174.288
2026-09-12-l9,A,1.0.0,docs-00200,scan,q034,common+common,4,0,131.071
2026-09-12-l9,B,2.0.0-alpha.7,docs-00200,scan,q034,common+common,4,0,170.688
2026-09-12-l9,A,1.0.0,docs-00200,scan,q034,common+common,5,0,133.771
2026-09-12-l9,B,2.0.0-alpha.7,docs-00200,scan,q034,common+common,5,0,172.392
2026-09-12-l9,A,1.0.0,docs-00200,scan,q034,common+common,6,0,134.010
2026-09-12-l9,B,2.0.0-alpha.7,docs-00200,scan,q034,common+common,6,0,180.183
2026-09-12-l9,A,1.0.0,docs-00200,scan,q034,common+common,7,0,130.469
2026-09-12-l9,B,2.0.0-alpha.7,docs-00200,scan,q034,common+common,7,0,174.729
2026-09-12-l9,A,1.0.0,docs-00200,scan,q034,common+common,8,0,132.383
2026-09-12-l9,B,2.0.0-alpha.7,docs-00200,scan,q034,common+common,8,0,171.358
2026-09-12-l9,A,1.0.0,docs-00200,scan,q034,common+common,9,0,133.347
2026-09-12-l9,B,2.0.0-alpha.7,docs-00200,scan,q034,common+common,9,0,175.959
2026-09-12-l9,A,1.0.0,docs-00200,scan,q034,common+common,10,0,134.866
2026-09-12-l9,B,2.0.0-alpha.7,docs-00200,scan,q034,common+common,10,0,173.533
2026-09-12-l9,A,1.0.0,docs-00200,scan,q034,common+common,11,0,134.055
2026-09-12-l9,B,2.0.0-alpha.7,docs-00200,scan,q034,common+common,11,0,173.086
2026-09-12-l9,A,1.0.0,docs-00200,scan,q034,common+common,12,0,134.601
2026-09-12-l9,B,2.0.0-alpha.7,docs-00200,scan,q034,common+common,12,0,174.863
2026-09-12-l9,A,1.0.0,docs-00200,scan,q035,phrase,0,1,127.333
2026-09-12-l9,B,2.0.0-alpha.7,docs-00200,scan,q035,phrase,0,1,175.993
2026-09-12-l9,A,1.0.0,docs-00200,scan,q035,phrase,1,1,129.446
2026-09-12-l9,B,2.0.0-alpha.7,docs-00200,scan,q035,phrase,1,1,169.902
2026-09-12-l9,A,1.0.0,docs-00200,scan,q035,phrase,2,1,126.948
2026-09-12-l9,B,2.0.0-alpha.7,docs-00200,scan,q035,phrase,2,1,171.357
2026-09-12-l9,A,1.0.0,docs-00200,scan,q035,phrase,3,0,138.663
2026-09-12-l9,B,2.0.0-alpha.7,docs-00200,scan,q035,phrase,3,0,180.253
2026-09-12-l9,A,1.0.0,docs-00200,scan,q035,phrase,4,0,128.985
2026-09-12-l9,B,2.0.0-alpha.7,docs-00200,scan,q035,phrase,4,0,173.439
2026-09-12-l9,A,1.0.0,docs-00200,scan,q035,phrase,5,0,130.817
2026-09-12-l9,B,2.0.0-alpha.7,docs-00200,scan,q035,phrase,5,0,172.358
2026-09-12-l9,A,1.0.0,docs-00200,scan,q035,phrase,6,0,127.480
2026-09-12-l9,B,2.0.0-alpha.7,docs-00200,scan,q035,phrase,6,0,171.119
2026-09-12-l9,A,1.0.0,docs-00200,scan,q035,phrase,7,0,131.583
2026-09-12-l9,B,2.0.0-alpha.7,docs-00200,scan,q035,phrase,7,0,173.057
2026-09-12-l9,A,1.0.0,docs-00200,scan,q035,phrase,8,0,138.930
2026-09-12-l9,B,2.0.0-alpha.7,docs-00200,scan,q035,phrase,8,0,171.982
2026-09-12-l9,A,1.0.0,docs-00200,scan,q035,phrase,9,0,130.055
2026-09-12-l9,B,2.0.0-alpha.7,docs-00200,scan,q035,phrase,9,0,180.527
2026-09-12-l9,A,1.0.0,docs-00200,scan,q035,phrase,10,0,131.855
2026-09-12-l9,B,2.0.0-alpha.7,docs-00200,scan,q035,phrase,10,0,172.612
2026-09-12-l9,A,1.0.0,docs-00200,scan,q035,phrase,11,0,129.898
2026-09-12-l9,B,2.0.0-alpha.7,docs-00200,scan,q035,phrase,11,0,170.187
2026-09-12-l9,A,1.0.0,docs-00200,scan,q035,phrase,12,0,129.120
2026-09-12-l9,B,2.0.0-alpha.7,docs-00200,scan,q035,phrase,12,0,168.131
2026-09-12-l9,A,1.0.0,docs-00200,scan,q036,phrase,0,1,133.319
2026-09-12-l9,B,2.0.0-alpha.7,docs-00200,scan,q036,phrase,0,1,173.153
2026-09-12-l9,A,1.0.0,docs-00200,scan,q036,phrase,1,1,130.683
2026-09-12-l9,B,2.0.0-alpha.7,docs-00200,scan,q036,phrase,1,1,171.694
2026-09-12-l9,A,1.0.0,docs-00200,scan,q036,phrase,2,1,131.221
2026-09-12-l9,B,2.0.0-alpha.7,docs-00200,scan,q036,phrase,2,1,168.387
2026-09-12-l9,A,1.0.0,docs-00200,scan,q036,phrase,3,0,128.945
2026-09-12-l9,B,2.0.0-alpha.7,docs-00200,scan,q036,phrase,3,0,179.840
2026-09-12-l9,A,1.0.0,docs-00200,scan,q036,phrase,4,0,137.167
2026-09-12-l9,B,2.0.0-alpha.7,docs-00200,scan,q036,phrase,4,0,184.900
2026-09-12-l9,A,1.0.0,docs-00200,scan,q036,phrase,5,0,136.640
2026-09-12-l9,B,2.0.0-alpha.7,docs-00200,scan,q036,phrase,5,0,180.584
2026-09-12-l9,A,1.0.0,docs-00200,scan,q036,phrase,6,0,136.653
2026-09-12-l9,B,2.0.0-alpha.7,docs-00200,scan,q036,phrase,6,0,179.491
2026-09-12-l9,A,1.0.0,docs-00200,scan,q036,phrase,7,0,136.746
2026-09-12-l9,B,2.0.0-alpha.7,docs-00200,scan,q036,phrase,7,0,181.362
2026-09-12-l9,A,1.0.0,docs-00200,scan,q036,phrase,8,0,137.952
2026-09-12-l9,B,2.0.0-alpha.7,docs-00200,scan,q036,phrase,8,0,180.785
2026-09-12-l9,A,1.0.0,docs-00200,scan,q036,phrase,9,0,137.105
2026-09-12-l9,B,2.0.0-alpha.7,docs-00200,scan,q036,phrase,9,0,184.236
2026-09-12-l9,A,1.0.0,docs-00200,scan,q036,phrase,10,0,144.692
2026-09-12-l9,B,2.0.0-alpha.7,docs-00200,scan,q036,phrase,10,0,187.543
2026-09-12-l9,A,1.0.0,docs-00200,scan,q036,phrase,11,0,138.520
2026-09-12-l9,B,2.0.0-alpha.7,docs-00200,scan,q036,phrase,11,0,180.927
2026-09-12-l9,A,1.0.0,docs-00200,scan,q036,phrase,12,0,137.896
2026-09-12-l9,B,2.0.0-alpha.7,docs-00200,scan,q036,phrase,12,0,182.874
2026-09-12-l9,A,1.0.0,docs-00200,scan,q037,phrase,0,1,140.233
2026-09-12-l9,B,2.0.0-alpha.7,docs-00200,scan,q037,phrase,0,1,181.198
2026-09-12-l9,A,1.0.0,docs-00200,scan,q037,phrase,1,1,138.813
2026-09-12-l9,B,2.0.0-alpha.7,docs-00200,scan,q037,phrase,1,1,181.212
2026-09-12-l9,A,1.0.0,docs-00200,scan,q037,phrase,2,1,139.608
2026-09-12-l9,B,2.0.0-alpha.7,docs-00200,scan,q037,phrase,2,1,180.269
2026-09-12-l9,A,1.0.0,docs-00200,scan,q037,phrase,3,0,141.509
2026-09-12-l9,B,2.0.0-alpha.7,docs-00200,scan,q037,phrase,3,0,163.036
2026-09-12-l9,A,1.0.0,docs-00200,scan,q037,phrase,4,0,124.916
2026-09-12-l9,B,2.0.0-alpha.7,docs-00200,scan,q037,phrase,4,0,168.945
2026-09-12-l9,A,1.0.0,docs-00200,scan,q037,phrase,5,0,135.528
2026-09-12-l9,B,2.0.0-alpha.7,docs-00200,scan,q037,phrase,5,0,164.408
2026-09-12-l9,A,1.0.0,docs-00200,scan,q037,phrase,6,0,126.381
2026-09-12-l9,B,2.0.0-alpha.7,docs-00200,scan,q037,phrase,6,0,179.768
2026-09-12-l9,A,1.0.0,docs-00200,scan,q037,phrase,7,0,135.600
2026-09-12-l9,B,2.0.0-alpha.7,docs-00200,scan,q037,phrase,7,0,174.866
2026-09-12-l9,A,1.0.0,docs-00200,scan,q037,phrase,8,0,134.261
2026-09-12-l9,B,2.0.0-alpha.7,docs-00200,scan,q037,phrase,8,0,170.524
2026-09-12-l9,A,1.0.0,docs-00200,scan,q037,phrase,9,0,134.045
2026-09-12-l9,B,2.0.0-alpha.7,docs-00200,scan,q037,phrase,9,0,184.451
2026-09-12-l9,A,1.0.0,docs-00200,scan,q037,phrase,10,0,135.113
2026-09-12-l9,B,2.0.0-alpha.7,docs-00200,scan,q037,phrase,10,0,164.338
2026-09-12-l9,A,1.0.0,docs-00200,scan,q037,phrase,11,0,131.973
2026-09-12-l9,B,2.0.0-alpha.7,docs-00200,scan,q037,phrase,11,0,166.371
2026-09-12-l9,A,1.0.0,docs-00200,scan,q037,phrase,12,0,128.597
2026-09-12-l9,B,2.0.0-alpha.7,docs-00200,scan,q037,phrase,12,0,171.424
2026-09-12-l9,A,1.0.0,docs-00200,scan,q038,phrase,0,1,128.640
2026-09-12-l9,B,2.0.0-alpha.7,docs-00200,scan,q038,phrase,0,1,170.446
2026-09-12-l9,A,1.0.0,docs-00200,scan,q038,phrase,1,1,129.507
2026-09-12-l9,B,2.0.0-alpha.7,docs-00200,scan,q038,phrase,1,1,170.866
2026-09-12-l9,A,1.0.0,docs-00200,scan,q038,phrase,2,1,129.080
2026-09-12-l9,B,2.0.0-alpha.7,docs-00200,scan,q038,phrase,2,1,168.485
2026-09-12-l9,A,1.0.0,docs-00200,scan,q038,phrase,3,0,126.969
2026-09-12-l9,B,2.0.0-alpha.7,docs-00200,scan,q038,phrase,3,0,174.789
2026-09-12-l9,A,1.0.0,docs-00200,scan,q038,phrase,4,0,132.886
2026-09-12-l9,B,2.0.0-alpha.7,docs-00200,scan,q038,phrase,4,0,172.716
2026-09-12-l9,A,1.0.0,docs-00200,scan,q038,phrase,5,0,129.169
2026-09-12-l9,B,2.0.0-alpha.7,docs-00200,scan,q038,phrase,5,0,168.941
2026-09-12-l9,A,1.0.0,docs-00200,scan,q038,phrase,6,0,132.580
2026-09-12-l9,B,2.0.0-alpha.7,docs-00200,scan,q038,phrase,6,0,169.132
2026-09-12-l9,A,1.0.0,docs-00200,scan,q038,phrase,7,0,127.830
2026-09-12-l9,B,2.0.0-alpha.7,docs-00200,scan,q038,phrase,7,0,170.934
2026-09-12-l9,A,1.0.0,docs-00200,scan,q038,phrase,8,0,128.629
2026-09-12-l9,B,2.0.0-alpha.7,docs-00200,scan,q038,phrase,8,0,169.079
2026-09-12-l9,A,1.0.0,docs-00200,scan,q038,phrase,9,0,127.807
2026-09-12-l9,B,2.0.0-alpha.7,docs-00200,scan,q038,phrase,9,0,168.666
2026-09-12-l9,A,1.0.0,docs-00200,scan,q038,phrase,10,0,137.039
2026-09-12-l9,B,2.0.0-alpha.7,docs-00200,scan,q038,phrase,10,0,172.355
2026-09-12-l9,A,1.0.0,docs-00200,scan,q038,phrase,11,0,130.709
2026-09-12-l9,B,2.0.0-alpha.7,docs-00200,scan,q038,phrase,11,0,168.276
2026-09-12-l9,A,1.0.0,docs-00200,scan,q038,phrase,12,0,127.241
2026-09-12-l9,B,2.0.0-alpha.7,docs-00200,scan,q038,phrase,12,0,168.138
2026-09-12-l9,A,1.0.0,docs-00200,scan,q039,phrase,0,1,131.815
2026-09-12-l9,B,2.0.0-alpha.7,docs-00200,scan,q039,phrase,0,1,185.702
2026-09-12-l9,A,1.0.0,docs-00200,scan,q039,phrase,1,1,137.956
2026-09-12-l9,B,2.0.0-alpha.7,docs-00200,scan,q039,phrase,1,1,181.302
2026-09-12-l9,A,1.0.0,docs-00200,scan,q039,phrase,2,1,137.023
2026-09-12-l9,B,2.0.0-alpha.7,docs-00200,scan,q039,phrase,2,1,180.489
2026-09-12-l9,A,1.0.0,docs-00200,scan,q039,phrase,3,0,137.437
2026-09-12-l9,B,2.0.0-alpha.7,docs-00200,scan,q039,phrase,3,0,182.400
2026-09-12-l9,A,1.0.0,docs-00200,scan,q039,phrase,4,0,136.854
2026-09-12-l9,B,2.0.0-alpha.7,docs-00200,scan,q039,phrase,4,0,181.225
2026-09-12-l9,A,1.0.0,docs-00200,scan,q039,phrase,5,0,136.071
2026-09-12-l9,B,2.0.0-alpha.7,docs-00200,scan,q039,phrase,5,0,174.474
2026-09-12-l9,A,1.0.0,docs-00200,scan,q039,phrase,6,0,136.666
2026-09-12-l9,B,2.0.0-alpha.7,docs-00200,scan,q039,phrase,6,0,170.959
2026-09-12-l9,A,1.0.0,docs-00200,scan,q039,phrase,7,0,129.725
2026-09-12-l9,B,2.0.0-alpha.7,docs-00200,scan,q039,phrase,7,0,173.535
2026-09-12-l9,A,1.0.0,docs-00200,scan,q039,phrase,8,0,131.144
2026-09-12-l9,B,2.0.0-alpha.7,docs-00200,scan,q039,phrase,8,0,168.199
2026-09-12-l9,A,1.0.0,docs-00200,scan,q039,phrase,9,0,127.764
2026-09-12-l9,B,2.0.0-alpha.7,docs-00200,scan,q039,phrase,9,0,174.426
2026-09-12-l9,A,1.0.0,docs-00200,scan,q039,phrase,10,0,134.059
2026-09-12-l9,B,2.0.0-alpha.7,docs-00200,scan,q039,phrase,10,0,184.315
2026-09-12-l9,A,1.0.0,docs-00200,scan,q039,phrase,11,0,135.566
2026-09-12-l9,B,2.0.0-alpha.7,docs-00200,scan,q039,phrase,11,0,179.616
2026-09-12-l9,A,1.0.0,docs-00200,scan,q039,phrase,12,0,135.137
2026-09-12-l9,B,2.0.0-alpha.7,docs-00200,scan,q039,phrase,12,0,180.630
2026-09-12-l9,A,1.0.0,docs-00200,scan,q040,phrase,0,1,137.720
2026-09-12-l9,B,2.0.0-alpha.7,docs-00200,scan,q040,phrase,0,1,180.885
2026-09-12-l9,A,1.0.0,docs-00200,scan,q040,phrase,1,1,139.185
2026-09-12-l9,B,2.0.0-alpha.7,docs-00200,scan,q040,phrase,1,1,180.364
2026-09-12-l9,A,1.0.0,docs-00200,scan,q040,phrase,2,1,136.171
2026-09-12-l9,B,2.0.0-alpha.7,docs-00200,scan,q040,phrase,2,1,168.787
2026-09-12-l9,A,1.0.0,docs-00200,scan,q040,phrase,3,0,126.126
2026-09-12-l9,B,2.0.0-alpha.7,docs-00200,scan,q040,phrase,3,0,170.995
2026-09-12-l9,A,1.0.0,docs-00200,scan,q040,phrase,4,0,129.301
2026-09-12-l9,B,2.0.0-alpha.7,docs-00200,scan,q040,phrase,4,0,167.661
2026-09-12-l9,A,1.0.0,docs-00200,scan,q040,phrase,5,0,126.185
2026-09-12-l9,B,2.0.0-alpha.7,docs-00200,scan,q040,phrase,5,0,168.472
2026-09-12-l9,A,1.0.0,docs-00200,scan,q040,phrase,6,0,130.474
2026-09-12-l9,B,2.0.0-alpha.7,docs-00200,scan,q040,phrase,6,0,177.727
2026-09-12-l9,A,1.0.0,docs-00200,scan,q040,phrase,7,0,124.558
2026-09-12-l9,B,2.0.0-alpha.7,docs-00200,scan,q040,phrase,7,0,168.159
2026-09-12-l9,A,1.0.0,docs-00200,scan,q040,phrase,8,0,126.215
2026-09-12-l9,B,2.0.0-alpha.7,docs-00200,scan,q040,phrase,8,0,166.957
2026-09-12-l9,A,1.0.0,docs-00200,scan,q040,phrase,9,0,125.360
2026-09-12-l9,B,2.0.0-alpha.7,docs-00200,scan,q040,phrase,9,0,168.147
2026-09-12-l9,A,1.0.0,docs-00200,scan,q040,phrase,10,0,128.001
2026-09-12-l9,B,2.0.0-alpha.7,docs-00200,scan,q040,phrase,10,0,170.541
2026-09-12-l9,A,1.0.0,docs-00200,scan,q040,phrase,11,0,126.999
2026-09-12-l9,B,2.0.0-alpha.7,docs-00200,scan,q040,phrase,11,0,172.110
2026-09-12-l9,A,1.0.0,docs-00200,scan,q040,phrase,12,0,133.338
2026-09-12-l9,B,2.0.0-alpha.7,docs-00200,scan,q040,phrase,12,0,172.700
2026-09-12-l9,A,1.0.0,docs-00200,scan,q041,phrase,0,1,132.372
2026-09-12-l9,B,2.0.0-alpha.7,docs-00200,scan,q041,phrase,0,1,169.821
2026-09-12-l9,A,1.0.0,docs-00200,scan,q041,phrase,1,1,128.400
2026-09-12-l9,B,2.0.0-alpha.7,docs-00200,scan,q041,phrase,1,1,172.541
2026-09-12-l9,A,1.0.0,docs-00200,scan,q041,phrase,2,1,127.987
2026-09-12-l9,B,2.0.0-alpha.7,docs-00200,scan,q041,phrase,2,1,174.110
2026-09-12-l9,A,1.0.0,docs-00200,scan,q041,phrase,3,0,136.498
2026-09-12-l9,B,2.0.0-alpha.7,docs-00200,scan,q041,phrase,3,0,184.022
2026-09-12-l9,A,1.0.0,docs-00200,scan,q041,phrase,4,0,137.556
2026-09-12-l9,B,2.0.0-alpha.7,docs-00200,scan,q041,phrase,4,0,177.071
2026-09-12-l9,A,1.0.0,docs-00200,scan,q041,phrase,5,0,134.333
2026-09-12-l9,B,2.0.0-alpha.7,docs-00200,scan,q041,phrase,5,0,172.731
2026-09-12-l9,A,1.0.0,docs-00200,scan,q041,phrase,6,0,131.887
2026-09-12-l9,B,2.0.0-alpha.7,docs-00200,scan,q041,phrase,6,0,173.590
2026-09-12-l9,A,1.0.0,docs-00200,scan,q041,phrase,7,0,130.172
2026-09-12-l9,B,2.0.0-alpha.7,docs-00200,scan,q041,phrase,7,0,176.344
2026-09-12-l9,A,1.0.0,docs-00200,scan,q041,phrase,8,0,132.286
2026-09-12-l9,B,2.0.0-alpha.7,docs-00200,scan,q041,phrase,8,0,167.505
2026-09-12-l9,A,1.0.0,docs-00200,scan,q041,phrase,9,0,129.562
2026-09-12-l9,B,2.0.0-alpha.7,docs-00200,scan,q041,phrase,9,0,169.512
2026-09-12-l9,A,1.0.0,docs-00200,scan,q041,phrase,10,0,130.051
2026-09-12-l9,B,2.0.0-alpha.7,docs-00200,scan,q041,phrase,10,0,171.371
2026-09-12-l9,A,1.0.0,docs-00200,scan,q041,phrase,11,0,132.419
2026-09-12-l9,B,2.0.0-alpha.7,docs-00200,scan,q041,phrase,11,0,170.468
2026-09-12-l9,A,1.0.0,docs-00200,scan,q041,phrase,12,0,129.868
2026-09-12-l9,B,2.0.0-alpha.7,docs-00200,scan,q041,phrase,12,0,169.243
2026-09-12-l9,A,1.0.0,docs-00200,scan,q042,phrase,0,1,132.481
2026-09-12-l9,B,2.0.0-alpha.7,docs-00200,scan,q042,phrase,0,1,171.906
2026-09-12-l9,A,1.0.0,docs-00200,scan,q042,phrase,1,1,130.573
2026-09-12-l9,B,2.0.0-alpha.7,docs-00200,scan,q042,phrase,1,1,169.266
2026-09-12-l9,A,1.0.0,docs-00200,scan,q042,phrase,2,1,127.793
2026-09-12-l9,B,2.0.0-alpha.7,docs-00200,scan,q042,phrase,2,1,169.446
2026-09-12-l9,A,1.0.0,docs-00200,scan,q042,phrase,3,0,128.737
2026-09-12-l9,B,2.0.0-alpha.7,docs-00200,scan,q042,phrase,3,0,173.817
2026-09-12-l9,A,1.0.0,docs-00200,scan,q042,phrase,4,0,131.051
2026-09-12-l9,B,2.0.0-alpha.7,docs-00200,scan,q042,phrase,4,0,169.932
2026-09-12-l9,A,1.0.0,docs-00200,scan,q042,phrase,5,0,128.706
2026-09-12-l9,B,2.0.0-alpha.7,docs-00200,scan,q042,phrase,5,0,167.150
2026-09-12-l9,A,1.0.0,docs-00200,scan,q042,phrase,6,0,127.492
2026-09-12-l9,B,2.0.0-alpha.7,docs-00200,scan,q042,phrase,6,0,168.220
2026-09-12-l9,A,1.0.0,docs-00200,scan,q042,phrase,7,0,129.941
2026-09-12-l9,B,2.0.0-alpha.7,docs-00200,scan,q042,phrase,7,0,173.686
2026-09-12-l9,A,1.0.0,docs-00200,scan,q042,phrase,8,0,130.888
2026-09-12-l9,B,2.0.0-alpha.7,docs-00200,scan,q042,phrase,8,0,173.664
2026-09-12-l9,A,1.0.0,docs-00200,scan,q042,phrase,9,0,124.711
2026-09-12-l9,B,2.0.0-alpha.7,docs-00200,scan,q042,phrase,9,0,166.519
2026-09-12-l9,A,1.0.0,docs-00200,scan,q042,phrase,10,0,130.218
2026-09-12-l9,B,2.0.0-alpha.7,docs-00200,scan,q042,phrase,10,0,174.104
2026-09-12-l9,A,1.0.0,docs-00200,scan,q042,phrase,11,0,134.836
2026-09-12-l9,B,2.0.0-alpha.7,docs-00200,scan,q042,phrase,11,0,169.490
2026-09-12-l9,A,1.0.0,docs-00200,scan,q042,phrase,12,0,134.242
2026-09-12-l9,B,2.0.0-alpha.7,docs-00200,scan,q042,phrase,12,0,166.743
2026-09-12-l9,A,1.0.0,docs-00200,scan,q043,natural,0,1,132.185
2026-09-12-l9,B,2.0.0-alpha.7,docs-00200,scan,q043,natural,0,1,182.050
2026-09-12-l9,A,1.0.0,docs-00200,scan,q043,natural,1,1,133.735
2026-09-12-l9,B,2.0.0-alpha.7,docs-00200,scan,q043,natural,1,1,179.004
2026-09-12-l9,A,1.0.0,docs-00200,scan,q043,natural,2,1,140.339
2026-09-12-l9,B,2.0.0-alpha.7,docs-00200,scan,q043,natural,2,1,178.550
2026-09-12-l9,A,1.0.0,docs-00200,scan,q043,natural,3,0,130.996
2026-09-12-l9,B,2.0.0-alpha.7,docs-00200,scan,q043,natural,3,0,175.822
2026-09-12-l9,A,1.0.0,docs-00200,scan,q043,natural,4,0,138.026
2026-09-12-l9,B,2.0.0-alpha.7,docs-00200,scan,q043,natural,4,0,172.437
2026-09-12-l9,A,1.0.0,docs-00200,scan,q043,natural,5,0,136.308
2026-09-12-l9,B,2.0.0-alpha.7,docs-00200,scan,q043,natural,5,0,172.277
2026-09-12-l9,A,1.0.0,docs-00200,scan,q043,natural,6,0,131.943
2026-09-12-l9,B,2.0.0-alpha.7,docs-00200,scan,q043,natural,6,0,180.015
2026-09-12-l9,A,1.0.0,docs-00200,scan,q043,natural,7,0,137.448
2026-09-12-l9,B,2.0.0-alpha.7,docs-00200,scan,q043,natural,7,0,176.429
2026-09-12-l9,A,1.0.0,docs-00200,scan,q043,natural,8,0,129.966
2026-09-12-l9,B,2.0.0-alpha.7,docs-00200,scan,q043,natural,8,0,175.450
2026-09-12-l9,A,1.0.0,docs-00200,scan,q043,natural,9,0,132.496
2026-09-12-l9,B,2.0.0-alpha.7,docs-00200,scan,q043,natural,9,0,176.366
2026-09-12-l9,A,1.0.0,docs-00200,scan,q043,natural,10,0,134.701
2026-09-12-l9,B,2.0.0-alpha.7,docs-00200,scan,q043,natural,10,0,176.043
2026-09-12-l9,A,1.0.0,docs-00200,scan,q043,natural,11,0,140.477
2026-09-12-l9,B,2.0.0-alpha.7,docs-00200,scan,q043,natural,11,0,183.952
2026-09-12-l9,A,1.0.0,docs-00200,scan,q043,natural,12,0,140.796
2026-09-12-l9,B,2.0.0-alpha.7,docs-00200,scan,q043,natural,12,0,182.605
2026-09-12-l9,A,1.0.0,docs-00200,scan,q044,natural,0,1,140.124
2026-09-12-l9,B,2.0.0-alpha.7,docs-00200,scan,q044,natural,0,1,186.918
2026-09-12-l9,A,1.0.0,docs-00200,scan,q044,natural,1,1,142.039
2026-09-12-l9,B,2.0.0-alpha.7,docs-00200,scan,q044,natural,1,1,184.674
2026-09-12-l9,A,1.0.0,docs-00200,scan,q044,natural,2,1,140.767
2026-09-12-l9,B,2.0.0-alpha.7,docs-00200,scan,q044,natural,2,1,183.697
2026-09-12-l9,A,1.0.0,docs-00200,scan,q044,natural,3,0,140.714
2026-09-12-l9,B,2.0.0-alpha.7,docs-00200,scan,q044,natural,3,0,175.430
2026-09-12-l9,A,1.0.0,docs-00200,scan,q044,natural,4,0,133.417
2026-09-12-l9,B,2.0.0-alpha.7,docs-00200,scan,q044,natural,4,0,176.260
2026-09-12-l9,A,1.0.0,docs-00200,scan,q044,natural,5,0,131.917
2026-09-12-l9,B,2.0.0-alpha.7,docs-00200,scan,q044,natural,5,0,172.282
2026-09-12-l9,A,1.0.0,docs-00200,scan,q044,natural,6,0,132.536
2026-09-12-l9,B,2.0.0-alpha.7,docs-00200,scan,q044,natural,6,0,172.884
2026-09-12-l9,A,1.0.0,docs-00200,scan,q044,natural,7,0,134.520
2026-09-12-l9,B,2.0.0-alpha.7,docs-00200,scan,q044,natural,7,0,174.740
2026-09-12-l9,A,1.0.0,docs-00200,scan,q044,natural,8,0,136.937
2026-09-12-l9,B,2.0.0-alpha.7,docs-00200,scan,q044,natural,8,0,185.700
2026-09-12-l9,A,1.0.0,docs-00200,scan,q044,natural,9,0,138.828
2026-09-12-l9,B,2.0.0-alpha.7,docs-00200,scan,q044,natural,9,0,180.226
2026-09-12-l9,A,1.0.0,docs-00200,scan,q044,natural,10,0,142.356
2026-09-12-l9,B,2.0.0-alpha.7,docs-00200,scan,q044,natural,10,0,183.616
2026-09-12-l9,A,1.0.0,docs-00200,scan,q044,natural,11,0,139.321
2026-09-12-l9,B,2.0.0-alpha.7,docs-00200,scan,q044,natural,11,0,176.187
2026-09-12-l9,A,1.0.0,docs-00200,scan,q044,natural,12,0,127.441
2026-09-12-l9,B,2.0.0-alpha.7,docs-00200,scan,q044,natural,12,0,170.802
2026-09-12-l9,A,1.0.0,docs-00200,scan,q045,natural,0,1,138.450
2026-09-12-l9,B,2.0.0-alpha.7,docs-00200,scan,q045,natural,0,1,172.944
2026-09-12-l9,A,1.0.0,docs-00200,scan,q045,natural,1,1,133.381
2026-09-12-l9,B,2.0.0-alpha.7,docs-00200,scan,q045,natural,1,1,177.004
2026-09-12-l9,A,1.0.0,docs-00200,scan,q045,natural,2,1,131.444
2026-09-12-l9,B,2.0.0-alpha.7,docs-00200,scan,q045,natural,2,1,174.123
2026-09-12-l9,A,1.0.0,docs-00200,scan,q045,natural,3,0,130.505
2026-09-12-l9,B,2.0.0-alpha.7,docs-00200,scan,q045,natural,3,0,178.039
2026-09-12-l9,A,1.0.0,docs-00200,scan,q045,natural,4,0,133.097
2026-09-12-l9,B,2.0.0-alpha.7,docs-00200,scan,q045,natural,4,0,174.384
2026-09-12-l9,A,1.0.0,docs-00200,scan,q045,natural,5,0,131.335
2026-09-12-l9,B,2.0.0-alpha.7,docs-00200,scan,q045,natural,5,0,171.708
2026-09-12-l9,A,1.0.0,docs-00200,scan,q045,natural,6,0,130.391
2026-09-12-l9,B,2.0.0-alpha.7,docs-00200,scan,q045,natural,6,0,183.315
2026-09-12-l9,A,1.0.0,docs-00200,scan,q045,natural,7,0,133.503
2026-09-12-l9,B,2.0.0-alpha.7,docs-00200,scan,q045,natural,7,0,178.417
2026-09-12-l9,A,1.0.0,docs-00200,scan,q045,natural,8,0,132.179
2026-09-12-l9,B,2.0.0-alpha.7,docs-00200,scan,q045,natural,8,0,171.469
2026-09-12-l9,A,1.0.0,docs-00200,scan,q045,natural,9,0,131.382
2026-09-12-l9,B,2.0.0-alpha.7,docs-00200,scan,q045,natural,9,0,180.584
2026-09-12-l9,A,1.0.0,docs-00200,scan,q045,natural,10,0,134.966
2026-09-12-l9,B,2.0.0-alpha.7,docs-00200,scan,q045,natural,10,0,178.622
2026-09-12-l9,A,1.0.0,docs-00200,scan,q045,natural,11,0,131.716
2026-09-12-l9,B,2.0.0-alpha.7,docs-00200,scan,q045,natural,11,0,171.463
2026-09-12-l9,A,1.0.0,docs-00200,scan,q045,natural,12,0,131.170
2026-09-12-l9,B,2.0.0-alpha.7,docs-00200,scan,q045,natural,12,0,174.880
2026-09-12-l9,A,1.0.0,docs-00200,scan,q046,natural,0,1,133.539
2026-09-12-l9,B,2.0.0-alpha.7,docs-00200,scan,q046,natural,0,1,176.563
2026-09-12-l9,A,1.0.0,docs-00200,scan,q046,natural,1,1,135.705
2026-09-12-l9,B,2.0.0-alpha.7,docs-00200,scan,q046,natural,1,1,169.591
2026-09-12-l9,A,1.0.0,docs-00200,scan,q046,natural,2,1,136.781
2026-09-12-l9,B,2.0.0-alpha.7,docs-00200,scan,q046,natural,2,1,185.308
2026-09-12-l9,A,1.0.0,docs-00200,scan,q046,natural,3,0,143.628
2026-09-12-l9,B,2.0.0-alpha.7,docs-00200,scan,q046,natural,3,0,186.309
2026-09-12-l9,A,1.0.0,docs-00200,scan,q046,natural,4,0,142.054
2026-09-12-l9,B,2.0.0-alpha.7,docs-00200,scan,q046,natural,4,0,186.485
2026-09-12-l9,A,1.0.0,docs-00200,scan,q046,natural,5,0,142.698
2026-09-12-l9,B,2.0.0-alpha.7,docs-00200,scan,q046,natural,5,0,183.189
2026-09-12-l9,A,1.0.0,docs-00200,scan,q046,natural,6,0,147.820
2026-09-12-l9,B,2.0.0-alpha.7,docs-00200,scan,q046,natural,6,0,211.220
2026-09-12-l9,A,1.0.0,docs-00200,scan,q046,natural,7,0,163.659
2026-09-12-l9,B,2.0.0-alpha.7,docs-00200,scan,q046,natural,7,0,211.427
2026-09-12-l9,A,1.0.0,docs-00200,scan,q046,natural,8,0,160.592
2026-09-12-l9,B,2.0.0-alpha.7,docs-00200,scan,q046,natural,8,0,212.337
2026-09-12-l9,A,1.0.0,docs-00200,scan,q046,natural,9,0,163.985
2026-09-12-l9,B,2.0.0-alpha.7,docs-00200,scan,q046,natural,9,0,210.383
2026-09-12-l9,A,1.0.0,docs-00200,scan,q046,natural,10,0,159.646
2026-09-12-l9,B,2.0.0-alpha.7,docs-00200,scan,q046,natural,10,0,241.265
2026-09-12-l9,A,1.0.0,docs-00200,scan,q046,natural,11,0,187.450
2026-09-12-l9,B,2.0.0-alpha.7,docs-00200,scan,q046,natural,11,0,250.510
2026-09-12-l9,A,1.0.0,docs-00200,scan,q046,natural,12,0,189.906
2026-09-12-l9,B,2.0.0-alpha.7,docs-00200,scan,q046,natural,12,0,245.045
2026-09-12-l9,A,1.0.0,docs-00200,scan,q047,natural,0,1,187.712
2026-09-12-l9,B,2.0.0-alpha.7,docs-00200,scan,q047,natural,0,1,251.310
2026-09-12-l9,A,1.0.0,docs-00200,scan,q047,natural,1,1,189.908
2026-09-12-l9,B,2.0.0-alpha.7,docs-00200,scan,q047,natural,1,1,285.237
2026-09-12-l9,A,1.0.0,docs-00200,scan,q047,natural,2,1,222.902
2026-09-12-l9,B,2.0.0-alpha.7,docs-00200,scan,q047,natural,2,1,280.579
2026-09-12-l9,A,1.0.0,docs-00200,scan,q047,natural,3,0,210.542
2026-09-12-l9,B,2.0.0-alpha.7,docs-00200,scan,q047,natural,3,0,277.091
2026-09-12-l9,A,1.0.0,docs-00200,scan,q047,natural,4,0,204.891
2026-09-12-l9,B,2.0.0-alpha.7,docs-00200,scan,q047,natural,4,0,254.146
2026-09-12-l9,A,1.0.0,docs-00200,scan,q047,natural,5,0,183.661
2026-09-12-l9,B,2.0.0-alpha.7,docs-00200,scan,q047,natural,5,0,244.457
2026-09-12-l9,A,1.0.0,docs-00200,scan,q047,natural,6,0,185.498
2026-09-12-l9,B,2.0.0-alpha.7,docs-00200,scan,q047,natural,6,0,242.805
2026-09-12-l9,A,1.0.0,docs-00200,scan,q047,natural,7,0,190.846
2026-09-12-l9,B,2.0.0-alpha.7,docs-00200,scan,q047,natural,7,0,249.179
2026-09-12-l9,A,1.0.0,docs-00200,scan,q047,natural,8,0,185.211
2026-09-12-l9,B,2.0.0-alpha.7,docs-00200,scan,q047,natural,8,0,240.539
2026-09-12-l9,A,1.0.0,docs-00200,scan,q047,natural,9,0,181.571
2026-09-12-l9,B,2.0.0-alpha.7,docs-00200,scan,q047,natural,9,0,208.466
2026-09-12-l9,A,1.0.0,docs-00200,scan,q047,natural,10,0,155.964
2026-09-12-l9,B,2.0.0-alpha.7,docs-00200,scan,q047,natural,10,0,207.981
2026-09-12-l9,A,1.0.0,docs-00200,scan,q047,natural,11,0,155.603
2026-09-12-l9,B,2.0.0-alpha.7,docs-00200,scan,q047,natural,11,0,185.409
2026-09-12-l9,A,1.0.0,docs-00200,scan,q047,natural,12,0,139.848
2026-09-12-l9,B,2.0.0-alpha.7,docs-00200,scan,q047,natural,12,0,180.103
2026-09-12-l9,A,1.0.0,docs-00200,scan,q048,natural,0,1,131.883
2026-09-12-l9,B,2.0.0-alpha.7,docs-00200,scan,q048,natural,0,1,153.885
2026-09-12-l9,A,1.0.0,docs-00200,scan,q048,natural,1,1,124.297
2026-09-12-l9,B,2.0.0-alpha.7,docs-00200,scan,q048,natural,1,1,159.972
2026-09-12-l9,A,1.0.0,docs-00200,scan,q048,natural,2,1,119.139
2026-09-12-l9,B,2.0.0-alpha.7,docs-00200,scan,q048,natural,2,1,156.870
2026-09-12-l9,A,1.0.0,docs-00200,scan,q048,natural,3,0,117.527
2026-09-12-l9,B,2.0.0-alpha.7,docs-00200,scan,q048,natural,3,0,152.951
2026-09-12-l9,A,1.0.0,docs-00200,scan,q048,natural,4,0,117.275
2026-09-12-l9,B,2.0.0-alpha.7,docs-00200,scan,q048,natural,4,0,150.979
2026-09-12-l9,A,1.0.0,docs-00200,scan,q048,natural,5,0,117.770
2026-09-12-l9,B,2.0.0-alpha.7,docs-00200,scan,q048,natural,5,0,156.704
2026-09-12-l9,A,1.0.0,docs-00200,scan,q048,natural,6,0,117.150
2026-09-12-l9,B,2.0.0-alpha.7,docs-00200,scan,q048,natural,6,0,154.308
2026-09-12-l9,A,1.0.0,docs-00200,scan,q048,natural,7,0,116.820
2026-09-12-l9,B,2.0.0-alpha.7,docs-00200,scan,q048,natural,7,0,155.662
2026-09-12-l9,A,1.0.0,docs-00200,scan,q048,natural,8,0,115.876
2026-09-12-l9,B,2.0.0-alpha.7,docs-00200,scan,q048,natural,8,0,152.984
2026-09-12-l9,A,1.0.0,docs-00200,scan,q048,natural,9,0,124.050
2026-09-12-l9,B,2.0.0-alpha.7,docs-00200,scan,q048,natural,9,0,171.337
2026-09-12-l9,A,1.0.0,docs-00200,scan,q048,natural,10,0,137.527
2026-09-12-l9,B,2.0.0-alpha.7,docs-00200,scan,q048,natural,10,0,173.380
2026-09-12-l9,A,1.0.0,docs-00200,scan,q048,natural,11,0,133.107
2026-09-12-l9,B,2.0.0-alpha.7,docs-00200,scan,q048,natural,11,0,177.847
2026-09-12-l9,A,1.0.0,docs-00200,scan,q048,natural,12,0,134.159
2026-09-12-l9,B,2.0.0-alpha.7,docs-00200,scan,q048,natural,12,0,174.507
2026-09-12-l9,A,1.0.0,docs-00200,scan,q049,natural,0,1,134.103
2026-09-12-l9,B,2.0.0-alpha.7,docs-00200,scan,q049,natural,0,1,180.297
2026-09-12-l9,A,1.0.0,docs-00200,scan,q049,natural,1,1,135.684
2026-09-12-l9,B,2.0.0-alpha.7,docs-00200,scan,q049,natural,1,1,179.389
2026-09-12-l9,A,1.0.0,docs-00200,scan,q049,natural,2,1,134.913
2026-09-12-l9,B,2.0.0-alpha.7,docs-00200,scan,q049,natural,2,1,174.841
2026-09-12-l9,A,1.0.0,docs-00200,scan,q049,natural,3,0,132.774
2026-09-12-l9,B,2.0.0-alpha.7,docs-00200,scan,q049,natural,3,0,179.603
2026-09-12-l9,A,1.0.0,docs-00200,scan,q049,natural,4,0,131.833
2026-09-12-l9,B,2.0.0-alpha.7,docs-00200,scan,q049,natural,4,0,175.542
2026-09-12-l9,A,1.0.0,docs-00200,scan,q049,natural,5,0,131.995
2026-09-12-l9,B,2.0.0-alpha.7,docs-00200,scan,q049,natural,5,0,173.984
2026-09-12-l9,A,1.0.0,docs-00200,scan,q049,natural,6,0,129.358
2026-09-12-l9,B,2.0.0-alpha.7,docs-00200,scan,q049,natural,6,0,182.543
2026-09-12-l9,A,1.0.0,docs-00200,scan,q049,natural,7,0,143.540
2026-09-12-l9,B,2.0.0-alpha.7,docs-00200,scan,q049,natural,7,0,184.541
2026-09-12-l9,A,1.0.0,docs-00200,scan,q049,natural,8,0,145.475
2026-09-12-l9,B,2.0.0-alpha.7,docs-00200,scan,q049,natural,8,0,195.866
2026-09-12-l9,A,1.0.0,docs-00200,scan,q049,natural,9,0,165.170
2026-09-12-l9,B,2.0.0-alpha.7,docs-00200,scan,q049,natural,9,0,210.405
2026-09-12-l9,A,1.0.0,docs-00200,scan,q049,natural,10,0,159.442
2026-09-12-l9,B,2.0.0-alpha.7,docs-00200,scan,q049,natural,10,0,211.071
2026-09-12-l9,A,1.0.0,docs-00200,scan,q049,natural,11,0,158.485
2026-09-12-l9,B,2.0.0-alpha.7,docs-00200,scan,q049,natural,11,0,208.271
2026-09-12-l9,A,1.0.0,docs-00200,scan,q049,natural,12,0,160.540
2026-09-12-l9,B,2.0.0-alpha.7,docs-00200,scan,q049,natural,12,0,214.536
2026-09-12-l9,A,1.0.0,docs-00200,scan,q050,natural,0,1,175.660
2026-09-12-l9,B,2.0.0-alpha.7,docs-00200,scan,q050,natural,0,1,249.112
2026-09-12-l9,A,1.0.0,docs-00200,scan,q050,natural,1,1,185.220
2026-09-12-l9,B,2.0.0-alpha.7,docs-00200,scan,q050,natural,1,1,249.678
2026-09-12-l9,A,1.0.0,docs-00200,scan,q050,natural,2,1,186.421
2026-09-12-l9,B,2.0.0-alpha.7,docs-00200,scan,q050,natural,2,1,246.768
2026-09-12-l9,A,1.0.0,docs-00200,scan,q050,natural,3,0,185.770
2026-09-12-l9,B,2.0.0-alpha.7,docs-00200,scan,q050,natural,3,0,245.534
2026-09-12-l9,A,1.0.0,docs-00200,scan,q050,natural,4,0,188.919
2026-09-12-l9,B,2.0.0-alpha.7,docs-00200,scan,q050,natural,4,0,274.548
2026-09-12-l9,A,1.0.0,docs-00200,scan,q050,natural,5,0,231.182
2026-09-12-l9,B,2.0.0-alpha.7,docs-00200,scan,q050,natural,5,0,316.261
2026-09-12-l9,A,1.0.0,docs-00200,scan,q050,natural,6,0,213.766
2026-09-12-l9,B,2.0.0-alpha.7,docs-00200,scan,q050,natural,6,0,278.649
2026-09-12-l9,A,1.0.0,docs-00200,scan,q050,natural,7,0,207.729
2026-09-12-l9,B,2.0.0-alpha.7,docs-00200,scan,q050,natural,7,0,275.001
2026-09-12-l9,A,1.0.0,docs-00200,scan,q050,natural,8,0,211.233
2026-09-12-l9,B,2.0.0-alpha.7,docs-00200,scan,q050,natural,8,0,254.085
2026-09-12-l9,A,1.0.0,docs-00200,scan,q050,natural,9,0,185.344
2026-09-12-l9,B,2.0.0-alpha.7,docs-00200,scan,q050,natural,9,0,241.900
2026-09-12-l9,A,1.0.0,docs-00200,scan,q050,natural,10,0,185.489
2026-09-12-l9,B,2.0.0-alpha.7,docs-00200,scan,q050,natural,10,0,247.281
2026-09-12-l9,A,1.0.0,docs-00200,scan,q050,natural,11,0,189.420
2026-09-12-l9,B,2.0.0-alpha.7,docs-00200,scan,q050,natural,11,0,244.274
2026-09-12-l9,A,1.0.0,docs-00200,scan,q050,natural,12,0,184.048
2026-09-12-l9,B,2.0.0-alpha.7,docs-00200,scan,q050,natural,12,0,244.211
2026-09-12-l9,A,1.0.0,docs-00200,scan,q051,domain,0,1,109.857
2026-09-12-l9,B,2.0.0-alpha.7,docs-00200,scan,q051,domain,0,1,157.990
2026-09-12-l9,A,1.0.0,docs-00200,scan,q051,domain,1,1,107.891
2026-09-12-l9,B,2.0.0-alpha.7,docs-00200,scan,q051,domain,1,1,156.064
2026-09-12-l9,A,1.0.0,docs-00200,scan,q051,domain,2,1,106.174
2026-09-12-l9,B,2.0.0-alpha.7,docs-00200,scan,q051,domain,2,1,159.114
2026-09-12-l9,A,1.0.0,docs-00200,scan,q051,domain,3,0,93.642
2026-09-12-l9,B,2.0.0-alpha.7,docs-00200,scan,q051,domain,3,0,138.821
2026-09-12-l9,A,1.0.0,docs-00200,scan,q051,domain,4,0,93.133
2026-09-12-l9,B,2.0.0-alpha.7,docs-00200,scan,q051,domain,4,0,138.751
2026-09-12-l9,A,1.0.0,docs-00200,scan,q051,domain,5,0,84.499
2026-09-12-l9,B,2.0.0-alpha.7,docs-00200,scan,q051,domain,5,0,116.127
2026-09-12-l9,A,1.0.0,docs-00200,scan,q051,domain,6,0,76.256
2026-09-12-l9,B,2.0.0-alpha.7,docs-00200,scan,q051,domain,6,0,114.989
2026-09-12-l9,A,1.0.0,docs-00200,scan,q051,domain,7,0,78.985
2026-09-12-l9,B,2.0.0-alpha.7,docs-00200,scan,q051,domain,7,0,121.057
2026-09-12-l9,A,1.0.0,docs-00200,scan,q051,domain,8,0,80.819
2026-09-12-l9,B,2.0.0-alpha.7,docs-00200,scan,q051,domain,8,0,119.166
2026-09-12-l9,A,1.0.0,docs-00200,scan,q051,domain,9,0,79.993
2026-09-12-l9,B,2.0.0-alpha.7,docs-00200,scan,q051,domain,9,0,121.421
2026-09-12-l9,A,1.0.0,docs-00200,scan,q051,domain,10,0,79.399
2026-09-12-l9,B,2.0.0-alpha.7,docs-00200,scan,q051,domain,10,0,120.652
2026-09-12-l9,A,1.0.0,docs-00200,scan,q051,domain,11,0,83.326
2026-09-12-l9,B,2.0.0-alpha.7,docs-00200,scan,q051,domain,11,0,122.314
2026-09-12-l9,A,1.0.0,docs-00200,scan,q051,domain,12,0,81.434
2026-09-12-l9,B,2.0.0-alpha.7,docs-00200,scan,q051,domain,12,0,120.029
2026-09-12-l9,A,1.0.0,docs-00200,scan,q052,domain,0,1,79.607
2026-09-12-l9,B,2.0.0-alpha.7,docs-00200,scan,q052,domain,0,1,120.921
2026-09-12-l9,A,1.0.0,docs-00200,scan,q052,domain,1,1,78.699
2026-09-12-l9,B,2.0.0-alpha.7,docs-00200,scan,q052,domain,1,1,118.512
2026-09-12-l9,A,1.0.0,docs-00200,scan,q052,domain,2,1,81.483
2026-09-12-l9,B,2.0.0-alpha.7,docs-00200,scan,q052,domain,2,1,122.290
2026-09-12-l9,A,1.0.0,docs-00200,scan,q052,domain,3,0,80.361
2026-09-12-l9,B,2.0.0-alpha.7,docs-00200,scan,q052,domain,3,0,123.612
2026-09-12-l9,A,1.0.0,docs-00200,scan,q052,domain,4,0,82.301
2026-09-12-l9,B,2.0.0-alpha.7,docs-00200,scan,q052,domain,4,0,120.512
2026-09-12-l9,A,1.0.0,docs-00200,scan,q052,domain,5,0,77.993
2026-09-12-l9,B,2.0.0-alpha.7,docs-00200,scan,q052,domain,5,0,118.240
2026-09-12-l9,A,1.0.0,docs-00200,scan,q052,domain,6,0,80.469
2026-09-12-l9,B,2.0.0-alpha.7,docs-00200,scan,q052,domain,6,0,121.928
2026-09-12-l9,A,1.0.0,docs-00200,scan,q052,domain,7,0,79.726
2026-09-12-l9,B,2.0.0-alpha.7,docs-00200,scan,q052,domain,7,0,119.260
2026-09-12-l9,A,1.0.0,docs-00200,scan,q052,domain,8,0,87.378
2026-09-12-l9,B,2.0.0-alpha.7,docs-00200,scan,q052,domain,8,0,131.708
2026-09-12-l9,A,1.0.0,docs-00200,scan,q052,domain,9,0,87.262
2026-09-12-l9,B,2.0.0-alpha.7,docs-00200,scan,q052,domain,9,0,137.643
2026-09-12-l9,A,1.0.0,docs-00200,scan,q052,domain,10,0,94.946
2026-09-12-l9,B,2.0.0-alpha.7,docs-00200,scan,q052,domain,10,0,137.578
2026-09-12-l9,A,1.0.0,docs-00200,scan,q052,domain,11,0,88.407
2026-09-12-l9,B,2.0.0-alpha.7,docs-00200,scan,q052,domain,11,0,141.452
2026-09-12-l9,A,1.0.0,docs-00200,scan,q052,domain,12,0,90.059
2026-09-12-l9,B,2.0.0-alpha.7,docs-00200,scan,q052,domain,12,0,131.468
2026-09-12-l9,A,1.0.0,docs-00200,scan,q053,domain,0,1,88.921
2026-09-12-l9,B,2.0.0-alpha.7,docs-00200,scan,q053,domain,0,1,132.877
2026-09-12-l9,A,1.0.0,docs-00200,scan,q053,domain,1,1,91.108
2026-09-12-l9,B,2.0.0-alpha.7,docs-00200,scan,q053,domain,1,1,136.552
2026-09-12-l9,A,1.0.0,docs-00200,scan,q053,domain,2,1,90.029
2026-09-12-l9,B,2.0.0-alpha.7,docs-00200,scan,q053,domain,2,1,130.242
2026-09-12-l9,A,1.0.0,docs-00200,scan,q053,domain,3,0,86.198
2026-09-12-l9,B,2.0.0-alpha.7,docs-00200,scan,q053,domain,3,0,132.191
2026-09-12-l9,A,1.0.0,docs-00200,scan,q053,domain,4,0,84.066
2026-09-12-l9,B,2.0.0-alpha.7,docs-00200,scan,q053,domain,4,0,126.815
2026-09-12-l9,A,1.0.0,docs-00200,scan,q053,domain,5,0,84.513
2026-09-12-l9,B,2.0.0-alpha.7,docs-00200,scan,q053,domain,5,0,135.759
2026-09-12-l9,A,1.0.0,docs-00200,scan,q053,domain,6,0,90.851
2026-09-12-l9,B,2.0.0-alpha.7,docs-00200,scan,q053,domain,6,0,131.427
2026-09-12-l9,A,1.0.0,docs-00200,scan,q053,domain,7,0,88.424
2026-09-12-l9,B,2.0.0-alpha.7,docs-00200,scan,q053,domain,7,0,132.660
2026-09-12-l9,A,1.0.0,docs-00200,scan,q053,domain,8,0,88.193
2026-09-12-l9,B,2.0.0-alpha.7,docs-00200,scan,q053,domain,8,0,127.477
2026-09-12-l9,A,1.0.0,docs-00200,scan,q053,domain,9,0,88.205
2026-09-12-l9,B,2.0.0-alpha.7,docs-00200,scan,q053,domain,9,0,132.710
2026-09-12-l9,A,1.0.0,docs-00200,scan,q053,domain,10,0,86.992
2026-09-12-l9,B,2.0.0-alpha.7,docs-00200,scan,q053,domain,10,0,134.461
2026-09-12-l9,A,1.0.0,docs-00200,scan,q053,domain,11,0,88.127
2026-09-12-l9,B,2.0.0-alpha.7,docs-00200,scan,q053,domain,11,0,129.804
2026-09-12-l9,A,1.0.0,docs-00200,scan,q053,domain,12,0,86.331
2026-09-12-l9,B,2.0.0-alpha.7,docs-00200,scan,q053,domain,12,0,129.038
2026-09-12-l9,A,1.0.0,docs-00200,scan,q054,domain,0,1,84.906
2026-09-12-l9,B,2.0.0-alpha.7,docs-00200,scan,q054,domain,0,1,129.048
2026-09-12-l9,A,1.0.0,docs-00200,scan,q054,domain,1,1,84.310
2026-09-12-l9,B,2.0.0-alpha.7,docs-00200,scan,q054,domain,1,1,134.723
2026-09-12-l9,A,1.0.0,docs-00200,scan,q054,domain,2,1,86.562
2026-09-12-l9,B,2.0.0-alpha.7,docs-00200,scan,q054,domain,2,1,130.986
2026-09-12-l9,A,1.0.0,docs-00200,scan,q054,domain,3,0,84.938
2026-09-12-l9,B,2.0.0-alpha.7,docs-00200,scan,q054,domain,3,0,129.460
2026-09-12-l9,A,1.0.0,docs-00200,scan,q054,domain,4,0,85.191
2026-09-12-l9,B,2.0.0-alpha.7,docs-00200,scan,q054,domain,4,0,129.219
2026-09-12-l9,A,1.0.0,docs-00200,scan,q054,domain,5,0,85.419
2026-09-12-l9,B,2.0.0-alpha.7,docs-00200,scan,q054,domain,5,0,126.430
2026-09-12-l9,A,1.0.0,docs-00200,scan,q054,domain,6,0,86.970
2026-09-12-l9,B,2.0.0-alpha.7,docs-00200,scan,q054,domain,6,0,132.249
2026-09-12-l9,A,1.0.0,docs-00200,scan,q054,domain,7,0,86.213
2026-09-12-l9,B,2.0.0-alpha.7,docs-00200,scan,q054,domain,7,0,134.251
2026-09-12-l9,A,1.0.0,docs-00200,scan,q054,domain,8,0,93.318
2026-09-12-l9,B,2.0.0-alpha.7,docs-00200,scan,q054,domain,8,0,134.298
2026-09-12-l9,A,1.0.0,docs-00200,scan,q054,domain,9,0,85.792
2026-09-12-l9,B,2.0.0-alpha.7,docs-00200,scan,q054,domain,9,0,128.365
2026-09-12-l9,A,1.0.0,docs-00200,scan,q054,domain,10,0,86.171
2026-09-12-l9,B,2.0.0-alpha.7,docs-00200,scan,q054,domain,10,0,130.532
2026-09-12-l9,A,1.0.0,docs-00200,scan,q054,domain,11,0,86.692
2026-09-12-l9,B,2.0.0-alpha.7,docs-00200,scan,q054,domain,11,0,129.764
2026-09-12-l9,A,1.0.0,docs-00200,scan,q054,domain,12,0,85.156
2026-09-12-l9,B,2.0.0-alpha.7,docs-00200,scan,q054,domain,12,0,130.613
2026-09-12-l9,A,1.0.0,docs-00200,scan,q055,domain,0,1,86.289
2026-09-12-l9,B,2.0.0-alpha.7,docs-00200,scan,q055,domain,0,1,128.494
2026-09-12-l9,A,1.0.0,docs-00200,scan,q055,domain,1,1,82.831
2026-09-12-l9,B,2.0.0-alpha.7,docs-00200,scan,q055,domain,1,1,126.137
2026-09-12-l9,A,1.0.0,docs-00200,scan,q055,domain,2,1,83.493
2026-09-12-l9,B,2.0.0-alpha.7,docs-00200,scan,q055,domain,2,1,132.706
2026-09-12-l9,A,1.0.0,docs-00200,scan,q055,domain,3,0,90.261
2026-09-12-l9,B,2.0.0-alpha.7,docs-00200,scan,q055,domain,3,0,129.647
2026-09-12-l9,A,1.0.0,docs-00200,scan,q055,domain,4,0,88.307
2026-09-12-l9,B,2.0.0-alpha.7,docs-00200,scan,q055,domain,4,0,130.708
2026-09-12-l9,A,1.0.0,docs-00200,scan,q055,domain,5,0,86.824
2026-09-12-l9,B,2.0.0-alpha.7,docs-00200,scan,q055,domain,5,0,129.630
2026-09-12-l9,A,1.0.0,docs-00200,scan,q055,domain,6,0,86.444
2026-09-12-l9,B,2.0.0-alpha.7,docs-00200,scan,q055,domain,6,0,129.745
2026-09-12-l9,A,1.0.0,docs-00200,scan,q055,domain,7,0,90.555
2026-09-12-l9,B,2.0.0-alpha.7,docs-00200,scan,q055,domain,7,0,131.950
2026-09-12-l9,A,1.0.0,docs-00200,scan,q055,domain,8,0,87.144
2026-09-12-l9,B,2.0.0-alpha.7,docs-00200,scan,q055,domain,8,0,129.597
2026-09-12-l9,A,1.0.0,docs-00200,scan,q055,domain,9,0,88.673
2026-09-12-l9,B,2.0.0-alpha.7,docs-00200,scan,q055,domain,9,0,128.061
2026-09-12-l9,A,1.0.0,docs-00200,scan,q055,domain,10,0,85.315
2026-09-12-l9,B,2.0.0-alpha.7,docs-00200,scan,q055,domain,10,0,128.217
2026-09-12-l9,A,1.0.0,docs-00200,scan,q055,domain,11,0,83.050
2026-09-12-l9,B,2.0.0-alpha.7,docs-00200,scan,q055,domain,11,0,134.354
2026-09-12-l9,A,1.0.0,docs-00200,scan,q055,domain,12,0,88.638
2026-09-12-l9,B,2.0.0-alpha.7,docs-00200,scan,q055,domain,12,0,132.649
2026-09-12-l9,A,1.0.0,docs-00200,scan,q056,domain,0,1,85.462
2026-09-12-l9,B,2.0.0-alpha.7,docs-00200,scan,q056,domain,0,1,129.176
2026-09-12-l9,A,1.0.0,docs-00200,scan,q056,domain,1,1,83.665
2026-09-12-l9,B,2.0.0-alpha.7,docs-00200,scan,q056,domain,1,1,128.054
2026-09-12-l9,A,1.0.0,docs-00200,scan,q056,domain,2,1,81.814
2026-09-12-l9,B,2.0.0-alpha.7,docs-00200,scan,q056,domain,2,1,127.672
2026-09-12-l9,A,1.0.0,docs-00200,scan,q056,domain,3,0,84.388
2026-09-12-l9,B,2.0.0-alpha.7,docs-00200,scan,q056,domain,3,0,131.928
2026-09-12-l9,A,1.0.0,docs-00200,scan,q056,domain,4,0,88.663
2026-09-12-l9,B,2.0.0-alpha.7,docs-00200,scan,q056,domain,4,0,126.884
2026-09-12-l9,A,1.0.0,docs-00200,scan,q056,domain,5,0,86.311
2026-09-12-l9,B,2.0.0-alpha.7,docs-00200,scan,q056,domain,5,0,127.168
2026-09-12-l9,A,1.0.0,docs-00200,scan,q056,domain,6,0,88.427
2026-09-12-l9,B,2.0.0-alpha.7,docs-00200,scan,q056,domain,6,0,132.497
2026-09-12-l9,A,1.0.0,docs-00200,scan,q056,domain,7,0,89.590
2026-09-12-l9,B,2.0.0-alpha.7,docs-00200,scan,q056,domain,7,0,127.649
2026-09-12-l9,A,1.0.0,docs-00200,scan,q056,domain,8,0,87.977
2026-09-12-l9,B,2.0.0-alpha.7,docs-00200,scan,q056,domain,8,0,133.708
2026-09-12-l9,A,1.0.0,docs-00200,scan,q056,domain,9,0,84.679
2026-09-12-l9,B,2.0.0-alpha.7,docs-00200,scan,q056,domain,9,0,128.085
2026-09-12-l9,A,1.0.0,docs-00200,scan,q056,domain,10,0,86.510
2026-09-12-l9,B,2.0.0-alpha.7,docs-00200,scan,q056,domain,10,0,128.437
2026-09-12-l9,A,1.0.0,docs-00200,scan,q056,domain,11,0,88.206
2026-09-12-l9,B,2.0.0-alpha.7,docs-00200,scan,q056,domain,11,0,128.401
2026-09-12-l9,A,1.0.0,docs-00200,scan,q056,domain,12,0,83.919
2026-09-12-l9,B,2.0.0-alpha.7,docs-00200,scan,q056,domain,12,0,133.021
2026-09-12-l9,A,1.0.0,docs-00200,scan,q057,domain,0,1,89.662
2026-09-12-l9,B,2.0.0-alpha.7,docs-00200,scan,q057,domain,0,1,128.705
2026-09-12-l9,A,1.0.0,docs-00200,scan,q057,domain,1,1,87.843
2026-09-12-l9,B,2.0.0-alpha.7,docs-00200,scan,q057,domain,1,1,129.637
2026-09-12-l9,A,1.0.0,docs-00200,scan,q057,domain,2,1,86.274
2026-09-12-l9,B,2.0.0-alpha.7,docs-00200,scan,q057,domain,2,1,128.292
2026-09-12-l9,A,1.0.0,docs-00200,scan,q057,domain,3,0,85.332
2026-09-12-l9,B,2.0.0-alpha.7,docs-00200,scan,q057,domain,3,0,129.452
2026-09-12-l9,A,1.0.0,docs-00200,scan,q057,domain,4,0,87.485
2026-09-12-l9,B,2.0.0-alpha.7,docs-00200,scan,q057,domain,4,0,131.203
2026-09-12-l9,A,1.0.0,docs-00200,scan,q057,domain,5,0,88.845
2026-09-12-l9,B,2.0.0-alpha.7,docs-00200,scan,q057,domain,5,0,133.810
2026-09-12-l9,A,1.0.0,docs-00200,scan,q057,domain,6,0,89.182
2026-09-12-l9,B,2.0.0-alpha.7,docs-00200,scan,q057,domain,6,0,128.419
2026-09-12-l9,A,1.0.0,docs-00200,scan,q057,domain,7,0,85.793
2026-09-12-l9,B,2.0.0-alpha.7,docs-00200,scan,q057,domain,7,0,128.151
2026-09-12-l9,A,1.0.0,docs-00200,scan,q057,domain,8,0,84.228
2026-09-12-l9,B,2.0.0-alpha.7,docs-00200,scan,q057,domain,8,0,128.698
2026-09-12-l9,A,1.0.0,docs-00200,scan,q057,domain,9,0,88.144
2026-09-12-l9,B,2.0.0-alpha.7,docs-00200,scan,q057,domain,9,0,131.866
2026-09-12-l9,A,1.0.0,docs-00200,scan,q057,domain,10,0,86.451
2026-09-12-l9,B,2.0.0-alpha.7,docs-00200,scan,q057,domain,10,0,130.051
2026-09-12-l9,A,1.0.0,docs-00200,scan,q057,domain,11,0,85.136
2026-09-12-l9,B,2.0.0-alpha.7,docs-00200,scan,q057,domain,11,0,126.468
2026-09-12-l9,A,1.0.0,docs-00200,scan,q057,domain,12,0,84.557
2026-09-12-l9,B,2.0.0-alpha.7,docs-00200,scan,q057,domain,12,0,124.880
2026-09-12-l9,A,1.0.0,docs-00200,scan,q058,domain,0,1,84.811
2026-09-12-l9,B,2.0.0-alpha.7,docs-00200,scan,q058,domain,0,1,132.537
2026-09-12-l9,A,1.0.0,docs-00200,scan,q058,domain,1,1,89.431
2026-09-12-l9,B,2.0.0-alpha.7,docs-00200,scan,q058,domain,1,1,128.769
2026-09-12-l9,A,1.0.0,docs-00200,scan,q058,domain,2,1,87.382
2026-09-12-l9,B,2.0.0-alpha.7,docs-00200,scan,q058,domain,2,1,131.586
2026-09-12-l9,A,1.0.0,docs-00200,scan,q058,domain,3,0,85.764
2026-09-12-l9,B,2.0.0-alpha.7,docs-00200,scan,q058,domain,3,0,128.571
2026-09-12-l9,A,1.0.0,docs-00200,scan,q058,domain,4,0,85.858
2026-09-12-l9,B,2.0.0-alpha.7,docs-00200,scan,q058,domain,4,0,128.080
2026-09-12-l9,A,1.0.0,docs-00200,scan,q058,domain,5,0,88.865
2026-09-12-l9,B,2.0.0-alpha.7,docs-00200,scan,q058,domain,5,0,130.740
2026-09-12-l9,A,1.0.0,docs-00200,scan,q058,domain,6,0,86.841
2026-09-12-l9,B,2.0.0-alpha.7,docs-00200,scan,q058,domain,6,0,130.252
2026-09-12-l9,A,1.0.0,docs-00200,scan,q058,domain,7,0,86.949
2026-09-12-l9,B,2.0.0-alpha.7,docs-00200,scan,q058,domain,7,0,128.447
2026-09-12-l9,A,1.0.0,docs-00200,scan,q058,domain,8,0,86.057
2026-09-12-l9,B,2.0.0-alpha.7,docs-00200,scan,q058,domain,8,0,127.420
2026-09-12-l9,A,1.0.0,docs-00200,scan,q058,domain,9,0,86.480
2026-09-12-l9,B,2.0.0-alpha.7,docs-00200,scan,q058,domain,9,0,131.841
2026-09-12-l9,A,1.0.0,docs-00200,scan,q058,domain,10,0,87.163
2026-09-12-l9,B,2.0.0-alpha.7,docs-00200,scan,q058,domain,10,0,132.598
2026-09-12-l9,A,1.0.0,docs-00200,scan,q058,domain,11,0,85.516
2026-09-12-l9,B,2.0.0-alpha.7,docs-00200,scan,q058,domain,11,0,132.228
2026-09-12-l9,A,1.0.0,docs-00200,scan,q058,domain,12,0,85.966
2026-09-12-l9,B,2.0.0-alpha.7,docs-00200,scan,q058,domain,12,0,128.642
2026-09-12-l9,A,1.0.0,docs-00200,scan,q059,domain,0,1,84.621
2026-09-12-l9,B,2.0.0-alpha.7,docs-00200,scan,q059,domain,0,1,126.576
2026-09-12-l9,A,1.0.0,docs-00200,scan,q059,domain,1,1,85.947
2026-09-12-l9,B,2.0.0-alpha.7,docs-00200,scan,q059,domain,1,1,132.047
2026-09-12-l9,A,1.0.0,docs-00200,scan,q059,domain,2,1,87.329
2026-09-12-l9,B,2.0.0-alpha.7,docs-00200,scan,q059,domain,2,1,129.497
2026-09-12-l9,A,1.0.0,docs-00200,scan,q059,domain,3,0,90.071
2026-09-12-l9,B,2.0.0-alpha.7,docs-00200,scan,q059,domain,3,0,129.506
2026-09-12-l9,A,1.0.0,docs-00200,scan,q059,domain,4,0,84.542
2026-09-12-l9,B,2.0.0-alpha.7,docs-00200,scan,q059,domain,4,0,128.302
2026-09-12-l9,A,1.0.0,docs-00200,scan,q059,domain,5,0,85.940
2026-09-12-l9,B,2.0.0-alpha.7,docs-00200,scan,q059,domain,5,0,129.417
2026-09-12-l9,A,1.0.0,docs-00200,scan,q059,domain,6,0,86.839
2026-09-12-l9,B,2.0.0-alpha.7,docs-00200,scan,q059,domain,6,0,133.070
2026-09-12-l9,A,1.0.0,docs-00200,scan,q059,domain,7,0,90.004
2026-09-12-l9,B,2.0.0-alpha.7,docs-00200,scan,q059,domain,7,0,135.583
2026-09-12-l9,A,1.0.0,docs-00200,scan,q059,domain,8,0,92.486
2026-09-12-l9,B,2.0.0-alpha.7,docs-00200,scan,q059,domain,8,0,131.304
2026-09-12-l9,A,1.0.0,docs-00200,scan,q059,domain,9,0,85.856
2026-09-12-l9,B,2.0.0-alpha.7,docs-00200,scan,q059,domain,9,0,130.813
2026-09-12-l9,A,1.0.0,docs-00200,scan,q059,domain,10,0,91.329
2026-09-12-l9,B,2.0.0-alpha.7,docs-00200,scan,q059,domain,10,0,134.192
2026-09-12-l9,A,1.0.0,docs-00200,scan,q059,domain,11,0,94.113
2026-09-12-l9,B,2.0.0-alpha.7,docs-00200,scan,q059,domain,11,0,132.187
2026-09-12-l9,A,1.0.0,docs-00200,scan,q059,domain,12,0,88.524
2026-09-12-l9,B,2.0.0-alpha.7,docs-00200,scan,q059,domain,12,0,130.554
2026-09-12-l9,A,1.0.0,docs-00200,scan,q060,domain,0,1,86.366
2026-09-12-l9,B,2.0.0-alpha.7,docs-00200,scan,q060,domain,0,1,128.449
2026-09-12-l9,A,1.0.0,docs-00200,scan,q060,domain,1,1,87.563
2026-09-12-l9,B,2.0.0-alpha.7,docs-00200,scan,q060,domain,1,1,128.384
2026-09-12-l9,A,1.0.0,docs-00200,scan,q060,domain,2,1,89.002
2026-09-12-l9,B,2.0.0-alpha.7,docs-00200,scan,q060,domain,2,1,140.268
2026-09-12-l9,A,1.0.0,docs-00200,scan,q060,domain,3,0,91.882
2026-09-12-l9,B,2.0.0-alpha.7,docs-00200,scan,q060,domain,3,0,137.127
2026-09-12-l9,A,1.0.0,docs-00200,scan,q060,domain,4,0,90.423
2026-09-12-l9,B,2.0.0-alpha.7,docs-00200,scan,q060,domain,4,0,130.083
2026-09-12-l9,A,1.0.0,docs-00200,scan,q060,domain,5,0,86.250
2026-09-12-l9,B,2.0.0-alpha.7,docs-00200,scan,q060,domain,5,0,135.196
2026-09-12-l9,A,1.0.0,docs-00200,scan,q060,domain,6,0,92.271
2026-09-12-l9,B,2.0.0-alpha.7,docs-00200,scan,q060,domain,6,0,139.055
2026-09-12-l9,A,1.0.0,docs-00200,scan,q060,domain,7,0,93.772
2026-09-12-l9,B,2.0.0-alpha.7,docs-00200,scan,q060,domain,7,0,137.966
2026-09-12-l9,A,1.0.0,docs-00200,scan,q060,domain,8,0,92.549
2026-09-12-l9,B,2.0.0-alpha.7,docs-00200,scan,q060,domain,8,0,138.459
2026-09-12-l9,A,1.0.0,docs-00200,scan,q060,domain,9,0,93.507
2026-09-12-l9,B,2.0.0-alpha.7,docs-00200,scan,q060,domain,9,0,129.618
2026-09-12-l9,A,1.0.0,docs-00200,scan,q060,domain,10,0,85.711
2026-09-12-l9,B,2.0.0-alpha.7,docs-00200,scan,q060,domain,10,0,134.175
2026-09-12-l9,A,1.0.0,docs-00200,scan,q060,domain,11,0,93.646
2026-09-12-l9,B,2.0.0-alpha.7,docs-00200,scan,q060,domain,11,0,129.496
2026-09-12-l9,A,1.0.0,docs-00200,scan,q060,domain,12,0,85.271
2026-09-12-l9,B,2.0.0-alpha.7,docs-00200,scan,q060,domain,12,0,129.267
2026-09-12-l9,A,1.0.0,docs-00500,scan,q001,rare,0,1,282.744
2026-09-12-l9,B,2.0.0-alpha.7,docs-00500,scan,q001,rare,0,1,331.717
2026-09-12-l9,A,1.0.0,docs-00500,scan,q001,rare,1,1,239.941
2026-09-12-l9,B,2.0.0-alpha.7,docs-00500,scan,q001,rare,1,1,279.829
2026-09-12-l9,A,1.0.0,docs-00500,scan,q001,rare,2,1,245.122
2026-09-12-l9,B,2.0.0-alpha.7,docs-00500,scan,q001,rare,2,1,276.616
2026-09-12-l9,A,1.0.0,docs-00500,scan,q001,rare,3,0,244.471
2026-09-12-l9,B,2.0.0-alpha.7,docs-00500,scan,q001,rare,3,0,277.721
2026-09-12-l9,A,1.0.0,docs-00500,scan,q001,rare,4,0,244.624
2026-09-12-l9,B,2.0.0-alpha.7,docs-00500,scan,q001,rare,4,0,280.863
2026-09-12-l9,A,1.0.0,docs-00500,scan,q001,rare,5,0,242.106
2026-09-12-l9,B,2.0.0-alpha.7,docs-00500,scan,q001,rare,5,0,282.390
2026-09-12-l9,A,1.0.0,docs-00500,scan,q001,rare,6,0,249.620
2026-09-12-l9,B,2.0.0-alpha.7,docs-00500,scan,q001,rare,6,0,282.702
2026-09-12-l9,A,1.0.0,docs-00500,scan,q001,rare,7,0,240.793
2026-09-12-l9,B,2.0.0-alpha.7,docs-00500,scan,q001,rare,7,0,284.056
2026-09-12-l9,A,1.0.0,docs-00500,scan,q001,rare,8,0,247.267
2026-09-12-l9,B,2.0.0-alpha.7,docs-00500,scan,q001,rare,8,0,279.749
2026-09-12-l9,A,1.0.0,docs-00500,scan,q001,rare,9,0,247.093
2026-09-12-l9,B,2.0.0-alpha.7,docs-00500,scan,q001,rare,9,0,288.934
2026-09-12-l9,A,1.0.0,docs-00500,scan,q001,rare,10,0,243.440
2026-09-12-l9,B,2.0.0-alpha.7,docs-00500,scan,q001,rare,10,0,288.463
2026-09-12-l9,A,1.0.0,docs-00500,scan,q001,rare,11,0,244.083
2026-09-12-l9,B,2.0.0-alpha.7,docs-00500,scan,q001,rare,11,0,282.362
2026-09-12-l9,A,1.0.0,docs-00500,scan,q001,rare,12,0,236.892
2026-09-12-l9,B,2.0.0-alpha.7,docs-00500,scan,q001,rare,12,0,278.546
2026-09-12-l9,A,1.0.0,docs-00500,scan,q002,rare,0,1,237.960
2026-09-12-l9,B,2.0.0-alpha.7,docs-00500,scan,q002,rare,0,1,288.341
2026-09-12-l9,A,1.0.0,docs-00500,scan,q002,rare,1,1,239.155
2026-09-12-l9,B,2.0.0-alpha.7,docs-00500,scan,q002,rare,1,1,278.416
2026-09-12-l9,A,1.0.0,docs-00500,scan,q002,rare,2,1,235.778
2026-09-12-l9,B,2.0.0-alpha.7,docs-00500,scan,q002,rare,2,1,276.138
2026-09-12-l9,A,1.0.0,docs-00500,scan,q002,rare,3,0,238.906
2026-09-12-l9,B,2.0.0-alpha.7,docs-00500,scan,q002,rare,3,0,274.573
2026-09-12-l9,A,1.0.0,docs-00500,scan,q002,rare,4,0,235.238
2026-09-12-l9,B,2.0.0-alpha.7,docs-00500,scan,q002,rare,4,0,287.893
2026-09-12-l9,A,1.0.0,docs-00500,scan,q002,rare,5,0,260.110
2026-09-12-l9,B,2.0.0-alpha.7,docs-00500,scan,q002,rare,5,0,280.750
2026-09-12-l9,A,1.0.0,docs-00500,scan,q002,rare,6,0,234.695
2026-09-12-l9,B,2.0.0-alpha.7,docs-00500,scan,q002,rare,6,0,278.039
2026-09-12-l9,A,1.0.0,docs-00500,scan,q002,rare,7,0,239.722
2026-09-12-l9,B,2.0.0-alpha.7,docs-00500,scan,q002,rare,7,0,272.143
2026-09-12-l9,A,1.0.0,docs-00500,scan,q002,rare,8,0,235.639
2026-09-12-l9,B,2.0.0-alpha.7,docs-00500,scan,q002,rare,8,0,275.636
2026-09-12-l9,A,1.0.0,docs-00500,scan,q002,rare,9,0,234.557
2026-09-12-l9,B,2.0.0-alpha.7,docs-00500,scan,q002,rare,9,0,272.922
2026-09-12-l9,A,1.0.0,docs-00500,scan,q002,rare,10,0,240.119
2026-09-12-l9,B,2.0.0-alpha.7,docs-00500,scan,q002,rare,10,0,288.631
2026-09-12-l9,A,1.0.0,docs-00500,scan,q002,rare,11,0,234.005
2026-09-12-l9,B,2.0.0-alpha.7,docs-00500,scan,q002,rare,11,0,268.500
2026-09-12-l9,A,1.0.0,docs-00500,scan,q002,rare,12,0,229.502
2026-09-12-l9,B,2.0.0-alpha.7,docs-00500,scan,q002,rare,12,0,280.683
2026-09-12-l9,A,1.0.0,docs-00500,scan,q003,rare,0,1,233.583
2026-09-12-l9,B,2.0.0-alpha.7,docs-00500,scan,q003,rare,0,1,272.880
2026-09-12-l9,A,1.0.0,docs-00500,scan,q003,rare,1,1,224.972
2026-09-12-l9,B,2.0.0-alpha.7,docs-00500,scan,q003,rare,1,1,269.385
2026-09-12-l9,A,1.0.0,docs-00500,scan,q003,rare,2,1,233.711
2026-09-12-l9,B,2.0.0-alpha.7,docs-00500,scan,q003,rare,2,1,265.118
2026-09-12-l9,A,1.0.0,docs-00500,scan,q003,rare,3,0,232.927
2026-09-12-l9,B,2.0.0-alpha.7,docs-00500,scan,q003,rare,3,0,280.079
2026-09-12-l9,A,1.0.0,docs-00500,scan,q003,rare,4,0,232.057
2026-09-12-l9,B,2.0.0-alpha.7,docs-00500,scan,q003,rare,4,0,273.379
2026-09-12-l9,A,1.0.0,docs-00500,scan,q003,rare,5,0,221.623
2026-09-12-l9,B,2.0.0-alpha.7,docs-00500,scan,q003,rare,5,0,268.083
2026-09-12-l9,A,1.0.0,docs-00500,scan,q003,rare,6,0,228.491
2026-09-12-l9,B,2.0.0-alpha.7,docs-00500,scan,q003,rare,6,0,270.269
2026-09-12-l9,A,1.0.0,docs-00500,scan,q003,rare,7,0,218.796
2026-09-12-l9,B,2.0.0-alpha.7,docs-00500,scan,q003,rare,7,0,277.202
2026-09-12-l9,A,1.0.0,docs-00500,scan,q003,rare,8,0,235.793
2026-09-12-l9,B,2.0.0-alpha.7,docs-00500,scan,q003,rare,8,0,272.126
2026-09-12-l9,A,1.0.0,docs-00500,scan,q003,rare,9,0,227.051
2026-09-12-l9,B,2.0.0-alpha.7,docs-00500,scan,q003,rare,9,0,273.313
2026-09-12-l9,A,1.0.0,docs-00500,scan,q003,rare,10,0,221.372
2026-09-12-l9,B,2.0.0-alpha.7,docs-00500,scan,q003,rare,10,0,269.973
2026-09-12-l9,A,1.0.0,docs-00500,scan,q003,rare,11,0,226.243
2026-09-12-l9,B,2.0.0-alpha.7,docs-00500,scan,q003,rare,11,0,265.038
2026-09-12-l9,A,1.0.0,docs-00500,scan,q003,rare,12,0,238.391
2026-09-12-l9,B,2.0.0-alpha.7,docs-00500,scan,q003,rare,12,0,272.748
2026-09-12-l9,A,1.0.0,docs-00500,scan,q004,rare,0,1,221.493
2026-09-12-l9,B,2.0.0-alpha.7,docs-00500,scan,q004,rare,0,1,267.504
2026-09-12-l9,A,1.0.0,docs-00500,scan,q004,rare,1,1,221.904
2026-09-12-l9,B,2.0.0-alpha.7,docs-00500,scan,q004,rare,1,1,266.018
2026-09-12-l9,A,1.0.0,docs-00500,scan,q004,rare,2,1,220.904
2026-09-12-l9,B,2.0.0-alpha.7,docs-00500,scan,q004,rare,2,1,260.928
2026-09-12-l9,A,1.0.0,docs-00500,scan,q004,rare,3,0,230.508
2026-09-12-l9,B,2.0.0-alpha.7,docs-00500,scan,q004,rare,3,0,265.473
2026-09-12-l9,A,1.0.0,docs-00500,scan,q004,rare,4,0,227.407
2026-09-12-l9,B,2.0.0-alpha.7,docs-00500,scan,q004,rare,4,0,263.845
2026-09-12-l9,A,1.0.0,docs-00500,scan,q004,rare,5,0,227.731
2026-09-12-l9,B,2.0.0-alpha.7,docs-00500,scan,q004,rare,5,0,266.069
2026-09-12-l9,A,1.0.0,docs-00500,scan,q004,rare,6,0,214.501
2026-09-12-l9,B,2.0.0-alpha.7,docs-00500,scan,q004,rare,6,0,259.878
2026-09-12-l9,A,1.0.0,docs-00500,scan,q004,rare,7,0,225.401
2026-09-12-l9,B,2.0.0-alpha.7,docs-00500,scan,q004,rare,7,0,256.762
2026-09-12-l9,A,1.0.0,docs-00500,scan,q004,rare,8,0,215.620
2026-09-12-l9,B,2.0.0-alpha.7,docs-00500,scan,q004,rare,8,0,265.922
2026-09-12-l9,A,1.0.0,docs-00500,scan,q004,rare,9,0,221.633
2026-09-12-l9,B,2.0.0-alpha.7,docs-00500,scan,q004,rare,9,0,256.620
2026-09-12-l9,A,1.0.0,docs-00500,scan,q004,rare,10,0,226.662
2026-09-12-l9,B,2.0.0-alpha.7,docs-00500,scan,q004,rare,10,0,273.531
2026-09-12-l9,A,1.0.0,docs-00500,scan,q004,rare,11,0,233.211
2026-09-12-l9,B,2.0.0-alpha.7,docs-00500,scan,q004,rare,11,0,270.323
2026-09-12-l9,A,1.0.0,docs-00500,scan,q004,rare,12,0,220.247
2026-09-12-l9,B,2.0.0-alpha.7,docs-00500,scan,q004,rare,12,0,256.181
2026-09-12-l9,A,1.0.0,docs-00500,scan,q005,rare,0,1,219.406
2026-09-12-l9,B,2.0.0-alpha.7,docs-00500,scan,q005,rare,0,1,265.729
2026-09-12-l9,A,1.0.0,docs-00500,scan,q005,rare,1,1,219.915
2026-09-12-l9,B,2.0.0-alpha.7,docs-00500,scan,q005,rare,1,1,254.596
2026-09-12-l9,A,1.0.0,docs-00500,scan,q005,rare,2,1,219.561
2026-09-12-l9,B,2.0.0-alpha.7,docs-00500,scan,q005,rare,2,1,270.865
2026-09-12-l9,A,1.0.0,docs-00500,scan,q005,rare,3,0,232.447
2026-09-12-l9,B,2.0.0-alpha.7,docs-00500,scan,q005,rare,3,0,255.659
2026-09-12-l9,A,1.0.0,docs-00500,scan,q005,rare,4,0,225.867
2026-09-12-l9,B,2.0.0-alpha.7,docs-00500,scan,q005,rare,4,0,267.184
2026-09-12-l9,A,1.0.0,docs-00500,scan,q005,rare,5,0,226.502
2026-09-12-l9,B,2.0.0-alpha.7,docs-00500,scan,q005,rare,5,0,261.706
2026-09-12-l9,A,1.0.0,docs-00500,scan,q005,rare,6,0,223.969
2026-09-12-l9,B,2.0.0-alpha.7,docs-00500,scan,q005,rare,6,0,272.947
2026-09-12-l9,A,1.0.0,docs-00500,scan,q005,rare,7,0,227.966
2026-09-12-l9,B,2.0.0-alpha.7,docs-00500,scan,q005,rare,7,0,261.723
2026-09-12-l9,A,1.0.0,docs-00500,scan,q005,rare,8,0,210.374
2026-09-12-l9,B,2.0.0-alpha.7,docs-00500,scan,q005,rare,8,0,231.657
2026-09-12-l9,A,1.0.0,docs-00500,scan,q005,rare,9,0,200.820
2026-09-12-l9,B,2.0.0-alpha.7,docs-00500,scan,q005,rare,9,0,233.922
2026-09-12-l9,A,1.0.0,docs-00500,scan,q005,rare,10,0,208.824
2026-09-12-l9,B,2.0.0-alpha.7,docs-00500,scan,q005,rare,10,0,237.651
2026-09-12-l9,A,1.0.0,docs-00500,scan,q005,rare,11,0,216.397
2026-09-12-l9,B,2.0.0-alpha.7,docs-00500,scan,q005,rare,11,0,234.888
2026-09-12-l9,A,1.0.0,docs-00500,scan,q005,rare,12,0,211.163
2026-09-12-l9,B,2.0.0-alpha.7,docs-00500,scan,q005,rare,12,0,247.908
2026-09-12-l9,A,1.0.0,docs-00500,scan,q006,rare,0,1,219.305
2026-09-12-l9,B,2.0.0-alpha.7,docs-00500,scan,q006,rare,0,1,246.223
2026-09-12-l9,A,1.0.0,docs-00500,scan,q006,rare,1,1,209.279
2026-09-12-l9,B,2.0.0-alpha.7,docs-00500,scan,q006,rare,1,1,258.625
2026-09-12-l9,A,1.0.0,docs-00500,scan,q006,rare,2,1,224.194
2026-09-12-l9,B,2.0.0-alpha.7,docs-00500,scan,q006,rare,2,1,248.105
2026-09-12-l9,A,1.0.0,docs-00500,scan,q006,rare,3,0,212.922
2026-09-12-l9,B,2.0.0-alpha.7,docs-00500,scan,q006,rare,3,0,253.328
2026-09-12-l9,A,1.0.0,docs-00500,scan,q006,rare,4,0,218.294
2026-09-12-l9,B,2.0.0-alpha.7,docs-00500,scan,q006,rare,4,0,247.185
2026-09-12-l9,A,1.0.0,docs-00500,scan,q006,rare,5,0,211.495
2026-09-12-l9,B,2.0.0-alpha.7,docs-00500,scan,q006,rare,5,0,249.733
2026-09-12-l9,A,1.0.0,docs-00500,scan,q006,rare,6,0,218.581
2026-09-12-l9,B,2.0.0-alpha.7,docs-00500,scan,q006,rare,6,0,249.497
2026-09-12-l9,A,1.0.0,docs-00500,scan,q006,rare,7,0,211.522
2026-09-12-l9,B,2.0.0-alpha.7,docs-00500,scan,q006,rare,7,0,253.884
2026-09-12-l9,A,1.0.0,docs-00500,scan,q006,rare,8,0,216.227
2026-09-12-l9,B,2.0.0-alpha.7,docs-00500,scan,q006,rare,8,0,245.885
2026-09-12-l9,A,1.0.0,docs-00500,scan,q006,rare,9,0,210.327
2026-09-12-l9,B,2.0.0-alpha.7,docs-00500,scan,q006,rare,9,0,240.539
2026-09-12-l9,A,1.0.0,docs-00500,scan,q006,rare,10,0,213.275
2026-09-12-l9,B,2.0.0-alpha.7,docs-00500,scan,q006,rare,10,0,249.024
2026-09-12-l9,A,1.0.0,docs-00500,scan,q006,rare,11,0,216.443
2026-09-12-l9,B,2.0.0-alpha.7,docs-00500,scan,q006,rare,11,0,238.431
2026-09-12-l9,A,1.0.0,docs-00500,scan,q006,rare,12,0,210.307
2026-09-12-l9,B,2.0.0-alpha.7,docs-00500,scan,q006,rare,12,0,252.972
2026-09-12-l9,A,1.0.0,docs-00500,scan,q007,rare,0,1,209.291
2026-09-12-l9,B,2.0.0-alpha.7,docs-00500,scan,q007,rare,0,1,241.478
2026-09-12-l9,A,1.0.0,docs-00500,scan,q007,rare,1,1,209.913
2026-09-12-l9,B,2.0.0-alpha.7,docs-00500,scan,q007,rare,1,1,253.978
2026-09-12-l9,A,1.0.0,docs-00500,scan,q007,rare,2,1,209.213
2026-09-12-l9,B,2.0.0-alpha.7,docs-00500,scan,q007,rare,2,1,241.839
2026-09-12-l9,A,1.0.0,docs-00500,scan,q007,rare,3,0,216.384
2026-09-12-l9,B,2.0.0-alpha.7,docs-00500,scan,q007,rare,3,0,256.843
2026-09-12-l9,A,1.0.0,docs-00500,scan,q007,rare,4,0,222.259
2026-09-12-l9,B,2.0.0-alpha.7,docs-00500,scan,q007,rare,4,0,238.908
2026-09-12-l9,A,1.0.0,docs-00500,scan,q007,rare,5,0,203.575
2026-09-12-l9,B,2.0.0-alpha.7,docs-00500,scan,q007,rare,5,0,248.573
2026-09-12-l9,A,1.0.0,docs-00500,scan,q007,rare,6,0,220.571
2026-09-12-l9,B,2.0.0-alpha.7,docs-00500,scan,q007,rare,6,0,242.002
2026-09-12-l9,A,1.0.0,docs-00500,scan,q007,rare,7,0,205.234
2026-09-12-l9,B,2.0.0-alpha.7,docs-00500,scan,q007,rare,7,0,242.841
2026-09-12-l9,A,1.0.0,docs-00500,scan,q007,rare,8,0,211.723
2026-09-12-l9,B,2.0.0-alpha.7,docs-00500,scan,q007,rare,8,0,244.354
2026-09-12-l9,A,1.0.0,docs-00500,scan,q007,rare,9,0,214.260
2026-09-12-l9,B,2.0.0-alpha.7,docs-00500,scan,q007,rare,9,0,241.378
2026-09-12-l9,A,1.0.0,docs-00500,scan,q007,rare,10,0,213.502
2026-09-12-l9,B,2.0.0-alpha.7,docs-00500,scan,q007,rare,10,0,243.567
2026-09-12-l9,A,1.0.0,docs-00500,scan,q007,rare,11,0,209.190
2026-09-12-l9,B,2.0.0-alpha.7,docs-00500,scan,q007,rare,11,0,237.873
2026-09-12-l9,A,1.0.0,docs-00500,scan,q007,rare,12,0,205.267
2026-09-12-l9,B,2.0.0-alpha.7,docs-00500,scan,q007,rare,12,0,248.188
2026-09-12-l9,A,1.0.0,docs-00500,scan,q008,rare,0,1,207.226
2026-09-12-l9,B,2.0.0-alpha.7,docs-00500,scan,q008,rare,0,1,236.775
2026-09-12-l9,A,1.0.0,docs-00500,scan,q008,rare,1,1,203.834
2026-09-12-l9,B,2.0.0-alpha.7,docs-00500,scan,q008,rare,1,1,250.175
2026-09-12-l9,A,1.0.0,docs-00500,scan,q008,rare,2,1,203.386
2026-09-12-l9,B,2.0.0-alpha.7,docs-00500,scan,q008,rare,2,1,241.138
2026-09-12-l9,A,1.0.0,docs-00500,scan,q008,rare,3,0,201.945
2026-09-12-l9,B,2.0.0-alpha.7,docs-00500,scan,q008,rare,3,0,240.388
2026-09-12-l9,A,1.0.0,docs-00500,scan,q008,rare,4,0,203.941
2026-09-12-l9,B,2.0.0-alpha.7,docs-00500,scan,q008,rare,4,0,246.511
2026-09-12-l9,A,1.0.0,docs-00500,scan,q008,rare,5,0,197.394
2026-09-12-l9,B,2.0.0-alpha.7,docs-00500,scan,q008,rare,5,0,233.134
2026-09-12-l9,A,1.0.0,docs-00500,scan,q008,rare,6,0,209.527
2026-09-12-l9,B,2.0.0-alpha.7,docs-00500,scan,q008,rare,6,0,236.769
2026-09-12-l9,A,1.0.0,docs-00500,scan,q008,rare,7,0,201.646
2026-09-12-l9,B,2.0.0-alpha.7,docs-00500,scan,q008,rare,7,0,252.642
2026-09-12-l9,A,1.0.0,docs-00500,scan,q008,rare,8,0,204.871
2026-09-12-l9,B,2.0.0-alpha.7,docs-00500,scan,q008,rare,8,0,259.989
2026-09-12-l9,A,1.0.0,docs-00500,scan,q008,rare,9,0,207.944
2026-09-12-l9,B,2.0.0-alpha.7,docs-00500,scan,q008,rare,9,0,232.419
2026-09-12-l9,A,1.0.0,docs-00500,scan,q008,rare,10,0,200.427
2026-09-12-l9,B,2.0.0-alpha.7,docs-00500,scan,q008,rare,10,0,242.904
2026-09-12-l9,A,1.0.0,docs-00500,scan,q008,rare,11,0,200.427
2026-09-12-l9,B,2.0.0-alpha.7,docs-00500,scan,q008,rare,11,0,236.227
2026-09-12-l9,A,1.0.0,docs-00500,scan,q008,rare,12,0,198.065
2026-09-12-l9,B,2.0.0-alpha.7,docs-00500,scan,q008,rare,12,0,234.537
2026-09-12-l9,A,1.0.0,docs-00500,scan,q009,rare,0,1,216.326
2026-09-12-l9,B,2.0.0-alpha.7,docs-00500,scan,q009,rare,0,1,232.719
2026-09-12-l9,A,1.0.0,docs-00500,scan,q009,rare,1,1,196.819
2026-09-12-l9,B,2.0.0-alpha.7,docs-00500,scan,q009,rare,1,1,232.837
2026-09-12-l9,A,1.0.0,docs-00500,scan,q009,rare,2,1,205.272
2026-09-12-l9,B,2.0.0-alpha.7,docs-00500,scan,q009,rare,2,1,233.161
2026-09-12-l9,A,1.0.0,docs-00500,scan,q009,rare,3,0,207.325
2026-09-12-l9,B,2.0.0-alpha.7,docs-00500,scan,q009,rare,3,0,228.953
2026-09-12-l9,A,1.0.0,docs-00500,scan,q009,rare,4,0,211.996
2026-09-12-l9,B,2.0.0-alpha.7,docs-00500,scan,q009,rare,4,0,253.147
2026-09-12-l9,A,1.0.0,docs-00500,scan,q009,rare,5,0,213.132
2026-09-12-l9,B,2.0.0-alpha.7,docs-00500,scan,q009,rare,5,0,269.323
2026-09-12-l9,A,1.0.0,docs-00500,scan,q009,rare,6,0,211.760
2026-09-12-l9,B,2.0.0-alpha.7,docs-00500,scan,q009,rare,6,0,246.896
2026-09-12-l9,A,1.0.0,docs-00500,scan,q009,rare,7,0,211.300
2026-09-12-l9,B,2.0.0-alpha.7,docs-00500,scan,q009,rare,7,0,259.643
2026-09-12-l9,A,1.0.0,docs-00500,scan,q009,rare,8,0,214.412
2026-09-12-l9,B,2.0.0-alpha.7,docs-00500,scan,q009,rare,8,0,246.570
2026-09-12-l9,A,1.0.0,docs-00500,scan,q009,rare,9,0,207.075
2026-09-12-l9,B,2.0.0-alpha.7,docs-00500,scan,q009,rare,9,0,260.096
2026-09-12-l9,A,1.0.0,docs-00500,scan,q009,rare,10,0,225.263
2026-09-12-l9,B,2.0.0-alpha.7,docs-00500,scan,q009,rare,10,0,256.090
2026-09-12-l9,A,1.0.0,docs-00500,scan,q009,rare,11,0,221.689
2026-09-12-l9,B,2.0.0-alpha.7,docs-00500,scan,q009,rare,11,0,265.457
2026-09-12-l9,A,1.0.0,docs-00500,scan,q009,rare,12,0,222.897
2026-09-12-l9,B,2.0.0-alpha.7,docs-00500,scan,q009,rare,12,0,259.082
2026-09-12-l9,A,1.0.0,docs-00500,scan,q010,rare,0,1,217.379
2026-09-12-l9,B,2.0.0-alpha.7,docs-00500,scan,q010,rare,0,1,257.957
2026-09-12-l9,A,1.0.0,docs-00500,scan,q010,rare,1,1,219.713
2026-09-12-l9,B,2.0.0-alpha.7,docs-00500,scan,q010,rare,1,1,222.274
2026-09-12-l9,A,1.0.0,docs-00500,scan,q010,rare,2,1,190.354
2026-09-12-l9,B,2.0.0-alpha.7,docs-00500,scan,q010,rare,2,1,222.471
2026-09-12-l9,A,1.0.0,docs-00500,scan,q010,rare,3,0,187.176
2026-09-12-l9,B,2.0.0-alpha.7,docs-00500,scan,q010,rare,3,0,221.466
2026-09-12-l9,A,1.0.0,docs-00500,scan,q010,rare,4,0,189.242
2026-09-12-l9,B,2.0.0-alpha.7,docs-00500,scan,q010,rare,4,0,223.194
2026-09-12-l9,A,1.0.0,docs-00500,scan,q010,rare,5,0,187.763
2026-09-12-l9,B,2.0.0-alpha.7,docs-00500,scan,q010,rare,5,0,215.544
2026-09-12-l9,A,1.0.0,docs-00500,scan,q010,rare,6,0,180.567
2026-09-12-l9,B,2.0.0-alpha.7,docs-00500,scan,q010,rare,6,0,215.915
2026-09-12-l9,A,1.0.0,docs-00500,scan,q010,rare,7,0,184.576
2026-09-12-l9,B,2.0.0-alpha.7,docs-00500,scan,q010,rare,7,0,216.809
2026-09-12-l9,A,1.0.0,docs-00500,scan,q010,rare,8,0,184.546
2026-09-12-l9,B,2.0.0-alpha.7,docs-00500,scan,q010,rare,8,0,217.375
2026-09-12-l9,A,1.0.0,docs-00500,scan,q010,rare,9,0,186.958
2026-09-12-l9,B,2.0.0-alpha.7,docs-00500,scan,q010,rare,9,0,225.216
2026-09-12-l9,A,1.0.0,docs-00500,scan,q010,rare,10,0,190.655
2026-09-12-l9,B,2.0.0-alpha.7,docs-00500,scan,q010,rare,10,0,225.028
2026-09-12-l9,A,1.0.0,docs-00500,scan,q010,rare,11,0,191.206
2026-09-12-l9,B,2.0.0-alpha.7,docs-00500,scan,q010,rare,11,0,226.115
2026-09-12-l9,A,1.0.0,docs-00500,scan,q010,rare,12,0,192.286
2026-09-12-l9,B,2.0.0-alpha.7,docs-00500,scan,q010,rare,12,0,229.977
2026-09-12-l9,A,1.0.0,docs-00500,scan,q011,common,0,1,186.596
2026-09-12-l9,B,2.0.0-alpha.7,docs-00500,scan,q011,common,0,1,221.432
2026-09-12-l9,A,1.0.0,docs-00500,scan,q011,common,1,1,187.692
2026-09-12-l9,B,2.0.0-alpha.7,docs-00500,scan,q011,common,1,1,224.190
2026-09-12-l9,A,1.0.0,docs-00500,scan,q011,common,2,1,187.559
2026-09-12-l9,B,2.0.0-alpha.7,docs-00500,scan,q011,common,2,1,222.261
2026-09-12-l9,A,1.0.0,docs-00500,scan,q011,common,3,0,187.431
2026-09-12-l9,B,2.0.0-alpha.7,docs-00500,scan,q011,common,3,0,223.042
2026-09-12-l9,A,1.0.0,docs-00500,scan,q011,common,4,0,186.566
2026-09-12-l9,B,2.0.0-alpha.7,docs-00500,scan,q011,common,4,0,221.315
2026-09-12-l9,A,1.0.0,docs-00500,scan,q011,common,5,0,186.260
2026-09-12-l9,B,2.0.0-alpha.7,docs-00500,scan,q011,common,5,0,220.733
2026-09-12-l9,A,1.0.0,docs-00500,scan,q011,common,6,0,187.806
2026-09-12-l9,B,2.0.0-alpha.7,docs-00500,scan,q011,common,6,0,221.839
2026-09-12-l9,A,1.0.0,docs-00500,scan,q011,common,7,0,186.613
2026-09-12-l9,B,2.0.0-alpha.7,docs-00500,scan,q011,common,7,0,220.774
2026-09-12-l9,A,1.0.0,docs-00500,scan,q011,common,8,0,187.065
2026-09-12-l9,B,2.0.0-alpha.7,docs-00500,scan,q011,common,8,0,224.129
2026-09-12-l9,A,1.0.0,docs-00500,scan,q011,common,9,0,186.340
2026-09-12-l9,B,2.0.0-alpha.7,docs-00500,scan,q011,common,9,0,221.761
2026-09-12-l9,A,1.0.0,docs-00500,scan,q011,common,10,0,186.098
2026-09-12-l9,B,2.0.0-alpha.7,docs-00500,scan,q011,common,10,0,227.298
2026-09-12-l9,A,1.0.0,docs-00500,scan,q011,common,11,0,199.430
2026-09-12-l9,B,2.0.0-alpha.7,docs-00500,scan,q011,common,11,0,230.072
2026-09-12-l9,A,1.0.0,docs-00500,scan,q011,common,12,0,194.322
2026-09-12-l9,B,2.0.0-alpha.7,docs-00500,scan,q011,common,12,0,227.774
2026-09-12-l9,A,1.0.0,docs-00500,scan,q012,common,0,1,193.552
2026-09-12-l9,B,2.0.0-alpha.7,docs-00500,scan,q012,common,0,1,252.806
2026-09-12-l9,A,1.0.0,docs-00500,scan,q012,common,1,1,202.356
2026-09-12-l9,B,2.0.0-alpha.7,docs-00500,scan,q012,common,1,1,223.478
2026-09-12-l9,A,1.0.0,docs-00500,scan,q012,common,2,1,185.469
2026-09-12-l9,B,2.0.0-alpha.7,docs-00500,scan,q012,common,2,1,222.831
2026-09-12-l9,A,1.0.0,docs-00500,scan,q012,common,3,0,187.660
2026-09-12-l9,B,2.0.0-alpha.7,docs-00500,scan,q012,common,3,0,224.993
2026-09-12-l9,A,1.0.0,docs-00500,scan,q012,common,4,0,188.557
2026-09-12-l9,B,2.0.0-alpha.7,docs-00500,scan,q012,common,4,0,222.500
2026-09-12-l9,A,1.0.0,docs-00500,scan,q012,common,5,0,187.151
2026-09-12-l9,B,2.0.0-alpha.7,docs-00500,scan,q012,common,5,0,220.956
2026-09-12-l9,A,1.0.0,docs-00500,scan,q012,common,6,0,185.955
2026-09-12-l9,B,2.0.0-alpha.7,docs-00500,scan,q012,common,6,0,221.679
2026-09-12-l9,A,1.0.0,docs-00500,scan,q012,common,7,0,185.027
2026-09-12-l9,B,2.0.0-alpha.7,docs-00500,scan,q012,common,7,0,222.736
2026-09-12-l9,A,1.0.0,docs-00500,scan,q012,common,8,0,187.409
2026-09-12-l9,B,2.0.0-alpha.7,docs-00500,scan,q012,common,8,0,221.284
2026-09-12-l9,A,1.0.0,docs-00500,scan,q012,common,9,0,186.341
2026-09-12-l9,B,2.0.0-alpha.7,docs-00500,scan,q012,common,9,0,220.982
2026-09-12-l9,A,1.0.0,docs-00500,scan,q012,common,10,0,187.124
2026-09-12-l9,B,2.0.0-alpha.7,docs-00500,scan,q012,common,10,0,222.674
2026-09-12-l9,A,1.0.0,docs-00500,scan,q012,common,11,0,186.459
2026-09-12-l9,B,2.0.0-alpha.7,docs-00500,scan,q012,common,11,0,220.098
2026-09-12-l9,A,1.0.0,docs-00500,scan,q012,common,12,0,188.086
2026-09-12-l9,B,2.0.0-alpha.7,docs-00500,scan,q012,common,12,0,223.800
2026-09-12-l9,A,1.0.0,docs-00500,scan,q013,common,0,1,185.337
2026-09-12-l9,B,2.0.0-alpha.7,docs-00500,scan,q013,common,0,1,219.062
2026-09-12-l9,A,1.0.0,docs-00500,scan,q013,common,1,1,179.901
2026-09-12-l9,B,2.0.0-alpha.7,docs-00500,scan,q013,common,1,1,216.733
2026-09-12-l9,A,1.0.0,docs-00500,scan,q013,common,2,1,184.356
2026-09-12-l9,B,2.0.0-alpha.7,docs-00500,scan,q013,common,2,1,214.831
2026-09-12-l9,A,1.0.0,docs-00500,scan,q013,common,3,0,180.724
2026-09-12-l9,B,2.0.0-alpha.7,docs-00500,scan,q013,common,3,0,215.039
2026-09-12-l9,A,1.0.0,docs-00500,scan,q013,common,4,0,180.967
2026-09-12-l9,B,2.0.0-alpha.7,docs-00500,scan,q013,common,4,0,220.686
2026-09-12-l9,A,1.0.0,docs-00500,scan,q013,common,5,0,184.112
2026-09-12-l9,B,2.0.0-alpha.7,docs-00500,scan,q013,common,5,0,215.064
2026-09-12-l9,A,1.0.0,docs-00500,scan,q013,common,6,0,182.007
2026-09-12-l9,B,2.0.0-alpha.7,docs-00500,scan,q013,common,6,0,215.553
2026-09-12-l9,A,1.0.0,docs-00500,scan,q013,common,7,0,185.506
2026-09-12-l9,B,2.0.0-alpha.7,docs-00500,scan,q013,common,7,0,217.747
2026-09-12-l9,A,1.0.0,docs-00500,scan,q013,common,8,0,183.579
2026-09-12-l9,B,2.0.0-alpha.7,docs-00500,scan,q013,common,8,0,215.225
2026-09-12-l9,A,1.0.0,docs-00500,scan,q013,common,9,0,186.134
2026-09-12-l9,B,2.0.0-alpha.7,docs-00500,scan,q013,common,9,0,219.325
2026-09-12-l9,A,1.0.0,docs-00500,scan,q013,common,10,0,184.661
2026-09-12-l9,B,2.0.0-alpha.7,docs-00500,scan,q013,common,10,0,217.146
2026-09-12-l9,A,1.0.0,docs-00500,scan,q013,common,11,0,181.843
2026-09-12-l9,B,2.0.0-alpha.7,docs-00500,scan,q013,common,11,0,216.872
2026-09-12-l9,A,1.0.0,docs-00500,scan,q013,common,12,0,186.141
2026-09-12-l9,B,2.0.0-alpha.7,docs-00500,scan,q013,common,12,0,219.269
2026-09-12-l9,A,1.0.0,docs-00500,scan,q014,common,0,1,182.845
2026-09-12-l9,B,2.0.0-alpha.7,docs-00500,scan,q014,common,0,1,215.769
2026-09-12-l9,A,1.0.0,docs-00500,scan,q014,common,1,1,183.828
2026-09-12-l9,B,2.0.0-alpha.7,docs-00500,scan,q014,common,1,1,216.540
2026-09-12-l9,A,1.0.0,docs-00500,scan,q014,common,2,1,181.655
2026-09-12-l9,B,2.0.0-alpha.7,docs-00500,scan,q014,common,2,1,213.938
2026-09-12-l9,A,1.0.0,docs-00500,scan,q014,common,3,0,178.538
2026-09-12-l9,B,2.0.0-alpha.7,docs-00500,scan,q014,common,3,0,213.011
2026-09-12-l9,A,1.0.0,docs-00500,scan,q014,common,4,0,181.974
2026-09-12-l9,B,2.0.0-alpha.7,docs-00500,scan,q014,common,4,0,217.205
2026-09-12-l9,A,1.0.0,docs-00500,scan,q014,common,5,0,180.869
2026-09-12-l9,B,2.0.0-alpha.7,docs-00500,scan,q014,common,5,0,211.523
2026-09-12-l9,A,1.0.0,docs-00500,scan,q014,common,6,0,179.081
2026-09-12-l9,B,2.0.0-alpha.7,docs-00500,scan,q014,common,6,0,216.593
2026-09-12-l9,A,1.0.0,docs-00500,scan,q014,common,7,0,179.063
2026-09-12-l9,B,2.0.0-alpha.7,docs-00500,scan,q014,common,7,0,213.677
2026-09-12-l9,A,1.0.0,docs-00500,scan,q014,common,8,0,179.327
2026-09-12-l9,B,2.0.0-alpha.7,docs-00500,scan,q014,common,8,0,212.243
2026-09-12-l9,A,1.0.0,docs-00500,scan,q014,common,9,0,181.690
2026-09-12-l9,B,2.0.0-alpha.7,docs-00500,scan,q014,common,9,0,213.549
2026-09-12-l9,A,1.0.0,docs-00500,scan,q014,common,10,0,178.659
2026-09-12-l9,B,2.0.0-alpha.7,docs-00500,scan,q014,common,10,0,214.006
2026-09-12-l9,A,1.0.0,docs-00500,scan,q014,common,11,0,177.792
2026-09-12-l9,B,2.0.0-alpha.7,docs-00500,scan,q014,common,11,0,218.882
2026-09-12-l9,A,1.0.0,docs-00500,scan,q014,common,12,0,177.836
2026-09-12-l9,B,2.0.0-alpha.7,docs-00500,scan,q014,common,12,0,216.164
2026-09-12-l9,A,1.0.0,docs-00500,scan,q015,common,0,1,181.320
2026-09-12-l9,B,2.0.0-alpha.7,docs-00500,scan,q015,common,0,1,212.773
2026-09-12-l9,A,1.0.0,docs-00500,scan,q015,common,1,1,184.783
2026-09-12-l9,B,2.0.0-alpha.7,docs-00500,scan,q015,common,1,1,213.501
2026-09-12-l9,A,1.0.0,docs-00500,scan,q015,common,2,1,180.228
2026-09-12-l9,B,2.0.0-alpha.7,docs-00500,scan,q015,common,2,1,211.457
2026-09-12-l9,A,1.0.0,docs-00500,scan,q015,common,3,0,179.585
2026-09-12-l9,B,2.0.0-alpha.7,docs-00500,scan,q015,common,3,0,214.461
2026-09-12-l9,A,1.0.0,docs-00500,scan,q015,common,4,0,179.098
2026-09-12-l9,B,2.0.0-alpha.7,docs-00500,scan,q015,common,4,0,213.170
2026-09-12-l9,A,1.0.0,docs-00500,scan,q015,common,5,0,178.085
2026-09-12-l9,B,2.0.0-alpha.7,docs-00500,scan,q015,common,5,0,211.472
2026-09-12-l9,A,1.0.0,docs-00500,scan,q015,common,6,0,182.967
2026-09-12-l9,B,2.0.0-alpha.7,docs-00500,scan,q015,common,6,0,217.180
2026-09-12-l9,A,1.0.0,docs-00500,scan,q015,common,7,0,183.055
2026-09-12-l9,B,2.0.0-alpha.7,docs-00500,scan,q015,common,7,0,212.440
2026-09-12-l9,A,1.0.0,docs-00500,scan,q015,common,8,0,177.584
2026-09-12-l9,B,2.0.0-alpha.7,docs-00500,scan,q015,common,8,0,212.419
2026-09-12-l9,A,1.0.0,docs-00500,scan,q015,common,9,0,181.073
2026-09-12-l9,B,2.0.0-alpha.7,docs-00500,scan,q015,common,9,0,216.427
2026-09-12-l9,A,1.0.0,docs-00500,scan,q015,common,10,0,180.355
2026-09-12-l9,B,2.0.0-alpha.7,docs-00500,scan,q015,common,10,0,213.768
2026-09-12-l9,A,1.0.0,docs-00500,scan,q015,common,11,0,180.081
2026-09-12-l9,B,2.0.0-alpha.7,docs-00500,scan,q015,common,11,0,215.688
2026-09-12-l9,A,1.0.0,docs-00500,scan,q015,common,12,0,180.451
2026-09-12-l9,B,2.0.0-alpha.7,docs-00500,scan,q015,common,12,0,213.904
2026-09-12-l9,A,1.0.0,docs-00500,scan,q016,common,0,1,179.977
2026-09-12-l9,B,2.0.0-alpha.7,docs-00500,scan,q016,common,0,1,217.556
2026-09-12-l9,A,1.0.0,docs-00500,scan,q016,common,1,1,181.523
2026-09-12-l9,B,2.0.0-alpha.7,docs-00500,scan,q016,common,1,1,214.096
2026-09-12-l9,A,1.0.0,docs-00500,scan,q016,common,2,1,179.458
2026-09-12-l9,B,2.0.0-alpha.7,docs-00500,scan,q016,common,2,1,211.947
2026-09-12-l9,A,1.0.0,docs-00500,scan,q016,common,3,0,181.991
2026-09-12-l9,B,2.0.0-alpha.7,docs-00500,scan,q016,common,3,0,218.642
2026-09-12-l9,A,1.0.0,docs-00500,scan,q016,common,4,0,181.727
2026-09-12-l9,B,2.0.0-alpha.7,docs-00500,scan,q016,common,4,0,211.949
2026-09-12-l9,A,1.0.0,docs-00500,scan,q016,common,5,0,180.446
2026-09-12-l9,B,2.0.0-alpha.7,docs-00500,scan,q016,common,5,0,213.331
2026-09-12-l9,A,1.0.0,docs-00500,scan,q016,common,6,0,184.128
2026-09-12-l9,B,2.0.0-alpha.7,docs-00500,scan,q016,common,6,0,214.275
2026-09-12-l9,A,1.0.0,docs-00500,scan,q016,common,7,0,179.406
2026-09-12-l9,B,2.0.0-alpha.7,docs-00500,scan,q016,common,7,0,211.259
2026-09-12-l9,A,1.0.0,docs-00500,scan,q016,common,8,0,179.990
2026-09-12-l9,B,2.0.0-alpha.7,docs-00500,scan,q016,common,8,0,215.877
2026-09-12-l9,A,1.0.0,docs-00500,scan,q016,common,9,0,178.818
2026-09-12-l9,B,2.0.0-alpha.7,docs-00500,scan,q016,common,9,0,213.016
2026-09-12-l9,A,1.0.0,docs-00500,scan,q016,common,10,0,178.709
2026-09-12-l9,B,2.0.0-alpha.7,docs-00500,scan,q016,common,10,0,214.895
2026-09-12-l9,A,1.0.0,docs-00500,scan,q016,common,11,0,182.088
2026-09-12-l9,B,2.0.0-alpha.7,docs-00500,scan,q016,common,11,0,215.444
2026-09-12-l9,A,1.0.0,docs-00500,scan,q016,common,12,0,178.990
2026-09-12-l9,B,2.0.0-alpha.7,docs-00500,scan,q016,common,12,0,212.841
2026-09-12-l9,A,1.0.0,docs-00500,scan,q017,common,0,1,181.878
2026-09-12-l9,B,2.0.0-alpha.7,docs-00500,scan,q017,common,0,1,218.869
2026-09-12-l9,A,1.0.0,docs-00500,scan,q017,common,1,1,181.335
2026-09-12-l9,B,2.0.0-alpha.7,docs-00500,scan,q017,common,1,1,214.333
2026-09-12-l9,A,1.0.0,docs-00500,scan,q017,common,2,1,180.015
2026-09-12-l9,B,2.0.0-alpha.7,docs-00500,scan,q017,common,2,1,211.887
2026-09-12-l9,A,1.0.0,docs-00500,scan,q017,common,3,0,184.254
2026-09-12-l9,B,2.0.0-alpha.7,docs-00500,scan,q017,common,3,0,213.045
2026-09-12-l9,A,1.0.0,docs-00500,scan,q017,common,4,0,181.406
2026-09-12-l9,B,2.0.0-alpha.7,docs-00500,scan,q017,common,4,0,213.134
2026-09-12-l9,A,1.0.0,docs-00500,scan,q017,common,5,0,182.359
2026-09-12-l9,B,2.0.0-alpha.7,docs-00500,scan,q017,common,5,0,218.401
2026-09-12-l9,A,1.0.0,docs-00500,scan,q017,common,6,0,181.403
2026-09-12-l9,B,2.0.0-alpha.7,docs-00500,scan,q017,common,6,0,213.596
2026-09-12-l9,A,1.0.0,docs-00500,scan,q017,common,7,0,179.507
2026-09-12-l9,B,2.0.0-alpha.7,docs-00500,scan,q017,common,7,0,211.936
2026-09-12-l9,A,1.0.0,docs-00500,scan,q017,common,8,0,184.346
2026-09-12-l9,B,2.0.0-alpha.7,docs-00500,scan,q017,common,8,0,213.909
2026-09-12-l9,A,1.0.0,docs-00500,scan,q017,common,9,0,182.134
2026-09-12-l9,B,2.0.0-alpha.7,docs-00500,scan,q017,common,9,0,211.951
2026-09-12-l9,A,1.0.0,docs-00500,scan,q017,common,10,0,179.067
2026-09-12-l9,B,2.0.0-alpha.7,docs-00500,scan,q017,common,10,0,215.620
2026-09-12-l9,A,1.0.0,docs-00500,scan,q017,common,11,0,180.302
2026-09-12-l9,B,2.0.0-alpha.7,docs-00500,scan,q017,common,11,0,213.523
2026-09-12-l9,A,1.0.0,docs-00500,scan,q017,common,12,0,179.598
2026-09-12-l9,B,2.0.0-alpha.7,docs-00500,scan,q017,common,12,0,211.450
2026-09-12-l9,A,1.0.0,docs-00500,scan,q018,common,0,1,181.452
2026-09-12-l9,B,2.0.0-alpha.7,docs-00500,scan,q018,common,0,1,212.054
2026-09-12-l9,A,1.0.0,docs-00500,scan,q018,common,1,1,178.887
2026-09-12-l9,B,2.0.0-alpha.7,docs-00500,scan,q018,common,1,1,215.226
2026-09-12-l9,A,1.0.0,docs-00500,scan,q018,common,2,1,177.470
2026-09-12-l9,B,2.0.0-alpha.7,docs-00500,scan,q018,common,2,1,213.796
2026-09-12-l9,A,1.0.0,docs-00500,scan,q018,common,3,0,179.701
2026-09-12-l9,B,2.0.0-alpha.7,docs-00500,scan,q018,common,3,0,212.188
2026-09-12-l9,A,1.0.0,docs-00500,scan,q018,common,4,0,177.854
2026-09-12-l9,B,2.0.0-alpha.7,docs-00500,scan,q018,common,4,0,207.386
2026-09-12-l9,A,1.0.0,docs-00500,scan,q018,common,5,0,179.332
2026-09-12-l9,B,2.0.0-alpha.7,docs-00500,scan,q018,common,5,0,211.274
2026-09-12-l9,A,1.0.0,docs-00500,scan,q018,common,6,0,177.492
2026-09-12-l9,B,2.0.0-alpha.7,docs-00500,scan,q018,common,6,0,209.592
2026-09-12-l9,A,1.0.0,docs-00500,scan,q018,common,7,0,177.131
2026-09-12-l9,B,2.0.0-alpha.7,docs-00500,scan,q018,common,7,0,208.860
2026-09-12-l9,A,1.0.0,docs-00500,scan,q018,common,8,0,178.991
2026-09-12-l9,B,2.0.0-alpha.7,docs-00500,scan,q018,common,8,0,209.709
2026-09-12-l9,A,1.0.0,docs-00500,scan,q018,common,9,0,177.244
2026-09-12-l9,B,2.0.0-alpha.7,docs-00500,scan,q018,common,9,0,206.417
2026-09-12-l9,A,1.0.0,docs-00500,scan,q018,common,10,0,178.562
2026-09-12-l9,B,2.0.0-alpha.7,docs-00500,scan,q018,common,10,0,212.383
2026-09-12-l9,A,1.0.0,docs-00500,scan,q018,common,11,0,177.317
2026-09-12-l9,B,2.0.0-alpha.7,docs-00500,scan,q018,common,11,0,209.152
2026-09-12-l9,A,1.0.0,docs-00500,scan,q018,common,12,0,177.059
2026-09-12-l9,B,2.0.0-alpha.7,docs-00500,scan,q018,common,12,0,208.989
2026-09-12-l9,A,1.0.0,docs-00500,scan,q019,rare+common,0,1,186.660
2026-09-12-l9,B,2.0.0-alpha.7,docs-00500,scan,q019,rare+common,0,1,216.693
2026-09-12-l9,A,1.0.0,docs-00500,scan,q019,rare+common,1,1,186.664
2026-09-12-l9,B,2.0.0-alpha.7,docs-00500,scan,q019,rare+common,1,1,216.042
2026-09-12-l9,A,1.0.0,docs-00500,scan,q019,rare+common,2,1,181.975
2026-09-12-l9,B,2.0.0-alpha.7,docs-00500,scan,q019,rare+common,2,1,221.287
2026-09-12-l9,A,1.0.0,docs-00500,scan,q019,rare+common,3,0,183.215
2026-09-12-l9,B,2.0.0-alpha.7,docs-00500,scan,q019,rare+common,3,0,216.864
2026-09-12-l9,A,1.0.0,docs-00500,scan,q019,rare+common,4,0,184.620
2026-09-12-l9,B,2.0.0-alpha.7,docs-00500,scan,q019,rare+common,4,0,215.068
2026-09-12-l9,A,1.0.0,docs-00500,scan,q019,rare+common,5,0,185.457
2026-09-12-l9,B,2.0.0-alpha.7,docs-00500,scan,q019,rare+common,5,0,217.760
2026-09-12-l9,A,1.0.0,docs-00500,scan,q019,rare+common,6,0,183.633
2026-09-12-l9,B,2.0.0-alpha.7,docs-00500,scan,q019,rare+common,6,0,215.201
2026-09-12-l9,A,1.0.0,docs-00500,scan,q019,rare+common,7,0,182.231
2026-09-12-l9,B,2.0.0-alpha.7,docs-00500,scan,q019,rare+common,7,0,217.462
2026-09-12-l9,A,1.0.0,docs-00500,scan,q019,rare+common,8,0,184.964
2026-09-12-l9,B,2.0.0-alpha.7,docs-00500,scan,q019,rare+common,8,0,215.758
2026-09-12-l9,A,1.0.0,docs-00500,scan,q019,rare+common,9,0,181.875
2026-09-12-l9,B,2.0.0-alpha.7,docs-00500,scan,q019,rare+common,9,0,216.386
2026-09-12-l9,A,1.0.0,docs-00500,scan,q019,rare+common,10,0,188.177
2026-09-12-l9,B,2.0.0-alpha.7,docs-00500,scan,q019,rare+common,10,0,216.369
2026-09-12-l9,A,1.0.0,docs-00500,scan,q019,rare+common,11,0,188.144
2026-09-12-l9,B,2.0.0-alpha.7,docs-00500,scan,q019,rare+common,11,0,213.887
2026-09-12-l9,A,1.0.0,docs-00500,scan,q019,rare+common,12,0,185.616
2026-09-12-l9,B,2.0.0-alpha.7,docs-00500,scan,q019,rare+common,12,0,219.727
2026-09-12-l9,A,1.0.0,docs-00500,scan,q020,rare+common,0,1,183.261
2026-09-12-l9,B,2.0.0-alpha.7,docs-00500,scan,q020,rare+common,0,1,216.303
2026-09-12-l9,A,1.0.0,docs-00500,scan,q020,rare+common,1,1,184.684
2026-09-12-l9,B,2.0.0-alpha.7,docs-00500,scan,q020,rare+common,1,1,214.590
2026-09-12-l9,A,1.0.0,docs-00500,scan,q020,rare+common,2,1,188.100
2026-09-12-l9,B,2.0.0-alpha.7,docs-00500,scan,q020,rare+common,2,1,214.761
2026-09-12-l9,A,1.0.0,docs-00500,scan,q020,rare+common,3,0,181.059
2026-09-12-l9,B,2.0.0-alpha.7,docs-00500,scan,q020,rare+common,3,0,210.759
2026-09-12-l9,A,1.0.0,docs-00500,scan,q020,rare+common,4,0,181.187
2026-09-12-l9,B,2.0.0-alpha.7,docs-00500,scan,q020,rare+common,4,0,219.094
2026-09-12-l9,A,1.0.0,docs-00500,scan,q020,rare+common,5,0,180.519
2026-09-12-l9,B,2.0.0-alpha.7,docs-00500,scan,q020,rare+common,5,0,212.079
2026-09-12-l9,A,1.0.0,docs-00500,scan,q020,rare+common,6,0,181.527
2026-09-12-l9,B,2.0.0-alpha.7,docs-00500,scan,q020,rare+common,6,0,213.740
2026-09-12-l9,A,1.0.0,docs-00500,scan,q020,rare+common,7,0,184.540
2026-09-12-l9,B,2.0.0-alpha.7,docs-00500,scan,q020,rare+common,7,0,213.626
2026-09-12-l9,A,1.0.0,docs-00500,scan,q020,rare+common,8,0,180.939
2026-09-12-l9,B,2.0.0-alpha.7,docs-00500,scan,q020,rare+common,8,0,213.139
2026-09-12-l9,A,1.0.0,docs-00500,scan,q020,rare+common,9,0,195.159
2026-09-12-l9,B,2.0.0-alpha.7,docs-00500,scan,q020,rare+common,9,0,232.169
2026-09-12-l9,A,1.0.0,docs-00500,scan,q020,rare+common,10,0,193.481
2026-09-12-l9,B,2.0.0-alpha.7,docs-00500,scan,q020,rare+common,10,0,224.499
2026-09-12-l9,A,1.0.0,docs-00500,scan,q020,rare+common,11,0,190.721
2026-09-12-l9,B,2.0.0-alpha.7,docs-00500,scan,q020,rare+common,11,0,226.174
2026-09-12-l9,A,1.0.0,docs-00500,scan,q020,rare+common,12,0,193.025
2026-09-12-l9,B,2.0.0-alpha.7,docs-00500,scan,q020,rare+common,12,0,225.415
2026-09-12-l9,A,1.0.0,docs-00500,scan,q021,rare+common,0,1,191.325
2026-09-12-l9,B,2.0.0-alpha.7,docs-00500,scan,q021,rare+common,0,1,222.747
2026-09-12-l9,A,1.0.0,docs-00500,scan,q021,rare+common,1,1,189.608
2026-09-12-l9,B,2.0.0-alpha.7,docs-00500,scan,q021,rare+common,1,1,225.065
2026-09-12-l9,A,1.0.0,docs-00500,scan,q021,rare+common,2,1,185.110
2026-09-12-l9,B,2.0.0-alpha.7,docs-00500,scan,q021,rare+common,2,1,213.918
2026-09-12-l9,A,1.0.0,docs-00500,scan,q021,rare+common,3,0,178.419
2026-09-12-l9,B,2.0.0-alpha.7,docs-00500,scan,q021,rare+common,3,0,223.875
2026-09-12-l9,A,1.0.0,docs-00500,scan,q021,rare+common,4,0,181.371
2026-09-12-l9,B,2.0.0-alpha.7,docs-00500,scan,q021,rare+common,4,0,210.513
2026-09-12-l9,A,1.0.0,docs-00500,scan,q021,rare+common,5,0,180.582
2026-09-12-l9,B,2.0.0-alpha.7,docs-00500,scan,q021,rare+common,5,0,212.635
2026-09-12-l9,A,1.0.0,docs-00500,scan,q021,rare+common,6,0,181.261
2026-09-12-l9,B,2.0.0-alpha.7,docs-00500,scan,q021,rare+common,6,0,218.563
2026-09-12-l9,A,1.0.0,docs-00500,scan,q021,rare+common,7,0,180.478
2026-09-12-l9,B,2.0.0-alpha.7,docs-00500,scan,q021,rare+common,7,0,211.134
2026-09-12-l9,A,1.0.0,docs-00500,scan,q021,rare+common,8,0,180.121
2026-09-12-l9,B,2.0.0-alpha.7,docs-00500,scan,q021,rare+common,8,0,211.539
2026-09-12-l9,A,1.0.0,docs-00500,scan,q021,rare+common,9,0,181.647
2026-09-12-l9,B,2.0.0-alpha.7,docs-00500,scan,q021,rare+common,9,0,211.052
2026-09-12-l9,A,1.0.0,docs-00500,scan,q021,rare+common,10,0,179.469
2026-09-12-l9,B,2.0.0-alpha.7,docs-00500,scan,q021,rare+common,10,0,210.280
2026-09-12-l9,A,1.0.0,docs-00500,scan,q021,rare+common,11,0,182.285
2026-09-12-l9,B,2.0.0-alpha.7,docs-00500,scan,q021,rare+common,11,0,220.918
2026-09-12-l9,A,1.0.0,docs-00500,scan,q021,rare+common,12,0,182.380
2026-09-12-l9,B,2.0.0-alpha.7,docs-00500,scan,q021,rare+common,12,0,213.231
2026-09-12-l9,A,1.0.0,docs-00500,scan,q022,rare+common,0,1,178.710
2026-09-12-l9,B,2.0.0-alpha.7,docs-00500,scan,q022,rare+common,0,1,213.336
2026-09-12-l9,A,1.0.0,docs-00500,scan,q022,rare+common,1,1,187.640
2026-09-12-l9,B,2.0.0-alpha.7,docs-00500,scan,q022,rare+common,1,1,214.270
2026-09-12-l9,A,1.0.0,docs-00500,scan,q022,rare+common,2,1,181.492
2026-09-12-l9,B,2.0.0-alpha.7,docs-00500,scan,q022,rare+common,2,1,213.025
2026-09-12-l9,A,1.0.0,docs-00500,scan,q022,rare+common,3,0,183.072
2026-09-12-l9,B,2.0.0-alpha.7,docs-00500,scan,q022,rare+common,3,0,217.742
2026-09-12-l9,A,1.0.0,docs-00500,scan,q022,rare+common,4,0,182.703
2026-09-12-l9,B,2.0.0-alpha.7,docs-00500,scan,q022,rare+common,4,0,213.929
2026-09-12-l9,A,1.0.0,docs-00500,scan,q022,rare+common,5,0,180.340
2026-09-12-l9,B,2.0.0-alpha.7,docs-00500,scan,q022,rare+common,5,0,214.667
2026-09-12-l9,A,1.0.0,docs-00500,scan,q022,rare+common,6,0,183.880
2026-09-12-l9,B,2.0.0-alpha.7,docs-00500,scan,q022,rare+common,6,0,213.015
2026-09-12-l9,A,1.0.0,docs-00500,scan,q022,rare+common,7,0,181.753
2026-09-12-l9,B,2.0.0-alpha.7,docs-00500,scan,q022,rare+common,7,0,211.584
2026-09-12-l9,A,1.0.0,docs-00500,scan,q022,rare+common,8,0,180.393
2026-09-12-l9,B,2.0.0-alpha.7,docs-00500,scan,q022,rare+common,8,0,214.089
2026-09-12-l9,A,1.0.0,docs-00500,scan,q022,rare+common,9,0,180.044
2026-09-12-l9,B,2.0.0-alpha.7,docs-00500,scan,q022,rare+common,9,0,213.797
2026-09-12-l9,A,1.0.0,docs-00500,scan,q022,rare+common,10,0,180.043
2026-09-12-l9,B,2.0.0-alpha.7,docs-00500,scan,q022,rare+common,10,0,213.411
2026-09-12-l9,A,1.0.0,docs-00500,scan,q022,rare+common,11,0,182.765
2026-09-12-l9,B,2.0.0-alpha.7,docs-00500,scan,q022,rare+common,11,0,213.161
2026-09-12-l9,A,1.0.0,docs-00500,scan,q022,rare+common,12,0,181.395
2026-09-12-l9,B,2.0.0-alpha.7,docs-00500,scan,q022,rare+common,12,0,211.282
2026-09-12-l9,A,1.0.0,docs-00500,scan,q023,rare+common,0,1,180.664
2026-09-12-l9,B,2.0.0-alpha.7,docs-00500,scan,q023,rare+common,0,1,216.990
2026-09-12-l9,A,1.0.0,docs-00500,scan,q023,rare+common,1,1,184.987
2026-09-12-l9,B,2.0.0-alpha.7,docs-00500,scan,q023,rare+common,1,1,212.802
2026-09-12-l9,A,1.0.0,docs-00500,scan,q023,rare+common,2,1,180.308
2026-09-12-l9,B,2.0.0-alpha.7,docs-00500,scan,q023,rare+common,2,1,211.187
2026-09-12-l9,A,1.0.0,docs-00500,scan,q023,rare+common,3,0,184.987
2026-09-12-l9,B,2.0.0-alpha.7,docs-00500,scan,q023,rare+common,3,0,212.895
2026-09-12-l9,A,1.0.0,docs-00500,scan,q023,rare+common,4,0,182.237
2026-09-12-l9,B,2.0.0-alpha.7,docs-00500,scan,q023,rare+common,4,0,212.492
2026-09-12-l9,A,1.0.0,docs-00500,scan,q023,rare+common,5,0,179.400
2026-09-12-l9,B,2.0.0-alpha.7,docs-00500,scan,q023,rare+common,5,0,215.653
2026-09-12-l9,A,1.0.0,docs-00500,scan,q023,rare+common,6,0,181.294
2026-09-12-l9,B,2.0.0-alpha.7,docs-00500,scan,q023,rare+common,6,0,214.963
2026-09-12-l9,A,1.0.0,docs-00500,scan,q023,rare+common,7,0,179.805
2026-09-12-l9,B,2.0.0-alpha.7,docs-00500,scan,q023,rare+common,7,0,212.471
2026-09-12-l9,A,1.0.0,docs-00500,scan,q023,rare+common,8,0,182.077
2026-09-12-l9,B,2.0.0-alpha.7,docs-00500,scan,q023,rare+common,8,0,213.823
2026-09-12-l9,A,1.0.0,docs-00500,scan,q023,rare+common,9,0,183.604
2026-09-12-l9,B,2.0.0-alpha.7,docs-00500,scan,q023,rare+common,9,0,212.225
2026-09-12-l9,A,1.0.0,docs-00500,scan,q023,rare+common,10,0,186.988
2026-09-12-l9,B,2.0.0-alpha.7,docs-00500,scan,q023,rare+common,10,0,230.844
2026-09-12-l9,A,1.0.0,docs-00500,scan,q023,rare+common,11,0,184.504
2026-09-12-l9,B,2.0.0-alpha.7,docs-00500,scan,q023,rare+common,11,0,215.013
2026-09-12-l9,A,1.0.0,docs-00500,scan,q023,rare+common,12,0,180.956
2026-09-12-l9,B,2.0.0-alpha.7,docs-00500,scan,q023,rare+common,12,0,212.081
2026-09-12-l9,A,1.0.0,docs-00500,scan,q024,rare+common,0,1,182.571
2026-09-12-l9,B,2.0.0-alpha.7,docs-00500,scan,q024,rare+common,0,1,213.579
2026-09-12-l9,A,1.0.0,docs-00500,scan,q024,rare+common,1,1,181.925
2026-09-12-l9,B,2.0.0-alpha.7,docs-00500,scan,q024,rare+common,1,1,212.681
2026-09-12-l9,A,1.0.0,docs-00500,scan,q024,rare+common,2,1,180.556
2026-09-12-l9,B,2.0.0-alpha.7,docs-00500,scan,q024,rare+common,2,1,214.111
2026-09-12-l9,A,1.0.0,docs-00500,scan,q024,rare+common,3,0,182.465
2026-09-12-l9,B,2.0.0-alpha.7,docs-00500,scan,q024,rare+common,3,0,212.256
2026-09-12-l9,A,1.0.0,docs-00500,scan,q024,rare+common,4,0,184.084
2026-09-12-l9,B,2.0.0-alpha.7,docs-00500,scan,q024,rare+common,4,0,211.832
2026-09-12-l9,A,1.0.0,docs-00500,scan,q024,rare+common,5,0,182.411
2026-09-12-l9,B,2.0.0-alpha.7,docs-00500,scan,q024,rare+common,5,0,214.493
2026-09-12-l9,A,1.0.0,docs-00500,scan,q024,rare+common,6,0,182.419
2026-09-12-l9,B,2.0.0-alpha.7,docs-00500,scan,q024,rare+common,6,0,215.425
2026-09-12-l9,A,1.0.0,docs-00500,scan,q024,rare+common,7,0,180.589
2026-09-12-l9,B,2.0.0-alpha.7,docs-00500,scan,q024,rare+common,7,0,214.131
2026-09-12-l9,A,1.0.0,docs-00500,scan,q024,rare+common,8,0,182.026
2026-09-12-l9,B,2.0.0-alpha.7,docs-00500,scan,q024,rare+common,8,0,216.139
2026-09-12-l9,A,1.0.0,docs-00500,scan,q024,rare+common,9,0,180.151
2026-09-12-l9,B,2.0.0-alpha.7,docs-00500,scan,q024,rare+common,9,0,212.525
2026-09-12-l9,A,1.0.0,docs-00500,scan,q024,rare+common,10,0,183.554
2026-09-12-l9,B,2.0.0-alpha.7,docs-00500,scan,q024,rare+common,10,0,216.288
2026-09-12-l9,A,1.0.0,docs-00500,scan,q024,rare+common,11,0,185.265
2026-09-12-l9,B,2.0.0-alpha.7,docs-00500,scan,q024,rare+common,11,0,212.193
2026-09-12-l9,A,1.0.0,docs-00500,scan,q024,rare+common,12,0,180.818
2026-09-12-l9,B,2.0.0-alpha.7,docs-00500,scan,q024,rare+common,12,0,212.695
2026-09-12-l9,A,1.0.0,docs-00500,scan,q025,rare+common,0,1,183.212
2026-09-12-l9,B,2.0.0-alpha.7,docs-00500,scan,q025,rare+common,0,1,214.574
2026-09-12-l9,A,1.0.0,docs-00500,scan,q025,rare+common,1,1,180.597
2026-09-12-l9,B,2.0.0-alpha.7,docs-00500,scan,q025,rare+common,1,1,213.872
2026-09-12-l9,A,1.0.0,docs-00500,scan,q025,rare+common,2,1,181.043
2026-09-12-l9,B,2.0.0-alpha.7,docs-00500,scan,q025,rare+common,2,1,215.821
2026-09-12-l9,A,1.0.0,docs-00500,scan,q025,rare+common,3,0,182.503
2026-09-12-l9,B,2.0.0-alpha.7,docs-00500,scan,q025,rare+common,3,0,212.654
2026-09-12-l9,A,1.0.0,docs-00500,scan,q025,rare+common,4,0,180.462
2026-09-12-l9,B,2.0.0-alpha.7,docs-00500,scan,q025,rare+common,4,0,215.930
2026-09-12-l9,A,1.0.0,docs-00500,scan,q025,rare+common,5,0,182.910
2026-09-12-l9,B,2.0.0-alpha.7,docs-00500,scan,q025,rare+common,5,0,212.067
2026-09-12-l9,A,1.0.0,docs-00500,scan,q025,rare+common,6,0,180.232
2026-09-12-l9,B,2.0.0-alpha.7,docs-00500,scan,q025,rare+common,6,0,212.682
2026-09-12-l9,A,1.0.0,docs-00500,scan,q025,rare+common,7,0,183.903
2026-09-12-l9,B,2.0.0-alpha.7,docs-00500,scan,q025,rare+common,7,0,215.142
2026-09-12-l9,A,1.0.0,docs-00500,scan,q025,rare+common,8,0,181.603
2026-09-12-l9,B,2.0.0-alpha.7,docs-00500,scan,q025,rare+common,8,0,213.598
2026-09-12-l9,A,1.0.0,docs-00500,scan,q025,rare+common,9,0,180.331
2026-09-12-l9,B,2.0.0-alpha.7,docs-00500,scan,q025,rare+common,9,0,215.464
2026-09-12-l9,A,1.0.0,docs-00500,scan,q025,rare+common,10,0,186.552
2026-09-12-l9,B,2.0.0-alpha.7,docs-00500,scan,q025,rare+common,10,0,213.541
2026-09-12-l9,A,1.0.0,docs-00500,scan,q025,rare+common,11,0,180.102
2026-09-12-l9,B,2.0.0-alpha.7,docs-00500,scan,q025,rare+common,11,0,212.654
2026-09-12-l9,A,1.0.0,docs-00500,scan,q025,rare+common,12,0,183.349
2026-09-12-l9,B,2.0.0-alpha.7,docs-00500,scan,q025,rare+common,12,0,215.812
2026-09-12-l9,A,1.0.0,docs-00500,scan,q026,rare+common,0,1,178.752
2026-09-12-l9,B,2.0.0-alpha.7,docs-00500,scan,q026,rare+common,0,1,213.667
2026-09-12-l9,A,1.0.0,docs-00500,scan,q026,rare+common,1,1,178.795
2026-09-12-l9,B,2.0.0-alpha.7,docs-00500,scan,q026,rare+common,1,1,208.233
2026-09-12-l9,A,1.0.0,docs-00500,scan,q026,rare+common,2,1,185.707
2026-09-12-l9,B,2.0.0-alpha.7,docs-00500,scan,q026,rare+common,2,1,212.625
2026-09-12-l9,A,1.0.0,docs-00500,scan,q026,rare+common,3,0,179.009
2026-09-12-l9,B,2.0.0-alpha.7,docs-00500,scan,q026,rare+common,3,0,209.581
2026-09-12-l9,A,1.0.0,docs-00500,scan,q026,rare+common,4,0,178.357
2026-09-12-l9,B,2.0.0-alpha.7,docs-00500,scan,q026,rare+common,4,0,214.642
2026-09-12-l9,A,1.0.0,docs-00500,scan,q026,rare+common,5,0,177.256
2026-09-12-l9,B,2.0.0-alpha.7,docs-00500,scan,q026,rare+common,5,0,211.377
2026-09-12-l9,A,1.0.0,docs-00500,scan,q026,rare+common,6,0,177.445
2026-09-12-l9,B,2.0.0-alpha.7,docs-00500,scan,q026,rare+common,6,0,208.504
2026-09-12-l9,A,1.0.0,docs-00500,scan,q026,rare+common,7,0,180.805
2026-09-12-l9,B,2.0.0-alpha.7,docs-00500,scan,q026,rare+common,7,0,211.467
2026-09-12-l9,A,1.0.0,docs-00500,scan,q026,rare+common,8,0,181.457
2026-09-12-l9,B,2.0.0-alpha.7,docs-00500,scan,q026,rare+common,8,0,212.166
2026-09-12-l9,A,1.0.0,docs-00500,scan,q026,rare+common,9,0,179.720
2026-09-12-l9,B,2.0.0-alpha.7,docs-00500,scan,q026,rare+common,9,0,214.830
2026-09-12-l9,A,1.0.0,docs-00500,scan,q026,rare+common,10,0,180.267
2026-09-12-l9,B,2.0.0-alpha.7,docs-00500,scan,q026,rare+common,10,0,215.210
2026-09-12-l9,A,1.0.0,docs-00500,scan,q026,rare+common,11,0,179.531
2026-09-12-l9,B,2.0.0-alpha.7,docs-00500,scan,q026,rare+common,11,0,208.618
2026-09-12-l9,A,1.0.0,docs-00500,scan,q026,rare+common,12,0,182.605
2026-09-12-l9,B,2.0.0-alpha.7,docs-00500,scan,q026,rare+common,12,0,211.528
2026-09-12-l9,A,1.0.0,docs-00500,scan,q027,common+common,0,1,174.548
2026-09-12-l9,B,2.0.0-alpha.7,docs-00500,scan,q027,common+common,0,1,218.508
2026-09-12-l9,A,1.0.0,docs-00500,scan,q027,common+common,1,1,178.825
2026-09-12-l9,B,2.0.0-alpha.7,docs-00500,scan,q027,common+common,1,1,236.644
2026-09-12-l9,A,1.0.0,docs-00500,scan,q027,common+common,2,1,185.717
2026-09-12-l9,B,2.0.0-alpha.7,docs-00500,scan,q027,common+common,2,1,220.400
2026-09-12-l9,A,1.0.0,docs-00500,scan,q027,common+common,3,0,176.076
2026-09-12-l9,B,2.0.0-alpha.7,docs-00500,scan,q027,common+common,3,0,208.796
2026-09-12-l9,A,1.0.0,docs-00500,scan,q027,common+common,4,0,175.867
2026-09-12-l9,B,2.0.0-alpha.7,docs-00500,scan,q027,common+common,4,0,210.083
2026-09-12-l9,A,1.0.0,docs-00500,scan,q027,common+common,5,0,177.026
2026-09-12-l9,B,2.0.0-alpha.7,docs-00500,scan,q027,common+common,5,0,209.507
2026-09-12-l9,A,1.0.0,docs-00500,scan,q027,common+common,6,0,173.332
2026-09-12-l9,B,2.0.0-alpha.7,docs-00500,scan,q027,common+common,6,0,208.074
2026-09-12-l9,A,1.0.0,docs-00500,scan,q027,common+common,7,0,176.186
2026-09-12-l9,B,2.0.0-alpha.7,docs-00500,scan,q027,common+common,7,0,210.726
2026-09-12-l9,A,1.0.0,docs-00500,scan,q027,common+common,8,0,175.775
2026-09-12-l9,B,2.0.0-alpha.7,docs-00500,scan,q027,common+common,8,0,209.872
2026-09-12-l9,A,1.0.0,docs-00500,scan,q027,common+common,9,0,178.366
2026-09-12-l9,B,2.0.0-alpha.7,docs-00500,scan,q027,common+common,9,0,215.750
2026-09-12-l9,A,1.0.0,docs-00500,scan,q027,common+common,10,0,175.218
2026-09-12-l9,B,2.0.0-alpha.7,docs-00500,scan,q027,common+common,10,0,209.815
2026-09-12-l9,A,1.0.0,docs-00500,scan,q027,common+common,11,0,175.103
2026-09-12-l9,B,2.0.0-alpha.7,docs-00500,scan,q027,common+common,11,0,209.428
2026-09-12-l9,A,1.0.0,docs-00500,scan,q027,common+common,12,0,177.000
2026-09-12-l9,B,2.0.0-alpha.7,docs-00500,scan,q027,common+common,12,0,210.536
2026-09-12-l9,A,1.0.0,docs-00500,scan,q028,common+common,0,1,175.750
2026-09-12-l9,B,2.0.0-alpha.7,docs-00500,scan,q028,common+common,0,1,207.272
2026-09-12-l9,A,1.0.0,docs-00500,scan,q028,common+common,1,1,173.005
2026-09-12-l9,B,2.0.0-alpha.7,docs-00500,scan,q028,common+common,1,1,212.288
2026-09-12-l9,A,1.0.0,docs-00500,scan,q028,common+common,2,1,175.309
2026-09-12-l9,B,2.0.0-alpha.7,docs-00500,scan,q028,common+common,2,1,208.069
2026-09-12-l9,A,1.0.0,docs-00500,scan,q028,common+common,3,0,175.810
2026-09-12-l9,B,2.0.0-alpha.7,docs-00500,scan,q028,common+common,3,0,203.889
2026-09-12-l9,A,1.0.0,docs-00500,scan,q028,common+common,4,0,175.386
2026-09-12-l9,B,2.0.0-alpha.7,docs-00500,scan,q028,common+common,4,0,206.821
2026-09-12-l9,A,1.0.0,docs-00500,scan,q028,common+common,5,0,176.316
2026-09-12-l9,B,2.0.0-alpha.7,docs-00500,scan,q028,common+common,5,0,206.968
2026-09-12-l9,A,1.0.0,docs-00500,scan,q028,common+common,6,0,174.268
2026-09-12-l9,B,2.0.0-alpha.7,docs-00500,scan,q028,common+common,6,0,205.014
2026-09-12-l9,A,1.0.0,docs-00500,scan,q028,common+common,7,0,177.851
2026-09-12-l9,B,2.0.0-alpha.7,docs-00500,scan,q028,common+common,7,0,205.390
2026-09-12-l9,A,1.0.0,docs-00500,scan,q028,common+common,8,0,175.905
2026-09-12-l9,B,2.0.0-alpha.7,docs-00500,scan,q028,common+common,8,0,208.651
2026-09-12-l9,A,1.0.0,docs-00500,scan,q028,common+common,9,0,176.528
2026-09-12-l9,B,2.0.0-alpha.7,docs-00500,scan,q028,common+common,9,0,208.114
2026-09-12-l9,A,1.0.0,docs-00500,scan,q028,common+common,10,0,177.980
2026-09-12-l9,B,2.0.0-alpha.7,docs-00500,scan,q028,common+common,10,0,206.627
2026-09-12-l9,A,1.0.0,docs-00500,scan,q028,common+common,11,0,175.379
2026-09-12-l9,B,2.0.0-alpha.7,docs-00500,scan,q028,common+common,11,0,204.407
2026-09-12-l9,A,1.0.0,docs-00500,scan,q028,common+common,12,0,180.803
2026-09-12-l9,B,2.0.0-alpha.7,docs-00500,scan,q028,common+common,12,0,204.981
2026-09-12-l9,A,1.0.0,docs-00500,scan,q029,common+common,0,1,176.002
2026-09-12-l9,B,2.0.0-alpha.7,docs-00500,scan,q029,common+common,0,1,208.492
2026-09-12-l9,A,1.0.0,docs-00500,scan,q029,common+common,1,1,174.656
2026-09-12-l9,B,2.0.0-alpha.7,docs-00500,scan,q029,common+common,1,1,212.479
2026-09-12-l9,A,1.0.0,docs-00500,scan,q029,common+common,2,1,175.793
2026-09-12-l9,B,2.0.0-alpha.7,docs-00500,scan,q029,common+common,2,1,211.328
2026-09-12-l9,A,1.0.0,docs-00500,scan,q029,common+common,3,0,178.174
2026-09-12-l9,B,2.0.0-alpha.7,docs-00500,scan,q029,common+common,3,0,207.005
2026-09-12-l9,A,1.0.0,docs-00500,scan,q029,common+common,4,0,176.935
2026-09-12-l9,B,2.0.0-alpha.7,docs-00500,scan,q029,common+common,4,0,211.323
2026-09-12-l9,A,1.0.0,docs-00500,scan,q029,common+common,5,0,176.829
2026-09-12-l9,B,2.0.0-alpha.7,docs-00500,scan,q029,common+common,5,0,211.754
2026-09-12-l9,A,1.0.0,docs-00500,scan,q029,common+common,6,0,175.072
2026-09-12-l9,B,2.0.0-alpha.7,docs-00500,scan,q029,common+common,6,0,209.111
2026-09-12-l9,A,1.0.0,docs-00500,scan,q029,common+common,7,0,177.042
2026-09-12-l9,B,2.0.0-alpha.7,docs-00500,scan,q029,common+common,7,0,208.447
2026-09-12-l9,A,1.0.0,docs-00500,scan,q029,common+common,8,0,175.045
2026-09-12-l9,B,2.0.0-alpha.7,docs-00500,scan,q029,common+common,8,0,209.978
2026-09-12-l9,A,1.0.0,docs-00500,scan,q029,common+common,9,0,178.288
2026-09-12-l9,B,2.0.0-alpha.7,docs-00500,scan,q029,common+common,9,0,212.183
2026-09-12-l9,A,1.0.0,docs-00500,scan,q029,common+common,10,0,176.987
2026-09-12-l9,B,2.0.0-alpha.7,docs-00500,scan,q029,common+common,10,0,206.972
2026-09-12-l9,A,1.0.0,docs-00500,scan,q029,common+common,11,0,175.956
2026-09-12-l9,B,2.0.0-alpha.7,docs-00500,scan,q029,common+common,11,0,209.131
2026-09-12-l9,A,1.0.0,docs-00500,scan,q029,common+common,12,0,177.491
2026-09-12-l9,B,2.0.0-alpha.7,docs-00500,scan,q029,common+common,12,0,206.932
2026-09-12-l9,A,1.0.0,docs-00500,scan,q030,common+common,0,1,180.595
2026-09-12-l9,B,2.0.0-alpha.7,docs-00500,scan,q030,common+common,0,1,206.743
2026-09-12-l9,A,1.0.0,docs-00500,scan,q030,common+common,1,1,177.154
2026-09-12-l9,B,2.0.0-alpha.7,docs-00500,scan,q030,common+common,1,1,209.671
2026-09-12-l9,A,1.0.0,docs-00500,scan,q030,common+common,2,1,179.007
2026-09-12-l9,B,2.0.0-alpha.7,docs-00500,scan,q030,common+common,2,1,213.049
2026-09-12-l9,A,1.0.0,docs-00500,scan,q030,common+common,3,0,176.005
2026-09-12-l9,B,2.0.0-alpha.7,docs-00500,scan,q030,common+common,3,0,206.822
2026-09-12-l9,A,1.0.0,docs-00500,scan,q030,common+common,4,0,179.837
2026-09-12-l9,B,2.0.0-alpha.7,docs-00500,scan,q030,common+common,4,0,209.233
2026-09-12-l9,A,1.0.0,docs-00500,scan,q030,common+common,5,0,178.775
2026-09-12-l9,B,2.0.0-alpha.7,docs-00500,scan,q030,common+common,5,0,207.401
2026-09-12-l9,A,1.0.0,docs-00500,scan,q030,common+common,6,0,176.811
2026-09-12-l9,B,2.0.0-alpha.7,docs-00500,scan,q030,common+common,6,0,206.435
2026-09-12-l9,A,1.0.0,docs-00500,scan,q030,common+common,7,0,179.072
2026-09-12-l9,B,2.0.0-alpha.7,docs-00500,scan,q030,common+common,7,0,208.008
2026-09-12-l9,A,1.0.0,docs-00500,scan,q030,common+common,8,0,176.876
2026-09-12-l9,B,2.0.0-alpha.7,docs-00500,scan,q030,common+common,8,0,206.083
2026-09-12-l9,A,1.0.0,docs-00500,scan,q030,common+common,9,0,178.690
2026-09-12-l9,B,2.0.0-alpha.7,docs-00500,scan,q030,common+common,9,0,209.251
2026-09-12-l9,A,1.0.0,docs-00500,scan,q030,common+common,10,0,178.063
2026-09-12-l9,B,2.0.0-alpha.7,docs-00500,scan,q030,common+common,10,0,206.885
2026-09-12-l9,A,1.0.0,docs-00500,scan,q030,common+common,11,0,177.087
2026-09-12-l9,B,2.0.0-alpha.7,docs-00500,scan,q030,common+common,11,0,207.098
2026-09-12-l9,A,1.0.0,docs-00500,scan,q030,common+common,12,0,179.846
2026-09-12-l9,B,2.0.0-alpha.7,docs-00500,scan,q030,common+common,12,0,207.507
2026-09-12-l9,A,1.0.0,docs-00500,scan,q031,common+common,0,1,177.370
2026-09-12-l9,B,2.0.0-alpha.7,docs-00500,scan,q031,common+common,0,1,207.057
2026-09-12-l9,A,1.0.0,docs-00500,scan,q031,common+common,1,1,177.599
2026-09-12-l9,B,2.0.0-alpha.7,docs-00500,scan,q031,common+common,1,1,211.442
2026-09-12-l9,A,1.0.0,docs-00500,scan,q031,common+common,2,1,178.019
2026-09-12-l9,B,2.0.0-alpha.7,docs-00500,scan,q031,common+common,2,1,210.117
2026-09-12-l9,A,1.0.0,docs-00500,scan,q031,common+common,3,0,177.008
2026-09-12-l9,B,2.0.0-alpha.7,docs-00500,scan,q031,common+common,3,0,207.966
2026-09-12-l9,A,1.0.0,docs-00500,scan,q031,common+common,4,0,182.066
2026-09-12-l9,B,2.0.0-alpha.7,docs-00500,scan,q031,common+common,4,0,211.018
2026-09-12-l9,A,1.0.0,docs-00500,scan,q031,common+common,5,0,179.300
2026-09-12-l9,B,2.0.0-alpha.7,docs-00500,scan,q031,common+common,5,0,207.854
2026-09-12-l9,A,1.0.0,docs-00500,scan,q031,common+common,6,0,179.007
2026-09-12-l9,B,2.0.0-alpha.7,docs-00500,scan,q031,common+common,6,0,210.916
2026-09-12-l9,A,1.0.0,docs-00500,scan,q031,common+common,7,0,180.883
2026-09-12-l9,B,2.0.0-alpha.7,docs-00500,scan,q031,common+common,7,0,216.882
2026-09-12-l9,A,1.0.0,docs-00500,scan,q031,common+common,8,0,180.607
2026-09-12-l9,B,2.0.0-alpha.7,docs-00500,scan,q031,common+common,8,0,211.068
2026-09-12-l9,A,1.0.0,docs-00500,scan,q031,common+common,9,0,198.845
2026-09-12-l9,B,2.0.0-alpha.7,docs-00500,scan,q031,common+common,9,0,231.652
2026-09-12-l9,A,1.0.0,docs-00500,scan,q031,common+common,10,0,190.285
2026-09-12-l9,B,2.0.0-alpha.7,docs-00500,scan,q031,common+common,10,0,221.728
2026-09-12-l9,A,1.0.0,docs-00500,scan,q031,common+common,11,0,188.183
2026-09-12-l9,B,2.0.0-alpha.7,docs-00500,scan,q031,common+common,11,0,217.347
2026-09-12-l9,A,1.0.0,docs-00500,scan,q031,common+common,12,0,184.935
2026-09-12-l9,B,2.0.0-alpha.7,docs-00500,scan,q031,common+common,12,0,214.044
2026-09-12-l9,A,1.0.0,docs-00500,scan,q032,common+common,0,1,179.641
2026-09-12-l9,B,2.0.0-alpha.7,docs-00500,scan,q032,common+common,0,1,208.157
2026-09-12-l9,A,1.0.0,docs-00500,scan,q032,common+common,1,1,178.833
2026-09-12-l9,B,2.0.0-alpha.7,docs-00500,scan,q032,common+common,1,1,209.429
2026-09-12-l9,A,1.0.0,docs-00500,scan,q032,common+common,2,1,177.293
2026-09-12-l9,B,2.0.0-alpha.7,docs-00500,scan,q032,common+common,2,1,209.973
2026-09-12-l9,A,1.0.0,docs-00500,scan,q032,common+common,3,0,174.101
2026-09-12-l9,B,2.0.0-alpha.7,docs-00500,scan,q032,common+common,3,0,206.953
2026-09-12-l9,A,1.0.0,docs-00500,scan,q032,common+common,4,0,178.132
2026-09-12-l9,B,2.0.0-alpha.7,docs-00500,scan,q032,common+common,4,0,210.913
2026-09-12-l9,A,1.0.0,docs-00500,scan,q032,common+common,5,0,175.657
2026-09-12-l9,B,2.0.0-alpha.7,docs-00500,scan,q032,common+common,5,0,205.147
2026-09-12-l9,A,1.0.0,docs-00500,scan,q032,common+common,6,0,176.268
2026-09-12-l9,B,2.0.0-alpha.7,docs-00500,scan,q032,common+common,6,0,211.017
2026-09-12-l9,A,1.0.0,docs-00500,scan,q032,common+common,7,0,173.801
2026-09-12-l9,B,2.0.0-alpha.7,docs-00500,scan,q032,common+common,7,0,208.776
2026-09-12-l9,A,1.0.0,docs-00500,scan,q032,common+common,8,0,174.668
2026-09-12-l9,B,2.0.0-alpha.7,docs-00500,scan,q032,common+common,8,0,208.533
2026-09-12-l9,A,1.0.0,docs-00500,scan,q032,common+common,9,0,177.105
2026-09-12-l9,B,2.0.0-alpha.7,docs-00500,scan,q032,common+common,9,0,205.729
2026-09-12-l9,A,1.0.0,docs-00500,scan,q032,common+common,10,0,174.590
2026-09-12-l9,B,2.0.0-alpha.7,docs-00500,scan,q032,common+common,10,0,206.010
2026-09-12-l9,A,1.0.0,docs-00500,scan,q032,common+common,11,0,173.469
2026-09-12-l9,B,2.0.0-alpha.7,docs-00500,scan,q032,common+common,11,0,211.446
2026-09-12-l9,A,1.0.0,docs-00500,scan,q032,common+common,12,0,173.335
2026-09-12-l9,B,2.0.0-alpha.7,docs-00500,scan,q032,common+common,12,0,207.753
2026-09-12-l9,A,1.0.0,docs-00500,scan,q033,common+common,0,1,173.483
2026-09-12-l9,B,2.0.0-alpha.7,docs-00500,scan,q033,common+common,0,1,208.843
2026-09-12-l9,A,1.0.0,docs-00500,scan,q033,common+common,1,1,183.113
2026-09-12-l9,B,2.0.0-alpha.7,docs-00500,scan,q033,common+common,1,1,205.858
2026-09-12-l9,A,1.0.0,docs-00500,scan,q033,common+common,2,1,175.641
2026-09-12-l9,B,2.0.0-alpha.7,docs-00500,scan,q033,common+common,2,1,217.477
2026-09-12-l9,A,1.0.0,docs-00500,scan,q033,common+common,3,0,184.424
2026-09-12-l9,B,2.0.0-alpha.7,docs-00500,scan,q033,common+common,3,0,216.363
2026-09-12-l9,A,1.0.0,docs-00500,scan,q033,common+common,4,0,182.933
2026-09-12-l9,B,2.0.0-alpha.7,docs-00500,scan,q033,common+common,4,0,217.650
2026-09-12-l9,A,1.0.0,docs-00500,scan,q033,common+common,5,0,180.553
2026-09-12-l9,B,2.0.0-alpha.7,docs-00500,scan,q033,common+common,5,0,206.366
2026-09-12-l9,A,1.0.0,docs-00500,scan,q033,common+common,6,0,176.668
2026-09-12-l9,B,2.0.0-alpha.7,docs-00500,scan,q033,common+common,6,0,207.433
2026-09-12-l9,A,1.0.0,docs-00500,scan,q033,common+common,7,0,176.030
2026-09-12-l9,B,2.0.0-alpha.7,docs-00500,scan,q033,common+common,7,0,206.883
2026-09-12-l9,A,1.0.0,docs-00500,scan,q033,common+common,8,0,174.233
2026-09-12-l9,B,2.0.0-alpha.7,docs-00500,scan,q033,common+common,8,0,207.614
2026-09-12-l9,A,1.0.0,docs-00500,scan,q033,common+common,9,0,176.727
2026-09-12-l9,B,2.0.0-alpha.7,docs-00500,scan,q033,common+common,9,0,206.085
2026-09-12-l9,A,1.0.0,docs-00500,scan,q033,common+common,10,0,176.335
2026-09-12-l9,B,2.0.0-alpha.7,docs-00500,scan,q033,common+common,10,0,207.558
2026-09-12-l9,A,1.0.0,docs-00500,scan,q033,common+common,11,0,175.738
2026-09-12-l9,B,2.0.0-alpha.7,docs-00500,scan,q033,common+common,11,0,210.909
2026-09-12-l9,A,1.0.0,docs-00500,scan,q033,common+common,12,0,175.278
2026-09-12-l9,B,2.0.0-alpha.7,docs-00500,scan,q033,common+common,12,0,207.963
2026-09-12-l9,A,1.0.0,docs-00500,scan,q034,common+common,0,1,181.746
2026-09-12-l9,B,2.0.0-alpha.7,docs-00500,scan,q034,common+common,0,1,209.940
2026-09-12-l9,A,1.0.0,docs-00500,scan,q034,common+common,1,1,183.150
2026-09-12-l9,B,2.0.0-alpha.7,docs-00500,scan,q034,common+common,1,1,210.497
2026-09-12-l9,A,1.0.0,docs-00500,scan,q034,common+common,2,1,180.309
2026-09-12-l9,B,2.0.0-alpha.7,docs-00500,scan,q034,common+common,2,1,212.135
2026-09-12-l9,A,1.0.0,docs-00500,scan,q034,common+common,3,0,177.480
2026-09-12-l9,B,2.0.0-alpha.7,docs-00500,scan,q034,common+common,3,0,213.996
2026-09-12-l9,A,1.0.0,docs-00500,scan,q034,common+common,4,0,178.399
2026-09-12-l9,B,2.0.0-alpha.7,docs-00500,scan,q034,common+common,4,0,212.630
2026-09-12-l9,A,1.0.0,docs-00500,scan,q034,common+common,5,0,178.504
2026-09-12-l9,B,2.0.0-alpha.7,docs-00500,scan,q034,common+common,5,0,209.250
2026-09-12-l9,A,1.0.0,docs-00500,scan,q034,common+common,6,0,179.205
2026-09-12-l9,B,2.0.0-alpha.7,docs-00500,scan,q034,common+common,6,0,211.719
2026-09-12-l9,A,1.0.0,docs-00500,scan,q034,common+common,7,0,181.167
2026-09-12-l9,B,2.0.0-alpha.7,docs-00500,scan,q034,common+common,7,0,210.586
2026-09-12-l9,A,1.0.0,docs-00500,scan,q034,common+common,8,0,179.938
2026-09-12-l9,B,2.0.0-alpha.7,docs-00500,scan,q034,common+common,8,0,212.207
2026-09-12-l9,A,1.0.0,docs-00500,scan,q034,common+common,9,0,181.775
2026-09-12-l9,B,2.0.0-alpha.7,docs-00500,scan,q034,common+common,9,0,209.590
2026-09-12-l9,A,1.0.0,docs-00500,scan,q034,common+common,10,0,178.114
2026-09-12-l9,B,2.0.0-alpha.7,docs-00500,scan,q034,common+common,10,0,210.570
2026-09-12-l9,A,1.0.0,docs-00500,scan,q034,common+common,11,0,179.083
2026-09-12-l9,B,2.0.0-alpha.7,docs-00500,scan,q034,common+common,11,0,214.409
2026-09-12-l9,A,1.0.0,docs-00500,scan,q034,common+common,12,0,179.960
2026-09-12-l9,B,2.0.0-alpha.7,docs-00500,scan,q034,common+common,12,0,210.192
2026-09-12-l9,A,1.0.0,docs-00500,scan,q035,phrase,0,1,174.698
2026-09-12-l9,B,2.0.0-alpha.7,docs-00500,scan,q035,phrase,0,1,209.822
2026-09-12-l9,A,1.0.0,docs-00500,scan,q035,phrase,1,1,180.950
2026-09-12-l9,B,2.0.0-alpha.7,docs-00500,scan,q035,phrase,1,1,211.354
2026-09-12-l9,A,1.0.0,docs-00500,scan,q035,phrase,2,1,177.334
2026-09-12-l9,B,2.0.0-alpha.7,docs-00500,scan,q035,phrase,2,1,209.523
2026-09-12-l9,A,1.0.0,docs-00500,scan,q035,phrase,3,0,177.504
2026-09-12-l9,B,2.0.0-alpha.7,docs-00500,scan,q035,phrase,3,0,216.062
2026-09-12-l9,A,1.0.0,docs-00500,scan,q035,phrase,4,0,177.491
2026-09-12-l9,B,2.0.0-alpha.7,docs-00500,scan,q035,phrase,4,0,210.796
2026-09-12-l9,A,1.0.0,docs-00500,scan,q035,phrase,5,0,176.831
2026-09-12-l9,B,2.0.0-alpha.7,docs-00500,scan,q035,phrase,5,0,210.101
2026-09-12-l9,A,1.0.0,docs-00500,scan,q035,phrase,6,0,181.367
2026-09-12-l9,B,2.0.0-alpha.7,docs-00500,scan,q035,phrase,6,0,210.583
2026-09-12-l9,A,1.0.0,docs-00500,scan,q035,phrase,7,0,175.840
2026-09-12-l9,B,2.0.0-alpha.7,docs-00500,scan,q035,phrase,7,0,210.978
2026-09-12-l9,A,1.0.0,docs-00500,scan,q035,phrase,8,0,176.499
2026-09-12-l9,B,2.0.0-alpha.7,docs-00500,scan,q035,phrase,8,0,213.972
2026-09-12-l9,A,1.0.0,docs-00500,scan,q035,phrase,9,0,175.261
2026-09-12-l9,B,2.0.0-alpha.7,docs-00500,scan,q035,phrase,9,0,210.100
2026-09-12-l9,A,1.0.0,docs-00500,scan,q035,phrase,10,0,176.123
2026-09-12-l9,B,2.0.0-alpha.7,docs-00500,scan,q035,phrase,10,0,208.649
2026-09-12-l9,A,1.0.0,docs-00500,scan,q035,phrase,11,0,178.926
2026-09-12-l9,B,2.0.0-alpha.7,docs-00500,scan,q035,phrase,11,0,213.452
2026-09-12-l9,A,1.0.0,docs-00500,scan,q035,phrase,12,0,177.728
2026-09-12-l9,B,2.0.0-alpha.7,docs-00500,scan,q035,phrase,12,0,208.816
2026-09-12-l9,A,1.0.0,docs-00500,scan,q036,phrase,0,1,175.557
2026-09-12-l9,B,2.0.0-alpha.7,docs-00500,scan,q036,phrase,0,1,209.221
2026-09-12-l9,A,1.0.0,docs-00500,scan,q036,phrase,1,1,177.008
2026-09-12-l9,B,2.0.0-alpha.7,docs-00500,scan,q036,phrase,1,1,209.758
2026-09-12-l9,A,1.0.0,docs-00500,scan,q036,phrase,2,1,174.946
2026-09-12-l9,B,2.0.0-alpha.7,docs-00500,scan,q036,phrase,2,1,221.918
2026-09-12-l9,A,1.0.0,docs-00500,scan,q036,phrase,3,0,189.082
2026-09-12-l9,B,2.0.0-alpha.7,docs-00500,scan,q036,phrase,3,0,228.173
2026-09-12-l9,A,1.0.0,docs-00500,scan,q036,phrase,4,0,187.096
2026-09-12-l9,B,2.0.0-alpha.7,docs-00500,scan,q036,phrase,4,0,211.439
2026-09-12-l9,A,1.0.0,docs-00500,scan,q036,phrase,5,0,176.381
2026-09-12-l9,B,2.0.0-alpha.7,docs-00500,scan,q036,phrase,5,0,210.260
2026-09-12-l9,A,1.0.0,docs-00500,scan,q036,phrase,6,0,183.455
2026-09-12-l9,B,2.0.0-alpha.7,docs-00500,scan,q036,phrase,6,0,209.977
2026-09-12-l9,A,1.0.0,docs-00500,scan,q036,phrase,7,0,178.291
2026-09-12-l9,B,2.0.0-alpha.7,docs-00500,scan,q036,phrase,7,0,209.451
2026-09-12-l9,A,1.0.0,docs-00500,scan,q036,phrase,8,0,177.323
2026-09-12-l9,B,2.0.0-alpha.7,docs-00500,scan,q036,phrase,8,0,212.835
2026-09-12-l9,A,1.0.0,docs-00500,scan,q036,phrase,9,0,178.877
2026-09-12-l9,B,2.0.0-alpha.7,docs-00500,scan,q036,phrase,9,0,208.812
2026-09-12-l9,A,1.0.0,docs-00500,scan,q036,phrase,10,0,176.770
2026-09-12-l9,B,2.0.0-alpha.7,docs-00500,scan,q036,phrase,10,0,211.982
2026-09-12-l9,A,1.0.0,docs-00500,scan,q036,phrase,11,0,180.416
2026-09-12-l9,B,2.0.0-alpha.7,docs-00500,scan,q036,phrase,11,0,210.113
2026-09-12-l9,A,1.0.0,docs-00500,scan,q036,phrase,12,0,175.881
2026-09-12-l9,B,2.0.0-alpha.7,docs-00500,scan,q036,phrase,12,0,209.017
2026-09-12-l9,A,1.0.0,docs-00500,scan,q037,phrase,0,1,177.635
2026-09-12-l9,B,2.0.0-alpha.7,docs-00500,scan,q037,phrase,0,1,210.459
2026-09-12-l9,A,1.0.0,docs-00500,scan,q037,phrase,1,1,178.493
2026-09-12-l9,B,2.0.0-alpha.7,docs-00500,scan,q037,phrase,1,1,208.351
2026-09-12-l9,A,1.0.0,docs-00500,scan,q037,phrase,2,1,178.579
2026-09-12-l9,B,2.0.0-alpha.7,docs-00500,scan,q037,phrase,2,1,207.096
2026-09-12-l9,A,1.0.0,docs-00500,scan,q037,phrase,3,0,182.721
2026-09-12-l9,B,2.0.0-alpha.7,docs-00500,scan,q037,phrase,3,0,210.052
2026-09-12-l9,A,1.0.0,docs-00500,scan,q037,phrase,4,0,180.761
2026-09-12-l9,B,2.0.0-alpha.7,docs-00500,scan,q037,phrase,4,0,208.428
2026-09-12-l9,A,1.0.0,docs-00500,scan,q037,phrase,5,0,177.052
2026-09-12-l9,B,2.0.0-alpha.7,docs-00500,scan,q037,phrase,5,0,213.635
2026-09-12-l9,A,1.0.0,docs-00500,scan,q037,phrase,6,0,181.165
2026-09-12-l9,B,2.0.0-alpha.7,docs-00500,scan,q037,phrase,6,0,212.420
2026-09-12-l9,A,1.0.0,docs-00500,scan,q037,phrase,7,0,181.407
2026-09-12-l9,B,2.0.0-alpha.7,docs-00500,scan,q037,phrase,7,0,206.211
2026-09-12-l9,A,1.0.0,docs-00500,scan,q037,phrase,8,0,179.231
2026-09-12-l9,B,2.0.0-alpha.7,docs-00500,scan,q037,phrase,8,0,212.994
2026-09-12-l9,A,1.0.0,docs-00500,scan,q037,phrase,9,0,178.930
2026-09-12-l9,B,2.0.0-alpha.7,docs-00500,scan,q037,phrase,9,0,208.403
2026-09-12-l9,A,1.0.0,docs-00500,scan,q037,phrase,10,0,180.216
2026-09-12-l9,B,2.0.0-alpha.7,docs-00500,scan,q037,phrase,10,0,213.046
2026-09-12-l9,A,1.0.0,docs-00500,scan,q037,phrase,11,0,180.546
2026-09-12-l9,B,2.0.0-alpha.7,docs-00500,scan,q037,phrase,11,0,209.032
2026-09-12-l9,A,1.0.0,docs-00500,scan,q037,phrase,12,0,178.105
2026-09-12-l9,B,2.0.0-alpha.7,docs-00500,scan,q037,phrase,12,0,205.861
2026-09-12-l9,A,1.0.0,docs-00500,scan,q038,phrase,0,1,176.784
2026-09-12-l9,B,2.0.0-alpha.7,docs-00500,scan,q038,phrase,0,1,208.814
2026-09-12-l9,A,1.0.0,docs-00500,scan,q038,phrase,1,1,174.359
2026-09-12-l9,B,2.0.0-alpha.7,docs-00500,scan,q038,phrase,1,1,208.026
2026-09-12-l9,A,1.0.0,docs-00500,scan,q038,phrase,2,1,172.928
2026-09-12-l9,B,2.0.0-alpha.7,docs-00500,scan,q038,phrase,2,1,203.013
2026-09-12-l9,A,1.0.0,docs-00500,scan,q038,phrase,3,0,174.632
2026-09-12-l9,B,2.0.0-alpha.7,docs-00500,scan,q038,phrase,3,0,203.603
2026-09-12-l9,A,1.0.0,docs-00500,scan,q038,phrase,4,0,173.571
2026-09-12-l9,B,2.0.0-alpha.7,docs-00500,scan,q038,phrase,4,0,202.404
2026-09-12-l9,A,1.0.0,docs-00500,scan,q038,phrase,5,0,171.211
2026-09-12-l9,B,2.0.0-alpha.7,docs-00500,scan,q038,phrase,5,0,203.499
2026-09-12-l9,A,1.0.0,docs-00500,scan,q038,phrase,6,0,173.846
2026-09-12-l9,B,2.0.0-alpha.7,docs-00500,scan,q038,phrase,6,0,209.070
2026-09-12-l9,A,1.0.0,docs-00500,scan,q038,phrase,7,0,171.725
2026-09-12-l9,B,2.0.0-alpha.7,docs-00500,scan,q038,phrase,7,0,202.942
2026-09-12-l9,A,1.0.0,docs-00500,scan,q038,phrase,8,0,174.515
2026-09-12-l9,B,2.0.0-alpha.7,docs-00500,scan,q038,phrase,8,0,208.949
2026-09-12-l9,A,1.0.0,docs-00500,scan,q038,phrase,9,0,171.384
2026-09-12-l9,B,2.0.0-alpha.7,docs-00500,scan,q038,phrase,9,0,203.084
2026-09-12-l9,A,1.0.0,docs-00500,scan,q038,phrase,10,0,171.200
2026-09-12-l9,B,2.0.0-alpha.7,docs-00500,scan,q038,phrase,10,0,202.724
2026-09-12-l9,A,1.0.0,docs-00500,scan,q038,phrase,11,0,174.121
2026-09-12-l9,B,2.0.0-alpha.7,docs-00500,scan,q038,phrase,11,0,203.077
2026-09-12-l9,A,1.0.0,docs-00500,scan,q038,phrase,12,0,173.817
2026-09-12-l9,B,2.0.0-alpha.7,docs-00500,scan,q038,phrase,12,0,201.471
2026-09-12-l9,A,1.0.0,docs-00500,scan,q039,phrase,0,1,180.009
2026-09-12-l9,B,2.0.0-alpha.7,docs-00500,scan,q039,phrase,0,1,209.268
2026-09-12-l9,A,1.0.0,docs-00500,scan,q039,phrase,1,1,171.151
2026-09-12-l9,B,2.0.0-alpha.7,docs-00500,scan,q039,phrase,1,1,206.273
2026-09-12-l9,A,1.0.0,docs-00500,scan,q039,phrase,2,1,169.603
2026-09-12-l9,B,2.0.0-alpha.7,docs-00500,scan,q039,phrase,2,1,202.993
2026-09-12-l9,A,1.0.0,docs-00500,scan,q039,phrase,3,0,173.362
2026-09-12-l9,B,2.0.0-alpha.7,docs-00500,scan,q039,phrase,3,0,206.215
2026-09-12-l9,A,1.0.0,docs-00500,scan,q039,phrase,4,0,170.484
2026-09-12-l9,B,2.0.0-alpha.7,docs-00500,scan,q039,phrase,4,0,206.207
2026-09-12-l9,A,1.0.0,docs-00500,scan,q039,phrase,5,0,169.777
2026-09-12-l9,B,2.0.0-alpha.7,docs-00500,scan,q039,phrase,5,0,207.390
2026-09-12-l9,A,1.0.0,docs-00500,scan,q039,phrase,6,0,180.172
2026-09-12-l9,B,2.0.0-alpha.7,docs-00500,scan,q039,phrase,6,0,220.313
2026-09-12-l9,A,1.0.0,docs-00500,scan,q039,phrase,7,0,174.288
2026-09-12-l9,B,2.0.0-alpha.7,docs-00500,scan,q039,phrase,7,0,205.487
2026-09-12-l9,A,1.0.0,docs-00500,scan,q039,phrase,8,0,170.907
2026-09-12-l9,B,2.0.0-alpha.7,docs-00500,scan,q039,phrase,8,0,210.676
2026-09-12-l9,A,1.0.0,docs-00500,scan,q039,phrase,9,0,170.767
2026-09-12-l9,B,2.0.0-alpha.7,docs-00500,scan,q039,phrase,9,0,207.088
2026-09-12-l9,A,1.0.0,docs-00500,scan,q039,phrase,10,0,172.018
2026-09-12-l9,B,2.0.0-alpha.7,docs-00500,scan,q039,phrase,10,0,205.279
2026-09-12-l9,A,1.0.0,docs-00500,scan,q039,phrase,11,0,173.537
2026-09-12-l9,B,2.0.0-alpha.7,docs-00500,scan,q039,phrase,11,0,206.785
2026-09-12-l9,A,1.0.0,docs-00500,scan,q039,phrase,12,0,172.284
2026-09-12-l9,B,2.0.0-alpha.7,docs-00500,scan,q039,phrase,12,0,207.072
2026-09-12-l9,A,1.0.0,docs-00500,scan,q040,phrase,0,1,175.641
2026-09-12-l9,B,2.0.0-alpha.7,docs-00500,scan,q040,phrase,0,1,211.196
2026-09-12-l9,A,1.0.0,docs-00500,scan,q040,phrase,1,1,177.989
2026-09-12-l9,B,2.0.0-alpha.7,docs-00500,scan,q040,phrase,1,1,206.959
2026-09-12-l9,A,1.0.0,docs-00500,scan,q040,phrase,2,1,172.711
2026-09-12-l9,B,2.0.0-alpha.7,docs-00500,scan,q040,phrase,2,1,207.686
2026-09-12-l9,A,1.0.0,docs-00500,scan,q040,phrase,3,0,174.585
2026-09-12-l9,B,2.0.0-alpha.7,docs-00500,scan,q040,phrase,3,0,209.708
2026-09-12-l9,A,1.0.0,docs-00500,scan,q040,phrase,4,0,172.111
2026-09-12-l9,B,2.0.0-alpha.7,docs-00500,scan,q040,phrase,4,0,207.130
2026-09-12-l9,A,1.0.0,docs-00500,scan,q040,phrase,5,0,170.446
2026-09-12-l9,B,2.0.0-alpha.7,docs-00500,scan,q040,phrase,5,0,205.502
2026-09-12-l9,A,1.0.0,docs-00500,scan,q040,phrase,6,0,176.733
2026-09-12-l9,B,2.0.0-alpha.7,docs-00500,scan,q040,phrase,6,0,207.320
2026-09-12-l9,A,1.0.0,docs-00500,scan,q040,phrase,7,0,173.318
2026-09-12-l9,B,2.0.0-alpha.7,docs-00500,scan,q040,phrase,7,0,207.449
2026-09-12-l9,A,1.0.0,docs-00500,scan,q040,phrase,8,0,174.318
2026-09-12-l9,B,2.0.0-alpha.7,docs-00500,scan,q040,phrase,8,0,209.321
2026-09-12-l9,A,1.0.0,docs-00500,scan,q040,phrase,9,0,172.991
2026-09-12-l9,B,2.0.0-alpha.7,docs-00500,scan,q040,phrase,9,0,208.501
2026-09-12-l9,A,1.0.0,docs-00500,scan,q040,phrase,10,0,172.856
2026-09-12-l9,B,2.0.0-alpha.7,docs-00500,scan,q040,phrase,10,0,205.341
2026-09-12-l9,A,1.0.0,docs-00500,scan,q040,phrase,11,0,174.768
2026-09-12-l9,B,2.0.0-alpha.7,docs-00500,scan,q040,phrase,11,0,208.736
2026-09-12-l9,A,1.0.0,docs-00500,scan,q040,phrase,12,0,176.224
2026-09-12-l9,B,2.0.0-alpha.7,docs-00500,scan,q040,phrase,12,0,207.350
2026-09-12-l9,A,1.0.0,docs-00500,scan,q041,phrase,0,1,172.931
2026-09-12-l9,B,2.0.0-alpha.7,docs-00500,scan,q041,phrase,0,1,208.325
2026-09-12-l9,A,1.0.0,docs-00500,scan,q041,phrase,1,1,176.660
2026-09-12-l9,B,2.0.0-alpha.7,docs-00500,scan,q041,phrase,1,1,207.393
2026-09-12-l9,A,1.0.0,docs-00500,scan,q041,phrase,2,1,173.646
2026-09-12-l9,B,2.0.0-alpha.7,docs-00500,scan,q041,phrase,2,1,206.738
2026-09-12-l9,A,1.0.0,docs-00500,scan,q041,phrase,3,0,173.844
2026-09-12-l9,B,2.0.0-alpha.7,docs-00500,scan,q041,phrase,3,0,208.867
2026-09-12-l9,A,1.0.0,docs-00500,scan,q041,phrase,4,0,175.457
2026-09-12-l9,B,2.0.0-alpha.7,docs-00500,scan,q041,phrase,4,0,208.486
2026-09-12-l9,A,1.0.0,docs-00500,scan,q041,phrase,5,0,172.559
2026-09-12-l9,B,2.0.0-alpha.7,docs-00500,scan,q041,phrase,5,0,207.580
2026-09-12-l9,A,1.0.0,docs-00500,scan,q041,phrase,6,0,175.757
2026-09-12-l9,B,2.0.0-alpha.7,docs-00500,scan,q041,phrase,6,0,208.206
2026-09-12-l9,A,1.0.0,docs-00500,scan,q041,phrase,7,0,173.417
2026-09-12-l9,B,2.0.0-alpha.7,docs-00500,scan,q041,phrase,7,0,207.012
2026-09-12-l9,A,1.0.0,docs-00500,scan,q041,phrase,8,0,174.808
2026-09-12-l9,B,2.0.0-alpha.7,docs-00500,scan,q041,phrase,8,0,211.575
2026-09-12-l9,A,1.0.0,docs-00500,scan,q041,phrase,9,0,176.511
2026-09-12-l9,B,2.0.0-alpha.7,docs-00500,scan,q041,phrase,9,0,210.040
2026-09-12-l9,A,1.0.0,docs-00500,scan,q041,phrase,10,0,175.089
2026-09-12-l9,B,2.0.0-alpha.7,docs-00500,scan,q041,phrase,10,0,205.259
2026-09-12-l9,A,1.0.0,docs-00500,scan,q041,phrase,11,0,174.592
2026-09-12-l9,B,2.0.0-alpha.7,docs-00500,scan,q041,phrase,11,0,210.455
2026-09-12-l9,A,1.0.0,docs-00500,scan,q041,phrase,12,0,174.520
2026-09-12-l9,B,2.0.0-alpha.7,docs-00500,scan,q041,phrase,12,0,208.293
2026-09-12-l9,A,1.0.0,docs-00500,scan,q042,phrase,0,1,173.675
2026-09-12-l9,B,2.0.0-alpha.7,docs-00500,scan,q042,phrase,0,1,203.488
2026-09-12-l9,A,1.0.0,docs-00500,scan,q042,phrase,1,1,176.890
2026-09-12-l9,B,2.0.0-alpha.7,docs-00500,scan,q042,phrase,1,1,204.406
2026-09-12-l9,A,1.0.0,docs-00500,scan,q042,phrase,2,1,175.840
2026-09-12-l9,B,2.0.0-alpha.7,docs-00500,scan,q042,phrase,2,1,206.917
2026-09-12-l9,A,1.0.0,docs-00500,scan,q042,phrase,3,0,174.770
2026-09-12-l9,B,2.0.0-alpha.7,docs-00500,scan,q042,phrase,3,0,206.046
2026-09-12-l9,A,1.0.0,docs-00500,scan,q042,phrase,4,0,175.260
2026-09-12-l9,B,2.0.0-alpha.7,docs-00500,scan,q042,phrase,4,0,204.070
2026-09-12-l9,A,1.0.0,docs-00500,scan,q042,phrase,5,0,174.396
2026-09-12-l9,B,2.0.0-alpha.7,docs-00500,scan,q042,phrase,5,0,202.151
2026-09-12-l9,A,1.0.0,docs-00500,scan,q042,phrase,6,0,175.138
2026-09-12-l9,B,2.0.0-alpha.7,docs-00500,scan,q042,phrase,6,0,204.773
2026-09-12-l9,A,1.0.0,docs-00500,scan,q042,phrase,7,0,174.395
2026-09-12-l9,B,2.0.0-alpha.7,docs-00500,scan,q042,phrase,7,0,203.325
2026-09-12-l9,A,1.0.0,docs-00500,scan,q042,phrase,8,0,175.264
2026-09-12-l9,B,2.0.0-alpha.7,docs-00500,scan,q042,phrase,8,0,203.252
2026-09-12-l9,A,1.0.0,docs-00500,scan,q042,phrase,9,0,177.573
2026-09-12-l9,B,2.0.0-alpha.7,docs-00500,scan,q042,phrase,9,0,202.542
2026-09-12-l9,A,1.0.0,docs-00500,scan,q042,phrase,10,0,173.625
2026-09-12-l9,B,2.0.0-alpha.7,docs-00500,scan,q042,phrase,10,0,202.021
2026-09-12-l9,A,1.0.0,docs-00500,scan,q042,phrase,11,0,173.287
2026-09-12-l9,B,2.0.0-alpha.7,docs-00500,scan,q042,phrase,11,0,205.435
2026-09-12-l9,A,1.0.0,docs-00500,scan,q042,phrase,12,0,172.910
2026-09-12-l9,B,2.0.0-alpha.7,docs-00500,scan,q042,phrase,12,0,204.569
2026-09-12-l9,A,1.0.0,docs-00500,scan,q043,natural,0,1,177.200
2026-09-12-l9,B,2.0.0-alpha.7,docs-00500,scan,q043,natural,0,1,208.999
2026-09-12-l9,A,1.0.0,docs-00500,scan,q043,natural,1,1,180.051
2026-09-12-l9,B,2.0.0-alpha.7,docs-00500,scan,q043,natural,1,1,210.753
2026-09-12-l9,A,1.0.0,docs-00500,scan,q043,natural,2,1,178.503
2026-09-12-l9,B,2.0.0-alpha.7,docs-00500,scan,q043,natural,2,1,212.880
2026-09-12-l9,A,1.0.0,docs-00500,scan,q043,natural,3,0,181.293
2026-09-12-l9,B,2.0.0-alpha.7,docs-00500,scan,q043,natural,3,0,212.630
2026-09-12-l9,A,1.0.0,docs-00500,scan,q043,natural,4,0,179.033
2026-09-12-l9,B,2.0.0-alpha.7,docs-00500,scan,q043,natural,4,0,209.698
2026-09-12-l9,A,1.0.0,docs-00500,scan,q043,natural,5,0,177.023
2026-09-12-l9,B,2.0.0-alpha.7,docs-00500,scan,q043,natural,5,0,208.704
2026-09-12-l9,A,1.0.0,docs-00500,scan,q043,natural,6,0,177.427
2026-09-12-l9,B,2.0.0-alpha.7,docs-00500,scan,q043,natural,6,0,213.294
2026-09-12-l9,A,1.0.0,docs-00500,scan,q043,natural,7,0,178.662
2026-09-12-l9,B,2.0.0-alpha.7,docs-00500,scan,q043,natural,7,0,210.299
2026-09-12-l9,A,1.0.0,docs-00500,scan,q043,natural,8,0,178.136
2026-09-12-l9,B,2.0.0-alpha.7,docs-00500,scan,q043,natural,8,0,211.697
2026-09-12-l9,A,1.0.0,docs-00500,scan,q043,natural,9,0,181.252
2026-09-12-l9,B,2.0.0-alpha.7,docs-00500,scan,q043,natural,9,0,213.361
2026-09-12-l9,A,1.0.0,docs-00500,scan,q043,natural,10,0,181.523
2026-09-12-l9,B,2.0.0-alpha.7,docs-00500,scan,q043,natural,10,0,210.238
2026-09-12-l9,A,1.0.0,docs-00500,scan,q043,natural,11,0,181.203
2026-09-12-l9,B,2.0.0-alpha.7,docs-00500,scan,q043,natural,11,0,212.348
2026-09-12-l9,A,1.0.0,docs-00500,scan,q043,natural,12,0,178.464
2026-09-12-l9,B,2.0.0-alpha.7,docs-00500,scan,q043,natural,12,0,213.662
2026-09-12-l9,A,1.0.0,docs-00500,scan,q044,natural,0,1,190.935
2026-09-12-l9,B,2.0.0-alpha.7,docs-00500,scan,q044,natural,0,1,222.585
2026-09-12-l9,A,1.0.0,docs-00500,scan,q044,natural,1,1,191.448
2026-09-12-l9,B,2.0.0-alpha.7,docs-00500,scan,q044,natural,1,1,227.764
2026-09-12-l9,A,1.0.0,docs-00500,scan,q044,natural,2,1,191.723
2026-09-12-l9,B,2.0.0-alpha.7,docs-00500,scan,q044,natural,2,1,214.320
2026-09-12-l9,A,1.0.0,docs-00500,scan,q044,natural,3,0,180.501
2026-09-12-l9,B,2.0.0-alpha.7,docs-00500,scan,q044,natural,3,0,215.460
2026-09-12-l9,A,1.0.0,docs-00500,scan,q044,natural,4,0,179.032
2026-09-12-l9,B,2.0.0-alpha.7,docs-00500,scan,q044,natural,4,0,210.174
2026-09-12-l9,A,1.0.0,docs-00500,scan,q044,natural,5,0,178.076
2026-09-12-l9,B,2.0.0-alpha.7,docs-00500,scan,q044,natural,5,0,210.886
2026-09-12-l9,A,1.0.0,docs-00500,scan,q044,natural,6,0,179.271
2026-09-12-l9,B,2.0.0-alpha.7,docs-00500,scan,q044,natural,6,0,209.462
2026-09-12-l9,A,1.0.0,docs-00500,scan,q044,natural,7,0,177.671
2026-09-12-l9,B,2.0.0-alpha.7,docs-00500,scan,q044,natural,7,0,210.107
2026-09-12-l9,A,1.0.0,docs-00500,scan,q044,natural,8,0,175.983
2026-09-12-l9,B,2.0.0-alpha.7,docs-00500,scan,q044,natural,8,0,208.322
2026-09-12-l9,A,1.0.0,docs-00500,scan,q044,natural,9,0,174.076
2026-09-12-l9,B,2.0.0-alpha.7,docs-00500,scan,q044,natural,9,0,212.805
2026-09-12-l9,A,1.0.0,docs-00500,scan,q044,natural,10,0,174.847
2026-09-12-l9,B,2.0.0-alpha.7,docs-00500,scan,q044,natural,10,0,205.800
2026-09-12-l9,A,1.0.0,docs-00500,scan,q044,natural,11,0,178.043
2026-09-12-l9,B,2.0.0-alpha.7,docs-00500,scan,q044,natural,11,0,206.379
2026-09-12-l9,A,1.0.0,docs-00500,scan,q044,natural,12,0,177.170
2026-09-12-l9,B,2.0.0-alpha.7,docs-00500,scan,q044,natural,12,0,207.642
2026-09-12-l9,A,1.0.0,docs-00500,scan,q045,natural,0,1,186.909
2026-09-12-l9,B,2.0.0-alpha.7,docs-00500,scan,q045,natural,0,1,214.071
2026-09-12-l9,A,1.0.0,docs-00500,scan,q045,natural,1,1,178.959
2026-09-12-l9,B,2.0.0-alpha.7,docs-00500,scan,q045,natural,1,1,211.189
2026-09-12-l9,A,1.0.0,docs-00500,scan,q045,natural,2,1,180.854
2026-09-12-l9,B,2.0.0-alpha.7,docs-00500,scan,q045,natural,2,1,208.620
2026-09-12-l9,A,1.0.0,docs-00500,scan,q045,natural,3,0,178.640
2026-09-12-l9,B,2.0.0-alpha.7,docs-00500,scan,q045,natural,3,0,210.455
2026-09-12-l9,A,1.0.0,docs-00500,scan,q045,natural,4,0,177.769
2026-09-12-l9,B,2.0.0-alpha.7,docs-00500,scan,q045,natural,4,0,208.639
2026-09-12-l9,A,1.0.0,docs-00500,scan,q045,natural,5,0,178.581
2026-09-12-l9,B,2.0.0-alpha.7,docs-00500,scan,q045,natural,5,0,210.468
2026-09-12-l9,A,1.0.0,docs-00500,scan,q045,natural,6,0,179.822
2026-09-12-l9,B,2.0.0-alpha.7,docs-00500,scan,q045,natural,6,0,209.309
2026-09-12-l9,A,1.0.0,docs-00500,scan,q045,natural,7,0,177.301
2026-09-12-l9,B,2.0.0-alpha.7,docs-00500,scan,q045,natural,7,0,209.363
2026-09-12-l9,A,1.0.0,docs-00500,scan,q045,natural,8,0,180.010
2026-09-12-l9,B,2.0.0-alpha.7,docs-00500,scan,q045,natural,8,0,211.276
2026-09-12-l9,A,1.0.0,docs-00500,scan,q045,natural,9,0,177.960
2026-09-12-l9,B,2.0.0-alpha.7,docs-00500,scan,q045,natural,9,0,210.510
2026-09-12-l9,A,1.0.0,docs-00500,scan,q045,natural,10,0,178.054
2026-09-12-l9,B,2.0.0-alpha.7,docs-00500,scan,q045,natural,10,0,209.959
2026-09-12-l9,A,1.0.0,docs-00500,scan,q045,natural,11,0,180.706
2026-09-12-l9,B,2.0.0-alpha.7,docs-00500,scan,q045,natural,11,0,210.926
2026-09-12-l9,A,1.0.0,docs-00500,scan,q045,natural,12,0,182.945
2026-09-12-l9,B,2.0.0-alpha.7,docs-00500,scan,q045,natural,12,0,208.315
2026-09-12-l9,A,1.0.0,docs-00500,scan,q046,natural,0,1,179.502
2026-09-12-l9,B,2.0.0-alpha.7,docs-00500,scan,q046,natural,0,1,211.754
2026-09-12-l9,A,1.0.0,docs-00500,scan,q046,natural,1,1,176.647
2026-09-12-l9,B,2.0.0-alpha.7,docs-00500,scan,q046,natural,1,1,207.630
2026-09-12-l9,A,1.0.0,docs-00500,scan,q046,natural,2,1,182.205
2026-09-12-l9,B,2.0.0-alpha.7,docs-00500,scan,q046,natural,2,1,208.550
2026-09-12-l9,A,1.0.0,docs-00500,scan,q046,natural,3,0,178.017
2026-09-12-l9,B,2.0.0-alpha.7,docs-00500,scan,q046,natural,3,0,207.990
2026-09-12-l9,A,1.0.0,docs-00500,scan,q046,natural,4,0,179.216
2026-09-12-l9,B,2.0.0-alpha.7,docs-00500,scan,q046,natural,4,0,208.158
2026-09-12-l9,A,1.0.0,docs-00500,scan,q046,natural,5,0,179.320
2026-09-12-l9,B,2.0.0-alpha.7,docs-00500,scan,q046,natural,5,0,214.365
2026-09-12-l9,A,1.0.0,docs-00500,scan,q046,natural,6,0,181.096
2026-09-12-l9,B,2.0.0-alpha.7,docs-00500,scan,q046,natural,6,0,211.365
2026-09-12-l9,A,1.0.0,docs-00500,scan,q046,natural,7,0,178.493
2026-09-12-l9,B,2.0.0-alpha.7,docs-00500,scan,q046,natural,7,0,209.465
2026-09-12-l9,A,1.0.0,docs-00500,scan,q046,natural,8,0,180.195
2026-09-12-l9,B,2.0.0-alpha.7,docs-00500,scan,q046,natural,8,0,211.692
2026-09-12-l9,A,1.0.0,docs-00500,scan,q046,natural,9,0,177.763
2026-09-12-l9,B,2.0.0-alpha.7,docs-00500,scan,q046,natural,9,0,210.082
2026-09-12-l9,A,1.0.0,docs-00500,scan,q046,natural,10,0,177.026
2026-09-12-l9,B,2.0.0-alpha.7,docs-00500,scan,q046,natural,10,0,210.743
2026-09-12-l9,A,1.0.0,docs-00500,scan,q046,natural,11,0,180.870
2026-09-12-l9,B,2.0.0-alpha.7,docs-00500,scan,q046,natural,11,0,208.949
2026-09-12-l9,A,1.0.0,docs-00500,scan,q046,natural,12,0,177.026
2026-09-12-l9,B,2.0.0-alpha.7,docs-00500,scan,q046,natural,12,0,208.182
2026-09-12-l9,A,1.0.0,docs-00500,scan,q047,natural,0,1,175.739
2026-09-12-l9,B,2.0.0-alpha.7,docs-00500,scan,q047,natural,0,1,212.573
2026-09-12-l9,A,1.0.0,docs-00500,scan,q047,natural,1,1,175.603
2026-09-12-l9,B,2.0.0-alpha.7,docs-00500,scan,q047,natural,1,1,213.315
2026-09-12-l9,A,1.0.0,docs-00500,scan,q047,natural,2,1,176.312
2026-09-12-l9,B,2.0.0-alpha.7,docs-00500,scan,q047,natural,2,1,209.620
2026-09-12-l9,A,1.0.0,docs-00500,scan,q047,natural,3,0,177.592
2026-09-12-l9,B,2.0.0-alpha.7,docs-00500,scan,q047,natural,3,0,209.850
2026-09-12-l9,A,1.0.0,docs-00500,scan,q047,natural,4,0,176.102
2026-09-12-l9,B,2.0.0-alpha.7,docs-00500,scan,q047,natural,4,0,208.520
2026-09-12-l9,A,1.0.0,docs-00500,scan,q047,natural,5,0,175.794
2026-09-12-l9,B,2.0.0-alpha.7,docs-00500,scan,q047,natural,5,0,210.743
2026-09-12-l9,A,1.0.0,docs-00500,scan,q047,natural,6,0,175.434
2026-09-12-l9,B,2.0.0-alpha.7,docs-00500,scan,q047,natural,6,0,211.842
2026-09-12-l9,A,1.0.0,docs-00500,scan,q047,natural,7,0,175.455
2026-09-12-l9,B,2.0.0-alpha.7,docs-00500,scan,q047,natural,7,0,208.951
2026-09-12-l9,A,1.0.0,docs-00500,scan,q047,natural,8,0,177.503
2026-09-12-l9,B,2.0.0-alpha.7,docs-00500,scan,q047,natural,8,0,219.753
2026-09-12-l9,A,1.0.0,docs-00500,scan,q047,natural,9,0,187.345
2026-09-12-l9,B,2.0.0-alpha.7,docs-00500,scan,q047,natural,9,0,209.036
2026-09-12-l9,A,1.0.0,docs-00500,scan,q047,natural,10,0,175.349
2026-09-12-l9,B,2.0.0-alpha.7,docs-00500,scan,q047,natural,10,0,220.752
2026-09-12-l9,A,1.0.0,docs-00500,scan,q047,natural,11,0,176.369
2026-09-12-l9,B,2.0.0-alpha.7,docs-00500,scan,q047,natural,11,0,210.878
2026-09-12-l9,A,1.0.0,docs-00500,scan,q047,natural,12,0,177.364
2026-09-12-l9,B,2.0.0-alpha.7,docs-00500,scan,q047,natural,12,0,209.769
2026-09-12-l9,A,1.0.0,docs-00500,scan,q048,natural,0,1,179.873
2026-09-12-l9,B,2.0.0-alpha.7,docs-00500,scan,q048,natural,0,1,211.717
2026-09-12-l9,A,1.0.0,docs-00500,scan,q048,natural,1,1,179.014
2026-09-12-l9,B,2.0.0-alpha.7,docs-00500,scan,q048,natural,1,1,212.221
2026-09-12-l9,A,1.0.0,docs-00500,scan,q048,natural,2,1,178.581
2026-09-12-l9,B,2.0.0-alpha.7,docs-00500,scan,q048,natural,2,1,211.104
2026-09-12-l9,A,1.0.0,docs-00500,scan,q048,natural,3,0,179.983
2026-09-12-l9,B,2.0.0-alpha.7,docs-00500,scan,q048,natural,3,0,210.527
2026-09-12-l9,A,1.0.0,docs-00500,scan,q048,natural,4,0,178.514
2026-09-12-l9,B,2.0.0-alpha.7,docs-00500,scan,q048,natural,4,0,209.295
2026-09-12-l9,A,1.0.0,docs-00500,scan,q048,natural,5,0,181.617
2026-09-12-l9,B,2.0.0-alpha.7,docs-00500,scan,q048,natural,5,0,208.569
2026-09-12-l9,A,1.0.0,docs-00500,scan,q048,natural,6,0,178.134
2026-09-12-l9,B,2.0.0-alpha.7,docs-00500,scan,q048,natural,6,0,209.879
2026-09-12-l9,A,1.0.0,docs-00500,scan,q048,natural,7,0,179.770
2026-09-12-l9,B,2.0.0-alpha.7,docs-00500,scan,q048,natural,7,0,210.543
2026-09-12-l9,A,1.0.0,docs-00500,scan,q048,natural,8,0,181.920
2026-09-12-l9,B,2.0.0-alpha.7,docs-00500,scan,q048,natural,8,0,209.786
2026-09-12-l9,A,1.0.0,docs-00500,scan,q048,natural,9,0,180.655
2026-09-12-l9,B,2.0.0-alpha.7,docs-00500,scan,q048,natural,9,0,208.256
2026-09-12-l9,A,1.0.0,docs-00500,scan,q048,natural,10,0,179.957
2026-09-12-l9,B,2.0.0-alpha.7,docs-00500,scan,q048,natural,10,0,211.001
2026-09-12-l9,A,1.0.0,docs-00500,scan,q048,natural,11,0,180.127
2026-09-12-l9,B,2.0.0-alpha.7,docs-00500,scan,q048,natural,11,0,213.401
2026-09-12-l9,A,1.0.0,docs-00500,scan,q048,natural,12,0,178.031
2026-09-12-l9,B,2.0.0-alpha.7,docs-00500,scan,q048,natural,12,0,207.042
2026-09-12-l9,A,1.0.0,docs-00500,scan,q049,natural,0,1,179.815
2026-09-12-l9,B,2.0.0-alpha.7,docs-00500,scan,q049,natural,0,1,209.624
2026-09-12-l9,A,1.0.0,docs-00500,scan,q049,natural,1,1,177.333
2026-09-12-l9,B,2.0.0-alpha.7,docs-00500,scan,q049,natural,1,1,208.127
2026-09-12-l9,A,1.0.0,docs-00500,scan,q049,natural,2,1,181.227
2026-09-12-l9,B,2.0.0-alpha.7,docs-00500,scan,q049,natural,2,1,214.957
2026-09-12-l9,A,1.0.0,docs-00500,scan,q049,natural,3,0,177.501
2026-09-12-l9,B,2.0.0-alpha.7,docs-00500,scan,q049,natural,3,0,210.638
2026-09-12-l9,A,1.0.0,docs-00500,scan,q049,natural,4,0,176.564
2026-09-12-l9,B,2.0.0-alpha.7,docs-00500,scan,q049,natural,4,0,209.597
2026-09-12-l9,A,1.0.0,docs-00500,scan,q049,natural,5,0,177.802
2026-09-12-l9,B,2.0.0-alpha.7,docs-00500,scan,q049,natural,5,0,209.625
2026-09-12-l9,A,1.0.0,docs-00500,scan,q049,natural,6,0,178.143
2026-09-12-l9,B,2.0.0-alpha.7,docs-00500,scan,q049,natural,6,0,212.058
2026-09-12-l9,A,1.0.0,docs-00500,scan,q049,natural,7,0,176.255
2026-09-12-l9,B,2.0.0-alpha.7,docs-00500,scan,q049,natural,7,0,209.345
2026-09-12-l9,A,1.0.0,docs-00500,scan,q049,natural,8,0,180.130
2026-09-12-l9,B,2.0.0-alpha.7,docs-00500,scan,q049,natural,8,0,210.850
2026-09-12-l9,A,1.0.0,docs-00500,scan,q049,natural,9,0,178.747
2026-09-12-l9,B,2.0.0-alpha.7,docs-00500,scan,q049,natural,9,0,209.529
2026-09-12-l9,A,1.0.0,docs-00500,scan,q049,natural,10,0,178.859
2026-09-12-l9,B,2.0.0-alpha.7,docs-00500,scan,q049,natural,10,0,215.705
2026-09-12-l9,A,1.0.0,docs-00500,scan,q049,natural,11,0,178.925
2026-09-12-l9,B,2.0.0-alpha.7,docs-00500,scan,q049,natural,11,0,211.573
2026-09-12-l9,A,1.0.0,docs-00500,scan,q049,natural,12,0,175.766
2026-09-12-l9,B,2.0.0-alpha.7,docs-00500,scan,q049,natural,12,0,210.264
2026-09-12-l9,A,1.0.0,docs-00500,scan,q050,natural,0,1,178.262
2026-09-12-l9,B,2.0.0-alpha.7,docs-00500,scan,q050,natural,0,1,207.352
2026-09-12-l9,A,1.0.0,docs-00500,scan,q050,natural,1,1,175.181
2026-09-12-l9,B,2.0.0-alpha.7,docs-00500,scan,q050,natural,1,1,207.115
2026-09-12-l9,A,1.0.0,docs-00500,scan,q050,natural,2,1,175.275
2026-09-12-l9,B,2.0.0-alpha.7,docs-00500,scan,q050,natural,2,1,209.539
2026-09-12-l9,A,1.0.0,docs-00500,scan,q050,natural,3,0,174.457
2026-09-12-l9,B,2.0.0-alpha.7,docs-00500,scan,q050,natural,3,0,207.146
2026-09-12-l9,A,1.0.0,docs-00500,scan,q050,natural,4,0,173.411
2026-09-12-l9,B,2.0.0-alpha.7,docs-00500,scan,q050,natural,4,0,205.948
2026-09-12-l9,A,1.0.0,docs-00500,scan,q050,natural,5,0,175.064
2026-09-12-l9,B,2.0.0-alpha.7,docs-00500,scan,q050,natural,5,0,207.032
2026-09-12-l9,A,1.0.0,docs-00500,scan,q050,natural,6,0,174.762
2026-09-12-l9,B,2.0.0-alpha.7,docs-00500,scan,q050,natural,6,0,205.577
2026-09-12-l9,A,1.0.0,docs-00500,scan,q050,natural,7,0,174.240
2026-09-12-l9,B,2.0.0-alpha.7,docs-00500,scan,q050,natural,7,0,208.242
2026-09-12-l9,A,1.0.0,docs-00500,scan,q050,natural,8,0,175.051
2026-09-12-l9,B,2.0.0-alpha.7,docs-00500,scan,q050,natural,8,0,208.594
2026-09-12-l9,A,1.0.0,docs-00500,scan,q050,natural,9,0,174.324
2026-09-12-l9,B,2.0.0-alpha.7,docs-00500,scan,q050,natural,9,0,204.532
2026-09-12-l9,A,1.0.0,docs-00500,scan,q050,natural,10,0,175.814
2026-09-12-l9,B,2.0.0-alpha.7,docs-00500,scan,q050,natural,10,0,206.764
2026-09-12-l9,A,1.0.0,docs-00500,scan,q050,natural,11,0,174.390
2026-09-12-l9,B,2.0.0-alpha.7,docs-00500,scan,q050,natural,11,0,201.945
2026-09-12-l9,A,1.0.0,docs-00500,scan,q050,natural,12,0,181.834
2026-09-12-l9,B,2.0.0-alpha.7,docs-00500,scan,q050,natural,12,0,202.141
2026-09-12-l9,A,1.0.0,docs-00500,scan,q051,domain,0,1,80.950
2026-09-12-l9,B,2.0.0-alpha.7,docs-00500,scan,q051,domain,0,1,120.071
2026-09-12-l9,A,1.0.0,docs-00500,scan,q051,domain,1,1,80.371
2026-09-12-l9,B,2.0.0-alpha.7,docs-00500,scan,q051,domain,1,1,118.356
2026-09-12-l9,A,1.0.0,docs-00500,scan,q051,domain,2,1,80.325
2026-09-12-l9,B,2.0.0-alpha.7,docs-00500,scan,q051,domain,2,1,116.626
2026-09-12-l9,A,1.0.0,docs-00500,scan,q051,domain,3,0,79.529
2026-09-12-l9,B,2.0.0-alpha.7,docs-00500,scan,q051,domain,3,0,117.848
2026-09-12-l9,A,1.0.0,docs-00500,scan,q051,domain,4,0,80.075
2026-09-12-l9,B,2.0.0-alpha.7,docs-00500,scan,q051,domain,4,0,116.520
2026-09-12-l9,A,1.0.0,docs-00500,scan,q051,domain,5,0,80.056
2026-09-12-l9,B,2.0.0-alpha.7,docs-00500,scan,q051,domain,5,0,117.854
2026-09-12-l9,A,1.0.0,docs-00500,scan,q051,domain,6,0,80.482
2026-09-12-l9,B,2.0.0-alpha.7,docs-00500,scan,q051,domain,6,0,116.704
2026-09-12-l9,A,1.0.0,docs-00500,scan,q051,domain,7,0,81.250
2026-09-12-l9,B,2.0.0-alpha.7,docs-00500,scan,q051,domain,7,0,115.653
2026-09-12-l9,A,1.0.0,docs-00500,scan,q051,domain,8,0,78.417
2026-09-12-l9,B,2.0.0-alpha.7,docs-00500,scan,q051,domain,8,0,115.815
2026-09-12-l9,A,1.0.0,docs-00500,scan,q051,domain,9,0,80.263
2026-09-12-l9,B,2.0.0-alpha.7,docs-00500,scan,q051,domain,9,0,115.242
2026-09-12-l9,A,1.0.0,docs-00500,scan,q051,domain,10,0,78.503
2026-09-12-l9,B,2.0.0-alpha.7,docs-00500,scan,q051,domain,10,0,115.722
2026-09-12-l9,A,1.0.0,docs-00500,scan,q051,domain,11,0,79.391
2026-09-12-l9,B,2.0.0-alpha.7,docs-00500,scan,q051,domain,11,0,116.909
2026-09-12-l9,A,1.0.0,docs-00500,scan,q051,domain,12,0,78.438
2026-09-12-l9,B,2.0.0-alpha.7,docs-00500,scan,q051,domain,12,0,115.063
2026-09-12-l9,A,1.0.0,docs-00500,scan,q052,domain,0,1,78.176
2026-09-12-l9,B,2.0.0-alpha.7,docs-00500,scan,q052,domain,0,1,113.663
2026-09-12-l9,A,1.0.0,docs-00500,scan,q052,domain,1,1,76.459
2026-09-12-l9,B,2.0.0-alpha.7,docs-00500,scan,q052,domain,1,1,114.553
2026-09-12-l9,A,1.0.0,docs-00500,scan,q052,domain,2,1,85.887
2026-09-12-l9,B,2.0.0-alpha.7,docs-00500,scan,q052,domain,2,1,127.845
2026-09-12-l9,A,1.0.0,docs-00500,scan,q052,domain,3,0,84.285
2026-09-12-l9,B,2.0.0-alpha.7,docs-00500,scan,q052,domain,3,0,131.833
2026-09-12-l9,A,1.0.0,docs-00500,scan,q052,domain,4,0,92.688
2026-09-12-l9,B,2.0.0-alpha.7,docs-00500,scan,q052,domain,4,0,137.126
2026-09-12-l9,A,1.0.0,docs-00500,scan,q052,domain,5,0,93.207
2026-09-12-l9,B,2.0.0-alpha.7,docs-00500,scan,q052,domain,5,0,139.114
2026-09-12-l9,A,1.0.0,docs-00500,scan,q052,domain,6,0,109.312
2026-09-12-l9,B,2.0.0-alpha.7,docs-00500,scan,q052,domain,6,0,164.980
2026-09-12-l9,A,1.0.0,docs-00500,scan,q052,domain,7,0,112.872
2026-09-12-l9,B,2.0.0-alpha.7,docs-00500,scan,q052,domain,7,0,142.804
2026-09-12-l9,A,1.0.0,docs-00500,scan,q052,domain,8,0,96.552
2026-09-12-l9,B,2.0.0-alpha.7,docs-00500,scan,q052,domain,8,0,138.650
2026-09-12-l9,A,1.0.0,docs-00500,scan,q052,domain,9,0,97.122
2026-09-12-l9,B,2.0.0-alpha.7,docs-00500,scan,q052,domain,9,0,143.167
2026-09-12-l9,A,1.0.0,docs-00500,scan,q052,domain,10,0,97.636
2026-09-12-l9,B,2.0.0-alpha.7,docs-00500,scan,q052,domain,10,0,140.508
2026-09-12-l9,A,1.0.0,docs-00500,scan,q052,domain,11,0,95.796
2026-09-12-l9,B,2.0.0-alpha.7,docs-00500,scan,q052,domain,11,0,137.594
2026-09-12-l9,A,1.0.0,docs-00500,scan,q052,domain,12,0,94.125
2026-09-12-l9,B,2.0.0-alpha.7,docs-00500,scan,q052,domain,12,0,138.970
2026-09-12-l9,A,1.0.0,docs-00500,scan,q053,domain,0,1,94.483
2026-09-12-l9,B,2.0.0-alpha.7,docs-00500,scan,q053,domain,0,1,124.642
2026-09-12-l9,A,1.0.0,docs-00500,scan,q053,domain,1,1,85.907
2026-09-12-l9,B,2.0.0-alpha.7,docs-00500,scan,q053,domain,1,1,126.146
2026-09-12-l9,A,1.0.0,docs-00500,scan,q053,domain,2,1,85.588
2026-09-12-l9,B,2.0.0-alpha.7,docs-00500,scan,q053,domain,2,1,126.259
2026-09-12-l9,A,1.0.0,docs-00500,scan,q053,domain,3,0,86.335
2026-09-12-l9,B,2.0.0-alpha.7,docs-00500,scan,q053,domain,3,0,116.932
2026-09-12-l9,A,1.0.0,docs-00500,scan,q053,domain,4,0,80.166
2026-09-12-l9,B,2.0.0-alpha.7,docs-00500,scan,q053,domain,4,0,117.972
2026-09-12-l9,A,1.0.0,docs-00500,scan,q053,domain,5,0,79.355
2026-09-12-l9,B,2.0.0-alpha.7,docs-00500,scan,q053,domain,5,0,114.516
2026-09-12-l9,A,1.0.0,docs-00500,scan,q053,domain,6,0,79.062
2026-09-12-l9,B,2.0.0-alpha.7,docs-00500,scan,q053,domain,6,0,115.868
2026-09-12-l9,A,1.0.0,docs-00500,scan,q053,domain,7,0,79.030
2026-09-12-l9,B,2.0.0-alpha.7,docs-00500,scan,q053,domain,7,0,115.931
2026-09-12-l9,A,1.0.0,docs-00500,scan,q053,domain,8,0,79.248
2026-09-12-l9,B,2.0.0-alpha.7,docs-00500,scan,q053,domain,8,0,115.497
2026-09-12-l9,A,1.0.0,docs-00500,scan,q053,domain,9,0,77.273
2026-09-12-l9,B,2.0.0-alpha.7,docs-00500,scan,q053,domain,9,0,109.464
2026-09-12-l9,A,1.0.0,docs-00500,scan,q053,domain,10,0,71.951
2026-09-12-l9,B,2.0.0-alpha.7,docs-00500,scan,q053,domain,10,0,107.420
2026-09-12-l9,A,1.0.0,docs-00500,scan,q053,domain,11,0,73.526
2026-09-12-l9,B,2.0.0-alpha.7,docs-00500,scan,q053,domain,11,0,106.043
2026-09-12-l9,A,1.0.0,docs-00500,scan,q053,domain,12,0,75.596
2026-09-12-l9,B,2.0.0-alpha.7,docs-00500,scan,q053,domain,12,0,108.173
2026-09-12-l9,A,1.0.0,docs-00500,scan,q054,domain,0,1,75.839
2026-09-12-l9,B,2.0.0-alpha.7,docs-00500,scan,q054,domain,0,1,107.607
2026-09-12-l9,A,1.0.0,docs-00500,scan,q054,domain,1,1,74.871
2026-09-12-l9,B,2.0.0-alpha.7,docs-00500,scan,q054,domain,1,1,110.608
2026-09-12-l9,A,1.0.0,docs-00500,scan,q054,domain,2,1,76.303
2026-09-12-l9,B,2.0.0-alpha.7,docs-00500,scan,q054,domain,2,1,110.854
2026-09-12-l9,A,1.0.0,docs-00500,scan,q054,domain,3,0,77.211
2026-09-12-l9,B,2.0.0-alpha.7,docs-00500,scan,q054,domain,3,0,109.855
2026-09-12-l9,A,1.0.0,docs-00500,scan,q054,domain,4,0,75.720
2026-09-12-l9,B,2.0.0-alpha.7,docs-00500,scan,q054,domain,4,0,113.981
2026-09-12-l9,A,1.0.0,docs-00500,scan,q054,domain,5,0,77.910
2026-09-12-l9,B,2.0.0-alpha.7,docs-00500,scan,q054,domain,5,0,114.512
2026-09-12-l9,A,1.0.0,docs-00500,scan,q054,domain,6,0,77.851
2026-09-12-l9,B,2.0.0-alpha.7,docs-00500,scan,q054,domain,6,0,112.664
2026-09-12-l9,A,1.0.0,docs-00500,scan,q054,domain,7,0,78.397
2026-09-12-l9,B,2.0.0-alpha.7,docs-00500,scan,q054,domain,7,0,112.727
2026-09-12-l9,A,1.0.0,docs-00500,scan,q054,domain,8,0,77.075
2026-09-12-l9,B,2.0.0-alpha.7,docs-00500,scan,q054,domain,8,0,114.060
2026-09-12-l9,A,1.0.0,docs-00500,scan,q054,domain,9,0,77.264
2026-09-12-l9,B,2.0.0-alpha.7,docs-00500,scan,q054,domain,9,0,114.295
2026-09-12-l9,A,1.0.0,docs-00500,scan,q054,domain,10,0,78.115
2026-09-12-l9,B,2.0.0-alpha.7,docs-00500,scan,q054,domain,10,0,114.788
2026-09-12-l9,A,1.0.0,docs-00500,scan,q054,domain,11,0,78.314
2026-09-12-l9,B,2.0.0-alpha.7,docs-00500,scan,q054,domain,11,0,114.580
2026-09-12-l9,A,1.0.0,docs-00500,scan,q054,domain,12,0,79.153
2026-09-12-l9,B,2.0.0-alpha.7,docs-00500,scan,q054,domain,12,0,114.092
2026-09-12-l9,A,1.0.0,docs-00500,scan,q055,domain,0,1,76.859
2026-09-12-l9,B,2.0.0-alpha.7,docs-00500,scan,q055,domain,0,1,112.652
2026-09-12-l9,A,1.0.0,docs-00500,scan,q055,domain,1,1,76.393
2026-09-12-l9,B,2.0.0-alpha.7,docs-00500,scan,q055,domain,1,1,112.094
2026-09-12-l9,A,1.0.0,docs-00500,scan,q055,domain,2,1,78.644
2026-09-12-l9,B,2.0.0-alpha.7,docs-00500,scan,q055,domain,2,1,113.807
2026-09-12-l9,A,1.0.0,docs-00500,scan,q055,domain,3,0,78.112
2026-09-12-l9,B,2.0.0-alpha.7,docs-00500,scan,q055,domain,3,0,113.231
2026-09-12-l9,A,1.0.0,docs-00500,scan,q055,domain,4,0,76.275
2026-09-12-l9,B,2.0.0-alpha.7,docs-00500,scan,q055,domain,4,0,112.617
2026-09-12-l9,A,1.0.0,docs-00500,scan,q055,domain,5,0,76.588
2026-09-12-l9,B,2.0.0-alpha.7,docs-00500,scan,q055,domain,5,0,112.939
2026-09-12-l9,A,1.0.0,docs-00500,scan,q055,domain,6,0,76.441
2026-09-12-l9,B,2.0.0-alpha.7,docs-00500,scan,q055,domain,6,0,112.745
2026-09-12-l9,A,1.0.0,docs-00500,scan,q055,domain,7,0,77.207
2026-09-12-l9,B,2.0.0-alpha.7,docs-00500,scan,q055,domain,7,0,112.889
2026-09-12-l9,A,1.0.0,docs-00500,scan,q055,domain,8,0,76.282
2026-09-12-l9,B,2.0.0-alpha.7,docs-00500,scan,q055,domain,8,0,112.803
2026-09-12-l9,A,1.0.0,docs-00500,scan,q055,domain,9,0,76.603
2026-09-12-l9,B,2.0.0-alpha.7,docs-00500,scan,q055,domain,9,0,112.934
2026-09-12-l9,A,1.0.0,docs-00500,scan,q055,domain,10,0,76.341
2026-09-12-l9,B,2.0.0-alpha.7,docs-00500,scan,q055,domain,10,0,113.215
2026-09-12-l9,A,1.0.0,docs-00500,scan,q055,domain,11,0,76.328
2026-09-12-l9,B,2.0.0-alpha.7,docs-00500,scan,q055,domain,11,0,113.030
2026-09-12-l9,A,1.0.0,docs-00500,scan,q055,domain,12,0,76.538
2026-09-12-l9,B,2.0.0-alpha.7,docs-00500,scan,q055,domain,12,0,113.905
2026-09-12-l9,A,1.0.0,docs-00500,scan,q056,domain,0,1,78.478
2026-09-12-l9,B,2.0.0-alpha.7,docs-00500,scan,q056,domain,0,1,113.178
2026-09-12-l9,A,1.0.0,docs-00500,scan,q056,domain,1,1,78.477
2026-09-12-l9,B,2.0.0-alpha.7,docs-00500,scan,q056,domain,1,1,113.579
2026-09-12-l9,A,1.0.0,docs-00500,scan,q056,domain,2,1,78.377
2026-09-12-l9,B,2.0.0-alpha.7,docs-00500,scan,q056,domain,2,1,114.282
2026-09-12-l9,A,1.0.0,docs-00500,scan,q056,domain,3,0,78.809
2026-09-12-l9,B,2.0.0-alpha.7,docs-00500,scan,q056,domain,3,0,115.751
2026-09-12-l9,A,1.0.0,docs-00500,scan,q056,domain,4,0,78.196
2026-09-12-l9,B,2.0.0-alpha.7,docs-00500,scan,q056,domain,4,0,116.146
2026-09-12-l9,A,1.0.0,docs-00500,scan,q056,domain,5,0,81.158
2026-09-12-l9,B,2.0.0-alpha.7,docs-00500,scan,q056,domain,5,0,117.337
2026-09-12-l9,A,1.0.0,docs-00500,scan,q056,domain,6,0,80.512
2026-09-12-l9,B,2.0.0-alpha.7,docs-00500,scan,q056,domain,6,0,116.984
2026-09-12-l9,A,1.0.0,docs-00500,scan,q056,domain,7,0,80.071
2026-09-12-l9,B,2.0.0-alpha.7,docs-00500,scan,q056,domain,7,0,116.233
2026-09-12-l9,A,1.0.0,docs-00500,scan,q056,domain,8,0,80.520
2026-09-12-l9,B,2.0.0-alpha.7,docs-00500,scan,q056,domain,8,0,114.677
2026-09-12-l9,A,1.0.0,docs-00500,scan,q056,domain,9,0,79.423
2026-09-12-l9,B,2.0.0-alpha.7,docs-00500,scan,q056,domain,9,0,114.924
2026-09-12-l9,A,1.0.0,docs-00500,scan,q056,domain,10,0,79.677
2026-09-12-l9,B,2.0.0-alpha.7,docs-00500,scan,q056,domain,10,0,118.136
2026-09-12-l9,A,1.0.0,docs-00500,scan,q056,domain,11,0,80.135
2026-09-12-l9,B,2.0.0-alpha.7,docs-00500,scan,q056,domain,11,0,117.255
2026-09-12-l9,A,1.0.0,docs-00500,scan,q056,domain,12,0,79.244
2026-09-12-l9,B,2.0.0-alpha.7,docs-00500,scan,q056,domain,12,0,115.589
2026-09-12-l9,A,1.0.0,docs-00500,scan,q057,domain,0,1,77.690
2026-09-12-l9,B,2.0.0-alpha.7,docs-00500,scan,q057,domain,0,1,114.426
2026-09-12-l9,A,1.0.0,docs-00500,scan,q057,domain,1,1,77.606
2026-09-12-l9,B,2.0.0-alpha.7,docs-00500,scan,q057,domain,1,1,114.643
2026-09-12-l9,A,1.0.0,docs-00500,scan,q057,domain,2,1,77.917
2026-09-12-l9,B,2.0.0-alpha.7,docs-00500,scan,q057,domain,2,1,116.073
2026-09-12-l9,A,1.0.0,docs-00500,scan,q057,domain,3,0,79.688
2026-09-12-l9,B,2.0.0-alpha.7,docs-00500,scan,q057,domain,3,0,116.168
2026-09-12-l9,A,1.0.0,docs-00500,scan,q057,domain,4,0,78.083
2026-09-12-l9,B,2.0.0-alpha.7,docs-00500,scan,q057,domain,4,0,115.084
2026-09-12-l9,A,1.0.0,docs-00500,scan,q057,domain,5,0,78.115
2026-09-12-l9,B,2.0.0-alpha.7,docs-00500,scan,q057,domain,5,0,114.260
2026-09-12-l9,A,1.0.0,docs-00500,scan,q057,domain,6,0,78.826
2026-09-12-l9,B,2.0.0-alpha.7,docs-00500,scan,q057,domain,6,0,114.881
2026-09-12-l9,A,1.0.0,docs-00500,scan,q057,domain,7,0,79.593
2026-09-12-l9,B,2.0.0-alpha.7,docs-00500,scan,q057,domain,7,0,114.952
2026-09-12-l9,A,1.0.0,docs-00500,scan,q057,domain,8,0,81.282
2026-09-12-l9,B,2.0.0-alpha.7,docs-00500,scan,q057,domain,8,0,117.762
2026-09-12-l9,A,1.0.0,docs-00500,scan,q057,domain,9,0,78.643
2026-09-12-l9,B,2.0.0-alpha.7,docs-00500,scan,q057,domain,9,0,117.751
2026-09-12-l9,A,1.0.0,docs-00500,scan,q057,domain,10,0,79.669
2026-09-12-l9,B,2.0.0-alpha.7,docs-00500,scan,q057,domain,10,0,115.167
2026-09-12-l9,A,1.0.0,docs-00500,scan,q057,domain,11,0,77.699
2026-09-12-l9,B,2.0.0-alpha.7,docs-00500,scan,q057,domain,11,0,115.865
2026-09-12-l9,A,1.0.0,docs-00500,scan,q057,domain,12,0,81.522
2026-09-12-l9,B,2.0.0-alpha.7,docs-00500,scan,q057,domain,12,0,122.031
2026-09-12-l9,A,1.0.0,docs-00500,scan,q058,domain,0,1,81.885
2026-09-12-l9,B,2.0.0-alpha.7,docs-00500,scan,q058,domain,0,1,113.831
2026-09-12-l9,A,1.0.0,docs-00500,scan,q058,domain,1,1,79.221
2026-09-12-l9,B,2.0.0-alpha.7,docs-00500,scan,q058,domain,1,1,115.182
2026-09-12-l9,A,1.0.0,docs-00500,scan,q058,domain,2,1,78.595
2026-09-12-l9,B,2.0.0-alpha.7,docs-00500,scan,q058,domain,2,1,113.619
2026-09-12-l9,A,1.0.0,docs-00500,scan,q058,domain,3,0,79.113
2026-09-12-l9,B,2.0.0-alpha.7,docs-00500,scan,q058,domain,3,0,115.090
2026-09-12-l9,A,1.0.0,docs-00500,scan,q058,domain,4,0,78.940
2026-09-12-l9,B,2.0.0-alpha.7,docs-00500,scan,q058,domain,4,0,117.907
2026-09-12-l9,A,1.0.0,docs-00500,scan,q058,domain,5,0,79.530
2026-09-12-l9,B,2.0.0-alpha.7,docs-00500,scan,q058,domain,5,0,115.097
2026-09-12-l9,A,1.0.0,docs-00500,scan,q058,domain,6,0,79.105
2026-09-12-l9,B,2.0.0-alpha.7,docs-00500,scan,q058,domain,6,0,116.107
2026-09-12-l9,A,1.0.0,docs-00500,scan,q058,domain,7,0,81.551
2026-09-12-l9,B,2.0.0-alpha.7,docs-00500,scan,q058,domain,7,0,114.526
2026-09-12-l9,A,1.0.0,docs-00500,scan,q058,domain,8,0,78.256
2026-09-12-l9,B,2.0.0-alpha.7,docs-00500,scan,q058,domain,8,0,113.629
2026-09-12-l9,A,1.0.0,docs-00500,scan,q058,domain,9,0,78.265
2026-09-12-l9,B,2.0.0-alpha.7,docs-00500,scan,q058,domain,9,0,116.320
2026-09-12-l9,A,1.0.0,docs-00500,scan,q058,domain,10,0,78.652
2026-09-12-l9,B,2.0.0-alpha.7,docs-00500,scan,q058,domain,10,0,115.257
2026-09-12-l9,A,1.0.0,docs-00500,scan,q058,domain,11,0,80.347
2026-09-12-l9,B,2.0.0-alpha.7,docs-00500,scan,q058,domain,11,0,114.432
2026-09-12-l9,A,1.0.0,docs-00500,scan,q058,domain,12,0,80.782
2026-09-12-l9,B,2.0.0-alpha.7,docs-00500,scan,q058,domain,12,0,116.519
2026-09-12-l9,A,1.0.0,docs-00500,scan,q059,domain,0,1,77.269
2026-09-12-l9,B,2.0.0-alpha.7,docs-00500,scan,q059,domain,0,1,113.699
2026-09-12-l9,A,1.0.0,docs-00500,scan,q059,domain,1,1,78.423
2026-09-12-l9,B,2.0.0-alpha.7,docs-00500,scan,q059,domain,1,1,115.731
2026-09-12-l9,A,1.0.0,docs-00500,scan,q059,domain,2,1,77.495
2026-09-12-l9,B,2.0.0-alpha.7,docs-00500,scan,q059,domain,2,1,117.326
2026-09-12-l9,A,1.0.0,docs-00500,scan,q059,domain,3,0,76.979
2026-09-12-l9,B,2.0.0-alpha.7,docs-00500,scan,q059,domain,3,0,115.613
2026-09-12-l9,A,1.0.0,docs-00500,scan,q059,domain,4,0,80.452
2026-09-12-l9,B,2.0.0-alpha.7,docs-00500,scan,q059,domain,4,0,115.067
2026-09-12-l9,A,1.0.0,docs-00500,scan,q059,domain,5,0,78.014
2026-09-12-l9,B,2.0.0-alpha.7,docs-00500,scan,q059,domain,5,0,113.309
2026-09-12-l9,A,1.0.0,docs-00500,scan,q059,domain,6,0,77.113
2026-09-12-l9,B,2.0.0-alpha.7,docs-00500,scan,q059,domain,6,0,114.632
2026-09-12-l9,A,1.0.0,docs-00500,scan,q059,domain,7,0,77.069
2026-09-12-l9,B,2.0.0-alpha.7,docs-00500,scan,q059,domain,7,0,123.194
2026-09-12-l9,A,1.0.0,docs-00500,scan,q059,domain,8,0,78.788
2026-09-12-l9,B,2.0.0-alpha.7,docs-00500,scan,q059,domain,8,0,116.002
2026-09-12-l9,A,1.0.0,docs-00500,scan,q059,domain,9,0,78.116
2026-09-12-l9,B,2.0.0-alpha.7,docs-00500,scan,q059,domain,9,0,114.323
2026-09-12-l9,A,1.0.0,docs-00500,scan,q059,domain,10,0,78.094
2026-09-12-l9,B,2.0.0-alpha.7,docs-00500,scan,q059,domain,10,0,116.268
2026-09-12-l9,A,1.0.0,docs-00500,scan,q059,domain,11,0,77.227
2026-09-12-l9,B,2.0.0-alpha.7,docs-00500,scan,q059,domain,11,0,113.904
2026-09-12-l9,A,1.0.0,docs-00500,scan,q059,domain,12,0,78.131
2026-09-12-l9,B,2.0.0-alpha.7,docs-00500,scan,q059,domain,12,0,115.722
2026-09-12-l9,A,1.0.0,docs-00500,scan,q060,domain,0,1,79.128
2026-09-12-l9,B,2.0.0-alpha.7,docs-00500,scan,q060,domain,0,1,114.522
2026-09-12-l9,A,1.0.0,docs-00500,scan,q060,domain,1,1,77.315
2026-09-12-l9,B,2.0.0-alpha.7,docs-00500,scan,q060,domain,1,1,117.160
2026-09-12-l9,A,1.0.0,docs-00500,scan,q060,domain,2,1,76.971
2026-09-12-l9,B,2.0.0-alpha.7,docs-00500,scan,q060,domain,2,1,115.979
2026-09-12-l9,A,1.0.0,docs-00500,scan,q060,domain,3,0,79.650
2026-09-12-l9,B,2.0.0-alpha.7,docs-00500,scan,q060,domain,3,0,114.673
2026-09-12-l9,A,1.0.0,docs-00500,scan,q060,domain,4,0,78.788
2026-09-12-l9,B,2.0.0-alpha.7,docs-00500,scan,q060,domain,4,0,114.548
2026-09-12-l9,A,1.0.0,docs-00500,scan,q060,domain,5,0,78.602
2026-09-12-l9,B,2.0.0-alpha.7,docs-00500,scan,q060,domain,5,0,114.114
2026-09-12-l9,A,1.0.0,docs-00500,scan,q060,domain,6,0,77.679
2026-09-12-l9,B,2.0.0-alpha.7,docs-00500,scan,q060,domain,6,0,116.800
2026-09-12-l9,A,1.0.0,docs-00500,scan,q060,domain,7,0,76.770
2026-09-12-l9,B,2.0.0-alpha.7,docs-00500,scan,q060,domain,7,0,112.653
2026-09-12-l9,A,1.0.0,docs-00500,scan,q060,domain,8,0,78.323
2026-09-12-l9,B,2.0.0-alpha.7,docs-00500,scan,q060,domain,8,0,113.326
2026-09-12-l9,A,1.0.0,docs-00500,scan,q060,domain,9,0,78.028
2026-09-12-l9,B,2.0.0-alpha.7,docs-00500,scan,q060,domain,9,0,114.172
2026-09-12-l9,A,1.0.0,docs-00500,scan,q060,domain,10,0,80.030
2026-09-12-l9,B,2.0.0-alpha.7,docs-00500,scan,q060,domain,10,0,114.771
2026-09-12-l9,A,1.0.0,docs-00500,scan,q060,domain,11,0,79.325
2026-09-12-l9,B,2.0.0-alpha.7,docs-00500,scan,q060,domain,11,0,113.854
2026-09-12-l9,A,1.0.0,docs-00500,scan,q060,domain,12,0,77.073
2026-09-12-l9,B,2.0.0-alpha.7,docs-00500,scan,q060,domain,12,0,113.866
2026-09-12-l9,A,1.0.0,docs-01000,scan,q001,rare,0,1,303.600
2026-09-12-l9,B,2.0.0-alpha.7,docs-01000,scan,q001,rare,0,1,394.284
2026-09-12-l9,A,1.0.0,docs-01000,scan,q001,rare,1,1,306.520
2026-09-12-l9,B,2.0.0-alpha.7,docs-01000,scan,q001,rare,1,1,344.333
2026-09-12-l9,A,1.0.0,docs-01000,scan,q001,rare,2,1,306.160
2026-09-12-l9,B,2.0.0-alpha.7,docs-01000,scan,q001,rare,2,1,332.673
2026-09-12-l9,A,1.0.0,docs-01000,scan,q001,rare,3,0,300.973
2026-09-12-l9,B,2.0.0-alpha.7,docs-01000,scan,q001,rare,3,0,336.733
2026-09-12-l9,A,1.0.0,docs-01000,scan,q001,rare,4,0,303.205
2026-09-12-l9,B,2.0.0-alpha.7,docs-01000,scan,q001,rare,4,0,336.974
2026-09-12-l9,A,1.0.0,docs-01000,scan,q001,rare,5,0,301.789
2026-09-12-l9,B,2.0.0-alpha.7,docs-01000,scan,q001,rare,5,0,344.962
2026-09-12-l9,A,1.0.0,docs-01000,scan,q001,rare,6,0,307.551
2026-09-12-l9,B,2.0.0-alpha.7,docs-01000,scan,q001,rare,6,0,337.132
2026-09-12-l9,A,1.0.0,docs-01000,scan,q001,rare,7,0,306.622
2026-09-12-l9,B,2.0.0-alpha.7,docs-01000,scan,q001,rare,7,0,338.636
2026-09-12-l9,A,1.0.0,docs-01000,scan,q001,rare,8,0,308.012
2026-09-12-l9,B,2.0.0-alpha.7,docs-01000,scan,q001,rare,8,0,337.204
2026-09-12-l9,A,1.0.0,docs-01000,scan,q001,rare,9,0,307.662
2026-09-12-l9,B,2.0.0-alpha.7,docs-01000,scan,q001,rare,9,0,339.386
2026-09-12-l9,A,1.0.0,docs-01000,scan,q001,rare,10,0,306.164
2026-09-12-l9,B,2.0.0-alpha.7,docs-01000,scan,q001,rare,10,0,335.565
2026-09-12-l9,A,1.0.0,docs-01000,scan,q001,rare,11,0,305.726
2026-09-12-l9,B,2.0.0-alpha.7,docs-01000,scan,q001,rare,11,0,334.331
2026-09-12-l9,A,1.0.0,docs-01000,scan,q001,rare,12,0,300.275
2026-09-12-l9,B,2.0.0-alpha.7,docs-01000,scan,q001,rare,12,0,347.722
2026-09-12-l9,A,1.0.0,docs-01000,scan,q002,rare,0,1,307.042
2026-09-12-l9,B,2.0.0-alpha.7,docs-01000,scan,q002,rare,0,1,334.980
2026-09-12-l9,A,1.0.0,docs-01000,scan,q002,rare,1,1,306.561
2026-09-12-l9,B,2.0.0-alpha.7,docs-01000,scan,q002,rare,1,1,339.388
2026-09-12-l9,A,1.0.0,docs-01000,scan,q002,rare,2,1,311.146
2026-09-12-l9,B,2.0.0-alpha.7,docs-01000,scan,q002,rare,2,1,344.540
2026-09-12-l9,A,1.0.0,docs-01000,scan,q002,rare,3,0,311.129
2026-09-12-l9,B,2.0.0-alpha.7,docs-01000,scan,q002,rare,3,0,337.511
2026-09-12-l9,A,1.0.0,docs-01000,scan,q002,rare,4,0,311.311
2026-09-12-l9,B,2.0.0-alpha.7,docs-01000,scan,q002,rare,4,0,343.716
2026-09-12-l9,A,1.0.0,docs-01000,scan,q002,rare,5,0,309.377
2026-09-12-l9,B,2.0.0-alpha.7,docs-01000,scan,q002,rare,5,0,346.544
2026-09-12-l9,A,1.0.0,docs-01000,scan,q002,rare,6,0,313.489
2026-09-12-l9,B,2.0.0-alpha.7,docs-01000,scan,q002,rare,6,0,341.370
2026-09-12-l9,A,1.0.0,docs-01000,scan,q002,rare,7,0,308.293
2026-09-12-l9,B,2.0.0-alpha.7,docs-01000,scan,q002,rare,7,0,343.269
2026-09-12-l9,A,1.0.0,docs-01000,scan,q002,rare,8,0,308.449
2026-09-12-l9,B,2.0.0-alpha.7,docs-01000,scan,q002,rare,8,0,344.805
2026-09-12-l9,A,1.0.0,docs-01000,scan,q002,rare,9,0,307.610
2026-09-12-l9,B,2.0.0-alpha.7,docs-01000,scan,q002,rare,9,0,340.321
2026-09-12-l9,A,1.0.0,docs-01000,scan,q002,rare,10,0,313.774
2026-09-12-l9,B,2.0.0-alpha.7,docs-01000,scan,q002,rare,10,0,343.094
2026-09-12-l9,A,1.0.0,docs-01000,scan,q002,rare,11,0,309.510
2026-09-12-l9,B,2.0.0-alpha.7,docs-01000,scan,q002,rare,11,0,342.777
2026-09-12-l9,A,1.0.0,docs-01000,scan,q002,rare,12,0,304.989
2026-09-12-l9,B,2.0.0-alpha.7,docs-01000,scan,q002,rare,12,0,338.977
2026-09-12-l9,A,1.0.0,docs-01000,scan,q003,rare,0,1,312.119
2026-09-12-l9,B,2.0.0-alpha.7,docs-01000,scan,q003,rare,0,1,343.044
2026-09-12-l9,A,1.0.0,docs-01000,scan,q003,rare,1,1,309.311
2026-09-12-l9,B,2.0.0-alpha.7,docs-01000,scan,q003,rare,1,1,336.524
2026-09-12-l9,A,1.0.0,docs-01000,scan,q003,rare,2,1,312.308
2026-09-12-l9,B,2.0.0-alpha.7,docs-01000,scan,q003,rare,2,1,338.185
2026-09-12-l9,A,1.0.0,docs-01000,scan,q003,rare,3,0,308.047
2026-09-12-l9,B,2.0.0-alpha.7,docs-01000,scan,q003,rare,3,0,339.425
2026-09-12-l9,A,1.0.0,docs-01000,scan,q003,rare,4,0,305.839
2026-09-12-l9,B,2.0.0-alpha.7,docs-01000,scan,q003,rare,4,0,338.548
2026-09-12-l9,A,1.0.0,docs-01000,scan,q003,rare,5,0,312.398
2026-09-12-l9,B,2.0.0-alpha.7,docs-01000,scan,q003,rare,5,0,345.031
2026-09-12-l9,A,1.0.0,docs-01000,scan,q003,rare,6,0,308.244
2026-09-12-l9,B,2.0.0-alpha.7,docs-01000,scan,q003,rare,6,0,341.042
2026-09-12-l9,A,1.0.0,docs-01000,scan,q003,rare,7,0,308.661
2026-09-12-l9,B,2.0.0-alpha.7,docs-01000,scan,q003,rare,7,0,338.972
2026-09-12-l9,A,1.0.0,docs-01000,scan,q003,rare,8,0,310.762
2026-09-12-l9,B,2.0.0-alpha.7,docs-01000,scan,q003,rare,8,0,341.261
2026-09-12-l9,A,1.0.0,docs-01000,scan,q003,rare,9,0,307.289
2026-09-12-l9,B,2.0.0-alpha.7,docs-01000,scan,q003,rare,9,0,342.701
2026-09-12-l9,A,1.0.0,docs-01000,scan,q003,rare,10,0,308.804
2026-09-12-l9,B,2.0.0-alpha.7,docs-01000,scan,q003,rare,10,0,336.200
2026-09-12-l9,A,1.0.0,docs-01000,scan,q003,rare,11,0,307.341
2026-09-12-l9,B,2.0.0-alpha.7,docs-01000,scan,q003,rare,11,0,336.992
2026-09-12-l9,A,1.0.0,docs-01000,scan,q003,rare,12,0,305.782
2026-09-12-l9,B,2.0.0-alpha.7,docs-01000,scan,q003,rare,12,0,340.342
2026-09-12-l9,A,1.0.0,docs-01000,scan,q004,rare,0,1,308.798
2026-09-12-l9,B,2.0.0-alpha.7,docs-01000,scan,q004,rare,0,1,340.027
2026-09-12-l9,A,1.0.0,docs-01000,scan,q004,rare,1,1,311.067
2026-09-12-l9,B,2.0.0-alpha.7,docs-01000,scan,q004,rare,1,1,340.845
2026-09-12-l9,A,1.0.0,docs-01000,scan,q004,rare,2,1,310.658
2026-09-12-l9,B,2.0.0-alpha.7,docs-01000,scan,q004,rare,2,1,340.611
2026-09-12-l9,A,1.0.0,docs-01000,scan,q004,rare,3,0,312.667
2026-09-12-l9,B,2.0.0-alpha.7,docs-01000,scan,q004,rare,3,0,339.465
2026-09-12-l9,A,1.0.0,docs-01000,scan,q004,rare,4,0,311.708
2026-09-12-l9,B,2.0.0-alpha.7,docs-01000,scan,q004,rare,4,0,333.641
2026-09-12-l9,A,1.0.0,docs-01000,scan,q004,rare,5,0,302.057
2026-09-12-l9,B,2.0.0-alpha.7,docs-01000,scan,q004,rare,5,0,330.947
2026-09-12-l9,A,1.0.0,docs-01000,scan,q004,rare,6,0,303.894
2026-09-12-l9,B,2.0.0-alpha.7,docs-01000,scan,q004,rare,6,0,335.201
2026-09-12-l9,A,1.0.0,docs-01000,scan,q004,rare,7,0,300.945
2026-09-12-l9,B,2.0.0-alpha.7,docs-01000,scan,q004,rare,7,0,336.237
2026-09-12-l9,A,1.0.0,docs-01000,scan,q004,rare,8,0,305.555
2026-09-12-l9,B,2.0.0-alpha.7,docs-01000,scan,q004,rare,8,0,333.036
2026-09-12-l9,A,1.0.0,docs-01000,scan,q004,rare,9,0,306.010
2026-09-12-l9,B,2.0.0-alpha.7,docs-01000,scan,q004,rare,9,0,332.425
2026-09-12-l9,A,1.0.0,docs-01000,scan,q004,rare,10,0,306.413
2026-09-12-l9,B,2.0.0-alpha.7,docs-01000,scan,q004,rare,10,0,337.713
2026-09-12-l9,A,1.0.0,docs-01000,scan,q004,rare,11,0,301.226
2026-09-12-l9,B,2.0.0-alpha.7,docs-01000,scan,q004,rare,11,0,329.992
2026-09-12-l9,A,1.0.0,docs-01000,scan,q004,rare,12,0,306.260
2026-09-12-l9,B,2.0.0-alpha.7,docs-01000,scan,q004,rare,12,0,332.582
2026-09-12-l9,A,1.0.0,docs-01000,scan,q005,rare,0,1,301.717
2026-09-12-l9,B,2.0.0-alpha.7,docs-01000,scan,q005,rare,0,1,334.303
2026-09-12-l9,A,1.0.0,docs-01000,scan,q005,rare,1,1,303.770
2026-09-12-l9,B,2.0.0-alpha.7,docs-01000,scan,q005,rare,1,1,333.808
2026-09-12-l9,A,1.0.0,docs-01000,scan,q005,rare,2,1,305.316
2026-09-12-l9,B,2.0.0-alpha.7,docs-01000,scan,q005,rare,2,1,336.398
2026-09-12-l9,A,1.0.0,docs-01000,scan,q005,rare,3,0,304.310
2026-09-12-l9,B,2.0.0-alpha.7,docs-01000,scan,q005,rare,3,0,334.341
2026-09-12-l9,A,1.0.0,docs-01000,scan,q005,rare,4,0,305.393
2026-09-12-l9,B,2.0.0-alpha.7,docs-01000,scan,q005,rare,4,0,333.841
2026-09-12-l9,A,1.0.0,docs-01000,scan,q005,rare,5,0,304.948
2026-09-12-l9,B,2.0.0-alpha.7,docs-01000,scan,q005,rare,5,0,335.213
2026-09-12-l9,A,1.0.0,docs-01000,scan,q005,rare,6,0,301.418
2026-09-12-l9,B,2.0.0-alpha.7,docs-01000,scan,q005,rare,6,0,332.466
2026-09-12-l9,A,1.0.0,docs-01000,scan,q005,rare,7,0,302.509
2026-09-12-l9,B,2.0.0-alpha.7,docs-01000,scan,q005,rare,7,0,335.288
2026-09-12-l9,A,1.0.0,docs-01000,scan,q005,rare,8,0,301.413
2026-09-12-l9,B,2.0.0-alpha.7,docs-01000,scan,q005,rare,8,0,335.581
2026-09-12-l9,A,1.0.0,docs-01000,scan,q005,rare,9,0,305.410
2026-09-12-l9,B,2.0.0-alpha.7,docs-01000,scan,q005,rare,9,0,332.334
2026-09-12-l9,A,1.0.0,docs-01000,scan,q005,rare,10,0,303.242
2026-09-12-l9,B,2.0.0-alpha.7,docs-01000,scan,q005,rare,10,0,332.137
2026-09-12-l9,A,1.0.0,docs-01000,scan,q005,rare,11,0,297.605
2026-09-12-l9,B,2.0.0-alpha.7,docs-01000,scan,q005,rare,11,0,330.340
2026-09-12-l9,A,1.0.0,docs-01000,scan,q005,rare,12,0,304.905
2026-09-12-l9,B,2.0.0-alpha.7,docs-01000,scan,q005,rare,12,0,333.731
2026-09-12-l9,A,1.0.0,docs-01000,scan,q006,rare,0,1,307.635
2026-09-12-l9,B,2.0.0-alpha.7,docs-01000,scan,q006,rare,0,1,334.711
2026-09-12-l9,A,1.0.0,docs-01000,scan,q006,rare,1,1,300.444
2026-09-12-l9,B,2.0.0-alpha.7,docs-01000,scan,q006,rare,1,1,328.878
2026-09-12-l9,A,1.0.0,docs-01000,scan,q006,rare,2,1,305.822
2026-09-12-l9,B,2.0.0-alpha.7,docs-01000,scan,q006,rare,2,1,335.439
2026-09-12-l9,A,1.0.0,docs-01000,scan,q006,rare,3,0,309.981
2026-09-12-l9,B,2.0.0-alpha.7,docs-01000,scan,q006,rare,3,0,343.620
2026-09-12-l9,A,1.0.0,docs-01000,scan,q006,rare,4,0,341.229
2026-09-12-l9,B,2.0.0-alpha.7,docs-01000,scan,q006,rare,4,0,430.349
2026-09-12-l9,A,1.0.0,docs-01000,scan,q006,rare,5,0,453.780
2026-09-12-l9,B,2.0.0-alpha.7,docs-01000,scan,q006,rare,5,0,435.813
2026-09-12-l9,A,1.0.0,docs-01000,scan,q006,rare,6,0,377.177
2026-09-12-l9,B,2.0.0-alpha.7,docs-01000,scan,q006,rare,6,0,411.134
2026-09-12-l9,A,1.0.0,docs-01000,scan,q006,rare,7,0,335.689
2026-09-12-l9,B,2.0.0-alpha.7,docs-01000,scan,q006,rare,7,0,352.991
2026-09-12-l9,A,1.0.0,docs-01000,scan,q006,rare,8,0,304.143
2026-09-12-l9,B,2.0.0-alpha.7,docs-01000,scan,q006,rare,8,0,341.856
2026-09-12-l9,A,1.0.0,docs-01000,scan,q006,rare,9,0,304.975
2026-09-12-l9,B,2.0.0-alpha.7,docs-01000,scan,q006,rare,9,0,319.790
2026-09-12-l9,A,1.0.0,docs-01000,scan,q006,rare,10,0,288.221
2026-09-12-l9,B,2.0.0-alpha.7,docs-01000,scan,q006,rare,10,0,348.104
2026-09-12-l9,A,1.0.0,docs-01000,scan,q006,rare,11,0,306.398
2026-09-12-l9,B,2.0.0-alpha.7,docs-01000,scan,q006,rare,11,0,339.878
2026-09-12-l9,A,1.0.0,docs-01000,scan,q006,rare,12,0,310.757
2026-09-12-l9,B,2.0.0-alpha.7,docs-01000,scan,q006,rare,12,0,339.829
2026-09-12-l9,A,1.0.0,docs-01000,scan,q007,rare,0,1,310.015
2026-09-12-l9,B,2.0.0-alpha.7,docs-01000,scan,q007,rare,0,1,338.887
2026-09-12-l9,A,1.0.0,docs-01000,scan,q007,rare,1,1,310.437
2026-09-12-l9,B,2.0.0-alpha.7,docs-01000,scan,q007,rare,1,1,338.441
2026-09-12-l9,A,1.0.0,docs-01000,scan,q007,rare,2,1,308.818
2026-09-12-l9,B,2.0.0-alpha.7,docs-01000,scan,q007,rare,2,1,340.189
2026-09-12-l9,A,1.0.0,docs-01000,scan,q007,rare,3,0,304.202
2026-09-12-l9,B,2.0.0-alpha.7,docs-01000,scan,q007,rare,3,0,340.267
2026-09-12-l9,A,1.0.0,docs-01000,scan,q007,rare,4,0,308.912
2026-09-12-l9,B,2.0.0-alpha.7,docs-01000,scan,q007,rare,4,0,341.379
2026-09-12-l9,A,1.0.0,docs-01000,scan,q007,rare,5,0,311.631
2026-09-12-l9,B,2.0.0-alpha.7,docs-01000,scan,q007,rare,5,0,340.945
2026-09-12-l9,A,1.0.0,docs-01000,scan,q007,rare,6,0,309.401
2026-09-12-l9,B,2.0.0-alpha.7,docs-01000,scan,q007,rare,6,0,341.981
2026-09-12-l9,A,1.0.0,docs-01000,scan,q007,rare,7,0,302.615
2026-09-12-l9,B,2.0.0-alpha.7,docs-01000,scan,q007,rare,7,0,326.277
2026-09-12-l9,A,1.0.0,docs-01000,scan,q007,rare,8,0,305.287
2026-09-12-l9,B,2.0.0-alpha.7,docs-01000,scan,q007,rare,8,0,327.815
2026-09-12-l9,A,1.0.0,docs-01000,scan,q007,rare,9,0,296.864
2026-09-12-l9,B,2.0.0-alpha.7,docs-01000,scan,q007,rare,9,0,327.325
2026-09-12-l9,A,1.0.0,docs-01000,scan,q007,rare,10,0,301.113
2026-09-12-l9,B,2.0.0-alpha.7,docs-01000,scan,q007,rare,10,0,331.673
2026-09-12-l9,A,1.0.0,docs-01000,scan,q007,rare,11,0,301.193
2026-09-12-l9,B,2.0.0-alpha.7,docs-01000,scan,q007,rare,11,0,338.436
2026-09-12-l9,A,1.0.0,docs-01000,scan,q007,rare,12,0,303.853
2026-09-12-l9,B,2.0.0-alpha.7,docs-01000,scan,q007,rare,12,0,334.986
2026-09-12-l9,A,1.0.0,docs-01000,scan,q008,rare,0,1,308.113
2026-09-12-l9,B,2.0.0-alpha.7,docs-01000,scan,q008,rare,0,1,331.326
2026-09-12-l9,A,1.0.0,docs-01000,scan,q008,rare,1,1,302.200
2026-09-12-l9,B,2.0.0-alpha.7,docs-01000,scan,q008,rare,1,1,334.743
2026-09-12-l9,A,1.0.0,docs-01000,scan,q008,rare,2,1,303.842
2026-09-12-l9,B,2.0.0-alpha.7,docs-01000,scan,q008,rare,2,1,329.783
2026-09-12-l9,A,1.0.0,docs-01000,scan,q008,rare,3,0,308.878
2026-09-12-l9,B,2.0.0-alpha.7,docs-01000,scan,q008,rare,3,0,332.865
2026-09-12-l9,A,1.0.0,docs-01000,scan,q008,rare,4,0,301.871
2026-09-12-l9,B,2.0.0-alpha.7,docs-01000,scan,q008,rare,4,0,335.290
2026-09-12-l9,A,1.0.0,docs-01000,scan,q008,rare,5,0,301.299
2026-09-12-l9,B,2.0.0-alpha.7,docs-01000,scan,q008,rare,5,0,328.271
2026-09-12-l9,A,1.0.0,docs-01000,scan,q008,rare,6,0,304.764
2026-09-12-l9,B,2.0.0-alpha.7,docs-01000,scan,q008,rare,6,0,330.871
2026-09-12-l9,A,1.0.0,docs-01000,scan,q008,rare,7,0,304.190
2026-09-12-l9,B,2.0.0-alpha.7,docs-01000,scan,q008,rare,7,0,336.946
2026-09-12-l9,A,1.0.0,docs-01000,scan,q008,rare,8,0,305.151
2026-09-12-l9,B,2.0.0-alpha.7,docs-01000,scan,q008,rare,8,0,338.947
2026-09-12-l9,A,1.0.0,docs-01000,scan,q008,rare,9,0,304.910
2026-09-12-l9,B,2.0.0-alpha.7,docs-01000,scan,q008,rare,9,0,334.176
2026-09-12-l9,A,1.0.0,docs-01000,scan,q008,rare,10,0,303.987
2026-09-12-l9,B,2.0.0-alpha.7,docs-01000,scan,q008,rare,10,0,335.528
2026-09-12-l9,A,1.0.0,docs-01000,scan,q008,rare,11,0,301.837
2026-09-12-l9,B,2.0.0-alpha.7,docs-01000,scan,q008,rare,11,0,333.075
2026-09-12-l9,A,1.0.0,docs-01000,scan,q008,rare,12,0,302.033
2026-09-12-l9,B,2.0.0-alpha.7,docs-01000,scan,q008,rare,12,0,339.435
2026-09-12-l9,A,1.0.0,docs-01000,scan,q009,rare,0,1,303.575
2026-09-12-l9,B,2.0.0-alpha.7,docs-01000,scan,q009,rare,0,1,335.228
2026-09-12-l9,A,1.0.0,docs-01000,scan,q009,rare,1,1,304.276
2026-09-12-l9,B,2.0.0-alpha.7,docs-01000,scan,q009,rare,1,1,333.560
2026-09-12-l9,A,1.0.0,docs-01000,scan,q009,rare,2,1,301.032
2026-09-12-l9,B,2.0.0-alpha.7,docs-01000,scan,q009,rare,2,1,332.476
2026-09-12-l9,A,1.0.0,docs-01000,scan,q009,rare,3,0,301.334
2026-09-12-l9,B,2.0.0-alpha.7,docs-01000,scan,q009,rare,3,0,333.912
2026-09-12-l9,A,1.0.0,docs-01000,scan,q009,rare,4,0,302.968
2026-09-12-l9,B,2.0.0-alpha.7,docs-01000,scan,q009,rare,4,0,335.254
2026-09-12-l9,A,1.0.0,docs-01000,scan,q009,rare,5,0,301.068
2026-09-12-l9,B,2.0.0-alpha.7,docs-01000,scan,q009,rare,5,0,338.863
2026-09-12-l9,A,1.0.0,docs-01000,scan,q009,rare,6,0,305.626
2026-09-12-l9,B,2.0.0-alpha.7,docs-01000,scan,q009,rare,6,0,338.644
2026-09-12-l9,A,1.0.0,docs-01000,scan,q009,rare,7,0,307.967
2026-09-12-l9,B,2.0.0-alpha.7,docs-01000,scan,q009,rare,7,0,341.500
2026-09-12-l9,A,1.0.0,docs-01000,scan,q009,rare,8,0,306.815
2026-09-12-l9,B,2.0.0-alpha.7,docs-01000,scan,q009,rare,8,0,338.118
2026-09-12-l9,A,1.0.0,docs-01000,scan,q009,rare,9,0,311.954
2026-09-12-l9,B,2.0.0-alpha.7,docs-01000,scan,q009,rare,9,0,341.870
2026-09-12-l9,A,1.0.0,docs-01000,scan,q009,rare,10,0,307.181
2026-09-12-l9,B,2.0.0-alpha.7,docs-01000,scan,q009,rare,10,0,340.376
2026-09-12-l9,A,1.0.0,docs-01000,scan,q009,rare,11,0,311.321
2026-09-12-l9,B,2.0.0-alpha.7,docs-01000,scan,q009,rare,11,0,337.559
2026-09-12-l9,A,1.0.0,docs-01000,scan,q009,rare,12,0,309.370
2026-09-12-l9,B,2.0.0-alpha.7,docs-01000,scan,q009,rare,12,0,338.802
2026-09-12-l9,A,1.0.0,docs-01000,scan,q010,rare,0,1,306.477
2026-09-12-l9,B,2.0.0-alpha.7,docs-01000,scan,q010,rare,0,1,341.571
2026-09-12-l9,A,1.0.0,docs-01000,scan,q010,rare,1,1,308.894
2026-09-12-l9,B,2.0.0-alpha.7,docs-01000,scan,q010,rare,1,1,340.763
2026-09-12-l9,A,1.0.0,docs-01000,scan,q010,rare,2,1,310.234
2026-09-12-l9,B,2.0.0-alpha.7,docs-01000,scan,q010,rare,2,1,341.006
2026-09-12-l9,A,1.0.0,docs-01000,scan,q010,rare,3,0,308.058
2026-09-12-l9,B,2.0.0-alpha.7,docs-01000,scan,q010,rare,3,0,342.796
2026-09-12-l9,A,1.0.0,docs-01000,scan,q010,rare,4,0,305.034
2026-09-12-l9,B,2.0.0-alpha.7,docs-01000,scan,q010,rare,4,0,333.506
2026-09-12-l9,A,1.0.0,docs-01000,scan,q010,rare,5,0,307.160
2026-09-12-l9,B,2.0.0-alpha.7,docs-01000,scan,q010,rare,5,0,337.086
2026-09-12-l9,A,1.0.0,docs-01000,scan,q010,rare,6,0,306.990
2026-09-12-l9,B,2.0.0-alpha.7,docs-01000,scan,q010,rare,6,0,334.269
2026-09-12-l9,A,1.0.0,docs-01000,scan,q010,rare,7,0,306.182
2026-09-12-l9,B,2.0.0-alpha.7,docs-01000,scan,q010,rare,7,0,334.835
2026-09-12-l9,A,1.0.0,docs-01000,scan,q010,rare,8,0,306.670
2026-09-12-l9,B,2.0.0-alpha.7,docs-01000,scan,q010,rare,8,0,339.786
2026-09-12-l9,A,1.0.0,docs-01000,scan,q010,rare,9,0,306.948
2026-09-12-l9,B,2.0.0-alpha.7,docs-01000,scan,q010,rare,9,0,340.374
2026-09-12-l9,A,1.0.0,docs-01000,scan,q010,rare,10,0,306.678
2026-09-12-l9,B,2.0.0-alpha.7,docs-01000,scan,q010,rare,10,0,344.666
2026-09-12-l9,A,1.0.0,docs-01000,scan,q010,rare,11,0,306.069
2026-09-12-l9,B,2.0.0-alpha.7,docs-01000,scan,q010,rare,11,0,341.047
2026-09-12-l9,A,1.0.0,docs-01000,scan,q010,rare,12,0,305.928
2026-09-12-l9,B,2.0.0-alpha.7,docs-01000,scan,q010,rare,12,0,343.835
2026-09-12-l9,A,1.0.0,docs-01000,scan,q011,common,0,1,303.155
2026-09-12-l9,B,2.0.0-alpha.7,docs-01000,scan,q011,common,0,1,331.417
2026-09-12-l9,A,1.0.0,docs-01000,scan,q011,common,1,1,300.223
2026-09-12-l9,B,2.0.0-alpha.7,docs-01000,scan,q011,common,1,1,333.704
2026-09-12-l9,A,1.0.0,docs-01000,scan,q011,common,2,1,302.316
2026-09-12-l9,B,2.0.0-alpha.7,docs-01000,scan,q011,common,2,1,331.009
2026-09-12-l9,A,1.0.0,docs-01000,scan,q011,common,3,0,302.900
2026-09-12-l9,B,2.0.0-alpha.7,docs-01000,scan,q011,common,3,0,330.923
2026-09-12-l9,A,1.0.0,docs-01000,scan,q011,common,4,0,297.870
2026-09-12-l9,B,2.0.0-alpha.7,docs-01000,scan,q011,common,4,0,333.454
2026-09-12-l9,A,1.0.0,docs-01000,scan,q011,common,5,0,306.945
2026-09-12-l9,B,2.0.0-alpha.7,docs-01000,scan,q011,common,5,0,337.022
2026-09-12-l9,A,1.0.0,docs-01000,scan,q011,common,6,0,316.026
2026-09-12-l9,B,2.0.0-alpha.7,docs-01000,scan,q011,common,6,0,333.851
2026-09-12-l9,A,1.0.0,docs-01000,scan,q011,common,7,0,302.994
2026-09-12-l9,B,2.0.0-alpha.7,docs-01000,scan,q011,common,7,0,334.861
2026-09-12-l9,A,1.0.0,docs-01000,scan,q011,common,8,0,304.511
2026-09-12-l9,B,2.0.0-alpha.7,docs-01000,scan,q011,common,8,0,330.381
2026-09-12-l9,A,1.0.0,docs-01000,scan,q011,common,9,0,304.702
2026-09-12-l9,B,2.0.0-alpha.7,docs-01000,scan,q011,common,9,0,337.253
2026-09-12-l9,A,1.0.0,docs-01000,scan,q011,common,10,0,303.085
2026-09-12-l9,B,2.0.0-alpha.7,docs-01000,scan,q011,common,10,0,329.422
2026-09-12-l9,A,1.0.0,docs-01000,scan,q011,common,11,0,308.409
2026-09-12-l9,B,2.0.0-alpha.7,docs-01000,scan,q011,common,11,0,331.673
2026-09-12-l9,A,1.0.0,docs-01000,scan,q011,common,12,0,300.004
2026-09-12-l9,B,2.0.0-alpha.7,docs-01000,scan,q011,common,12,0,337.959
2026-09-12-l9,A,1.0.0,docs-01000,scan,q012,common,0,1,300.313
2026-09-12-l9,B,2.0.0-alpha.7,docs-01000,scan,q012,common,0,1,331.164
2026-09-12-l9,A,1.0.0,docs-01000,scan,q012,common,1,1,306.052
2026-09-12-l9,B,2.0.0-alpha.7,docs-01000,scan,q012,common,1,1,342.635
2026-09-12-l9,A,1.0.0,docs-01000,scan,q012,common,2,1,300.409
2026-09-12-l9,B,2.0.0-alpha.7,docs-01000,scan,q012,common,2,1,333.723
2026-09-12-l9,A,1.0.0,docs-01000,scan,q012,common,3,0,299.405
2026-09-12-l9,B,2.0.0-alpha.7,docs-01000,scan,q012,common,3,0,327.891
2026-09-12-l9,A,1.0.0,docs-01000,scan,q012,common,4,0,301.670
2026-09-12-l9,B,2.0.0-alpha.7,docs-01000,scan,q012,common,4,0,329.900
2026-09-12-l9,A,1.0.0,docs-01000,scan,q012,common,5,0,296.368
2026-09-12-l9,B,2.0.0-alpha.7,docs-01000,scan,q012,common,5,0,329.475
2026-09-12-l9,A,1.0.0,docs-01000,scan,q012,common,6,0,300.589
2026-09-12-l9,B,2.0.0-alpha.7,docs-01000,scan,q012,common,6,0,330.935
2026-09-12-l9,A,1.0.0,docs-01000,scan,q012,common,7,0,299.781
2026-09-12-l9,B,2.0.0-alpha.7,docs-01000,scan,q012,common,7,0,333.491
2026-09-12-l9,A,1.0.0,docs-01000,scan,q012,common,8,0,298.747
2026-09-12-l9,B,2.0.0-alpha.7,docs-01000,scan,q012,common,8,0,329.206
2026-09-12-l9,A,1.0.0,docs-01000,scan,q012,common,9,0,302.049
2026-09-12-l9,B,2.0.0-alpha.7,docs-01000,scan,q012,common,9,0,331.351
2026-09-12-l9,A,1.0.0,docs-01000,scan,q012,common,10,0,299.015
2026-09-12-l9,B,2.0.0-alpha.7,docs-01000,scan,q012,common,10,0,338.945
2026-09-12-l9,A,1.0.0,docs-01000,scan,q012,common,11,0,300.558
2026-09-12-l9,B,2.0.0-alpha.7,docs-01000,scan,q012,common,11,0,326.157
2026-09-12-l9,A,1.0.0,docs-01000,scan,q012,common,12,0,300.888
2026-09-12-l9,B,2.0.0-alpha.7,docs-01000,scan,q012,common,12,0,329.656
2026-09-12-l9,A,1.0.0,docs-01000,scan,q013,common,0,1,295.308
2026-09-12-l9,B,2.0.0-alpha.7,docs-01000,scan,q013,common,0,1,329.567
2026-09-12-l9,A,1.0.0,docs-01000,scan,q013,common,1,1,298.169
2026-09-12-l9,B,2.0.0-alpha.7,docs-01000,scan,q013,common,1,1,325.965
2026-09-12-l9,A,1.0.0,docs-01000,scan,q013,common,2,1,298.873
2026-09-12-l9,B,2.0.0-alpha.7,docs-01000,scan,q013,common,2,1,329.707
2026-09-12-l9,A,1.0.0,docs-01000,scan,q013,common,3,0,295.083
2026-09-12-l9,B,2.0.0-alpha.7,docs-01000,scan,q013,common,3,0,325.863
2026-09-12-l9,A,1.0.0,docs-01000,scan,q013,common,4,0,301.958
2026-09-12-l9,B,2.0.0-alpha.7,docs-01000,scan,q013,common,4,0,330.224
2026-09-12-l9,A,1.0.0,docs-01000,scan,q013,common,5,0,299.000
2026-09-12-l9,B,2.0.0-alpha.7,docs-01000,scan,q013,common,5,0,332.915
2026-09-12-l9,A,1.0.0,docs-01000,scan,q013,common,6,0,300.618
2026-09-12-l9,B,2.0.0-alpha.7,docs-01000,scan,q013,common,6,0,328.169
2026-09-12-l9,A,1.0.0,docs-01000,scan,q013,common,7,0,298.687
2026-09-12-l9,B,2.0.0-alpha.7,docs-01000,scan,q013,common,7,0,332.035
2026-09-12-l9,A,1.0.0,docs-01000,scan,q013,common,8,0,299.057
2026-09-12-l9,B,2.0.0-alpha.7,docs-01000,scan,q013,common,8,0,329.603
2026-09-12-l9,A,1.0.0,docs-01000,scan,q013,common,9,0,297.500
2026-09-12-l9,B,2.0.0-alpha.7,docs-01000,scan,q013,common,9,0,327.934
2026-09-12-l9,A,1.0.0,docs-01000,scan,q013,common,10,0,300.033
2026-09-12-l9,B,2.0.0-alpha.7,docs-01000,scan,q013,common,10,0,328.692
2026-09-12-l9,A,1.0.0,docs-01000,scan,q013,common,11,0,299.626
2026-09-12-l9,B,2.0.0-alpha.7,docs-01000,scan,q013,common,11,0,330.230
2026-09-12-l9,A,1.0.0,docs-01000,scan,q013,common,12,0,298.558
2026-09-12-l9,B,2.0.0-alpha.7,docs-01000,scan,q013,common,12,0,328.305
2026-09-12-l9,A,1.0.0,docs-01000,scan,q014,common,0,1,291.242
2026-09-12-l9,B,2.0.0-alpha.7,docs-01000,scan,q014,common,0,1,332.039
2026-09-12-l9,A,1.0.0,docs-01000,scan,q014,common,1,1,293.961
2026-09-12-l9,B,2.0.0-alpha.7,docs-01000,scan,q014,common,1,1,335.251
2026-09-12-l9,A,1.0.0,docs-01000,scan,q014,common,2,1,295.658
2026-09-12-l9,B,2.0.0-alpha.7,docs-01000,scan,q014,common,2,1,329.067
2026-09-12-l9,A,1.0.0,docs-01000,scan,q014,common,3,0,293.278
2026-09-12-l9,B,2.0.0-alpha.7,docs-01000,scan,q014,common,3,0,330.217
2026-09-12-l9,A,1.0.0,docs-01000,scan,q014,common,4,0,290.323
2026-09-12-l9,B,2.0.0-alpha.7,docs-01000,scan,q014,common,4,0,334.454
2026-09-12-l9,A,1.0.0,docs-01000,scan,q014,common,5,0,295.987
2026-09-12-l9,B,2.0.0-alpha.7,docs-01000,scan,q014,common,5,0,337.642
2026-09-12-l9,A,1.0.0,docs-01000,scan,q014,common,6,0,297.420
2026-09-12-l9,B,2.0.0-alpha.7,docs-01000,scan,q014,common,6,0,334.262
2026-09-12-l9,A,1.0.0,docs-01000,scan,q014,common,7,0,294.316
2026-09-12-l9,B,2.0.0-alpha.7,docs-01000,scan,q014,common,7,0,333.760
2026-09-12-l9,A,1.0.0,docs-01000,scan,q014,common,8,0,293.230
2026-09-12-l9,B,2.0.0-alpha.7,docs-01000,scan,q014,common,8,0,332.757
2026-09-12-l9,A,1.0.0,docs-01000,scan,q014,common,9,0,293.949
2026-09-12-l9,B,2.0.0-alpha.7,docs-01000,scan,q014,common,9,0,329.482
2026-09-12-l9,A,1.0.0,docs-01000,scan,q014,common,10,0,296.211
2026-09-12-l9,B,2.0.0-alpha.7,docs-01000,scan,q014,common,10,0,330.701
2026-09-12-l9,A,1.0.0,docs-01000,scan,q014,common,11,0,293.432
2026-09-12-l9,B,2.0.0-alpha.7,docs-01000,scan,q014,common,11,0,335.840
2026-09-12-l9,A,1.0.0,docs-01000,scan,q014,common,12,0,300.243
2026-09-12-l9,B,2.0.0-alpha.7,docs-01000,scan,q014,common,12,0,332.413
2026-09-12-l9,A,1.0.0,docs-01000,scan,q015,common,0,1,295.273
2026-09-12-l9,B,2.0.0-alpha.7,docs-01000,scan,q015,common,0,1,329.078
2026-09-12-l9,A,1.0.0,docs-01000,scan,q015,common,1,1,291.085
2026-09-12-l9,B,2.0.0-alpha.7,docs-01000,scan,q015,common,1,1,323.132
2026-09-12-l9,A,1.0.0,docs-01000,scan,q015,common,2,1,290.227
2026-09-12-l9,B,2.0.0-alpha.7,docs-01000,scan,q015,common,2,1,320.830
2026-09-12-l9,A,1.0.0,docs-01000,scan,q015,common,3,0,287.802
2026-09-12-l9,B,2.0.0-alpha.7,docs-01000,scan,q015,common,3,0,323.962
2026-09-12-l9,A,1.0.0,docs-01000,scan,q015,common,4,0,294.056
2026-09-12-l9,B,2.0.0-alpha.7,docs-01000,scan,q015,common,4,0,317.501
2026-09-12-l9,A,1.0.0,docs-01000,scan,q015,common,5,0,293.753
2026-09-12-l9,B,2.0.0-alpha.7,docs-01000,scan,q015,common,5,0,320.937
2026-09-12-l9,A,1.0.0,docs-01000,scan,q015,common,6,0,290.394
2026-09-12-l9,B,2.0.0-alpha.7,docs-01000,scan,q015,common,6,0,321.779
2026-09-12-l9,A,1.0.0,docs-01000,scan,q015,common,7,0,292.205
2026-09-12-l9,B,2.0.0-alpha.7,docs-01000,scan,q015,common,7,0,324.385
2026-09-12-l9,A,1.0.0,docs-01000,scan,q015,common,8,0,292.527
2026-09-12-l9,B,2.0.0-alpha.7,docs-01000,scan,q015,common,8,0,325.233
2026-09-12-l9,A,1.0.0,docs-01000,scan,q015,common,9,0,291.130
2026-09-12-l9,B,2.0.0-alpha.7,docs-01000,scan,q015,common,9,0,320.810
2026-09-12-l9,A,1.0.0,docs-01000,scan,q015,common,10,0,296.442
2026-09-12-l9,B,2.0.0-alpha.7,docs-01000,scan,q015,common,10,0,330.938
2026-09-12-l9,A,1.0.0,docs-01000,scan,q015,common,11,0,292.293
2026-09-12-l9,B,2.0.0-alpha.7,docs-01000,scan,q015,common,11,0,328.401
2026-09-12-l9,A,1.0.0,docs-01000,scan,q015,common,12,0,293.810
2026-09-12-l9,B,2.0.0-alpha.7,docs-01000,scan,q015,common,12,0,326.726
2026-09-12-l9,A,1.0.0,docs-01000,scan,q016,common,0,1,297.345
2026-09-12-l9,B,2.0.0-alpha.7,docs-01000,scan,q016,common,0,1,331.232
2026-09-12-l9,A,1.0.0,docs-01000,scan,q016,common,1,1,299.979
2026-09-12-l9,B,2.0.0-alpha.7,docs-01000,scan,q016,common,1,1,335.190
2026-09-12-l9,A,1.0.0,docs-01000,scan,q016,common,2,1,298.478
2026-09-12-l9,B,2.0.0-alpha.7,docs-01000,scan,q016,common,2,1,326.195
2026-09-12-l9,A,1.0.0,docs-01000,scan,q016,common,3,0,295.954
2026-09-12-l9,B,2.0.0-alpha.7,docs-01000,scan,q016,common,3,0,323.676
2026-09-12-l9,A,1.0.0,docs-01000,scan,q016,common,4,0,295.608
2026-09-12-l9,B,2.0.0-alpha.7,docs-01000,scan,q016,common,4,0,317.496
2026-09-12-l9,A,1.0.0,docs-01000,scan,q016,common,5,0,295.032
2026-09-12-l9,B,2.0.0-alpha.7,docs-01000,scan,q016,common,5,0,320.899
2026-09-12-l9,A,1.0.0,docs-01000,scan,q016,common,6,0,292.469
2026-09-12-l9,B,2.0.0-alpha.7,docs-01000,scan,q016,common,6,0,320.824
2026-09-12-l9,A,1.0.0,docs-01000,scan,q016,common,7,0,290.952
2026-09-12-l9,B,2.0.0-alpha.7,docs-01000,scan,q016,common,7,0,323.617
2026-09-12-l9,A,1.0.0,docs-01000,scan,q016,common,8,0,292.213
2026-09-12-l9,B,2.0.0-alpha.7,docs-01000,scan,q016,common,8,0,323.850
2026-09-12-l9,A,1.0.0,docs-01000,scan,q016,common,9,0,292.747
2026-09-12-l9,B,2.0.0-alpha.7,docs-01000,scan,q016,common,9,0,323.723
2026-09-12-l9,A,1.0.0,docs-01000,scan,q016,common,10,0,293.611
2026-09-12-l9,B,2.0.0-alpha.7,docs-01000,scan,q016,common,10,0,327.000
2026-09-12-l9,A,1.0.0,docs-01000,scan,q016,common,11,0,291.865
2026-09-12-l9,B,2.0.0-alpha.7,docs-01000,scan,q016,common,11,0,325.514
2026-09-12-l9,A,1.0.0,docs-01000,scan,q016,common,12,0,322.752
2026-09-12-l9,B,2.0.0-alpha.7,docs-01000,scan,q016,common,12,0,367.868
2026-09-12-l9,A,1.0.0,docs-01000,scan,q017,common,0,1,323.070
2026-09-12-l9,B,2.0.0-alpha.7,docs-01000,scan,q017,common,0,1,357.029
2026-09-12-l9,A,1.0.0,docs-01000,scan,q017,common,1,1,316.196
2026-09-12-l9,B,2.0.0-alpha.7,docs-01000,scan,q017,common,1,1,339.475
2026-09-12-l9,A,1.0.0,docs-01000,scan,q017,common,2,1,295.621
2026-09-12-l9,B,2.0.0-alpha.7,docs-01000,scan,q017,common,2,1,326.024
2026-09-12-l9,A,1.0.0,docs-01000,scan,q017,common,3,0,298.273
2026-09-12-l9,B,2.0.0-alpha.7,docs-01000,scan,q017,common,3,0,326.621
2026-09-12-l9,A,1.0.0,docs-01000,scan,q017,common,4,0,295.636
2026-09-12-l9,B,2.0.0-alpha.7,docs-01000,scan,q017,common,4,0,333.240
2026-09-12-l9,A,1.0.0,docs-01000,scan,q017,common,5,0,302.127
2026-09-12-l9,B,2.0.0-alpha.7,docs-01000,scan,q017,common,5,0,330.407
2026-09-12-l9,A,1.0.0,docs-01000,scan,q017,common,6,0,292.552
2026-09-12-l9,B,2.0.0-alpha.7,docs-01000,scan,q017,common,6,0,313.919
2026-09-12-l9,A,1.0.0,docs-01000,scan,q017,common,7,0,284.247
2026-09-12-l9,B,2.0.0-alpha.7,docs-01000,scan,q017,common,7,0,310.560
2026-09-12-l9,A,1.0.0,docs-01000,scan,q017,common,8,0,289.232
2026-09-12-l9,B,2.0.0-alpha.7,docs-01000,scan,q017,common,8,0,320.634
2026-09-12-l9,A,1.0.0,docs-01000,scan,q017,common,9,0,286.487
2026-09-12-l9,B,2.0.0-alpha.7,docs-01000,scan,q017,common,9,0,323.171
2026-09-12-l9,A,1.0.0,docs-01000,scan,q017,common,10,0,293.637
2026-09-12-l9,B,2.0.0-alpha.7,docs-01000,scan,q017,common,10,0,321.456
2026-09-12-l9,A,1.0.0,docs-01000,scan,q017,common,11,0,294.168
2026-09-12-l9,B,2.0.0-alpha.7,docs-01000,scan,q017,common,11,0,329.272
2026-09-12-l9,A,1.0.0,docs-01000,scan,q017,common,12,0,299.565
2026-09-12-l9,B,2.0.0-alpha.7,docs-01000,scan,q017,common,12,0,327.213
2026-09-12-l9,A,1.0.0,docs-01000,scan,q018,common,0,1,295.233
2026-09-12-l9,B,2.0.0-alpha.7,docs-01000,scan,q018,common,0,1,324.758
2026-09-12-l9,A,1.0.0,docs-01000,scan,q018,common,1,1,293.136
2026-09-12-l9,B,2.0.0-alpha.7,docs-01000,scan,q018,common,1,1,328.031
2026-09-12-l9,A,1.0.0,docs-01000,scan,q018,common,2,1,293.925
2026-09-12-l9,B,2.0.0-alpha.7,docs-01000,scan,q018,common,2,1,318.066
2026-09-12-l9,A,1.0.0,docs-01000,scan,q018,common,3,0,298.946
2026-09-12-l9,B,2.0.0-alpha.7,docs-01000,scan,q018,common,3,0,319.598
2026-09-12-l9,A,1.0.0,docs-01000,scan,q018,common,4,0,289.971
2026-09-12-l9,B,2.0.0-alpha.7,docs-01000,scan,q018,common,4,0,323.631
2026-09-12-l9,A,1.0.0,docs-01000,scan,q018,common,5,0,295.703
2026-09-12-l9,B,2.0.0-alpha.7,docs-01000,scan,q018,common,5,0,320.030
2026-09-12-l9,A,1.0.0,docs-01000,scan,q018,common,6,0,292.682
2026-09-12-l9,B,2.0.0-alpha.7,docs-01000,scan,q018,common,6,0,325.046
2026-09-12-l9,A,1.0.0,docs-01000,scan,q018,common,7,0,289.636
2026-09-12-l9,B,2.0.0-alpha.7,docs-01000,scan,q018,common,7,0,322.949
2026-09-12-l9,A,1.0.0,docs-01000,scan,q018,common,8,0,302.654
2026-09-12-l9,B,2.0.0-alpha.7,docs-01000,scan,q018,common,8,0,326.022
2026-09-12-l9,A,1.0.0,docs-01000,scan,q018,common,9,0,296.639
2026-09-12-l9,B,2.0.0-alpha.7,docs-01000,scan,q018,common,9,0,330.878
2026-09-12-l9,A,1.0.0,docs-01000,scan,q018,common,10,0,296.710
2026-09-12-l9,B,2.0.0-alpha.7,docs-01000,scan,q018,common,10,0,327.403
2026-09-12-l9,A,1.0.0,docs-01000,scan,q018,common,11,0,296.113
2026-09-12-l9,B,2.0.0-alpha.7,docs-01000,scan,q018,common,11,0,328.709
2026-09-12-l9,A,1.0.0,docs-01000,scan,q018,common,12,0,297.457
2026-09-12-l9,B,2.0.0-alpha.7,docs-01000,scan,q018,common,12,0,329.369
2026-09-12-l9,A,1.0.0,docs-01000,scan,q019,rare+common,0,1,303.760
2026-09-12-l9,B,2.0.0-alpha.7,docs-01000,scan,q019,rare+common,0,1,325.226
2026-09-12-l9,A,1.0.0,docs-01000,scan,q019,rare+common,1,1,296.346
2026-09-12-l9,B,2.0.0-alpha.7,docs-01000,scan,q019,rare+common,1,1,324.399
2026-09-12-l9,A,1.0.0,docs-01000,scan,q019,rare+common,2,1,292.168
2026-09-12-l9,B,2.0.0-alpha.7,docs-01000,scan,q019,rare+common,2,1,317.027
2026-09-12-l9,A,1.0.0,docs-01000,scan,q019,rare+common,3,0,295.913
2026-09-12-l9,B,2.0.0-alpha.7,docs-01000,scan,q019,rare+common,3,0,326.805
2026-09-12-l9,A,1.0.0,docs-01000,scan,q019,rare+common,4,0,293.216
2026-09-12-l9,B,2.0.0-alpha.7,docs-01000,scan,q019,rare+common,4,0,331.020
2026-09-12-l9,A,1.0.0,docs-01000,scan,q019,rare+common,5,0,295.534
2026-09-12-l9,B,2.0.0-alpha.7,docs-01000,scan,q019,rare+common,5,0,321.422
2026-09-12-l9,A,1.0.0,docs-01000,scan,q019,rare+common,6,0,302.767
2026-09-12-l9,B,2.0.0-alpha.7,docs-01000,scan,q019,rare+common,6,0,338.925
2026-09-12-l9,A,1.0.0,docs-01000,scan,q019,rare+common,7,0,298.373
2026-09-12-l9,B,2.0.0-alpha.7,docs-01000,scan,q019,rare+common,7,0,324.546
2026-09-12-l9,A,1.0.0,docs-01000,scan,q019,rare+common,8,0,299.733
2026-09-12-l9,B,2.0.0-alpha.7,docs-01000,scan,q019,rare+common,8,0,321.703
2026-09-12-l9,A,1.0.0,docs-01000,scan,q019,rare+common,9,0,294.797
2026-09-12-l9,B,2.0.0-alpha.7,docs-01000,scan,q019,rare+common,9,0,327.889
2026-09-12-l9,A,1.0.0,docs-01000,scan,q019,rare+common,10,0,296.063
2026-09-12-l9,B,2.0.0-alpha.7,docs-01000,scan,q019,rare+common,10,0,323.981
2026-09-12-l9,A,1.0.0,docs-01000,scan,q019,rare+common,11,0,300.953
2026-09-12-l9,B,2.0.0-alpha.7,docs-01000,scan,q019,rare+common,11,0,324.583
2026-09-12-l9,A,1.0.0,docs-01000,scan,q019,rare+common,12,0,296.143
2026-09-12-l9,B,2.0.0-alpha.7,docs-01000,scan,q019,rare+common,12,0,328.549
2026-09-12-l9,A,1.0.0,docs-01000,scan,q020,rare+common,0,1,296.881
2026-09-12-l9,B,2.0.0-alpha.7,docs-01000,scan,q020,rare+common,0,1,323.243
2026-09-12-l9,A,1.0.0,docs-01000,scan,q020,rare+common,1,1,301.162
2026-09-12-l9,B,2.0.0-alpha.7,docs-01000,scan,q020,rare+common,1,1,328.440
2026-09-12-l9,A,1.0.0,docs-01000,scan,q020,rare+common,2,1,300.050
2026-09-12-l9,B,2.0.0-alpha.7,docs-01000,scan,q020,rare+common,2,1,327.301
2026-09-12-l9,A,1.0.0,docs-01000,scan,q020,rare+common,3,0,301.112
2026-09-12-l9,B,2.0.0-alpha.7,docs-01000,scan,q020,rare+common,3,0,326.005
2026-09-12-l9,A,1.0.0,docs-01000,scan,q020,rare+common,4,0,298.131
2026-09-12-l9,B,2.0.0-alpha.7,docs-01000,scan,q020,rare+common,4,0,328.661
2026-09-12-l9,A,1.0.0,docs-01000,scan,q020,rare+common,5,0,298.806
2026-09-12-l9,B,2.0.0-alpha.7,docs-01000,scan,q020,rare+common,5,0,327.146
2026-09-12-l9,A,1.0.0,docs-01000,scan,q020,rare+common,6,0,301.380
2026-09-12-l9,B,2.0.0-alpha.7,docs-01000,scan,q020,rare+common,6,0,328.088
2026-09-12-l9,A,1.0.0,docs-01000,scan,q020,rare+common,7,0,296.612
2026-09-12-l9,B,2.0.0-alpha.7,docs-01000,scan,q020,rare+common,7,0,330.691
2026-09-12-l9,A,1.0.0,docs-01000,scan,q020,rare+common,8,0,301.348
2026-09-12-l9,B,2.0.0-alpha.7,docs-01000,scan,q020,rare+common,8,0,323.777
2026-09-12-l9,A,1.0.0,docs-01000,scan,q020,rare+common,9,0,299.860
2026-09-12-l9,B,2.0.0-alpha.7,docs-01000,scan,q020,rare+common,9,0,333.129
2026-09-12-l9,A,1.0.0,docs-01000,scan,q020,rare+common,10,0,300.746
2026-09-12-l9,B,2.0.0-alpha.7,docs-01000,scan,q020,rare+common,10,0,326.495
2026-09-12-l9,A,1.0.0,docs-01000,scan,q020,rare+common,11,0,300.582
2026-09-12-l9,B,2.0.0-alpha.7,docs-01000,scan,q020,rare+common,11,0,324.050
2026-09-12-l9,A,1.0.0,docs-01000,scan,q020,rare+common,12,0,295.923
2026-09-12-l9,B,2.0.0-alpha.7,docs-01000,scan,q020,rare+common,12,0,329.357
2026-09-12-l9,A,1.0.0,docs-01000,scan,q021,rare+common,0,1,300.667
2026-09-12-l9,B,2.0.0-alpha.7,docs-01000,scan,q021,rare+common,0,1,328.976
2026-09-12-l9,A,1.0.0,docs-01000,scan,q021,rare+common,1,1,301.591
2026-09-12-l9,B,2.0.0-alpha.7,docs-01000,scan,q021,rare+common,1,1,330.144
2026-09-12-l9,A,1.0.0,docs-01000,scan,q021,rare+common,2,1,296.277
2026-09-12-l9,B,2.0.0-alpha.7,docs-01000,scan,q021,rare+common,2,1,330.373
2026-09-12-l9,A,1.0.0,docs-01000,scan,q021,rare+common,3,0,299.274
2026-09-12-l9,B,2.0.0-alpha.7,docs-01000,scan,q021,rare+common,3,0,323.899
2026-09-12-l9,A,1.0.0,docs-01000,scan,q021,rare+common,4,0,299.966
2026-09-12-l9,B,2.0.0-alpha.7,docs-01000,scan,q021,rare+common,4,0,326.282
2026-09-12-l9,A,1.0.0,docs-01000,scan,q021,rare+common,5,0,298.918
2026-09-12-l9,B,2.0.0-alpha.7,docs-01000,scan,q021,rare+common,5,0,322.916
2026-09-12-l9,A,1.0.0,docs-01000,scan,q021,rare+common,6,0,299.409
2026-09-12-l9,B,2.0.0-alpha.7,docs-01000,scan,q021,rare+common,6,0,333.267
2026-09-12-l9,A,1.0.0,docs-01000,scan,q021,rare+common,7,0,302.505
2026-09-12-l9,B,2.0.0-alpha.7,docs-01000,scan,q021,rare+common,7,0,331.234
2026-09-12-l9,A,1.0.0,docs-01000,scan,q021,rare+common,8,0,300.321
2026-09-12-l9,B,2.0.0-alpha.7,docs-01000,scan,q021,rare+common,8,0,332.263
2026-09-12-l9,A,1.0.0,docs-01000,scan,q021,rare+common,9,0,302.545
2026-09-12-l9,B,2.0.0-alpha.7,docs-01000,scan,q021,rare+common,9,0,328.612
2026-09-12-l9,A,1.0.0,docs-01000,scan,q021,rare+common,10,0,299.657
2026-09-12-l9,B,2.0.0-alpha.7,docs-01000,scan,q021,rare+common,10,0,327.096
2026-09-12-l9,A,1.0.0,docs-01000,scan,q021,rare+common,11,0,295.317
2026-09-12-l9,B,2.0.0-alpha.7,docs-01000,scan,q021,rare+common,11,0,322.700
2026-09-12-l9,A,1.0.0,docs-01000,scan,q021,rare+common,12,0,303.383
2026-09-12-l9,B,2.0.0-alpha.7,docs-01000,scan,q021,rare+common,12,0,325.054
2026-09-12-l9,A,1.0.0,docs-01000,scan,q022,rare+common,0,1,295.571
2026-09-12-l9,B,2.0.0-alpha.7,docs-01000,scan,q022,rare+common,0,1,324.395
2026-09-12-l9,A,1.0.0,docs-01000,scan,q022,rare+common,1,1,298.167
2026-09-12-l9,B,2.0.0-alpha.7,docs-01000,scan,q022,rare+common,1,1,323.457
2026-09-12-l9,A,1.0.0,docs-01000,scan,q022,rare+common,2,1,293.817
2026-09-12-l9,B,2.0.0-alpha.7,docs-01000,scan,q022,rare+common,2,1,325.384
2026-09-12-l9,A,1.0.0,docs-01000,scan,q022,rare+common,3,0,293.190
2026-09-12-l9,B,2.0.0-alpha.7,docs-01000,scan,q022,rare+common,3,0,326.126
2026-09-12-l9,A,1.0.0,docs-01000,scan,q022,rare+common,4,0,301.085
2026-09-12-l9,B,2.0.0-alpha.7,docs-01000,scan,q022,rare+common,4,0,327.578
2026-09-12-l9,A,1.0.0,docs-01000,scan,q022,rare+common,5,0,294.109
2026-09-12-l9,B,2.0.0-alpha.7,docs-01000,scan,q022,rare+common,5,0,331.658
2026-09-12-l9,A,1.0.0,docs-01000,scan,q022,rare+common,6,0,303.062
2026-09-12-l9,B,2.0.0-alpha.7,docs-01000,scan,q022,rare+common,6,0,324.713
2026-09-12-l9,A,1.0.0,docs-01000,scan,q022,rare+common,7,0,303.441
2026-09-12-l9,B,2.0.0-alpha.7,docs-01000,scan,q022,rare+common,7,0,330.611
2026-09-12-l9,A,1.0.0,docs-01000,scan,q022,rare+common,8,0,297.206
2026-09-12-l9,B,2.0.0-alpha.7,docs-01000,scan,q022,rare+common,8,0,326.018
2026-09-12-l9,A,1.0.0,docs-01000,scan,q022,rare+common,9,0,300.340
2026-09-12-l9,B,2.0.0-alpha.7,docs-01000,scan,q022,rare+common,9,0,320.171
2026-09-12-l9,A,1.0.0,docs-01000,scan,q022,rare+common,10,0,295.296
2026-09-12-l9,B,2.0.0-alpha.7,docs-01000,scan,q022,rare+common,10,0,327.924
2026-09-12-l9,A,1.0.0,docs-01000,scan,q022,rare+common,11,0,295.837
2026-09-12-l9,B,2.0.0-alpha.7,docs-01000,scan,q022,rare+common,11,0,319.974
2026-09-12-l9,A,1.0.0,docs-01000,scan,q022,rare+common,12,0,299.958
2026-09-12-l9,B,2.0.0-alpha.7,docs-01000,scan,q022,rare+common,12,0,326.166
2026-09-12-l9,A,1.0.0,docs-01000,scan,q023,rare+common,0,1,295.390
2026-09-12-l9,B,2.0.0-alpha.7,docs-01000,scan,q023,rare+common,0,1,330.780
2026-09-12-l9,A,1.0.0,docs-01000,scan,q023,rare+common,1,1,294.822
2026-09-12-l9,B,2.0.0-alpha.7,docs-01000,scan,q023,rare+common,1,1,322.268
2026-09-12-l9,A,1.0.0,docs-01000,scan,q023,rare+common,2,1,299.122
2026-09-12-l9,B,2.0.0-alpha.7,docs-01000,scan,q023,rare+common,2,1,340.406
2026-09-12-l9,A,1.0.0,docs-01000,scan,q023,rare+common,3,0,298.793
2026-09-12-l9,B,2.0.0-alpha.7,docs-01000,scan,q023,rare+common,3,0,327.332
2026-09-12-l9,A,1.0.0,docs-01000,scan,q023,rare+common,4,0,300.394
2026-09-12-l9,B,2.0.0-alpha.7,docs-01000,scan,q023,rare+common,4,0,320.334
2026-09-12-l9,A,1.0.0,docs-01000,scan,q023,rare+common,5,0,292.446
2026-09-12-l9,B,2.0.0-alpha.7,docs-01000,scan,q023,rare+common,5,0,331.169
2026-09-12-l9,A,1.0.0,docs-01000,scan,q023,rare+common,6,0,292.710
2026-09-12-l9,B,2.0.0-alpha.7,docs-01000,scan,q023,rare+common,6,0,319.049
2026-09-12-l9,A,1.0.0,docs-01000,scan,q023,rare+common,7,0,298.104
2026-09-12-l9,B,2.0.0-alpha.7,docs-01000,scan,q023,rare+common,7,0,326.226
2026-09-12-l9,A,1.0.0,docs-01000,scan,q023,rare+common,8,0,297.422
2026-09-12-l9,B,2.0.0-alpha.7,docs-01000,scan,q023,rare+common,8,0,324.764
2026-09-12-l9,A,1.0.0,docs-01000,scan,q023,rare+common,9,0,294.016
2026-09-12-l9,B,2.0.0-alpha.7,docs-01000,scan,q023,rare+common,9,0,316.768
2026-09-12-l9,A,1.0.0,docs-01000,scan,q023,rare+common,10,0,295.560
2026-09-12-l9,B,2.0.0-alpha.7,docs-01000,scan,q023,rare+common,10,0,321.274
2026-09-12-l9,A,1.0.0,docs-01000,scan,q023,rare+common,11,0,294.618
2026-09-12-l9,B,2.0.0-alpha.7,docs-01000,scan,q023,rare+common,11,0,319.645
2026-09-12-l9,A,1.0.0,docs-01000,scan,q023,rare+common,12,0,295.856
2026-09-12-l9,B,2.0.0-alpha.7,docs-01000,scan,q023,rare+common,12,0,317.150
2026-09-12-l9,A,1.0.0,docs-01000,scan,q024,rare+common,0,1,289.964
2026-09-12-l9,B,2.0.0-alpha.7,docs-01000,scan,q024,rare+common,0,1,324.298
2026-09-12-l9,A,1.0.0,docs-01000,scan,q024,rare+common,1,1,294.317
2026-09-12-l9,B,2.0.0-alpha.7,docs-01000,scan,q024,rare+common,1,1,315.766
2026-09-12-l9,A,1.0.0,docs-01000,scan,q024,rare+common,2,1,296.282
2026-09-12-l9,B,2.0.0-alpha.7,docs-01000,scan,q024,rare+common,2,1,322.166
2026-09-12-l9,A,1.0.0,docs-01000,scan,q024,rare+common,3,0,293.611
2026-09-12-l9,B,2.0.0-alpha.7,docs-01000,scan,q024,rare+common,3,0,320.822
2026-09-12-l9,A,1.0.0,docs-01000,scan,q024,rare+common,4,0,296.164
2026-09-12-l9,B,2.0.0-alpha.7,docs-01000,scan,q024,rare+common,4,0,319.603
2026-09-12-l9,A,1.0.0,docs-01000,scan,q024,rare+common,5,0,289.196
2026-09-12-l9,B,2.0.0-alpha.7,docs-01000,scan,q024,rare+common,5,0,321.703
2026-09-12-l9,A,1.0.0,docs-01000,scan,q024,rare+common,6,0,291.074
2026-09-12-l9,B,2.0.0-alpha.7,docs-01000,scan,q024,rare+common,6,0,317.541
2026-09-12-l9,A,1.0.0,docs-01000,scan,q024,rare+common,7,0,294.713
2026-09-12-l9,B,2.0.0-alpha.7,docs-01000,scan,q024,rare+common,7,0,318.383
2026-09-12-l9,A,1.0.0,docs-01000,scan,q024,rare+common,8,0,287.487
2026-09-12-l9,B,2.0.0-alpha.7,docs-01000,scan,q024,rare+common,8,0,326.335
2026-09-12-l9,A,1.0.0,docs-01000,scan,q024,rare+common,9,0,294.475
2026-09-12-l9,B,2.0.0-alpha.7,docs-01000,scan,q024,rare+common,9,0,337.656
2026-09-12-l9,A,1.0.0,docs-01000,scan,q024,rare+common,10,0,312.327
2026-09-12-l9,B,2.0.0-alpha.7,docs-01000,scan,q024,rare+common,10,0,342.743
2026-09-12-l9,A,1.0.0,docs-01000,scan,q024,rare+common,11,0,310.033
2026-09-12-l9,B,2.0.0-alpha.7,docs-01000,scan,q024,rare+common,11,0,341.741
2026-09-12-l9,A,1.0.0,docs-01000,scan,q024,rare+common,12,0,298.478
2026-09-12-l9,B,2.0.0-alpha.7,docs-01000,scan,q024,rare+common,12,0,311.612
2026-09-12-l9,A,1.0.0,docs-01000,scan,q025,rare+common,0,1,281.521
2026-09-12-l9,B,2.0.0-alpha.7,docs-01000,scan,q025,rare+common,0,1,312.108
2026-09-12-l9,A,1.0.0,docs-01000,scan,q025,rare+common,1,1,284.333
2026-09-12-l9,B,2.0.0-alpha.7,docs-01000,scan,q025,rare+common,1,1,309.570
2026-09-12-l9,A,1.0.0,docs-01000,scan,q025,rare+common,2,1,287.954
2026-09-12-l9,B,2.0.0-alpha.7,docs-01000,scan,q025,rare+common,2,1,311.510
2026-09-12-l9,A,1.0.0,docs-01000,scan,q025,rare+common,3,0,284.115
2026-09-12-l9,B,2.0.0-alpha.7,docs-01000,scan,q025,rare+common,3,0,315.533
2026-09-12-l9,A,1.0.0,docs-01000,scan,q025,rare+common,4,0,287.498
2026-09-12-l9,B,2.0.0-alpha.7,docs-01000,scan,q025,rare+common,4,0,313.465
2026-09-12-l9,A,1.0.0,docs-01000,scan,q025,rare+common,5,0,285.692
2026-09-12-l9,B,2.0.0-alpha.7,docs-01000,scan,q025,rare+common,5,0,316.034
2026-09-12-l9,A,1.0.0,docs-01000,scan,q025,rare+common,6,0,285.349
2026-09-12-l9,B,2.0.0-alpha.7,docs-01000,scan,q025,rare+common,6,0,312.491
2026-09-12-l9,A,1.0.0,docs-01000,scan,q025,rare+common,7,0,293.804
2026-09-12-l9,B,2.0.0-alpha.7,docs-01000,scan,q025,rare+common,7,0,317.991
2026-09-12-l9,A,1.0.0,docs-01000,scan,q025,rare+common,8,0,285.977
2026-09-12-l9,B,2.0.0-alpha.7,docs-01000,scan,q025,rare+common,8,0,319.304
2026-09-12-l9,A,1.0.0,docs-01000,scan,q025,rare+common,9,0,288.754
2026-09-12-l9,B,2.0.0-alpha.7,docs-01000,scan,q025,rare+common,9,0,316.398
2026-09-12-l9,A,1.0.0,docs-01000,scan,q025,rare+common,10,0,291.468
2026-09-12-l9,B,2.0.0-alpha.7,docs-01000,scan,q025,rare+common,10,0,319.468
2026-09-12-l9,A,1.0.0,docs-01000,scan,q025,rare+common,11,0,286.246
2026-09-12-l9,B,2.0.0-alpha.7,docs-01000,scan,q025,rare+common,11,0,311.401
2026-09-12-l9,A,1.0.0,docs-01000,scan,q025,rare+common,12,0,291.030
2026-09-12-l9,B,2.0.0-alpha.7,docs-01000,scan,q025,rare+common,12,0,316.340
2026-09-12-l9,A,1.0.0,docs-01000,scan,q026,rare+common,0,1,292.381
2026-09-12-l9,B,2.0.0-alpha.7,docs-01000,scan,q026,rare+common,0,1,322.024
2026-09-12-l9,A,1.0.0,docs-01000,scan,q026,rare+common,1,1,290.201
2026-09-12-l9,B,2.0.0-alpha.7,docs-01000,scan,q026,rare+common,1,1,314.528
2026-09-12-l9,A,1.0.0,docs-01000,scan,q026,rare+common,2,1,288.510
2026-09-12-l9,B,2.0.0-alpha.7,docs-01000,scan,q026,rare+common,2,1,323.276
2026-09-12-l9,A,1.0.0,docs-01000,scan,q026,rare+common,3,0,292.365
2026-09-12-l9,B,2.0.0-alpha.7,docs-01000,scan,q026,rare+common,3,0,315.484
2026-09-12-l9,A,1.0.0,docs-01000,scan,q026,rare+common,4,0,296.452
2026-09-12-l9,B,2.0.0-alpha.7,docs-01000,scan,q026,rare+common,4,0,318.775
2026-09-12-l9,A,1.0.0,docs-01000,scan,q026,rare+common,5,0,287.185
2026-09-12-l9,B,2.0.0-alpha.7,docs-01000,scan,q026,rare+common,5,0,322.412
2026-09-12-l9,A,1.0.0,docs-01000,scan,q026,rare+common,6,0,290.515
2026-09-12-l9,B,2.0.0-alpha.7,docs-01000,scan,q026,rare+common,6,0,314.903
2026-09-12-l9,A,1.0.0,docs-01000,scan,q026,rare+common,7,0,290.798
2026-09-12-l9,B,2.0.0-alpha.7,docs-01000,scan,q026,rare+common,7,0,318.902
2026-09-12-l9,A,1.0.0,docs-01000,scan,q026,rare+common,8,0,293.166
2026-09-12-l9,B,2.0.0-alpha.7,docs-01000,scan,q026,rare+common,8,0,314.128
2026-09-12-l9,A,1.0.0,docs-01000,scan,q026,rare+common,9,0,289.775
2026-09-12-l9,B,2.0.0-alpha.7,docs-01000,scan,q026,rare+common,9,0,329.673
2026-09-12-l9,A,1.0.0,docs-01000,scan,q026,rare+common,10,0,299.397
2026-09-12-l9,B,2.0.0-alpha.7,docs-01000,scan,q026,rare+common,10,0,340.033
2026-09-12-l9,A,1.0.0,docs-01000,scan,q026,rare+common,11,0,311.461
2026-09-12-l9,B,2.0.0-alpha.7,docs-01000,scan,q026,rare+common,11,0,334.652
2026-09-12-l9,A,1.0.0,docs-01000,scan,q026,rare+common,12,0,302.922
2026-09-12-l9,B,2.0.0-alpha.7,docs-01000,scan,q026,rare+common,12,0,330.625
2026-09-12-l9,A,1.0.0,docs-01000,scan,q027,common+common,0,1,269.383
2026-09-12-l9,B,2.0.0-alpha.7,docs-01000,scan,q027,common+common,0,1,301.702
2026-09-12-l9,A,1.0.0,docs-01000,scan,q027,common+common,1,1,276.057
2026-09-12-l9,B,2.0.0-alpha.7,docs-01000,scan,q027,common+common,1,1,305.647
2026-09-12-l9,A,1.0.0,docs-01000,scan,q027,common+common,2,1,273.269
2026-09-12-l9,B,2.0.0-alpha.7,docs-01000,scan,q027,common+common,2,1,309.133
2026-09-12-l9,A,1.0.0,docs-01000,scan,q027,common+common,3,0,275.981
2026-09-12-l9,B,2.0.0-alpha.7,docs-01000,scan,q027,common+common,3,0,303.077
2026-09-12-l9,A,1.0.0,docs-01000,scan,q027,common+common,4,0,277.910
2026-09-12-l9,B,2.0.0-alpha.7,docs-01000,scan,q027,common+common,4,0,311.613
2026-09-12-l9,A,1.0.0,docs-01000,scan,q027,common+common,5,0,275.795
2026-09-12-l9,B,2.0.0-alpha.7,docs-01000,scan,q027,common+common,5,0,307.747
2026-09-12-l9,A,1.0.0,docs-01000,scan,q027,common+common,6,0,281.529
2026-09-12-l9,B,2.0.0-alpha.7,docs-01000,scan,q027,common+common,6,0,309.942
2026-09-12-l9,A,1.0.0,docs-01000,scan,q027,common+common,7,0,277.386
2026-09-12-l9,B,2.0.0-alpha.7,docs-01000,scan,q027,common+common,7,0,314.055
2026-09-12-l9,A,1.0.0,docs-01000,scan,q027,common+common,8,0,279.001
2026-09-12-l9,B,2.0.0-alpha.7,docs-01000,scan,q027,common+common,8,0,311.776
2026-09-12-l9,A,1.0.0,docs-01000,scan,q027,common+common,9,0,278.245
2026-09-12-l9,B,2.0.0-alpha.7,docs-01000,scan,q027,common+common,9,0,313.325
2026-09-12-l9,A,1.0.0,docs-01000,scan,q027,common+common,10,0,279.718
2026-09-12-l9,B,2.0.0-alpha.7,docs-01000,scan,q027,common+common,10,0,310.641
2026-09-12-l9,A,1.0.0,docs-01000,scan,q027,common+common,11,0,280.656
2026-09-12-l9,B,2.0.0-alpha.7,docs-01000,scan,q027,common+common,11,0,320.040
2026-09-12-l9,A,1.0.0,docs-01000,scan,q027,common+common,12,0,278.369
2026-09-12-l9,B,2.0.0-alpha.7,docs-01000,scan,q027,common+common,12,0,313.046
2026-09-12-l9,A,1.0.0,docs-01000,scan,q028,common+common,0,1,280.210
2026-09-12-l9,B,2.0.0-alpha.7,docs-01000,scan,q028,common+common,0,1,302.046
2026-09-12-l9,A,1.0.0,docs-01000,scan,q028,common+common,1,1,281.227
2026-09-12-l9,B,2.0.0-alpha.7,docs-01000,scan,q028,common+common,1,1,309.503
2026-09-12-l9,A,1.0.0,docs-01000,scan,q028,common+common,2,1,277.486
2026-09-12-l9,B,2.0.0-alpha.7,docs-01000,scan,q028,common+common,2,1,303.134
2026-09-12-l9,A,1.0.0,docs-01000,scan,q028,common+common,3,0,284.434
2026-09-12-l9,B,2.0.0-alpha.7,docs-01000,scan,q028,common+common,3,0,306.302
2026-09-12-l9,A,1.0.0,docs-01000,scan,q028,common+common,4,0,278.532
2026-09-12-l9,B,2.0.0-alpha.7,docs-01000,scan,q028,common+common,4,0,305.220
2026-09-12-l9,A,1.0.0,docs-01000,scan,q028,common+common,5,0,280.964
2026-09-12-l9,B,2.0.0-alpha.7,docs-01000,scan,q028,common+common,5,0,303.943
2026-09-12-l9,A,1.0.0,docs-01000,scan,q028,common+common,6,0,281.214
2026-09-12-l9,B,2.0.0-alpha.7,docs-01000,scan,q028,common+common,6,0,310.922
2026-09-12-l9,A,1.0.0,docs-01000,scan,q028,common+common,7,0,283.821
2026-09-12-l9,B,2.0.0-alpha.7,docs-01000,scan,q028,common+common,7,0,301.223
2026-09-12-l9,A,1.0.0,docs-01000,scan,q028,common+common,8,0,280.823
2026-09-12-l9,B,2.0.0-alpha.7,docs-01000,scan,q028,common+common,8,0,306.015
2026-09-12-l9,A,1.0.0,docs-01000,scan,q028,common+common,9,0,278.362
2026-09-12-l9,B,2.0.0-alpha.7,docs-01000,scan,q028,common+common,9,0,302.959
2026-09-12-l9,A,1.0.0,docs-01000,scan,q028,common+common,10,0,281.175
2026-09-12-l9,B,2.0.0-alpha.7,docs-01000,scan,q028,common+common,10,0,303.637
2026-09-12-l9,A,1.0.0,docs-01000,scan,q028,common+common,11,0,277.992
2026-09-12-l9,B,2.0.0-alpha.7,docs-01000,scan,q028,common+common,11,0,314.978
2026-09-12-l9,A,1.0.0,docs-01000,scan,q028,common+common,12,0,289.316
2026-09-12-l9,B,2.0.0-alpha.7,docs-01000,scan,q028,common+common,12,0,319.337
2026-09-12-l9,A,1.0.0,docs-01000,scan,q029,common+common,0,1,286.978
2026-09-12-l9,B,2.0.0-alpha.7,docs-01000,scan,q029,common+common,0,1,308.171
2026-09-12-l9,A,1.0.0,docs-01000,scan,q029,common+common,1,1,277.795
2026-09-12-l9,B,2.0.0-alpha.7,docs-01000,scan,q029,common+common,1,1,304.955
2026-09-12-l9,A,1.0.0,docs-01000,scan,q029,common+common,2,1,278.049
2026-09-12-l9,B,2.0.0-alpha.7,docs-01000,scan,q029,common+common,2,1,308.938
2026-09-12-l9,A,1.0.0,docs-01000,scan,q029,common+common,3,0,274.797
2026-09-12-l9,B,2.0.0-alpha.7,docs-01000,scan,q029,common+common,3,0,309.123
2026-09-12-l9,A,1.0.0,docs-01000,scan,q029,common+common,4,0,278.597
2026-09-12-l9,B,2.0.0-alpha.7,docs-01000,scan,q029,common+common,4,0,307.908
2026-09-12-l9,A,1.0.0,docs-01000,scan,q029,common+common,5,0,282.202
2026-09-12-l9,B,2.0.0-alpha.7,docs-01000,scan,q029,common+common,5,0,316.700
2026-09-12-l9,A,1.0.0,docs-01000,scan,q029,common+common,6,0,278.742
2026-09-12-l9,B,2.0.0-alpha.7,docs-01000,scan,q029,common+common,6,0,302.469
2026-09-12-l9,A,1.0.0,docs-01000,scan,q029,common+common,7,0,280.847
2026-09-12-l9,B,2.0.0-alpha.7,docs-01000,scan,q029,common+common,7,0,323.140
2026-09-12-l9,A,1.0.0,docs-01000,scan,q029,common+common,8,0,276.209
2026-09-12-l9,B,2.0.0-alpha.7,docs-01000,scan,q029,common+common,8,0,307.775
2026-09-12-l9,A,1.0.0,docs-01000,scan,q029,common+common,9,0,276.525
2026-09-12-l9,B,2.0.0-alpha.7,docs-01000,scan,q029,common+common,9,0,306.162
2026-09-12-l9,A,1.0.0,docs-01000,scan,q029,common+common,10,0,275.305
2026-09-12-l9,B,2.0.0-alpha.7,docs-01000,scan,q029,common+common,10,0,310.241
2026-09-12-l9,A,1.0.0,docs-01000,scan,q029,common+common,11,0,285.340
2026-09-12-l9,B,2.0.0-alpha.7,docs-01000,scan,q029,common+common,11,0,319.540
2026-09-12-l9,A,1.0.0,docs-01000,scan,q029,common+common,12,0,281.849
2026-09-12-l9,B,2.0.0-alpha.7,docs-01000,scan,q029,common+common,12,0,306.040
2026-09-12-l9,A,1.0.0,docs-01000,scan,q030,common+common,0,1,279.865
2026-09-12-l9,B,2.0.0-alpha.7,docs-01000,scan,q030,common+common,0,1,305.217
2026-09-12-l9,A,1.0.0,docs-01000,scan,q030,common+common,1,1,288.854
2026-09-12-l9,B,2.0.0-alpha.7,docs-01000,scan,q030,common+common,1,1,310.446
2026-09-12-l9,A,1.0.0,docs-01000,scan,q030,common+common,2,1,279.888
2026-09-12-l9,B,2.0.0-alpha.7,docs-01000,scan,q030,common+common,2,1,308.816
2026-09-12-l9,A,1.0.0,docs-01000,scan,q030,common+common,3,0,279.613
2026-09-12-l9,B,2.0.0-alpha.7,docs-01000,scan,q030,common+common,3,0,305.456
2026-09-12-l9,A,1.0.0,docs-01000,scan,q030,common+common,4,0,281.208
2026-09-12-l9,B,2.0.0-alpha.7,docs-01000,scan,q030,common+common,4,0,306.522
2026-09-12-l9,A,1.0.0,docs-01000,scan,q030,common+common,5,0,278.422
2026-09-12-l9,B,2.0.0-alpha.7,docs-01000,scan,q030,common+common,5,0,303.419
2026-09-12-l9,A,1.0.0,docs-01000,scan,q030,common+common,6,0,280.289
2026-09-12-l9,B,2.0.0-alpha.7,docs-01000,scan,q030,common+common,6,0,302.850
2026-09-12-l9,A,1.0.0,docs-01000,scan,q030,common+common,7,0,278.128
2026-09-12-l9,B,2.0.0-alpha.7,docs-01000,scan,q030,common+common,7,0,303.107
2026-09-12-l9,A,1.0.0,docs-01000,scan,q030,common+common,8,0,280.556
2026-09-12-l9,B,2.0.0-alpha.7,docs-01000,scan,q030,common+common,8,0,304.407
2026-09-12-l9,A,1.0.0,docs-01000,scan,q030,common+common,9,0,282.479
2026-09-12-l9,B,2.0.0-alpha.7,docs-01000,scan,q030,common+common,9,0,309.184
2026-09-12-l9,A,1.0.0,docs-01000,scan,q030,common+common,10,0,281.603
2026-09-12-l9,B,2.0.0-alpha.7,docs-01000,scan,q030,common+common,10,0,304.261
2026-09-12-l9,A,1.0.0,docs-01000,scan,q030,common+common,11,0,285.657
2026-09-12-l9,B,2.0.0-alpha.7,docs-01000,scan,q030,common+common,11,0,326.588
2026-09-12-l9,A,1.0.0,docs-01000,scan,q030,common+common,12,0,281.355
2026-09-12-l9,B,2.0.0-alpha.7,docs-01000,scan,q030,common+common,12,0,310.054
2026-09-12-l9,A,1.0.0,docs-01000,scan,q031,common+common,0,1,277.213
2026-09-12-l9,B,2.0.0-alpha.7,docs-01000,scan,q031,common+common,0,1,301.524
2026-09-12-l9,A,1.0.0,docs-01000,scan,q031,common+common,1,1,274.605
2026-09-12-l9,B,2.0.0-alpha.7,docs-01000,scan,q031,common+common,1,1,300.566
2026-09-12-l9,A,1.0.0,docs-01000,scan,q031,common+common,2,1,280.036
2026-09-12-l9,B,2.0.0-alpha.7,docs-01000,scan,q031,common+common,2,1,297.821
2026-09-12-l9,A,1.0.0,docs-01000,scan,q031,common+common,3,0,280.105
2026-09-12-l9,B,2.0.0-alpha.7,docs-01000,scan,q031,common+common,3,0,305.074
2026-09-12-l9,A,1.0.0,docs-01000,scan,q031,common+common,4,0,279.444
2026-09-12-l9,B,2.0.0-alpha.7,docs-01000,scan,q031,common+common,4,0,302.530
2026-09-12-l9,A,1.0.0,docs-01000,scan,q031,common+common,5,0,278.394
2026-09-12-l9,B,2.0.0-alpha.7,docs-01000,scan,q031,common+common,5,0,297.629
2026-09-12-l9,A,1.0.0,docs-01000,scan,q031,common+common,6,0,274.943
2026-09-12-l9,B,2.0.0-alpha.7,docs-01000,scan,q031,common+common,6,0,301.524
2026-09-12-l9,A,1.0.0,docs-01000,scan,q031,common+common,7,0,276.095
2026-09-12-l9,B,2.0.0-alpha.7,docs-01000,scan,q031,common+common,7,0,297.200
2026-09-12-l9,A,1.0.0,docs-01000,scan,q031,common+common,8,0,277.111
2026-09-12-l9,B,2.0.0-alpha.7,docs-01000,scan,q031,common+common,8,0,305.446
2026-09-12-l9,A,1.0.0,docs-01000,scan,q031,common+common,9,0,276.567
2026-09-12-l9,B,2.0.0-alpha.7,docs-01000,scan,q031,common+common,9,0,298.660
2026-09-12-l9,A,1.0.0,docs-01000,scan,q031,common+common,10,0,278.112
2026-09-12-l9,B,2.0.0-alpha.7,docs-01000,scan,q031,common+common,10,0,301.931
2026-09-12-l9,A,1.0.0,docs-01000,scan,q031,common+common,11,0,277.870
2026-09-12-l9,B,2.0.0-alpha.7,docs-01000,scan,q031,common+common,11,0,301.252
2026-09-12-l9,A,1.0.0,docs-01000,scan,q031,common+common,12,0,286.465
2026-09-12-l9,B,2.0.0-alpha.7,docs-01000,scan,q031,common+common,12,0,304.147
2026-09-12-l9,A,1.0.0,docs-01000,scan,q032,common+common,0,1,276.477
2026-09-12-l9,B,2.0.0-alpha.7,docs-01000,scan,q032,common+common,0,1,306.423
2026-09-12-l9,A,1.0.0,docs-01000,scan,q032,common+common,1,1,276.731
2026-09-12-l9,B,2.0.0-alpha.7,docs-01000,scan,q032,common+common,1,1,301.025
2026-09-12-l9,A,1.0.0,docs-01000,scan,q032,common+common,2,1,281.174
2026-09-12-l9,B,2.0.0-alpha.7,docs-01000,scan,q032,common+common,2,1,305.762
2026-09-12-l9,A,1.0.0,docs-01000,scan,q032,common+common,3,0,276.792
2026-09-12-l9,B,2.0.0-alpha.7,docs-01000,scan,q032,common+common,3,0,305.257
2026-09-12-l9,A,1.0.0,docs-01000,scan,q032,common+common,4,0,278.846
2026-09-12-l9,B,2.0.0-alpha.7,docs-01000,scan,q032,common+common,4,0,311.008
2026-09-12-l9,A,1.0.0,docs-01000,scan,q032,common+common,5,0,276.650
2026-09-12-l9,B,2.0.0-alpha.7,docs-01000,scan,q032,common+common,5,0,307.977
2026-09-12-l9,A,1.0.0,docs-01000,scan,q032,common+common,6,0,284.240
2026-09-12-l9,B,2.0.0-alpha.7,docs-01000,scan,q032,common+common,6,0,304.264
2026-09-12-l9,A,1.0.0,docs-01000,scan,q032,common+common,7,0,279.207
2026-09-12-l9,B,2.0.0-alpha.7,docs-01000,scan,q032,common+common,7,0,310.088
2026-09-12-l9,A,1.0.0,docs-01000,scan,q032,common+common,8,0,282.630
2026-09-12-l9,B,2.0.0-alpha.7,docs-01000,scan,q032,common+common,8,0,303.775
2026-09-12-l9,A,1.0.0,docs-01000,scan,q032,common+common,9,0,284.943
2026-09-12-l9,B,2.0.0-alpha.7,docs-01000,scan,q032,common+common,9,0,304.383
2026-09-12-l9,A,1.0.0,docs-01000,scan,q032,common+common,10,0,277.154
2026-09-12-l9,B,2.0.0-alpha.7,docs-01000,scan,q032,common+common,10,0,307.698
2026-09-12-l9,A,1.0.0,docs-01000,scan,q032,common+common,11,0,286.719
2026-09-12-l9,B,2.0.0-alpha.7,docs-01000,scan,q032,common+common,11,0,305.134
2026-09-12-l9,A,1.0.0,docs-01000,scan,q032,common+common,12,0,278.362
2026-09-12-l9,B,2.0.0-alpha.7,docs-01000,scan,q032,common+common,12,0,304.420
2026-09-12-l9,A,1.0.0,docs-01000,scan,q033,common+common,0,1,281.369
2026-09-12-l9,B,2.0.0-alpha.7,docs-01000,scan,q033,common+common,0,1,304.955
2026-09-12-l9,A,1.0.0,docs-01000,scan,q033,common+common,1,1,276.817
2026-09-12-l9,B,2.0.0-alpha.7,docs-01000,scan,q033,common+common,1,1,304.167
2026-09-12-l9,A,1.0.0,docs-01000,scan,q033,common+common,2,1,277.978
2026-09-12-l9,B,2.0.0-alpha.7,docs-01000,scan,q033,common+common,2,1,309.122
2026-09-12-l9,A,1.0.0,docs-01000,scan,q033,common+common,3,0,286.830
2026-09-12-l9,B,2.0.0-alpha.7,docs-01000,scan,q033,common+common,3,0,313.451
2026-09-12-l9,A,1.0.0,docs-01000,scan,q033,common+common,4,0,277.040
2026-09-12-l9,B,2.0.0-alpha.7,docs-01000,scan,q033,common+common,4,0,317.120
2026-09-12-l9,A,1.0.0,docs-01000,scan,q033,common+common,5,0,287.119
2026-09-12-l9,B,2.0.0-alpha.7,docs-01000,scan,q033,common+common,5,0,304.589
2026-09-12-l9,A,1.0.0,docs-01000,scan,q033,common+common,6,0,275.645
2026-09-12-l9,B,2.0.0-alpha.7,docs-01000,scan,q033,common+common,6,0,305.096
2026-09-12-l9,A,1.0.0,docs-01000,scan,q033,common+common,7,0,275.633
2026-09-12-l9,B,2.0.0-alpha.7,docs-01000,scan,q033,common+common,7,0,299.914
2026-09-12-l9,A,1.0.0,docs-01000,scan,q033,common+common,8,0,279.639
2026-09-12-l9,B,2.0.0-alpha.7,docs-01000,scan,q033,common+common,8,0,305.633
2026-09-12-l9,A,1.0.0,docs-01000,scan,q033,common+common,9,0,277.377
2026-09-12-l9,B,2.0.0-alpha.7,docs-01000,scan,q033,common+common,9,0,305.846
2026-09-12-l9,A,1.0.0,docs-01000,scan,q033,common+common,10,0,278.232
2026-09-12-l9,B,2.0.0-alpha.7,docs-01000,scan,q033,common+common,10,0,301.231
2026-09-12-l9,A,1.0.0,docs-01000,scan,q033,common+common,11,0,281.206
2026-09-12-l9,B,2.0.0-alpha.7,docs-01000,scan,q033,common+common,11,0,305.537
2026-09-12-l9,A,1.0.0,docs-01000,scan,q033,common+common,12,0,281.500
2026-09-12-l9,B,2.0.0-alpha.7,docs-01000,scan,q033,common+common,12,0,298.999
2026-09-12-l9,A,1.0.0,docs-01000,scan,q034,common+common,0,1,284.579
2026-09-12-l9,B,2.0.0-alpha.7,docs-01000,scan,q034,common+common,0,1,314.669
2026-09-12-l9,A,1.0.0,docs-01000,scan,q034,common+common,1,1,279.013
2026-09-12-l9,B,2.0.0-alpha.7,docs-01000,scan,q034,common+common,1,1,313.034
2026-09-12-l9,A,1.0.0,docs-01000,scan,q034,common+common,2,1,283.181
2026-09-12-l9,B,2.0.0-alpha.7,docs-01000,scan,q034,common+common,2,1,308.834
2026-09-12-l9,A,1.0.0,docs-01000,scan,q034,common+common,3,0,278.125
2026-09-12-l9,B,2.0.0-alpha.7,docs-01000,scan,q034,common+common,3,0,309.560
2026-09-12-l9,A,1.0.0,docs-01000,scan,q034,common+common,4,0,280.190
2026-09-12-l9,B,2.0.0-alpha.7,docs-01000,scan,q034,common+common,4,0,307.841
2026-09-12-l9,A,1.0.0,docs-01000,scan,q034,common+common,5,0,286.415
2026-09-12-l9,B,2.0.0-alpha.7,docs-01000,scan,q034,common+common,5,0,325.242
2026-09-12-l9,A,1.0.0,docs-01000,scan,q034,common+common,6,0,297.586
2026-09-12-l9,B,2.0.0-alpha.7,docs-01000,scan,q034,common+common,6,0,337.647
2026-09-12-l9,A,1.0.0,docs-01000,scan,q034,common+common,7,0,302.049
2026-09-12-l9,B,2.0.0-alpha.7,docs-01000,scan,q034,common+common,7,0,318.646
2026-09-12-l9,A,1.0.0,docs-01000,scan,q034,common+common,8,0,276.744
2026-09-12-l9,B,2.0.0-alpha.7,docs-01000,scan,q034,common+common,8,0,308.428
2026-09-12-l9,A,1.0.0,docs-01000,scan,q034,common+common,9,0,278.545
2026-09-12-l9,B,2.0.0-alpha.7,docs-01000,scan,q034,common+common,9,0,303.611
2026-09-12-l9,A,1.0.0,docs-01000,scan,q034,common+common,10,0,278.135
2026-09-12-l9,B,2.0.0-alpha.7,docs-01000,scan,q034,common+common,10,0,322.102
2026-09-12-l9,A,1.0.0,docs-01000,scan,q034,common+common,11,0,277.511
2026-09-12-l9,B,2.0.0-alpha.7,docs-01000,scan,q034,common+common,11,0,305.488
2026-09-12-l9,A,1.0.0,docs-01000,scan,q034,common+common,12,0,283.064
2026-09-12-l9,B,2.0.0-alpha.7,docs-01000,scan,q034,common+common,12,0,309.129
2026-09-12-l9,A,1.0.0,docs-01000,scan,q035,phrase,0,1,272.024
2026-09-12-l9,B,2.0.0-alpha.7,docs-01000,scan,q035,phrase,0,1,311.859
2026-09-12-l9,A,1.0.0,docs-01000,scan,q035,phrase,1,1,273.039
2026-09-12-l9,B,2.0.0-alpha.7,docs-01000,scan,q035,phrase,1,1,301.738
2026-09-12-l9,A,1.0.0,docs-01000,scan,q035,phrase,2,1,273.887
2026-09-12-l9,B,2.0.0-alpha.7,docs-01000,scan,q035,phrase,2,1,308.194
2026-09-12-l9,A,1.0.0,docs-01000,scan,q035,phrase,3,0,273.381
2026-09-12-l9,B,2.0.0-alpha.7,docs-01000,scan,q035,phrase,3,0,301.398
2026-09-12-l9,A,1.0.0,docs-01000,scan,q035,phrase,4,0,277.749
2026-09-12-l9,B,2.0.0-alpha.7,docs-01000,scan,q035,phrase,4,0,303.164
2026-09-12-l9,A,1.0.0,docs-01000,scan,q035,phrase,5,0,270.388
2026-09-12-l9,B,2.0.0-alpha.7,docs-01000,scan,q035,phrase,5,0,302.737
2026-09-12-l9,A,1.0.0,docs-01000,scan,q035,phrase,6,0,274.880
2026-09-12-l9,B,2.0.0-alpha.7,docs-01000,scan,q035,phrase,6,0,307.288
2026-09-12-l9,A,1.0.0,docs-01000,scan,q035,phrase,7,0,272.907
2026-09-12-l9,B,2.0.0-alpha.7,docs-01000,scan,q035,phrase,7,0,310.048
2026-09-12-l9,A,1.0.0,docs-01000,scan,q035,phrase,8,0,273.247
2026-09-12-l9,B,2.0.0-alpha.7,docs-01000,scan,q035,phrase,8,0,305.488
2026-09-12-l9,A,1.0.0,docs-01000,scan,q035,phrase,9,0,273.895
2026-09-12-l9,B,2.0.0-alpha.7,docs-01000,scan,q035,phrase,9,0,307.127
2026-09-12-l9,A,1.0.0,docs-01000,scan,q035,phrase,10,0,274.945
2026-09-12-l9,B,2.0.0-alpha.7,docs-01000,scan,q035,phrase,10,0,302.063
2026-09-12-l9,A,1.0.0,docs-01000,scan,q035,phrase,11,0,277.650
2026-09-12-l9,B,2.0.0-alpha.7,docs-01000,scan,q035,phrase,11,0,304.510
2026-09-12-l9,A,1.0.0,docs-01000,scan,q035,phrase,12,0,270.857
2026-09-12-l9,B,2.0.0-alpha.7,docs-01000,scan,q035,phrase,12,0,302.456
2026-09-12-l9,A,1.0.0,docs-01000,scan,q036,phrase,0,1,275.245
2026-09-12-l9,B,2.0.0-alpha.7,docs-01000,scan,q036,phrase,0,1,303.776
2026-09-12-l9,A,1.0.0,docs-01000,scan,q036,phrase,1,1,273.959
2026-09-12-l9,B,2.0.0-alpha.7,docs-01000,scan,q036,phrase,1,1,305.623
2026-09-12-l9,A,1.0.0,docs-01000,scan,q036,phrase,2,1,275.927
2026-09-12-l9,B,2.0.0-alpha.7,docs-01000,scan,q036,phrase,2,1,300.667
2026-09-12-l9,A,1.0.0,docs-01000,scan,q036,phrase,3,0,279.922
2026-09-12-l9,B,2.0.0-alpha.7,docs-01000,scan,q036,phrase,3,0,304.603
2026-09-12-l9,A,1.0.0,docs-01000,scan,q036,phrase,4,0,274.367
2026-09-12-l9,B,2.0.0-alpha.7,docs-01000,scan,q036,phrase,4,0,300.940
2026-09-12-l9,A,1.0.0,docs-01000,scan,q036,phrase,5,0,281.072
2026-09-12-l9,B,2.0.0-alpha.7,docs-01000,scan,q036,phrase,5,0,307.361
2026-09-12-l9,A,1.0.0,docs-01000,scan,q036,phrase,6,0,271.997
2026-09-12-l9,B,2.0.0-alpha.7,docs-01000,scan,q036,phrase,6,0,309.813
2026-09-12-l9,A,1.0.0,docs-01000,scan,q036,phrase,7,0,278.570
2026-09-12-l9,B,2.0.0-alpha.7,docs-01000,scan,q036,phrase,7,0,301.098
2026-09-12-l9,A,1.0.0,docs-01000,scan,q036,phrase,8,0,277.500
2026-09-12-l9,B,2.0.0-alpha.7,docs-01000,scan,q036,phrase,8,0,306.977
2026-09-12-l9,A,1.0.0,docs-01000,scan,q036,phrase,9,0,272.166
2026-09-12-l9,B,2.0.0-alpha.7,docs-01000,scan,q036,phrase,9,0,304.114
2026-09-12-l9,A,1.0.0,docs-01000,scan,q036,phrase,10,0,281.470
2026-09-12-l9,B,2.0.0-alpha.7,docs-01000,scan,q036,phrase,10,0,303.403
2026-09-12-l9,A,1.0.0,docs-01000,scan,q036,phrase,11,0,272.576
2026-09-12-l9,B,2.0.0-alpha.7,docs-01000,scan,q036,phrase,11,0,305.604
2026-09-12-l9,A,1.0.0,docs-01000,scan,q036,phrase,12,0,278.550
2026-09-12-l9,B,2.0.0-alpha.7,docs-01000,scan,q036,phrase,12,0,302.373
2026-09-12-l9,A,1.0.0,docs-01000,scan,q037,phrase,0,1,275.911
2026-09-12-l9,B,2.0.0-alpha.7,docs-01000,scan,q037,phrase,0,1,299.850
2026-09-12-l9,A,1.0.0,docs-01000,scan,q037,phrase,1,1,280.009
2026-09-12-l9,B,2.0.0-alpha.7,docs-01000,scan,q037,phrase,1,1,297.375
2026-09-12-l9,A,1.0.0,docs-01000,scan,q037,phrase,2,1,277.322
2026-09-12-l9,B,2.0.0-alpha.7,docs-01000,scan,q037,phrase,2,1,301.849
2026-09-12-l9,A,1.0.0,docs-01000,scan,q037,phrase,3,0,279.060
2026-09-12-l9,B,2.0.0-alpha.7,docs-01000,scan,q037,phrase,3,0,297.324
2026-09-12-l9,A,1.0.0,docs-01000,scan,q037,phrase,4,0,279.131
2026-09-12-l9,B,2.0.0-alpha.7,docs-01000,scan,q037,phrase,4,0,301.471
2026-09-12-l9,A,1.0.0,docs-01000,scan,q037,phrase,5,0,276.781
2026-09-12-l9,B,2.0.0-alpha.7,docs-01000,scan,q037,phrase,5,0,304.574
2026-09-12-l9,A,1.0.0,docs-01000,scan,q037,phrase,6,0,279.600
2026-09-12-l9,B,2.0.0-alpha.7,docs-01000,scan,q037,phrase,6,0,300.107
2026-09-12-l9,A,1.0.0,docs-01000,scan,q037,phrase,7,0,277.323
2026-09-12-l9,B,2.0.0-alpha.7,docs-01000,scan,q037,phrase,7,0,301.864
2026-09-12-l9,A,1.0.0,docs-01000,scan,q037,phrase,8,0,279.815
2026-09-12-l9,B,2.0.0-alpha.7,docs-01000,scan,q037,phrase,8,0,298.572
2026-09-12-l9,A,1.0.0,docs-01000,scan,q037,phrase,9,0,282.603
2026-09-12-l9,B,2.0.0-alpha.7,docs-01000,scan,q037,phrase,9,0,311.514
2026-09-12-l9,A,1.0.0,docs-01000,scan,q037,phrase,10,0,282.140
2026-09-12-l9,B,2.0.0-alpha.7,docs-01000,scan,q037,phrase,10,0,299.213
2026-09-12-l9,A,1.0.0,docs-01000,scan,q037,phrase,11,0,280.708
2026-09-12-l9,B,2.0.0-alpha.7,docs-01000,scan,q037,phrase,11,0,300.360
2026-09-12-l9,A,1.0.0,docs-01000,scan,q037,phrase,12,0,275.666
2026-09-12-l9,B,2.0.0-alpha.7,docs-01000,scan,q037,phrase,12,0,308.138
2026-09-12-l9,A,1.0.0,docs-01000,scan,q038,phrase,0,1,276.874
2026-09-12-l9,B,2.0.0-alpha.7,docs-01000,scan,q038,phrase,0,1,295.373
2026-09-12-l9,A,1.0.0,docs-01000,scan,q038,phrase,1,1,274.293
2026-09-12-l9,B,2.0.0-alpha.7,docs-01000,scan,q038,phrase,1,1,305.263
2026-09-12-l9,A,1.0.0,docs-01000,scan,q038,phrase,2,1,271.985
2026-09-12-l9,B,2.0.0-alpha.7,docs-01000,scan,q038,phrase,2,1,296.817
2026-09-12-l9,A,1.0.0,docs-01000,scan,q038,phrase,3,0,277.579
2026-09-12-l9,B,2.0.0-alpha.7,docs-01000,scan,q038,phrase,3,0,301.096
2026-09-12-l9,A,1.0.0,docs-01000,scan,q038,phrase,4,0,271.740
2026-09-12-l9,B,2.0.0-alpha.7,docs-01000,scan,q038,phrase,4,0,297.373
2026-09-12-l9,A,1.0.0,docs-01000,scan,q038,phrase,5,0,274.580
2026-09-12-l9,B,2.0.0-alpha.7,docs-01000,scan,q038,phrase,5,0,297.078
2026-09-12-l9,A,1.0.0,docs-01000,scan,q038,phrase,6,0,274.340
2026-09-12-l9,B,2.0.0-alpha.7,docs-01000,scan,q038,phrase,6,0,307.939
2026-09-12-l9,A,1.0.0,docs-01000,scan,q038,phrase,7,0,281.586
2026-09-12-l9,B,2.0.0-alpha.7,docs-01000,scan,q038,phrase,7,0,301.447
2026-09-12-l9,A,1.0.0,docs-01000,scan,q038,phrase,8,0,277.526
2026-09-12-l9,B,2.0.0-alpha.7,docs-01000,scan,q038,phrase,8,0,308.535
2026-09-12-l9,A,1.0.0,docs-01000,scan,q038,phrase,9,0,278.619
2026-09-12-l9,B,2.0.0-alpha.7,docs-01000,scan,q038,phrase,9,0,299.879
2026-09-12-l9,A,1.0.0,docs-01000,scan,q038,phrase,10,0,286.087
2026-09-12-l9,B,2.0.0-alpha.7,docs-01000,scan,q038,phrase,10,0,315.076
2026-09-12-l9,A,1.0.0,docs-01000,scan,q038,phrase,11,0,280.943
2026-09-12-l9,B,2.0.0-alpha.7,docs-01000,scan,q038,phrase,11,0,303.410
2026-09-12-l9,A,1.0.0,docs-01000,scan,q038,phrase,12,0,271.124
2026-09-12-l9,B,2.0.0-alpha.7,docs-01000,scan,q038,phrase,12,0,294.678
2026-09-12-l9,A,1.0.0,docs-01000,scan,q039,phrase,0,1,269.669
2026-09-12-l9,B,2.0.0-alpha.7,docs-01000,scan,q039,phrase,0,1,304.815
2026-09-12-l9,A,1.0.0,docs-01000,scan,q039,phrase,1,1,271.606
2026-09-12-l9,B,2.0.0-alpha.7,docs-01000,scan,q039,phrase,1,1,301.002
2026-09-12-l9,A,1.0.0,docs-01000,scan,q039,phrase,2,1,275.731
2026-09-12-l9,B,2.0.0-alpha.7,docs-01000,scan,q039,phrase,2,1,302.682
2026-09-12-l9,A,1.0.0,docs-01000,scan,q039,phrase,3,0,268.333
2026-09-12-l9,B,2.0.0-alpha.7,docs-01000,scan,q039,phrase,3,0,303.201
2026-09-12-l9,A,1.0.0,docs-01000,scan,q039,phrase,4,0,273.169
2026-09-12-l9,B,2.0.0-alpha.7,docs-01000,scan,q039,phrase,4,0,302.318
2026-09-12-l9,A,1.0.0,docs-01000,scan,q039,phrase,5,0,268.607
2026-09-12-l9,B,2.0.0-alpha.7,docs-01000,scan,q039,phrase,5,0,306.493
2026-09-12-l9,A,1.0.0,docs-01000,scan,q039,phrase,6,0,271.391
2026-09-12-l9,B,2.0.0-alpha.7,docs-01000,scan,q039,phrase,6,0,301.302
2026-09-12-l9,A,1.0.0,docs-01000,scan,q039,phrase,7,0,270.098
2026-09-12-l9,B,2.0.0-alpha.7,docs-01000,scan,q039,phrase,7,0,306.320
2026-09-12-l9,A,1.0.0,docs-01000,scan,q039,phrase,8,0,271.503
2026-09-12-l9,B,2.0.0-alpha.7,docs-01000,scan,q039,phrase,8,0,301.734
2026-09-12-l9,A,1.0.0,docs-01000,scan,q039,phrase,9,0,272.096
2026-09-12-l9,B,2.0.0-alpha.7,docs-01000,scan,q039,phrase,9,0,304.310
2026-09-12-l9,A,1.0.0,docs-01000,scan,q039,phrase,10,0,269.105
2026-09-12-l9,B,2.0.0-alpha.7,docs-01000,scan,q039,phrase,10,0,303.741
2026-09-12-l9,A,1.0.0,docs-01000,scan,q039,phrase,11,0,275.439
2026-09-12-l9,B,2.0.0-alpha.7,docs-01000,scan,q039,phrase,11,0,305.935
2026-09-12-l9,A,1.0.0,docs-01000,scan,q039,phrase,12,0,267.039
2026-09-12-l9,B,2.0.0-alpha.7,docs-01000,scan,q039,phrase,12,0,311.075
2026-09-12-l9,A,1.0.0,docs-01000,scan,q040,phrase,0,1,270.490
2026-09-12-l9,B,2.0.0-alpha.7,docs-01000,scan,q040,phrase,0,1,299.070
2026-09-12-l9,A,1.0.0,docs-01000,scan,q040,phrase,1,1,268.697
2026-09-12-l9,B,2.0.0-alpha.7,docs-01000,scan,q040,phrase,1,1,304.292
2026-09-12-l9,A,1.0.0,docs-01000,scan,q040,phrase,2,1,271.474
2026-09-12-l9,B,2.0.0-alpha.7,docs-01000,scan,q040,phrase,2,1,299.532
2026-09-12-l9,A,1.0.0,docs-01000,scan,q040,phrase,3,0,270.285
2026-09-12-l9,B,2.0.0-alpha.7,docs-01000,scan,q040,phrase,3,0,301.463
2026-09-12-l9,A,1.0.0,docs-01000,scan,q040,phrase,4,0,268.931
2026-09-12-l9,B,2.0.0-alpha.7,docs-01000,scan,q040,phrase,4,0,303.818
2026-09-12-l9,A,1.0.0,docs-01000,scan,q040,phrase,5,0,272.491
2026-09-12-l9,B,2.0.0-alpha.7,docs-01000,scan,q040,phrase,5,0,299.507
2026-09-12-l9,A,1.0.0,docs-01000,scan,q040,phrase,6,0,266.910
2026-09-12-l9,B,2.0.0-alpha.7,docs-01000,scan,q040,phrase,6,0,306.780
2026-09-12-l9,A,1.0.0,docs-01000,scan,q040,phrase,7,0,268.537
2026-09-12-l9,B,2.0.0-alpha.7,docs-01000,scan,q040,phrase,7,0,307.334
2026-09-12-l9,A,1.0.0,docs-01000,scan,q040,phrase,8,0,272.692
2026-09-12-l9,B,2.0.0-alpha.7,docs-01000,scan,q040,phrase,8,0,303.754
2026-09-12-l9,A,1.0.0,docs-01000,scan,q040,phrase,9,0,270.303
2026-09-12-l9,B,2.0.0-alpha.7,docs-01000,scan,q040,phrase,9,0,301.447
2026-09-12-l9,A,1.0.0,docs-01000,scan,q040,phrase,10,0,273.133
2026-09-12-l9,B,2.0.0-alpha.7,docs-01000,scan,q040,phrase,10,0,299.772
2026-09-12-l9,A,1.0.0,docs-01000,scan,q040,phrase,11,0,267.001
2026-09-12-l9,B,2.0.0-alpha.7,docs-01000,scan,q040,phrase,11,0,300.626
2026-09-12-l9,A,1.0.0,docs-01000,scan,q040,phrase,12,0,271.594
2026-09-12-l9,B,2.0.0-alpha.7,docs-01000,scan,q040,phrase,12,0,300.180
2026-09-12-l9,A,1.0.0,docs-01000,scan,q041,phrase,0,1,272.838
2026-09-12-l9,B,2.0.0-alpha.7,docs-01000,scan,q041,phrase,0,1,306.238
2026-09-12-l9,A,1.0.0,docs-01000,scan,q041,phrase,1,1,274.732
2026-09-12-l9,B,2.0.0-alpha.7,docs-01000,scan,q041,phrase,1,1,301.763
2026-09-12-l9,A,1.0.0,docs-01000,scan,q041,phrase,2,1,274.524
2026-09-12-l9,B,2.0.0-alpha.7,docs-01000,scan,q041,phrase,2,1,307.448
2026-09-12-l9,A,1.0.0,docs-01000,scan,q041,phrase,3,0,275.418
2026-09-12-l9,B,2.0.0-alpha.7,docs-01000,scan,q041,phrase,3,0,301.095
2026-09-12-l9,A,1.0.0,docs-01000,scan,q041,phrase,4,0,278.615
2026-09-12-l9,B,2.0.0-alpha.7,docs-01000,scan,q041,phrase,4,0,301.721
2026-09-12-l9,A,1.0.0,docs-01000,scan,q041,phrase,5,0,273.109
2026-09-12-l9,B,2.0.0-alpha.7,docs-01000,scan,q041,phrase,5,0,304.316
2026-09-12-l9,A,1.0.0,docs-01000,scan,q041,phrase,6,0,279.654
2026-09-12-l9,B,2.0.0-alpha.7,docs-01000,scan,q041,phrase,6,0,301.524
2026-09-12-l9,A,1.0.0,docs-01000,scan,q041,phrase,7,0,273.177
2026-09-12-l9,B,2.0.0-alpha.7,docs-01000,scan,q041,phrase,7,0,304.972
2026-09-12-l9,A,1.0.0,docs-01000,scan,q041,phrase,8,0,273.393
2026-09-12-l9,B,2.0.0-alpha.7,docs-01000,scan,q041,phrase,8,0,299.763
2026-09-12-l9,A,1.0.0,docs-01000,scan,q041,phrase,9,0,273.325
2026-09-12-l9,B,2.0.0-alpha.7,docs-01000,scan,q041,phrase,9,0,304.942
2026-09-12-l9,A,1.0.0,docs-01000,scan,q041,phrase,10,0,275.677
2026-09-12-l9,B,2.0.0-alpha.7,docs-01000,scan,q041,phrase,10,0,300.619
2026-09-12-l9,A,1.0.0,docs-01000,scan,q041,phrase,11,0,276.669
2026-09-12-l9,B,2.0.0-alpha.7,docs-01000,scan,q041,phrase,11,0,301.798
2026-09-12-l9,A,1.0.0,docs-01000,scan,q041,phrase,12,0,275.047
2026-09-12-l9,B,2.0.0-alpha.7,docs-01000,scan,q041,phrase,12,0,304.355
2026-09-12-l9,A,1.0.0,docs-01000,scan,q042,phrase,0,1,275.201
2026-09-12-l9,B,2.0.0-alpha.7,docs-01000,scan,q042,phrase,0,1,292.601
2026-09-12-l9,A,1.0.0,docs-01000,scan,q042,phrase,1,1,270.717
2026-09-12-l9,B,2.0.0-alpha.7,docs-01000,scan,q042,phrase,1,1,298.159
2026-09-12-l9,A,1.0.0,docs-01000,scan,q042,phrase,2,1,272.497
2026-09-12-l9,B,2.0.0-alpha.7,docs-01000,scan,q042,phrase,2,1,294.161
2026-09-12-l9,A,1.0.0,docs-01000,scan,q042,phrase,3,0,278.665
2026-09-12-l9,B,2.0.0-alpha.7,docs-01000,scan,q042,phrase,3,0,309.174
2026-09-12-l9,A,1.0.0,docs-01000,scan,q042,phrase,4,0,274.409
2026-09-12-l9,B,2.0.0-alpha.7,docs-01000,scan,q042,phrase,4,0,297.998
2026-09-12-l9,A,1.0.0,docs-01000,scan,q042,phrase,5,0,274.847
2026-09-12-l9,B,2.0.0-alpha.7,docs-01000,scan,q042,phrase,5,0,295.411
2026-09-12-l9,A,1.0.0,docs-01000,scan,q042,phrase,6,0,269.283
2026-09-12-l9,B,2.0.0-alpha.7,docs-01000,scan,q042,phrase,6,0,292.815
2026-09-12-l9,A,1.0.0,docs-01000,scan,q042,phrase,7,0,278.826
2026-09-12-l9,B,2.0.0-alpha.7,docs-01000,scan,q042,phrase,7,0,294.672
2026-09-12-l9,A,1.0.0,docs-01000,scan,q042,phrase,8,0,278.330
2026-09-12-l9,B,2.0.0-alpha.7,docs-01000,scan,q042,phrase,8,0,298.627
2026-09-12-l9,A,1.0.0,docs-01000,scan,q042,phrase,9,0,274.659
2026-09-12-l9,B,2.0.0-alpha.7,docs-01000,scan,q042,phrase,9,0,300.334
2026-09-12-l9,A,1.0.0,docs-01000,scan,q042,phrase,10,0,277.298
2026-09-12-l9,B,2.0.0-alpha.7,docs-01000,scan,q042,phrase,10,0,301.904
2026-09-12-l9,A,1.0.0,docs-01000,scan,q042,phrase,11,0,270.205
2026-09-12-l9,B,2.0.0-alpha.7,docs-01000,scan,q042,phrase,11,0,294.277
2026-09-12-l9,A,1.0.0,docs-01000,scan,q042,phrase,12,0,274.455
2026-09-12-l9,B,2.0.0-alpha.7,docs-01000,scan,q042,phrase,12,0,293.909
2026-09-12-l9,A,1.0.0,docs-01000,scan,q043,natural,0,1,272.987
2026-09-12-l9,B,2.0.0-alpha.7,docs-01000,scan,q043,natural,0,1,302.768
2026-09-12-l9,A,1.0.0,docs-01000,scan,q043,natural,1,1,277.352
2026-09-12-l9,B,2.0.0-alpha.7,docs-01000,scan,q043,natural,1,1,301.599
2026-09-12-l9,A,1.0.0,docs-01000,scan,q043,natural,2,1,277.083
2026-09-12-l9,B,2.0.0-alpha.7,docs-01000,scan,q043,natural,2,1,306.386
2026-09-12-l9,A,1.0.0,docs-01000,scan,q043,natural,3,0,277.827
2026-09-12-l9,B,2.0.0-alpha.7,docs-01000,scan,q043,natural,3,0,299.103
2026-09-12-l9,A,1.0.0,docs-01000,scan,q043,natural,4,0,277.388
2026-09-12-l9,B,2.0.0-alpha.7,docs-01000,scan,q043,natural,4,0,310.116
2026-09-12-l9,A,1.0.0,docs-01000,scan,q043,natural,5,0,279.582
2026-09-12-l9,B,2.0.0-alpha.7,docs-01000,scan,q043,natural,5,0,309.908
2026-09-12-l9,A,1.0.0,docs-01000,scan,q043,natural,6,0,280.815
2026-09-12-l9,B,2.0.0-alpha.7,docs-01000,scan,q043,natural,6,0,299.417
2026-09-12-l9,A,1.0.0,docs-01000,scan,q043,natural,7,0,278.022
2026-09-12-l9,B,2.0.0-alpha.7,docs-01000,scan,q043,natural,7,0,308.727
2026-09-12-l9,A,1.0.0,docs-01000,scan,q043,natural,8,0,276.407
2026-09-12-l9,B,2.0.0-alpha.7,docs-01000,scan,q043,natural,8,0,301.187
2026-09-12-l9,A,1.0.0,docs-01000,scan,q043,natural,9,0,287.731
2026-09-12-l9,B,2.0.0-alpha.7,docs-01000,scan,q043,natural,9,0,320.884
2026-09-12-l9,A,1.0.0,docs-01000,scan,q043,natural,10,0,274.747
2026-09-12-l9,B,2.0.0-alpha.7,docs-01000,scan,q043,natural,10,0,303.135
2026-09-12-l9,A,1.0.0,docs-01000,scan,q043,natural,11,0,277.743
2026-09-12-l9,B,2.0.0-alpha.7,docs-01000,scan,q043,natural,11,0,299.290
2026-09-12-l9,A,1.0.0,docs-01000,scan,q043,natural,12,0,272.250
2026-09-12-l9,B,2.0.0-alpha.7,docs-01000,scan,q043,natural,12,0,303.290
2026-09-12-l9,A,1.0.0,docs-01000,scan,q044,natural,0,1,278.021
2026-09-12-l9,B,2.0.0-alpha.7,docs-01000,scan,q044,natural,0,1,300.794
2026-09-12-l9,A,1.0.0,docs-01000,scan,q044,natural,1,1,274.499
2026-09-12-l9,B,2.0.0-alpha.7,docs-01000,scan,q044,natural,1,1,303.844
2026-09-12-l9,A,1.0.0,docs-01000,scan,q044,natural,2,1,273.074
2026-09-12-l9,B,2.0.0-alpha.7,docs-01000,scan,q044,natural,2,1,299.027
2026-09-12-l9,A,1.0.0,docs-01000,scan,q044,natural,3,0,281.774
2026-09-12-l9,B,2.0.0-alpha.7,docs-01000,scan,q044,natural,3,0,304.325
2026-09-12-l9,A,1.0.0,docs-01000,scan,q044,natural,4,0,274.532
2026-09-12-l9,B,2.0.0-alpha.7,docs-01000,scan,q044,natural,4,0,306.644
2026-09-12-l9,A,1.0.0,docs-01000,scan,q044,natural,5,0,275.940
2026-09-12-l9,B,2.0.0-alpha.7,docs-01000,scan,q044,natural,5,0,302.276
2026-09-12-l9,A,1.0.0,docs-01000,scan,q044,natural,6,0,271.633
2026-09-12-l9,B,2.0.0-alpha.7,docs-01000,scan,q044,natural,6,0,305.345
2026-09-12-l9,A,1.0.0,docs-01000,scan,q044,natural,7,0,275.712
2026-09-12-l9,B,2.0.0-alpha.7,docs-01000,scan,q044,natural,7,0,298.598
2026-09-12-l9,A,1.0.0,docs-01000,scan,q044,natural,8,0,275.801
2026-09-12-l9,B,2.0.0-alpha.7,docs-01000,scan,q044,natural,8,0,301.881
2026-09-12-l9,A,1.0.0,docs-01000,scan,q044,natural,9,0,273.589
2026-09-12-l9,B,2.0.0-alpha.7,docs-01000,scan,q044,natural,9,0,298.513
2026-09-12-l9,A,1.0.0,docs-01000,scan,q044,natural,10,0,276.415
2026-09-12-l9,B,2.0.0-alpha.7,docs-01000,scan,q044,natural,10,0,300.550
2026-09-12-l9,A,1.0.0,docs-01000,scan,q044,natural,11,0,271.902
2026-09-12-l9,B,2.0.0-alpha.7,docs-01000,scan,q044,natural,11,0,302.037
2026-09-12-l9,A,1.0.0,docs-01000,scan,q044,natural,12,0,277.278
2026-09-12-l9,B,2.0.0-alpha.7,docs-01000,scan,q044,natural,12,0,299.638
2026-09-12-l9,A,1.0.0,docs-01000,scan,q045,natural,0,1,273.885
2026-09-12-l9,B,2.0.0-alpha.7,docs-01000,scan,q045,natural,0,1,307.622
2026-09-12-l9,A,1.0.0,docs-01000,scan,q045,natural,1,1,273.623
2026-09-12-l9,B,2.0.0-alpha.7,docs-01000,scan,q045,natural,1,1,299.694
2026-09-12-l9,A,1.0.0,docs-01000,scan,q045,natural,2,1,284.772
2026-09-12-l9,B,2.0.0-alpha.7,docs-01000,scan,q045,natural,2,1,324.705
2026-09-12-l9,A,1.0.0,docs-01000,scan,q045,natural,3,0,274.366
2026-09-12-l9,B,2.0.0-alpha.7,docs-01000,scan,q045,natural,3,0,301.899
2026-09-12-l9,A,1.0.0,docs-01000,scan,q045,natural,4,0,277.563
2026-09-12-l9,B,2.0.0-alpha.7,docs-01000,scan,q045,natural,4,0,305.220
2026-09-12-l9,A,1.0.0,docs-01000,scan,q045,natural,5,0,274.413
2026-09-12-l9,B,2.0.0-alpha.7,docs-01000,scan,q045,natural,5,0,304.690
2026-09-12-l9,A,1.0.0,docs-01000,scan,q045,natural,6,0,276.130
2026-09-12-l9,B,2.0.0-alpha.7,docs-01000,scan,q045,natural,6,0,300.498
2026-09-12-l9,A,1.0.0,docs-01000,scan,q045,natural,7,0,277.370
2026-09-12-l9,B,2.0.0-alpha.7,docs-01000,scan,q045,natural,7,0,307.535
2026-09-12-l9,A,1.0.0,docs-01000,scan,q045,natural,8,0,277.584
2026-09-12-l9,B,2.0.0-alpha.7,docs-01000,scan,q045,natural,8,0,299.060
2026-09-12-l9,A,1.0.0,docs-01000,scan,q045,natural,9,0,275.403
2026-09-12-l9,B,2.0.0-alpha.7,docs-01000,scan,q045,natural,9,0,311.645
2026-09-12-l9,A,1.0.0,docs-01000,scan,q045,natural,10,0,279.645
2026-09-12-l9,B,2.0.0-alpha.7,docs-01000,scan,q045,natural,10,0,305.567
2026-09-12-l9,A,1.0.0,docs-01000,scan,q045,natural,11,0,279.924
2026-09-12-l9,B,2.0.0-alpha.7,docs-01000,scan,q045,natural,11,0,313.618
2026-09-12-l9,A,1.0.0,docs-01000,scan,q045,natural,12,0,274.101
2026-09-12-l9,B,2.0.0-alpha.7,docs-01000,scan,q045,natural,12,0,313.356
2026-09-12-l9,A,1.0.0,docs-01000,scan,q046,natural,0,1,274.887
2026-09-12-l9,B,2.0.0-alpha.7,docs-01000,scan,q046,natural,0,1,297.485
2026-09-12-l9,A,1.0.0,docs-01000,scan,q046,natural,1,1,276.611
2026-09-12-l9,B,2.0.0-alpha.7,docs-01000,scan,q046,natural,1,1,307.495
2026-09-12-l9,A,1.0.0,docs-01000,scan,q046,natural,2,1,274.894
2026-09-12-l9,B,2.0.0-alpha.7,docs-01000,scan,q046,natural,2,1,298.067
2026-09-12-l9,A,1.0.0,docs-01000,scan,q046,natural,3,0,276.172
2026-09-12-l9,B,2.0.0-alpha.7,docs-01000,scan,q046,natural,3,0,300.045
2026-09-12-l9,A,1.0.0,docs-01000,scan,q046,natural,4,0,269.652
2026-09-12-l9,B,2.0.0-alpha.7,docs-01000,scan,q046,natural,4,0,297.804
2026-09-12-l9,A,1.0.0,docs-01000,scan,q046,natural,5,0,276.080
2026-09-12-l9,B,2.0.0-alpha.7,docs-01000,scan,q046,natural,5,0,301.758
2026-09-12-l9,A,1.0.0,docs-01000,scan,q046,natural,6,0,272.099
2026-09-12-l9,B,2.0.0-alpha.7,docs-01000,scan,q046,natural,6,0,303.164
2026-09-12-l9,A,1.0.0,docs-01000,scan,q046,natural,7,0,272.323
2026-09-12-l9,B,2.0.0-alpha.7,docs-01000,scan,q046,natural,7,0,298.296
2026-09-12-l9,A,1.0.0,docs-01000,scan,q046,natural,8,0,276.606
2026-09-12-l9,B,2.0.0-alpha.7,docs-01000,scan,q046,natural,8,0,300.222
2026-09-12-l9,A,1.0.0,docs-01000,scan,q046,natural,9,0,274.412
2026-09-12-l9,B,2.0.0-alpha.7,docs-01000,scan,q046,natural,9,0,299.573
2026-09-12-l9,A,1.0.0,docs-01000,scan,q046,natural,10,0,289.309
2026-09-12-l9,B,2.0.0-alpha.7,docs-01000,scan,q046,natural,10,0,308.042
2026-09-12-l9,A,1.0.0,docs-01000,scan,q046,natural,11,0,271.134
2026-09-12-l9,B,2.0.0-alpha.7,docs-01000,scan,q046,natural,11,0,303.424
2026-09-12-l9,A,1.0.0,docs-01000,scan,q046,natural,12,0,273.238
2026-09-12-l9,B,2.0.0-alpha.7,docs-01000,scan,q046,natural,12,0,298.420
2026-09-12-l9,A,1.0.0,docs-01000,scan,q047,natural,0,1,273.984
2026-09-12-l9,B,2.0.0-alpha.7,docs-01000,scan,q047,natural,0,1,307.911
2026-09-12-l9,A,1.0.0,docs-01000,scan,q047,natural,1,1,274.470
2026-09-12-l9,B,2.0.0-alpha.7,docs-01000,scan,q047,natural,1,1,303.686
2026-09-12-l9,A,1.0.0,docs-01000,scan,q047,natural,2,1,277.568
2026-09-12-l9,B,2.0.0-alpha.7,docs-01000,scan,q047,natural,2,1,304.633
2026-09-12-l9,A,1.0.0,docs-01000,scan,q047,natural,3,0,274.613
2026-09-12-l9,B,2.0.0-alpha.7,docs-01000,scan,q047,natural,3,0,303.273
2026-09-12-l9,A,1.0.0,docs-01000,scan,q047,natural,4,0,277.324
2026-09-12-l9,B,2.0.0-alpha.7,docs-01000,scan,q047,natural,4,0,302.505
2026-09-12-l9,A,1.0.0,docs-01000,scan,q047,natural,5,0,273.481
2026-09-12-l9,B,2.0.0-alpha.7,docs-01000,scan,q047,natural,5,0,303.409
2026-09-12-l9,A,1.0.0,docs-01000,scan,q047,natural,6,0,277.635
2026-09-12-l9,B,2.0.0-alpha.7,docs-01000,scan,q047,natural,6,0,301.574
2026-09-12-l9,A,1.0.0,docs-01000,scan,q047,natural,7,0,274.590
2026-09-12-l9,B,2.0.0-alpha.7,docs-01000,scan,q047,natural,7,0,307.250
2026-09-12-l9,A,1.0.0,docs-01000,scan,q047,natural,8,0,273.806
2026-09-12-l9,B,2.0.0-alpha.7,docs-01000,scan,q047,natural,8,0,302.021
2026-09-12-l9,A,1.0.0,docs-01000,scan,q047,natural,9,0,274.831
2026-09-12-l9,B,2.0.0-alpha.7,docs-01000,scan,q047,natural,9,0,303.543
2026-09-12-l9,A,1.0.0,docs-01000,scan,q047,natural,10,0,274.246
2026-09-12-l9,B,2.0.0-alpha.7,docs-01000,scan,q047,natural,10,0,303.734
2026-09-12-l9,A,1.0.0,docs-01000,scan,q047,natural,11,0,282.081
2026-09-12-l9,B,2.0.0-alpha.7,docs-01000,scan,q047,natural,11,0,303.616
2026-09-12-l9,A,1.0.0,docs-01000,scan,q047,natural,12,0,271.500
2026-09-12-l9,B,2.0.0-alpha.7,docs-01000,scan,q047,natural,12,0,312.817
2026-09-12-l9,A,1.0.0,docs-01000,scan,q048,natural,0,1,278.454
2026-09-12-l9,B,2.0.0-alpha.7,docs-01000,scan,q048,natural,0,1,300.808
2026-09-12-l9,A,1.0.0,docs-01000,scan,q048,natural,1,1,278.593
2026-09-12-l9,B,2.0.0-alpha.7,docs-01000,scan,q048,natural,1,1,306.159
2026-09-12-l9,A,1.0.0,docs-01000,scan,q048,natural,2,1,279.532
2026-09-12-l9,B,2.0.0-alpha.7,docs-01000,scan,q048,natural,2,1,300.804
2026-09-12-l9,A,1.0.0,docs-01000,scan,q048,natural,3,0,278.547
2026-09-12-l9,B,2.0.0-alpha.7,docs-01000,scan,q048,natural,3,0,300.611
2026-09-12-l9,A,1.0.0,docs-01000,scan,q048,natural,4,0,276.216
2026-09-12-l9,B,2.0.0-alpha.7,docs-01000,scan,q048,natural,4,0,303.885
2026-09-12-l9,A,1.0.0,docs-01000,scan,q048,natural,5,0,278.670
2026-09-12-l9,B,2.0.0-alpha.7,docs-01000,scan,q048,natural,5,0,306.097
2026-09-12-l9,A,1.0.0,docs-01000,scan,q048,natural,6,0,279.782
2026-09-12-l9,B,2.0.0-alpha.7,docs-01000,scan,q048,natural,6,0,313.035
2026-09-12-l9,A,1.0.0,docs-01000,scan,q048,natural,7,0,281.472
2026-09-12-l9,B,2.0.0-alpha.7,docs-01000,scan,q048,natural,7,0,302.007
2026-09-12-l9,A,1.0.0,docs-01000,scan,q048,natural,8,0,280.755
2026-09-12-l9,B,2.0.0-alpha.7,docs-01000,scan,q048,natural,8,0,302.701
2026-09-12-l9,A,1.0.0,docs-01000,scan,q048,natural,9,0,278.103
2026-09-12-l9,B,2.0.0-alpha.7,docs-01000,scan,q048,natural,9,0,302.664
2026-09-12-l9,A,1.0.0,docs-01000,scan,q048,natural,10,0,280.977
2026-09-12-l9,B,2.0.0-alpha.7,docs-01000,scan,q048,natural,10,0,308.729
2026-09-12-l9,A,1.0.0,docs-01000,scan,q048,natural,11,0,277.035
2026-09-12-l9,B,2.0.0-alpha.7,docs-01000,scan,q048,natural,11,0,306.315
2026-09-12-l9,A,1.0.0,docs-01000,scan,q048,natural,12,0,278.095
2026-09-12-l9,B,2.0.0-alpha.7,docs-01000,scan,q048,natural,12,0,301.230
2026-09-12-l9,A,1.0.0,docs-01000,scan,q049,natural,0,1,271.981
2026-09-12-l9,B,2.0.0-alpha.7,docs-01000,scan,q049,natural,0,1,305.939
2026-09-12-l9,A,1.0.0,docs-01000,scan,q049,natural,1,1,275.545
2026-09-12-l9,B,2.0.0-alpha.7,docs-01000,scan,q049,natural,1,1,300.568
2026-09-12-l9,A,1.0.0,docs-01000,scan,q049,natural,2,1,274.503
2026-09-12-l9,B,2.0.0-alpha.7,docs-01000,scan,q049,natural,2,1,301.652
2026-09-12-l9,A,1.0.0,docs-01000,scan,q049,natural,3,0,272.314
2026-09-12-l9,B,2.0.0-alpha.7,docs-01000,scan,q049,natural,3,0,301.031
2026-09-12-l9,A,1.0.0,docs-01000,scan,q049,natural,4,0,273.242
2026-09-12-l9,B,2.0.0-alpha.7,docs-01000,scan,q049,natural,4,0,302.238
2026-09-12-l9,A,1.0.0,docs-01000,scan,q049,natural,5,0,269.051
2026-09-12-l9,B,2.0.0-alpha.7,docs-01000,scan,q049,natural,5,0,302.387
2026-09-12-l9,A,1.0.0,docs-01000,scan,q049,natural,6,0,271.280
2026-09-12-l9,B,2.0.0-alpha.7,docs-01000,scan,q049,natural,6,0,302.983
2026-09-12-l9,A,1.0.0,docs-01000,scan,q049,natural,7,0,275.180
2026-09-12-l9,B,2.0.0-alpha.7,docs-01000,scan,q049,natural,7,0,304.072
2026-09-12-l9,A,1.0.0,docs-01000,scan,q049,natural,8,0,271.294
2026-09-12-l9,B,2.0.0-alpha.7,docs-01000,scan,q049,natural,8,0,297.511
2026-09-12-l9,A,1.0.0,docs-01000,scan,q049,natural,9,0,272.833
2026-09-12-l9,B,2.0.0-alpha.7,docs-01000,scan,q049,natural,9,0,306.952
2026-09-12-l9,A,1.0.0,docs-01000,scan,q049,natural,10,0,269.988
2026-09-12-l9,B,2.0.0-alpha.7,docs-01000,scan,q049,natural,10,0,305.854
2026-09-12-l9,A,1.0.0,docs-01000,scan,q049,natural,11,0,278.099
2026-09-12-l9,B,2.0.0-alpha.7,docs-01000,scan,q049,natural,11,0,300.818
2026-09-12-l9,A,1.0.0,docs-01000,scan,q049,natural,12,0,272.081
2026-09-12-l9,B,2.0.0-alpha.7,docs-01000,scan,q049,natural,12,0,307.892
2026-09-12-l9,A,1.0.0,docs-01000,scan,q050,natural,0,1,273.072
2026-09-12-l9,B,2.0.0-alpha.7,docs-01000,scan,q050,natural,0,1,297.558
2026-09-12-l9,A,1.0.0,docs-01000,scan,q050,natural,1,1,275.114
2026-09-12-l9,B,2.0.0-alpha.7,docs-01000,scan,q050,natural,1,1,299.777
2026-09-12-l9,A,1.0.0,docs-01000,scan,q050,natural,2,1,275.414
2026-09-12-l9,B,2.0.0-alpha.7,docs-01000,scan,q050,natural,2,1,298.483
2026-09-12-l9,A,1.0.0,docs-01000,scan,q050,natural,3,0,276.377
2026-09-12-l9,B,2.0.0-alpha.7,docs-01000,scan,q050,natural,3,0,299.621
2026-09-12-l9,A,1.0.0,docs-01000,scan,q050,natural,4,0,267.800
2026-09-12-l9,B,2.0.0-alpha.7,docs-01000,scan,q050,natural,4,0,296.496
2026-09-12-l9,A,1.0.0,docs-01000,scan,q050,natural,5,0,273.015
2026-09-12-l9,B,2.0.0-alpha.7,docs-01000,scan,q050,natural,5,0,297.890
2026-09-12-l9,A,1.0.0,docs-01000,scan,q050,natural,6,0,268.365
2026-09-12-l9,B,2.0.0-alpha.7,docs-01000,scan,q050,natural,6,0,302.283
2026-09-12-l9,A,1.0.0,docs-01000,scan,q050,natural,7,0,270.647
2026-09-12-l9,B,2.0.0-alpha.7,docs-01000,scan,q050,natural,7,0,298.319
2026-09-12-l9,A,1.0.0,docs-01000,scan,q050,natural,8,0,270.172
2026-09-12-l9,B,2.0.0-alpha.7,docs-01000,scan,q050,natural,8,0,301.218
2026-09-12-l9,A,1.0.0,docs-01000,scan,q050,natural,9,0,275.062
2026-09-12-l9,B,2.0.0-alpha.7,docs-01000,scan,q050,natural,9,0,300.531
2026-09-12-l9,A,1.0.0,docs-01000,scan,q050,natural,10,0,281.750
2026-09-12-l9,B,2.0.0-alpha.7,docs-01000,scan,q050,natural,10,0,298.275
2026-09-12-l9,A,1.0.0,docs-01000,scan,q050,natural,11,0,269.394
2026-09-12-l9,B,2.0.0-alpha.7,docs-01000,scan,q050,natural,11,0,298.417
2026-09-12-l9,A,1.0.0,docs-01000,scan,q050,natural,12,0,275.020
2026-09-12-l9,B,2.0.0-alpha.7,docs-01000,scan,q050,natural,12,0,298.957
2026-09-12-l9,A,1.0.0,docs-01000,scan,q051,domain,0,1,93.872
2026-09-12-l9,B,2.0.0-alpha.7,docs-01000,scan,q051,domain,0,1,131.858
2026-09-12-l9,A,1.0.0,docs-01000,scan,q051,domain,1,1,93.514
2026-09-12-l9,B,2.0.0-alpha.7,docs-01000,scan,q051,domain,1,1,133.939
2026-09-12-l9,A,1.0.0,docs-01000,scan,q051,domain,2,1,93.419
2026-09-12-l9,B,2.0.0-alpha.7,docs-01000,scan,q051,domain,2,1,133.459
2026-09-12-l9,A,1.0.0,docs-01000,scan,q051,domain,3,0,93.612
2026-09-12-l9,B,2.0.0-alpha.7,docs-01000,scan,q051,domain,3,0,132.564
2026-09-12-l9,A,1.0.0,docs-01000,scan,q051,domain,4,0,92.913
2026-09-12-l9,B,2.0.0-alpha.7,docs-01000,scan,q051,domain,4,0,131.504
2026-09-12-l9,A,1.0.0,docs-01000,scan,q051,domain,5,0,93.847
2026-09-12-l9,B,2.0.0-alpha.7,docs-01000,scan,q051,domain,5,0,131.424
2026-09-12-l9,A,1.0.0,docs-01000,scan,q051,domain,6,0,94.710
2026-09-12-l9,B,2.0.0-alpha.7,docs-01000,scan,q051,domain,6,0,132.248
2026-09-12-l9,A,1.0.0,docs-01000,scan,q051,domain,7,0,93.562
2026-09-12-l9,B,2.0.0-alpha.7,docs-01000,scan,q051,domain,7,0,132.523
2026-09-12-l9,A,1.0.0,docs-01000,scan,q051,domain,8,0,93.056
2026-09-12-l9,B,2.0.0-alpha.7,docs-01000,scan,q051,domain,8,0,131.170
2026-09-12-l9,A,1.0.0,docs-01000,scan,q051,domain,9,0,93.012
2026-09-12-l9,B,2.0.0-alpha.7,docs-01000,scan,q051,domain,9,0,131.452
2026-09-12-l9,A,1.0.0,docs-01000,scan,q051,domain,10,0,92.899
2026-09-12-l9,B,2.0.0-alpha.7,docs-01000,scan,q051,domain,10,0,131.191
2026-09-12-l9,A,1.0.0,docs-01000,scan,q051,domain,11,0,94.198
2026-09-12-l9,B,2.0.0-alpha.7,docs-01000,scan,q051,domain,11,0,136.819
2026-09-12-l9,A,1.0.0,docs-01000,scan,q051,domain,12,0,94.176
2026-09-12-l9,B,2.0.0-alpha.7,docs-01000,scan,q051,domain,12,0,133.182
2026-09-12-l9,A,1.0.0,docs-01000,scan,q052,domain,0,1,90.509
2026-09-12-l9,B,2.0.0-alpha.7,docs-01000,scan,q052,domain,0,1,130.268
2026-09-12-l9,A,1.0.0,docs-01000,scan,q052,domain,1,1,91.805
2026-09-12-l9,B,2.0.0-alpha.7,docs-01000,scan,q052,domain,1,1,130.852
2026-09-12-l9,A,1.0.0,docs-01000,scan,q052,domain,2,1,91.757
2026-09-12-l9,B,2.0.0-alpha.7,docs-01000,scan,q052,domain,2,1,131.709
2026-09-12-l9,A,1.0.0,docs-01000,scan,q052,domain,3,0,90.417
2026-09-12-l9,B,2.0.0-alpha.7,docs-01000,scan,q052,domain,3,0,131.148
2026-09-12-l9,A,1.0.0,docs-01000,scan,q052,domain,4,0,90.080
2026-09-12-l9,B,2.0.0-alpha.7,docs-01000,scan,q052,domain,4,0,129.906
2026-09-12-l9,A,1.0.0,docs-01000,scan,q052,domain,5,0,90.025
2026-09-12-l9,B,2.0.0-alpha.7,docs-01000,scan,q052,domain,5,0,134.899
2026-09-12-l9,A,1.0.0,docs-01000,scan,q052,domain,6,0,91.287
2026-09-12-l9,B,2.0.0-alpha.7,docs-01000,scan,q052,domain,6,0,133.742
2026-09-12-l9,A,1.0.0,docs-01000,scan,q052,domain,7,0,90.503
2026-09-12-l9,B,2.0.0-alpha.7,docs-01000,scan,q052,domain,7,0,131.303
2026-09-12-l9,A,1.0.0,docs-01000,scan,q052,domain,8,0,94.344
2026-09-12-l9,B,2.0.0-alpha.7,docs-01000,scan,q052,domain,8,0,130.441
2026-09-12-l9,A,1.0.0,docs-01000,scan,q052,domain,9,0,90.642
2026-09-12-l9,B,2.0.0-alpha.7,docs-01000,scan,q052,domain,9,0,129.391
2026-09-12-l9,A,1.0.0,docs-01000,scan,q052,domain,10,0,90.868
2026-09-12-l9,B,2.0.0-alpha.7,docs-01000,scan,q052,domain,10,0,130.725
2026-09-12-l9,A,1.0.0,docs-01000,scan,q052,domain,11,0,91.797
2026-09-12-l9,B,2.0.0-alpha.7,docs-01000,scan,q052,domain,11,0,131.694
2026-09-12-l9,A,1.0.0,docs-01000,scan,q052,domain,12,0,90.900
2026-09-12-l9,B,2.0.0-alpha.7,docs-01000,scan,q052,domain,12,0,131.224
2026-09-12-l9,A,1.0.0,docs-01000,scan,q053,domain,0,1,93.183
2026-09-12-l9,B,2.0.0-alpha.7,docs-01000,scan,q053,domain,0,1,131.589
2026-09-12-l9,A,1.0.0,docs-01000,scan,q053,domain,1,1,92.431
2026-09-12-l9,B,2.0.0-alpha.7,docs-01000,scan,q053,domain,1,1,131.771
2026-09-12-l9,A,1.0.0,docs-01000,scan,q053,domain,2,1,93.097
2026-09-12-l9,B,2.0.0-alpha.7,docs-01000,scan,q053,domain,2,1,134.161
2026-09-12-l9,A,1.0.0,docs-01000,scan,q053,domain,3,0,92.250
2026-09-12-l9,B,2.0.0-alpha.7,docs-01000,scan,q053,domain,3,0,131.891
2026-09-12-l9,A,1.0.0,docs-01000,scan,q053,domain,4,0,92.873
2026-09-12-l9,B,2.0.0-alpha.7,docs-01000,scan,q053,domain,4,0,132.693
2026-09-12-l9,A,1.0.0,docs-01000,scan,q053,domain,5,0,92.820
2026-09-12-l9,B,2.0.0-alpha.7,docs-01000,scan,q053,domain,5,0,133.349
2026-09-12-l9,A,1.0.0,docs-01000,scan,q053,domain,6,0,97.950
2026-09-12-l9,B,2.0.0-alpha.7,docs-01000,scan,q053,domain,6,0,130.727
2026-09-12-l9,A,1.0.0,docs-01000,scan,q053,domain,7,0,94.722
2026-09-12-l9,B,2.0.0-alpha.7,docs-01000,scan,q053,domain,7,0,131.298
2026-09-12-l9,A,1.0.0,docs-01000,scan,q053,domain,8,0,92.915
2026-09-12-l9,B,2.0.0-alpha.7,docs-01000,scan,q053,domain,8,0,131.801
2026-09-12-l9,A,1.0.0,docs-01000,scan,q053,domain,9,0,92.064
2026-09-12-l9,B,2.0.0-alpha.7,docs-01000,scan,q053,domain,9,0,131.604
2026-09-12-l9,A,1.0.0,docs-01000,scan,q053,domain,10,0,92.088
2026-09-12-l9,B,2.0.0-alpha.7,docs-01000,scan,q053,domain,10,0,131.290
2026-09-12-l9,A,1.0.0,docs-01000,scan,q053,domain,11,0,92.951
2026-09-12-l9,B,2.0.0-alpha.7,docs-01000,scan,q053,domain,11,0,133.947
2026-09-12-l9,A,1.0.0,docs-01000,scan,q053,domain,12,0,92.446
2026-09-12-l9,B,2.0.0-alpha.7,docs-01000,scan,q053,domain,12,0,131.012
2026-09-12-l9,A,1.0.0,docs-01000,scan,q054,domain,0,1,90.650
2026-09-12-l9,B,2.0.0-alpha.7,docs-01000,scan,q054,domain,0,1,131.115
2026-09-12-l9,A,1.0.0,docs-01000,scan,q054,domain,1,1,91.064
2026-09-12-l9,B,2.0.0-alpha.7,docs-01000,scan,q054,domain,1,1,128.590
2026-09-12-l9,A,1.0.0,docs-01000,scan,q054,domain,2,1,90.736
2026-09-12-l9,B,2.0.0-alpha.7,docs-01000,scan,q054,domain,2,1,130.590
2026-09-12-l9,A,1.0.0,docs-01000,scan,q054,domain,3,0,92.720
2026-09-12-l9,B,2.0.0-alpha.7,docs-01000,scan,q054,domain,3,0,130.496
2026-09-12-l9,A,1.0.0,docs-01000,scan,q054,domain,4,0,90.539
2026-09-12-l9,B,2.0.0-alpha.7,docs-01000,scan,q054,domain,4,0,130.798
2026-09-12-l9,A,1.0.0,docs-01000,scan,q054,domain,5,0,92.669
2026-09-12-l9,B,2.0.0-alpha.7,docs-01000,scan,q054,domain,5,0,129.476
2026-09-12-l9,A,1.0.0,docs-01000,scan,q054,domain,6,0,91.128
2026-09-12-l9,B,2.0.0-alpha.7,docs-01000,scan,q054,domain,6,0,131.783
2026-09-12-l9,A,1.0.0,docs-01000,scan,q054,domain,7,0,91.059
2026-09-12-l9,B,2.0.0-alpha.7,docs-01000,scan,q054,domain,7,0,133.846
2026-09-12-l9,A,1.0.0,docs-01000,scan,q054,domain,8,0,90.903
2026-09-12-l9,B,2.0.0-alpha.7,docs-01000,scan,q054,domain,8,0,129.957
2026-09-12-l9,A,1.0.0,docs-01000,scan,q054,domain,9,0,91.149
2026-09-12-l9,B,2.0.0-alpha.7,docs-01000,scan,q054,domain,9,0,129.698
2026-09-12-l9,A,1.0.0,docs-01000,scan,q054,domain,10,0,91.635
2026-09-12-l9,B,2.0.0-alpha.7,docs-01000,scan,q054,domain,10,0,130.724
2026-09-12-l9,A,1.0.0,docs-01000,scan,q054,domain,11,0,91.266
2026-09-12-l9,B,2.0.0-alpha.7,docs-01000,scan,q054,domain,11,0,132.689
2026-09-12-l9,A,1.0.0,docs-01000,scan,q054,domain,12,0,91.819
2026-09-12-l9,B,2.0.0-alpha.7,docs-01000,scan,q054,domain,12,0,130.175
2026-09-12-l9,A,1.0.0,docs-01000,scan,q055,domain,0,1,91.044
2026-09-12-l9,B,2.0.0-alpha.7,docs-01000,scan,q055,domain,0,1,133.059
2026-09-12-l9,A,1.0.0,docs-01000,scan,q055,domain,1,1,90.442
2026-09-12-l9,B,2.0.0-alpha.7,docs-01000,scan,q055,domain,1,1,130.250
2026-09-12-l9,A,1.0.0,docs-01000,scan,q055,domain,2,1,90.294
2026-09-12-l9,B,2.0.0-alpha.7,docs-01000,scan,q055,domain,2,1,130.942
2026-09-12-l9,A,1.0.0,docs-01000,scan,q055,domain,3,0,90.417
2026-09-12-l9,B,2.0.0-alpha.7,docs-01000,scan,q055,domain,3,0,133.987
2026-09-12-l9,A,1.0.0,docs-01000,scan,q055,domain,4,0,91.223
2026-09-12-l9,B,2.0.0-alpha.7,docs-01000,scan,q055,domain,4,0,130.557
2026-09-12-l9,A,1.0.0,docs-01000,scan,q055,domain,5,0,90.278
2026-09-12-l9,B,2.0.0-alpha.7,docs-01000,scan,q055,domain,5,0,130.305
2026-09-12-l9,A,1.0.0,docs-01000,scan,q055,domain,6,0,90.244
2026-09-12-l9,B,2.0.0-alpha.7,docs-01000,scan,q055,domain,6,0,130.371
2026-09-12-l9,A,1.0.0,docs-01000,scan,q055,domain,7,0,90.631
2026-09-12-l9,B,2.0.0-alpha.7,docs-01000,scan,q055,domain,7,0,131.276
2026-09-12-l9,A,1.0.0,docs-01000,scan,q055,domain,8,0,91.735
2026-09-12-l9,B,2.0.0-alpha.7,docs-01000,scan,q055,domain,8,0,132.742
2026-09-12-l9,A,1.0.0,docs-01000,scan,q055,domain,9,0,91.158
2026-09-12-l9,B,2.0.0-alpha.7,docs-01000,scan,q055,domain,9,0,130.404
2026-09-12-l9,A,1.0.0,docs-01000,scan,q055,domain,10,0,90.071
2026-09-12-l9,B,2.0.0-alpha.7,docs-01000,scan,q055,domain,10,0,131.311
2026-09-12-l9,A,1.0.0,docs-01000,scan,q055,domain,11,0,90.326
2026-09-12-l9,B,2.0.0-alpha.7,docs-01000,scan,q055,domain,11,0,132.237
2026-09-12-l9,A,1.0.0,docs-01000,scan,q055,domain,12,0,90.308
2026-09-12-l9,B,2.0.0-alpha.7,docs-01000,scan,q055,domain,12,0,132.975
2026-09-12-l9,A,1.0.0,docs-01000,scan,q056,domain,0,1,92.622
2026-09-12-l9,B,2.0.0-alpha.7,docs-01000,scan,q056,domain,0,1,129.867
2026-09-12-l9,A,1.0.0,docs-01000,scan,q056,domain,1,1,93.643
2026-09-12-l9,B,2.0.0-alpha.7,docs-01000,scan,q056,domain,1,1,130.540
2026-09-12-l9,A,1.0.0,docs-01000,scan,q056,domain,2,1,93.643
2026-09-12-l9,B,2.0.0-alpha.7,docs-01000,scan,q056,domain,2,1,131.462
2026-09-12-l9,A,1.0.0,docs-01000,scan,q056,domain,3,0,93.031
2026-09-12-l9,B,2.0.0-alpha.7,docs-01000,scan,q056,domain,3,0,130.489
2026-09-12-l9,A,1.0.0,docs-01000,scan,q056,domain,4,0,93.777
2026-09-12-l9,B,2.0.0-alpha.7,docs-01000,scan,q056,domain,4,0,129.652
2026-09-12-l9,A,1.0.0,docs-01000,scan,q056,domain,5,0,92.950
2026-09-12-l9,B,2.0.0-alpha.7,docs-01000,scan,q056,domain,5,0,131.712
2026-09-12-l9,A,1.0.0,docs-01000,scan,q056,domain,6,0,93.336
2026-09-12-l9,B,2.0.0-alpha.7,docs-01000,scan,q056,domain,6,0,128.894
2026-09-12-l9,A,1.0.0,docs-01000,scan,q056,domain,7,0,92.637
2026-09-12-l9,B,2.0.0-alpha.7,docs-01000,scan,q056,domain,7,0,129.670
2026-09-12-l9,A,1.0.0,docs-01000,scan,q056,domain,8,0,93.712
2026-09-12-l9,B,2.0.0-alpha.7,docs-01000,scan,q056,domain,8,0,132.561
2026-09-12-l9,A,1.0.0,docs-01000,scan,q056,domain,9,0,92.684
2026-09-12-l9,B,2.0.0-alpha.7,docs-01000,scan,q056,domain,9,0,129.513
2026-09-12-l9,A,1.0.0,docs-01000,scan,q056,domain,10,0,92.223
2026-09-12-l9,B,2.0.0-alpha.7,docs-01000,scan,q056,domain,10,0,131.420
2026-09-12-l9,A,1.0.0,docs-01000,scan,q056,domain,11,0,93.105
2026-09-12-l9,B,2.0.0-alpha.7,docs-01000,scan,q056,domain,11,0,129.903
2026-09-12-l9,A,1.0.0,docs-01000,scan,q056,domain,12,0,93.585
2026-09-12-l9,B,2.0.0-alpha.7,docs-01000,scan,q056,domain,12,0,130.100
2026-09-12-l9,A,1.0.0,docs-01000,scan,q057,domain,0,1,91.825
2026-09-12-l9,B,2.0.0-alpha.7,docs-01000,scan,q057,domain,0,1,129.640
2026-09-12-l9,A,1.0.0,docs-01000,scan,q057,domain,1,1,91.023
2026-09-12-l9,B,2.0.0-alpha.7,docs-01000,scan,q057,domain,1,1,128.866
2026-09-12-l9,A,1.0.0,docs-01000,scan,q057,domain,2,1,91.119
2026-09-12-l9,B,2.0.0-alpha.7,docs-01000,scan,q057,domain,2,1,128.653
2026-09-12-l9,A,1.0.0,docs-01000,scan,q057,domain,3,0,91.074
2026-09-12-l9,B,2.0.0-alpha.7,docs-01000,scan,q057,domain,3,0,129.568
2026-09-12-l9,A,1.0.0,docs-01000,scan,q057,domain,4,0,90.748
2026-09-12-l9,B,2.0.0-alpha.7,docs-01000,scan,q057,domain,4,0,131.191
2026-09-12-l9,A,1.0.0,docs-01000,scan,q057,domain,5,0,90.763
2026-09-12-l9,B,2.0.0-alpha.7,docs-01000,scan,q057,domain,5,0,129.445
2026-09-12-l9,A,1.0.0,docs-01000,scan,q057,domain,6,0,90.525
2026-09-12-l9,B,2.0.0-alpha.7,docs-01000,scan,q057,domain,6,0,131.984
2026-09-12-l9,A,1.0.0,docs-01000,scan,q057,domain,7,0,90.815
2026-09-12-l9,B,2.0.0-alpha.7,docs-01000,scan,q057,domain,7,0,129.434
2026-09-12-l9,A,1.0.0,docs-01000,scan,q057,domain,8,0,91.116
2026-09-12-l9,B,2.0.0-alpha.7,docs-01000,scan,q057,domain,8,0,130.354
2026-09-12-l9,A,1.0.0,docs-01000,scan,q057,domain,9,0,90.993
2026-09-12-l9,B,2.0.0-alpha.7,docs-01000,scan,q057,domain,9,0,129.953
2026-09-12-l9,A,1.0.0,docs-01000,scan,q057,domain,10,0,91.021
2026-09-12-l9,B,2.0.0-alpha.7,docs-01000,scan,q057,domain,10,0,129.166
2026-09-12-l9,A,1.0.0,docs-01000,scan,q057,domain,11,0,91.124
2026-09-12-l9,B,2.0.0-alpha.7,docs-01000,scan,q057,domain,11,0,129.299
2026-09-12-l9,A,1.0.0,docs-01000,scan,q057,domain,12,0,91.535
2026-09-12-l9,B,2.0.0-alpha.7,docs-01000,scan,q057,domain,12,0,137.187
2026-09-12-l9,A,1.0.0,docs-01000,scan,q058,domain,0,1,94.646
2026-09-12-l9,B,2.0.0-alpha.7,docs-01000,scan,q058,domain,0,1,133.771
2026-09-12-l9,A,1.0.0,docs-01000,scan,q058,domain,1,1,93.732
2026-09-12-l9,B,2.0.0-alpha.7,docs-01000,scan,q058,domain,1,1,130.535
2026-09-12-l9,A,1.0.0,docs-01000,scan,q058,domain,2,1,92.806
2026-09-12-l9,B,2.0.0-alpha.7,docs-01000,scan,q058,domain,2,1,131.584
2026-09-12-l9,A,1.0.0,docs-01000,scan,q058,domain,3,0,93.165
2026-09-12-l9,B,2.0.0-alpha.7,docs-01000,scan,q058,domain,3,0,131.929
2026-09-12-l9,A,1.0.0,docs-01000,scan,q058,domain,4,0,102.653
2026-09-12-l9,B,2.0.0-alpha.7,docs-01000,scan,q058,domain,4,0,140.541
2026-09-12-l9,A,1.0.0,docs-01000,scan,q058,domain,5,0,93.760
2026-09-12-l9,B,2.0.0-alpha.7,docs-01000,scan,q058,domain,5,0,131.584
2026-09-12-l9,A,1.0.0,docs-01000,scan,q058,domain,6,0,94.112
2026-09-12-l9,B,2.0.0-alpha.7,docs-01000,scan,q058,domain,6,0,130.177
2026-09-12-l9,A,1.0.0,docs-01000,scan,q058,domain,7,0,93.661
2026-09-12-l9,B,2.0.0-alpha.7,docs-01000,scan,q058,domain,7,0,130.066
2026-09-12-l9,A,1.0.0,docs-01000,scan,q058,domain,8,0,95.012
2026-09-12-l9,B,2.0.0-alpha.7,docs-01000,scan,q058,domain,8,0,130.352
2026-09-12-l9,A,1.0.0,docs-01000,scan,q058,domain,9,0,94.226
2026-09-12-l9,B,2.0.0-alpha.7,docs-01000,scan,q058,domain,9,0,131.176
2026-09-12-l9,A,1.0.0,docs-01000,scan,q058,domain,10,0,93.358
2026-09-12-l9,B,2.0.0-alpha.7,docs-01000,scan,q058,domain,10,0,130.373
2026-09-12-l9,A,1.0.0,docs-01000,scan,q058,domain,11,0,93.523
2026-09-12-l9,B,2.0.0-alpha.7,docs-01000,scan,q058,domain,11,0,131.067
2026-09-12-l9,A,1.0.0,docs-01000,scan,q058,domain,12,0,93.202
2026-09-12-l9,B,2.0.0-alpha.7,docs-01000,scan,q058,domain,12,0,130.150
2026-09-12-l9,A,1.0.0,docs-01000,scan,q059,domain,0,1,91.817
2026-09-12-l9,B,2.0.0-alpha.7,docs-01000,scan,q059,domain,0,1,130.641
2026-09-12-l9,A,1.0.0,docs-01000,scan,q059,domain,1,1,91.712
2026-09-12-l9,B,2.0.0-alpha.7,docs-01000,scan,q059,domain,1,1,129.585
2026-09-12-l9,A,1.0.0,docs-01000,scan,q059,domain,2,1,91.306
2026-09-12-l9,B,2.0.0-alpha.7,docs-01000,scan,q059,domain,2,1,129.608
2026-09-12-l9,A,1.0.0,docs-01000,scan,q059,domain,3,0,91.148
2026-09-12-l9,B,2.0.0-alpha.7,docs-01000,scan,q059,domain,3,0,130.211
2026-09-12-l9,A,1.0.0,docs-01000,scan,q059,domain,4,0,92.944
2026-09-12-l9,B,2.0.0-alpha.7,docs-01000,scan,q059,domain,4,0,129.855
2026-09-12-l9,A,1.0.0,docs-01000,scan,q059,domain,5,0,92.594
2026-09-12-l9,B,2.0.0-alpha.7,docs-01000,scan,q059,domain,5,0,129.395
2026-09-12-l9,A,1.0.0,docs-01000,scan,q059,domain,6,0,91.681
2026-09-12-l9,B,2.0.0-alpha.7,docs-01000,scan,q059,domain,6,0,130.509
2026-09-12-l9,A,1.0.0,docs-01000,scan,q059,domain,7,0,91.420
2026-09-12-l9,B,2.0.0-alpha.7,docs-01000,scan,q059,domain,7,0,130.078
2026-09-12-l9,A,1.0.0,docs-01000,scan,q059,domain,8,0,91.362
2026-09-12-l9,B,2.0.0-alpha.7,docs-01000,scan,q059,domain,8,0,129.974
2026-09-12-l9,A,1.0.0,docs-01000,scan,q059,domain,9,0,91.485
2026-09-12-l9,B,2.0.0-alpha.7,docs-01000,scan,q059,domain,9,0,130.815
2026-09-12-l9,A,1.0.0,docs-01000,scan,q059,domain,10,0,93.264
2026-09-12-l9,B,2.0.0-alpha.7,docs-01000,scan,q059,domain,10,0,131.745
2026-09-12-l9,A,1.0.0,docs-01000,scan,q059,domain,11,0,91.264
2026-09-12-l9,B,2.0.0-alpha.7,docs-01000,scan,q059,domain,11,0,131.074
2026-09-12-l9,A,1.0.0,docs-01000,scan,q059,domain,12,0,91.495
2026-09-12-l9,B,2.0.0-alpha.7,docs-01000,scan,q059,domain,12,0,129.341
2026-09-12-l9,A,1.0.0,docs-01000,scan,q060,domain,0,1,91.051
2026-09-12-l9,B,2.0.0-alpha.7,docs-01000,scan,q060,domain,0,1,129.239
2026-09-12-l9,A,1.0.0,docs-01000,scan,q060,domain,1,1,93.233
2026-09-12-l9,B,2.0.0-alpha.7,docs-01000,scan,q060,domain,1,1,131.178
2026-09-12-l9,A,1.0.0,docs-01000,scan,q060,domain,2,1,91.327
2026-09-12-l9,B,2.0.0-alpha.7,docs-01000,scan,q060,domain,2,1,129.276
2026-09-12-l9,A,1.0.0,docs-01000,scan,q060,domain,3,0,90.823
2026-09-12-l9,B,2.0.0-alpha.7,docs-01000,scan,q060,domain,3,0,129.160
2026-09-12-l9,A,1.0.0,docs-01000,scan,q060,domain,4,0,90.164
2026-09-12-l9,B,2.0.0-alpha.7,docs-01000,scan,q060,domain,4,0,130.019
2026-09-12-l9,A,1.0.0,docs-01000,scan,q060,domain,5,0,90.393
2026-09-12-l9,B,2.0.0-alpha.7,docs-01000,scan,q060,domain,5,0,129.843
2026-09-12-l9,A,1.0.0,docs-01000,scan,q060,domain,6,0,91.078
2026-09-12-l9,B,2.0.0-alpha.7,docs-01000,scan,q060,domain,6,0,129.673
2026-09-12-l9,A,1.0.0,docs-01000,scan,q060,domain,7,0,91.443
2026-09-12-l9,B,2.0.0-alpha.7,docs-01000,scan,q060,domain,7,0,129.852
2026-09-12-l9,A,1.0.0,docs-01000,scan,q060,domain,8,0,91.087
2026-09-12-l9,B,2.0.0-alpha.7,docs-01000,scan,q060,domain,8,0,129.468
2026-09-12-l9,A,1.0.0,docs-01000,scan,q060,domain,9,0,94.409
2026-09-12-l9,B,2.0.0-alpha.7,docs-01000,scan,q060,domain,9,0,134.193
2026-09-12-l9,A,1.0.0,docs-01000,scan,q060,domain,10,0,94.009
2026-09-12-l9,B,2.0.0-alpha.7,docs-01000,scan,q060,domain,10,0,131.096
2026-09-12-l9,A,1.0.0,docs-01000,scan,q060,domain,11,0,91.172
2026-09-12-l9,B,2.0.0-alpha.7,docs-01000,scan,q060,domain,11,0,129.542
2026-09-12-l9,A,1.0.0,docs-01000,scan,q060,domain,12,0,90.472
2026-09-12-l9,B,2.0.0-alpha.7,docs-01000,scan,q060,domain,12,0,131.541
2026-09-12-l9,A,1.0.0,docs-02000,scan,q001,rare,0,1,613.246
2026-09-12-l9,B,2.0.0-alpha.7,docs-02000,scan,q001,rare,0,1,643.769
2026-09-12-l9,A,1.0.0,docs-02000,scan,q001,rare,1,1,506.441
2026-09-12-l9,B,2.0.0-alpha.7,docs-02000,scan,q001,rare,1,1,533.127
2026-09-12-l9,A,1.0.0,docs-02000,scan,q001,rare,2,1,515.126
2026-09-12-l9,B,2.0.0-alpha.7,docs-02000,scan,q001,rare,2,1,546.658
2026-09-12-l9,A,1.0.0,docs-02000,scan,q001,rare,3,0,526.125
2026-09-12-l9,B,2.0.0-alpha.7,docs-02000,scan,q001,rare,3,0,556.610
2026-09-12-l9,A,1.0.0,docs-02000,scan,q001,rare,4,0,521.812
2026-09-12-l9,B,2.0.0-alpha.7,docs-02000,scan,q001,rare,4,0,551.824
2026-09-12-l9,A,1.0.0,docs-02000,scan,q001,rare,5,0,521.091
2026-09-12-l9,B,2.0.0-alpha.7,docs-02000,scan,q001,rare,5,0,548.031
2026-09-12-l9,A,1.0.0,docs-02000,scan,q001,rare,6,0,528.233
2026-09-12-l9,B,2.0.0-alpha.7,docs-02000,scan,q001,rare,6,0,551.623
2026-09-12-l9,A,1.0.0,docs-02000,scan,q001,rare,7,0,519.010
2026-09-12-l9,B,2.0.0-alpha.7,docs-02000,scan,q001,rare,7,0,556.500
2026-09-12-l9,A,1.0.0,docs-02000,scan,q001,rare,8,0,522.755
2026-09-12-l9,B,2.0.0-alpha.7,docs-02000,scan,q001,rare,8,0,549.314
2026-09-12-l9,A,1.0.0,docs-02000,scan,q001,rare,9,0,524.376
2026-09-12-l9,B,2.0.0-alpha.7,docs-02000,scan,q001,rare,9,0,551.686
2026-09-12-l9,A,1.0.0,docs-02000,scan,q001,rare,10,0,522.152
2026-09-12-l9,B,2.0.0-alpha.7,docs-02000,scan,q001,rare,10,0,546.780
2026-09-12-l9,A,1.0.0,docs-02000,scan,q001,rare,11,0,536.636
2026-09-12-l9,B,2.0.0-alpha.7,docs-02000,scan,q001,rare,11,0,544.129
2026-09-12-l9,A,1.0.0,docs-02000,scan,q001,rare,12,0,525.810
2026-09-12-l9,B,2.0.0-alpha.7,docs-02000,scan,q001,rare,12,0,537.073
2026-09-12-l9,A,1.0.0,docs-02000,scan,q002,rare,0,1,524.356
2026-09-12-l9,B,2.0.0-alpha.7,docs-02000,scan,q002,rare,0,1,538.387
2026-09-12-l9,A,1.0.0,docs-02000,scan,q002,rare,1,1,523.984
2026-09-12-l9,B,2.0.0-alpha.7,docs-02000,scan,q002,rare,1,1,541.564
2026-09-12-l9,A,1.0.0,docs-02000,scan,q002,rare,2,1,521.465
2026-09-12-l9,B,2.0.0-alpha.7,docs-02000,scan,q002,rare,2,1,542.724
2026-09-12-l9,A,1.0.0,docs-02000,scan,q002,rare,3,0,514.522
2026-09-12-l9,B,2.0.0-alpha.7,docs-02000,scan,q002,rare,3,0,544.220
2026-09-12-l9,A,1.0.0,docs-02000,scan,q002,rare,4,0,516.246
2026-09-12-l9,B,2.0.0-alpha.7,docs-02000,scan,q002,rare,4,0,542.007
2026-09-12-l9,A,1.0.0,docs-02000,scan,q002,rare,5,0,520.624
2026-09-12-l9,B,2.0.0-alpha.7,docs-02000,scan,q002,rare,5,0,546.756
2026-09-12-l9,A,1.0.0,docs-02000,scan,q002,rare,6,0,514.258
2026-09-12-l9,B,2.0.0-alpha.7,docs-02000,scan,q002,rare,6,0,541.817
2026-09-12-l9,A,1.0.0,docs-02000,scan,q002,rare,7,0,527.448
2026-09-12-l9,B,2.0.0-alpha.7,docs-02000,scan,q002,rare,7,0,547.298
2026-09-12-l9,A,1.0.0,docs-02000,scan,q002,rare,8,0,523.018
2026-09-12-l9,B,2.0.0-alpha.7,docs-02000,scan,q002,rare,8,0,547.593
2026-09-12-l9,A,1.0.0,docs-02000,scan,q002,rare,9,0,512.882
2026-09-12-l9,B,2.0.0-alpha.7,docs-02000,scan,q002,rare,9,0,548.244
2026-09-12-l9,A,1.0.0,docs-02000,scan,q002,rare,10,0,520.712
2026-09-12-l9,B,2.0.0-alpha.7,docs-02000,scan,q002,rare,10,0,539.680
2026-09-12-l9,A,1.0.0,docs-02000,scan,q002,rare,11,0,520.591
2026-09-12-l9,B,2.0.0-alpha.7,docs-02000,scan,q002,rare,11,0,544.476
2026-09-12-l9,A,1.0.0,docs-02000,scan,q002,rare,12,0,519.853
2026-09-12-l9,B,2.0.0-alpha.7,docs-02000,scan,q002,rare,12,0,543.118
2026-09-12-l9,A,1.0.0,docs-02000,scan,q003,rare,0,1,524.667
2026-09-12-l9,B,2.0.0-alpha.7,docs-02000,scan,q003,rare,0,1,545.242
2026-09-12-l9,A,1.0.0,docs-02000,scan,q003,rare,1,1,523.294
2026-09-12-l9,B,2.0.0-alpha.7,docs-02000,scan,q003,rare,1,1,542.668
2026-09-12-l9,A,1.0.0,docs-02000,scan,q003,rare,2,1,518.516
2026-09-12-l9,B,2.0.0-alpha.7,docs-02000,scan,q003,rare,2,1,545.105
2026-09-12-l9,A,1.0.0,docs-02000,scan,q003,rare,3,0,522.109
2026-09-12-l9,B,2.0.0-alpha.7,docs-02000,scan,q003,rare,3,0,538.501
2026-09-12-l9,A,1.0.0,docs-02000,scan,q003,rare,4,0,521.981
2026-09-12-l9,B,2.0.0-alpha.7,docs-02000,scan,q003,rare,4,0,543.434
2026-09-12-l9,A,1.0.0,docs-02000,scan,q003,rare,5,0,516.946
2026-09-12-l9,B,2.0.0-alpha.7,docs-02000,scan,q003,rare,5,0,538.679
2026-09-12-l9,A,1.0.0,docs-02000,scan,q003,rare,6,0,514.491
2026-09-12-l9,B,2.0.0-alpha.7,docs-02000,scan,q003,rare,6,0,538.573
2026-09-12-l9,A,1.0.0,docs-02000,scan,q003,rare,7,0,516.299
2026-09-12-l9,B,2.0.0-alpha.7,docs-02000,scan,q003,rare,7,0,539.984
2026-09-12-l9,A,1.0.0,docs-02000,scan,q003,rare,8,0,515.017
2026-09-12-l9,B,2.0.0-alpha.7,docs-02000,scan,q003,rare,8,0,542.285
2026-09-12-l9,A,1.0.0,docs-02000,scan,q003,rare,9,0,513.825
2026-09-12-l9,B,2.0.0-alpha.7,docs-02000,scan,q003,rare,9,0,537.591
2026-09-12-l9,A,1.0.0,docs-02000,scan,q003,rare,10,0,513.797
2026-09-12-l9,B,2.0.0-alpha.7,docs-02000,scan,q003,rare,10,0,545.439
2026-09-12-l9,A,1.0.0,docs-02000,scan,q003,rare,11,0,511.211
2026-09-12-l9,B,2.0.0-alpha.7,docs-02000,scan,q003,rare,11,0,542.743
2026-09-12-l9,A,1.0.0,docs-02000,scan,q003,rare,12,0,518.235
2026-09-12-l9,B,2.0.0-alpha.7,docs-02000,scan,q003,rare,12,0,545.089
2026-09-12-l9,A,1.0.0,docs-02000,scan,q004,rare,0,1,517.115
2026-09-12-l9,B,2.0.0-alpha.7,docs-02000,scan,q004,rare,0,1,540.440
2026-09-12-l9,A,1.0.0,docs-02000,scan,q004,rare,1,1,518.418
2026-09-12-l9,B,2.0.0-alpha.7,docs-02000,scan,q004,rare,1,1,542.128
2026-09-12-l9,A,1.0.0,docs-02000,scan,q004,rare,2,1,517.022
2026-09-12-l9,B,2.0.0-alpha.7,docs-02000,scan,q004,rare,2,1,536.465
2026-09-12-l9,A,1.0.0,docs-02000,scan,q004,rare,3,0,523.442
2026-09-12-l9,B,2.0.0-alpha.7,docs-02000,scan,q004,rare,3,0,542.775
2026-09-12-l9,A,1.0.0,docs-02000,scan,q004,rare,4,0,521.909
2026-09-12-l9,B,2.0.0-alpha.7,docs-02000,scan,q004,rare,4,0,540.243
2026-09-12-l9,A,1.0.0,docs-02000,scan,q004,rare,5,0,518.338
2026-09-12-l9,B,2.0.0-alpha.7,docs-02000,scan,q004,rare,5,0,537.819
2026-09-12-l9,A,1.0.0,docs-02000,scan,q004,rare,6,0,520.053
2026-09-12-l9,B,2.0.0-alpha.7,docs-02000,scan,q004,rare,6,0,540.097
2026-09-12-l9,A,1.0.0,docs-02000,scan,q004,rare,7,0,519.399
2026-09-12-l9,B,2.0.0-alpha.7,docs-02000,scan,q004,rare,7,0,539.517
2026-09-12-l9,A,1.0.0,docs-02000,scan,q004,rare,8,0,522.640
2026-09-12-l9,B,2.0.0-alpha.7,docs-02000,scan,q004,rare,8,0,537.954
2026-09-12-l9,A,1.0.0,docs-02000,scan,q004,rare,9,0,524.345
2026-09-12-l9,B,2.0.0-alpha.7,docs-02000,scan,q004,rare,9,0,558.118
2026-09-12-l9,A,1.0.0,docs-02000,scan,q004,rare,10,0,520.392
2026-09-12-l9,B,2.0.0-alpha.7,docs-02000,scan,q004,rare,10,0,549.145
2026-09-12-l9,A,1.0.0,docs-02000,scan,q004,rare,11,0,523.191
2026-09-12-l9,B,2.0.0-alpha.7,docs-02000,scan,q004,rare,11,0,544.332
2026-09-12-l9,A,1.0.0,docs-02000,scan,q004,rare,12,0,517.300
2026-09-12-l9,B,2.0.0-alpha.7,docs-02000,scan,q004,rare,12,0,542.770
2026-09-12-l9,A,1.0.0,docs-02000,scan,q005,rare,0,1,521.213
2026-09-12-l9,B,2.0.0-alpha.7,docs-02000,scan,q005,rare,0,1,541.538
2026-09-12-l9,A,1.0.0,docs-02000,scan,q005,rare,1,1,521.704
2026-09-12-l9,B,2.0.0-alpha.7,docs-02000,scan,q005,rare,1,1,568.095
2026-09-12-l9,A,1.0.0,docs-02000,scan,q005,rare,2,1,527.608
2026-09-12-l9,B,2.0.0-alpha.7,docs-02000,scan,q005,rare,2,1,543.993
2026-09-12-l9,A,1.0.0,docs-02000,scan,q005,rare,3,0,529.072
2026-09-12-l9,B,2.0.0-alpha.7,docs-02000,scan,q005,rare,3,0,547.904
2026-09-12-l9,A,1.0.0,docs-02000,scan,q005,rare,4,0,520.208
2026-09-12-l9,B,2.0.0-alpha.7,docs-02000,scan,q005,rare,4,0,537.581
2026-09-12-l9,A,1.0.0,docs-02000,scan,q005,rare,5,0,518.554
2026-09-12-l9,B,2.0.0-alpha.7,docs-02000,scan,q005,rare,5,0,539.101
2026-09-12-l9,A,1.0.0,docs-02000,scan,q005,rare,6,0,525.274
2026-09-12-l9,B,2.0.0-alpha.7,docs-02000,scan,q005,rare,6,0,541.934
2026-09-12-l9,A,1.0.0,docs-02000,scan,q005,rare,7,0,520.677
2026-09-12-l9,B,2.0.0-alpha.7,docs-02000,scan,q005,rare,7,0,538.418
2026-09-12-l9,A,1.0.0,docs-02000,scan,q005,rare,8,0,520.619
2026-09-12-l9,B,2.0.0-alpha.7,docs-02000,scan,q005,rare,8,0,540.489
2026-09-12-l9,A,1.0.0,docs-02000,scan,q005,rare,9,0,522.033
2026-09-12-l9,B,2.0.0-alpha.7,docs-02000,scan,q005,rare,9,0,539.485
2026-09-12-l9,A,1.0.0,docs-02000,scan,q005,rare,10,0,526.358
2026-09-12-l9,B,2.0.0-alpha.7,docs-02000,scan,q005,rare,10,0,541.251
2026-09-12-l9,A,1.0.0,docs-02000,scan,q005,rare,11,0,517.463
2026-09-12-l9,B,2.0.0-alpha.7,docs-02000,scan,q005,rare,11,0,541.112
2026-09-12-l9,A,1.0.0,docs-02000,scan,q005,rare,12,0,520.201
2026-09-12-l9,B,2.0.0-alpha.7,docs-02000,scan,q005,rare,12,0,549.356
2026-09-12-l9,A,1.0.0,docs-02000,scan,q006,rare,0,1,519.353
2026-09-12-l9,B,2.0.0-alpha.7,docs-02000,scan,q006,rare,0,1,548.844
2026-09-12-l9,A,1.0.0,docs-02000,scan,q006,rare,1,1,521.523
2026-09-12-l9,B,2.0.0-alpha.7,docs-02000,scan,q006,rare,1,1,545.631
2026-09-12-l9,A,1.0.0,docs-02000,scan,q006,rare,2,1,519.352
2026-09-12-l9,B,2.0.0-alpha.7,docs-02000,scan,q006,rare,2,1,554.602
2026-09-12-l9,A,1.0.0,docs-02000,scan,q006,rare,3,0,518.432
2026-09-12-l9,B,2.0.0-alpha.7,docs-02000,scan,q006,rare,3,0,545.944
2026-09-12-l9,A,1.0.0,docs-02000,scan,q006,rare,4,0,518.769
2026-09-12-l9,B,2.0.0-alpha.7,docs-02000,scan,q006,rare,4,0,550.428
2026-09-12-l9,A,1.0.0,docs-02000,scan,q006,rare,5,0,519.940
2026-09-12-l9,B,2.0.0-alpha.7,docs-02000,scan,q006,rare,5,0,548.635
2026-09-12-l9,A,1.0.0,docs-02000,scan,q006,rare,6,0,516.259
2026-09-12-l9,B,2.0.0-alpha.7,docs-02000,scan,q006,rare,6,0,542.234
2026-09-12-l9,A,1.0.0,docs-02000,scan,q006,rare,7,0,519.276
2026-09-12-l9,B,2.0.0-alpha.7,docs-02000,scan,q006,rare,7,0,540.052
2026-09-12-l9,A,1.0.0,docs-02000,scan,q006,rare,8,0,519.271
2026-09-12-l9,B,2.0.0-alpha.7,docs-02000,scan,q006,rare,8,0,541.049
2026-09-12-l9,A,1.0.0,docs-02000,scan,q006,rare,9,0,521.048
2026-09-12-l9,B,2.0.0-alpha.7,docs-02000,scan,q006,rare,9,0,540.134
2026-09-12-l9,A,1.0.0,docs-02000,scan,q006,rare,10,0,519.456
2026-09-12-l9,B,2.0.0-alpha.7,docs-02000,scan,q006,rare,10,0,538.482
2026-09-12-l9,A,1.0.0,docs-02000,scan,q006,rare,11,0,522.203
2026-09-12-l9,B,2.0.0-alpha.7,docs-02000,scan,q006,rare,11,0,566.059
2026-09-12-l9,A,1.0.0,docs-02000,scan,q006,rare,12,0,538.357
2026-09-12-l9,B,2.0.0-alpha.7,docs-02000,scan,q006,rare,12,0,580.003
2026-09-12-l9,A,1.0.0,docs-02000,scan,q007,rare,0,1,540.145
2026-09-12-l9,B,2.0.0-alpha.7,docs-02000,scan,q007,rare,0,1,533.514
2026-09-12-l9,A,1.0.0,docs-02000,scan,q007,rare,1,1,509.440
2026-09-12-l9,B,2.0.0-alpha.7,docs-02000,scan,q007,rare,1,1,539.225
2026-09-12-l9,A,1.0.0,docs-02000,scan,q007,rare,2,1,515.477
2026-09-12-l9,B,2.0.0-alpha.7,docs-02000,scan,q007,rare,2,1,540.123
2026-09-12-l9,A,1.0.0,docs-02000,scan,q007,rare,3,0,525.020
2026-09-12-l9,B,2.0.0-alpha.7,docs-02000,scan,q007,rare,3,0,544.498
2026-09-12-l9,A,1.0.0,docs-02000,scan,q007,rare,4,0,523.633
2026-09-12-l9,B,2.0.0-alpha.7,docs-02000,scan,q007,rare,4,0,548.268
2026-09-12-l9,A,1.0.0,docs-02000,scan,q007,rare,5,0,526.265
2026-09-12-l9,B,2.0.0-alpha.7,docs-02000,scan,q007,rare,5,0,553.510
2026-09-12-l9,A,1.0.0,docs-02000,scan,q007,rare,6,0,520.285
2026-09-12-l9,B,2.0.0-alpha.7,docs-02000,scan,q007,rare,6,0,548.256
2026-09-12-l9,A,1.0.0,docs-02000,scan,q007,rare,7,0,520.352
2026-09-12-l9,B,2.0.0-alpha.7,docs-02000,scan,q007,rare,7,0,545.134
2026-09-12-l9,A,1.0.0,docs-02000,scan,q007,rare,8,0,524.608
2026-09-12-l9,B,2.0.0-alpha.7,docs-02000,scan,q007,rare,8,0,542.654
2026-09-12-l9,A,1.0.0,docs-02000,scan,q007,rare,9,0,523.469
2026-09-12-l9,B,2.0.0-alpha.7,docs-02000,scan,q007,rare,9,0,554.584
2026-09-12-l9,A,1.0.0,docs-02000,scan,q007,rare,10,0,529.106
2026-09-12-l9,B,2.0.0-alpha.7,docs-02000,scan,q007,rare,10,0,542.747
2026-09-12-l9,A,1.0.0,docs-02000,scan,q007,rare,11,0,521.777
2026-09-12-l9,B,2.0.0-alpha.7,docs-02000,scan,q007,rare,11,0,546.379
2026-09-12-l9,A,1.0.0,docs-02000,scan,q007,rare,12,0,524.855
2026-09-12-l9,B,2.0.0-alpha.7,docs-02000,scan,q007,rare,12,0,544.700
2026-09-12-l9,A,1.0.0,docs-02000,scan,q008,rare,0,1,534.236
2026-09-12-l9,B,2.0.0-alpha.7,docs-02000,scan,q008,rare,0,1,544.406
2026-09-12-l9,A,1.0.0,docs-02000,scan,q008,rare,1,1,528.319
2026-09-12-l9,B,2.0.0-alpha.7,docs-02000,scan,q008,rare,1,1,562.759
2026-09-12-l9,A,1.0.0,docs-02000,scan,q008,rare,2,1,560.506
2026-09-12-l9,B,2.0.0-alpha.7,docs-02000,scan,q008,rare,2,1,572.377
2026-09-12-l9,A,1.0.0,docs-02000,scan,q008,rare,3,0,535.540
2026-09-12-l9,B,2.0.0-alpha.7,docs-02000,scan,q008,rare,3,0,566.732
2026-09-12-l9,A,1.0.0,docs-02000,scan,q008,rare,4,0,532.874
2026-09-12-l9,B,2.0.0-alpha.7,docs-02000,scan,q008,rare,4,0,536.987
2026-09-12-l9,A,1.0.0,docs-02000,scan,q008,rare,5,0,509.011
2026-09-12-l9,B,2.0.0-alpha.7,docs-02000,scan,q008,rare,5,0,538.979
2026-09-12-l9,A,1.0.0,docs-02000,scan,q008,rare,6,0,513.283
2026-09-12-l9,B,2.0.0-alpha.7,docs-02000,scan,q008,rare,6,0,553.952
2026-09-12-l9,A,1.0.0,docs-02000,scan,q008,rare,7,0,519.379
2026-09-12-l9,B,2.0.0-alpha.7,docs-02000,scan,q008,rare,7,0,551.297
2026-09-12-l9,A,1.0.0,docs-02000,scan,q008,rare,8,0,524.153
2026-09-12-l9,B,2.0.0-alpha.7,docs-02000,scan,q008,rare,8,0,548.250
2026-09-12-l9,A,1.0.0,docs-02000,scan,q008,rare,9,0,525.539
2026-09-12-l9,B,2.0.0-alpha.7,docs-02000,scan,q008,rare,9,0,547.898
2026-09-12-l9,A,1.0.0,docs-02000,scan,q008,rare,10,0,528.054
2026-09-12-l9,B,2.0.0-alpha.7,docs-02000,scan,q008,rare,10,0,543.516
2026-09-12-l9,A,1.0.0,docs-02000,scan,q008,rare,11,0,526.719
2026-09-12-l9,B,2.0.0-alpha.7,docs-02000,scan,q008,rare,11,0,544.776
2026-09-12-l9,A,1.0.0,docs-02000,scan,q008,rare,12,0,519.758
2026-09-12-l9,B,2.0.0-alpha.7,docs-02000,scan,q008,rare,12,0,541.021
2026-09-12-l9,A,1.0.0,docs-02000,scan,q009,rare,0,1,526.668
2026-09-12-l9,B,2.0.0-alpha.7,docs-02000,scan,q009,rare,0,1,561.711
2026-09-12-l9,A,1.0.0,docs-02000,scan,q009,rare,1,1,530.495
2026-09-12-l9,B,2.0.0-alpha.7,docs-02000,scan,q009,rare,1,1,547.646
2026-09-12-l9,A,1.0.0,docs-02000,scan,q009,rare,2,1,523.804
2026-09-12-l9,B,2.0.0-alpha.7,docs-02000,scan,q009,rare,2,1,541.338
2026-09-12-l9,A,1.0.0,docs-02000,scan,q009,rare,3,0,525.707
2026-09-12-l9,B,2.0.0-alpha.7,docs-02000,scan,q009,rare,3,0,570.141
2026-09-12-l9,A,1.0.0,docs-02000,scan,q009,rare,4,0,524.372
2026-09-12-l9,B,2.0.0-alpha.7,docs-02000,scan,q009,rare,4,0,544.880
2026-09-12-l9,A,1.0.0,docs-02000,scan,q009,rare,5,0,516.503
2026-09-12-l9,B,2.0.0-alpha.7,docs-02000,scan,q009,rare,5,0,547.581
2026-09-12-l9,A,1.0.0,docs-02000,scan,q009,rare,6,0,518.776
2026-09-12-l9,B,2.0.0-alpha.7,docs-02000,scan,q009,rare,6,0,545.749
2026-09-12-l9,A,1.0.0,docs-02000,scan,q009,rare,7,0,525.619
2026-09-12-l9,B,2.0.0-alpha.7,docs-02000,scan,q009,rare,7,0,563.312
2026-09-12-l9,A,1.0.0,docs-02000,scan,q009,rare,8,0,520.170
2026-09-12-l9,B,2.0.0-alpha.7,docs-02000,scan,q009,rare,8,0,547.448
2026-09-12-l9,A,1.0.0,docs-02000,scan,q009,rare,9,0,518.318
2026-09-12-l9,B,2.0.0-alpha.7,docs-02000,scan,q009,rare,9,0,547.862
2026-09-12-l9,A,1.0.0,docs-02000,scan,q009,rare,10,0,526.553
2026-09-12-l9,B,2.0.0-alpha.7,docs-02000,scan,q009,rare,10,0,541.223
2026-09-12-l9,A,1.0.0,docs-02000,scan,q009,rare,11,0,524.220
2026-09-12-l9,B,2.0.0-alpha.7,docs-02000,scan,q009,rare,11,0,544.622
2026-09-12-l9,A,1.0.0,docs-02000,scan,q009,rare,12,0,524.092
2026-09-12-l9,B,2.0.0-alpha.7,docs-02000,scan,q009,rare,12,0,547.481
2026-09-12-l9,A,1.0.0,docs-02000,scan,q010,rare,0,1,525.646
2026-09-12-l9,B,2.0.0-alpha.7,docs-02000,scan,q010,rare,0,1,551.874
2026-09-12-l9,A,1.0.0,docs-02000,scan,q010,rare,1,1,531.654
2026-09-12-l9,B,2.0.0-alpha.7,docs-02000,scan,q010,rare,1,1,551.214
2026-09-12-l9,A,1.0.0,docs-02000,scan,q010,rare,2,1,527.095
2026-09-12-l9,B,2.0.0-alpha.7,docs-02000,scan,q010,rare,2,1,546.416
2026-09-12-l9,A,1.0.0,docs-02000,scan,q010,rare,3,0,528.930
2026-09-12-l9,B,2.0.0-alpha.7,docs-02000,scan,q010,rare,3,0,546.831
2026-09-12-l9,A,1.0.0,docs-02000,scan,q010,rare,4,0,523.835
2026-09-12-l9,B,2.0.0-alpha.7,docs-02000,scan,q010,rare,4,0,557.684
2026-09-12-l9,A,1.0.0,docs-02000,scan,q010,rare,5,0,523.356
2026-09-12-l9,B,2.0.0-alpha.7,docs-02000,scan,q010,rare,5,0,548.704
2026-09-12-l9,A,1.0.0,docs-02000,scan,q010,rare,6,0,523.715
2026-09-12-l9,B,2.0.0-alpha.7,docs-02000,scan,q010,rare,6,0,554.364
2026-09-12-l9,A,1.0.0,docs-02000,scan,q010,rare,7,0,523.320
2026-09-12-l9,B,2.0.0-alpha.7,docs-02000,scan,q010,rare,7,0,553.379
2026-09-12-l9,A,1.0.0,docs-02000,scan,q010,rare,8,0,530.381
2026-09-12-l9,B,2.0.0-alpha.7,docs-02000,scan,q010,rare,8,0,559.089
2026-09-12-l9,A,1.0.0,docs-02000,scan,q010,rare,9,0,529.853
2026-09-12-l9,B,2.0.0-alpha.7,docs-02000,scan,q010,rare,9,0,552.676
2026-09-12-l9,A,1.0.0,docs-02000,scan,q010,rare,10,0,524.597
2026-09-12-l9,B,2.0.0-alpha.7,docs-02000,scan,q010,rare,10,0,554.350
2026-09-12-l9,A,1.0.0,docs-02000,scan,q010,rare,11,0,527.124
2026-09-12-l9,B,2.0.0-alpha.7,docs-02000,scan,q010,rare,11,0,552.559
2026-09-12-l9,A,1.0.0,docs-02000,scan,q010,rare,12,0,527.105
2026-09-12-l9,B,2.0.0-alpha.7,docs-02000,scan,q010,rare,12,0,546.450
2026-09-12-l9,A,1.0.0,docs-02000,scan,q011,common,0,1,512.048
2026-09-12-l9,B,2.0.0-alpha.7,docs-02000,scan,q011,common,0,1,532.336
2026-09-12-l9,A,1.0.0,docs-02000,scan,q011,common,1,1,511.198
2026-09-12-l9,B,2.0.0-alpha.7,docs-02000,scan,q011,common,1,1,534.113
2026-09-12-l9,A,1.0.0,docs-02000,scan,q011,common,2,1,514.031
2026-09-12-l9,B,2.0.0-alpha.7,docs-02000,scan,q011,common,2,1,536.144
2026-09-12-l9,A,1.0.0,docs-02000,scan,q011,common,3,0,512.113
2026-09-12-l9,B,2.0.0-alpha.7,docs-02000,scan,q011,common,3,0,545.849
2026-09-12-l9,A,1.0.0,docs-02000,scan,q011,common,4,0,517.549
2026-09-12-l9,B,2.0.0-alpha.7,docs-02000,scan,q011,common,4,0,533.311
2026-09-12-l9,A,1.0.0,docs-02000,scan,q011,common,5,0,515.024
2026-09-12-l9,B,2.0.0-alpha.7,docs-02000,scan,q011,common,5,0,534.248
2026-09-12-l9,A,1.0.0,docs-02000,scan,q011,common,6,0,514.153
2026-09-12-l9,B,2.0.0-alpha.7,docs-02000,scan,q011,common,6,0,540.722
2026-09-12-l9,A,1.0.0,docs-02000,scan,q011,common,7,0,508.036
2026-09-12-l9,B,2.0.0-alpha.7,docs-02000,scan,q011,common,7,0,542.883
2026-09-12-l9,A,1.0.0,docs-02000,scan,q011,common,8,0,511.582
2026-09-12-l9,B,2.0.0-alpha.7,docs-02000,scan,q011,common,8,0,540.481
2026-09-12-l9,A,1.0.0,docs-02000,scan,q011,common,9,0,515.990
2026-09-12-l9,B,2.0.0-alpha.7,docs-02000,scan,q011,common,9,0,547.414
2026-09-12-l9,A,1.0.0,docs-02000,scan,q011,common,10,0,511.883
2026-09-12-l9,B,2.0.0-alpha.7,docs-02000,scan,q011,common,10,0,542.266
2026-09-12-l9,A,1.0.0,docs-02000,scan,q011,common,11,0,513.951
2026-09-12-l9,B,2.0.0-alpha.7,docs-02000,scan,q011,common,11,0,547.852
2026-09-12-l9,A,1.0.0,docs-02000,scan,q011,common,12,0,517.129
2026-09-12-l9,B,2.0.0-alpha.7,docs-02000,scan,q011,common,12,0,552.044
2026-09-12-l9,A,1.0.0,docs-02000,scan,q012,common,0,1,514.769
2026-09-12-l9,B,2.0.0-alpha.7,docs-02000,scan,q012,common,0,1,554.962
2026-09-12-l9,A,1.0.0,docs-02000,scan,q012,common,1,1,528.700
2026-09-12-l9,B,2.0.0-alpha.7,docs-02000,scan,q012,common,1,1,550.161
2026-09-12-l9,A,1.0.0,docs-02000,scan,q012,common,2,1,507.360
2026-09-12-l9,B,2.0.0-alpha.7,docs-02000,scan,q012,common,2,1,530.264
2026-09-12-l9,A,1.0.0,docs-02000,scan,q012,common,3,0,504.106
2026-09-12-l9,B,2.0.0-alpha.7,docs-02000,scan,q012,common,3,0,531.963
2026-09-12-l9,A,1.0.0,docs-02000,scan,q012,common,4,0,512.470
2026-09-12-l9,B,2.0.0-alpha.7,docs-02000,scan,q012,common,4,0,534.194
2026-09-12-l9,A,1.0.0,docs-02000,scan,q012,common,5,0,512.168
2026-09-12-l9,B,2.0.0-alpha.7,docs-02000,scan,q012,common,5,0,535.181
2026-09-12-l9,A,1.0.0,docs-02000,scan,q012,common,6,0,515.717
2026-09-12-l9,B,2.0.0-alpha.7,docs-02000,scan,q012,common,6,0,542.551
2026-09-12-l9,A,1.0.0,docs-02000,scan,q012,common,7,0,513.901
2026-09-12-l9,B,2.0.0-alpha.7,docs-02000,scan,q012,common,7,0,535.683
2026-09-12-l9,A,1.0.0,docs-02000,scan,q012,common,8,0,513.790
2026-09-12-l9,B,2.0.0-alpha.7,docs-02000,scan,q012,common,8,0,539.673
2026-09-12-l9,A,1.0.0,docs-02000,scan,q012,common,9,0,513.577
2026-09-12-l9,B,2.0.0-alpha.7,docs-02000,scan,q012,common,9,0,536.632
2026-09-12-l9,A,1.0.0,docs-02000,scan,q012,common,10,0,511.441
2026-09-12-l9,B,2.0.0-alpha.7,docs-02000,scan,q012,common,10,0,542.052
2026-09-12-l9,A,1.0.0,docs-02000,scan,q012,common,11,0,509.422
2026-09-12-l9,B,2.0.0-alpha.7,docs-02000,scan,q012,common,11,0,554.438
2026-09-12-l9,A,1.0.0,docs-02000,scan,q012,common,12,0,531.237
2026-09-12-l9,B,2.0.0-alpha.7,docs-02000,scan,q012,common,12,0,542.861
2026-09-12-l9,A,1.0.0,docs-02000,scan,q013,common,0,1,515.946
2026-09-12-l9,B,2.0.0-alpha.7,docs-02000,scan,q013,common,0,1,536.496
2026-09-12-l9,A,1.0.0,docs-02000,scan,q013,common,1,1,512.487
2026-09-12-l9,B,2.0.0-alpha.7,docs-02000,scan,q013,common,1,1,539.858
2026-09-12-l9,A,1.0.0,docs-02000,scan,q013,common,2,1,513.349
2026-09-12-l9,B,2.0.0-alpha.7,docs-02000,scan,q013,common,2,1,538.068
2026-09-12-l9,A,1.0.0,docs-02000,scan,q013,common,3,0,510.526
2026-09-12-l9,B,2.0.0-alpha.7,docs-02000,scan,q013,common,3,0,539.015
2026-09-12-l9,A,1.0.0,docs-02000,scan,q013,common,4,0,516.028
2026-09-12-l9,B,2.0.0-alpha.7,docs-02000,scan,q013,common,4,0,551.967
2026-09-12-l9,A,1.0.0,docs-02000,scan,q013,common,5,0,516.611
2026-09-12-l9,B,2.0.0-alpha.7,docs-02000,scan,q013,common,5,0,548.663
2026-09-12-l9,A,1.0.0,docs-02000,scan,q013,common,6,0,519.188
2026-09-12-l9,B,2.0.0-alpha.7,docs-02000,scan,q013,common,6,0,538.383
2026-09-12-l9,A,1.0.0,docs-02000,scan,q013,common,7,0,510.652
2026-09-12-l9,B,2.0.0-alpha.7,docs-02000,scan,q013,common,7,0,538.940
2026-09-12-l9,A,1.0.0,docs-02000,scan,q013,common,8,0,514.221
2026-09-12-l9,B,2.0.0-alpha.7,docs-02000,scan,q013,common,8,0,534.505
2026-09-12-l9,A,1.0.0,docs-02000,scan,q013,common,9,0,516.222
2026-09-12-l9,B,2.0.0-alpha.7,docs-02000,scan,q013,common,9,0,537.913
2026-09-12-l9,A,1.0.0,docs-02000,scan,q013,common,10,0,514.628
2026-09-12-l9,B,2.0.0-alpha.7,docs-02000,scan,q013,common,10,0,536.320
2026-09-12-l9,A,1.0.0,docs-02000,scan,q013,common,11,0,513.344
2026-09-12-l9,B,2.0.0-alpha.7,docs-02000,scan,q013,common,11,0,556.862
2026-09-12-l9,A,1.0.0,docs-02000,scan,q013,common,12,0,519.939
2026-09-12-l9,B,2.0.0-alpha.7,docs-02000,scan,q013,common,12,0,542.058
2026-09-12-l9,A,1.0.0,docs-02000,scan,q014,common,0,1,503.957
2026-09-12-l9,B,2.0.0-alpha.7,docs-02000,scan,q014,common,0,1,538.315
2026-09-12-l9,A,1.0.0,docs-02000,scan,q014,common,1,1,511.569
2026-09-12-l9,B,2.0.0-alpha.7,docs-02000,scan,q014,common,1,1,536.224
2026-09-12-l9,A,1.0.0,docs-02000,scan,q014,common,2,1,501.760
2026-09-12-l9,B,2.0.0-alpha.7,docs-02000,scan,q014,common,2,1,531.641
2026-09-12-l9,A,1.0.0,docs-02000,scan,q014,common,3,0,506.011
2026-09-12-l9,B,2.0.0-alpha.7,docs-02000,scan,q014,common,3,0,537.746
2026-09-12-l9,A,1.0.0,docs-02000,scan,q014,common,4,0,501.684
2026-09-12-l9,B,2.0.0-alpha.7,docs-02000,scan,q014,common,4,0,541.145
2026-09-12-l9,A,1.0.0,docs-02000,scan,q014,common,5,0,505.212
2026-09-12-l9,B,2.0.0-alpha.7,docs-02000,scan,q014,common,5,0,539.301
2026-09-12-l9,A,1.0.0,docs-02000,scan,q014,common,6,0,505.496
2026-09-12-l9,B,2.0.0-alpha.7,docs-02000,scan,q014,common,6,0,542.895
2026-09-12-l9,A,1.0.0,docs-02000,scan,q014,common,7,0,502.891
2026-09-12-l9,B,2.0.0-alpha.7,docs-02000,scan,q014,common,7,0,540.737
2026-09-12-l9,A,1.0.0,docs-02000,scan,q014,common,8,0,502.028
2026-09-12-l9,B,2.0.0-alpha.7,docs-02000,scan,q014,common,8,0,545.064
2026-09-12-l9,A,1.0.0,docs-02000,scan,q014,common,9,0,506.826
2026-09-12-l9,B,2.0.0-alpha.7,docs-02000,scan,q014,common,9,0,538.651
2026-09-12-l9,A,1.0.0,docs-02000,scan,q014,common,10,0,499.381
2026-09-12-l9,B,2.0.0-alpha.7,docs-02000,scan,q014,common,10,0,535.674
2026-09-12-l9,A,1.0.0,docs-02000,scan,q014,common,11,0,502.027
2026-09-12-l9,B,2.0.0-alpha.7,docs-02000,scan,q014,common,11,0,543.858
2026-09-12-l9,A,1.0.0,docs-02000,scan,q014,common,12,0,509.445
2026-09-12-l9,B,2.0.0-alpha.7,docs-02000,scan,q014,common,12,0,547.311
2026-09-12-l9,A,1.0.0,docs-02000,scan,q015,common,0,1,498.298
2026-09-12-l9,B,2.0.0-alpha.7,docs-02000,scan,q015,common,0,1,539.757
2026-09-12-l9,A,1.0.0,docs-02000,scan,q015,common,1,1,498.635
2026-09-12-l9,B,2.0.0-alpha.7,docs-02000,scan,q015,common,1,1,531.006
2026-09-12-l9,A,1.0.0,docs-02000,scan,q015,common,2,1,494.413
2026-09-12-l9,B,2.0.0-alpha.7,docs-02000,scan,q015,common,2,1,528.721
2026-09-12-l9,A,1.0.0,docs-02000,scan,q015,common,3,0,503.465
2026-09-12-l9,B,2.0.0-alpha.7,docs-02000,scan,q015,common,3,0,531.180
2026-09-12-l9,A,1.0.0,docs-02000,scan,q015,common,4,0,502.155
2026-09-12-l9,B,2.0.0-alpha.7,docs-02000,scan,q015,common,4,0,528.988
2026-09-12-l9,A,1.0.0,docs-02000,scan,q015,common,5,0,504.693
2026-09-12-l9,B,2.0.0-alpha.7,docs-02000,scan,q015,common,5,0,532.906
2026-09-12-l9,A,1.0.0,docs-02000,scan,q015,common,6,0,506.394
2026-09-12-l9,B,2.0.0-alpha.7,docs-02000,scan,q015,common,6,0,528.961
2026-09-12-l9,A,1.0.0,docs-02000,scan,q015,common,7,0,504.194
2026-09-12-l9,B,2.0.0-alpha.7,docs-02000,scan,q015,common,7,0,533.668
2026-09-12-l9,A,1.0.0,docs-02000,scan,q015,common,8,0,502.040
2026-09-12-l9,B,2.0.0-alpha.7,docs-02000,scan,q015,common,8,0,543.534
2026-09-12-l9,A,1.0.0,docs-02000,scan,q015,common,9,0,504.555
2026-09-12-l9,B,2.0.0-alpha.7,docs-02000,scan,q015,common,9,0,525.220
2026-09-12-l9,A,1.0.0,docs-02000,scan,q015,common,10,0,504.536
2026-09-12-l9,B,2.0.0-alpha.7,docs-02000,scan,q015,common,10,0,528.338
2026-09-12-l9,A,1.0.0,docs-02000,scan,q015,common,11,0,501.785
2026-09-12-l9,B,2.0.0-alpha.7,docs-02000,scan,q015,common,11,0,521.946
2026-09-12-l9,A,1.0.0,docs-02000,scan,q015,common,12,0,501.350
2026-09-12-l9,B,2.0.0-alpha.7,docs-02000,scan,q015,common,12,0,531.039
2026-09-12-l9,A,1.0.0,docs-02000,scan,q016,common,0,1,509.460
2026-09-12-l9,B,2.0.0-alpha.7,docs-02000,scan,q016,common,0,1,529.594
2026-09-12-l9,A,1.0.0,docs-02000,scan,q016,common,1,1,511.413
2026-09-12-l9,B,2.0.0-alpha.7,docs-02000,scan,q016,common,1,1,539.667
2026-09-12-l9,A,1.0.0,docs-02000,scan,q016,common,2,1,510.276
2026-09-12-l9,B,2.0.0-alpha.7,docs-02000,scan,q016,common,2,1,529.785
2026-09-12-l9,A,1.0.0,docs-02000,scan,q016,common,3,0,513.672
2026-09-12-l9,B,2.0.0-alpha.7,docs-02000,scan,q016,common,3,0,525.866
2026-09-12-l9,A,1.0.0,docs-02000,scan,q016,common,4,0,509.952
2026-09-12-l9,B,2.0.0-alpha.7,docs-02000,scan,q016,common,4,0,532.132
2026-09-12-l9,A,1.0.0,docs-02000,scan,q016,common,5,0,504.781
2026-09-12-l9,B,2.0.0-alpha.7,docs-02000,scan,q016,common,5,0,538.920
2026-09-12-l9,A,1.0.0,docs-02000,scan,q016,common,6,0,512.727
2026-09-12-l9,B,2.0.0-alpha.7,docs-02000,scan,q016,common,6,0,532.737
2026-09-12-l9,A,1.0.0,docs-02000,scan,q016,common,7,0,507.027
2026-09-12-l9,B,2.0.0-alpha.7,docs-02000,scan,q016,common,7,0,536.974
2026-09-12-l9,A,1.0.0,docs-02000,scan,q016,common,8,0,512.841
2026-09-12-l9,B,2.0.0-alpha.7,docs-02000,scan,q016,common,8,0,531.512
2026-09-12-l9,A,1.0.0,docs-02000,scan,q016,common,9,0,505.192
2026-09-12-l9,B,2.0.0-alpha.7,docs-02000,scan,q016,common,9,0,533.566
2026-09-12-l9,A,1.0.0,docs-02000,scan,q016,common,10,0,506.960
2026-09-12-l9,B,2.0.0-alpha.7,docs-02000,scan,q016,common,10,0,531.193
2026-09-12-l9,A,1.0.0,docs-02000,scan,q016,common,11,0,505.352
2026-09-12-l9,B,2.0.0-alpha.7,docs-02000,scan,q016,common,11,0,533.688
2026-09-12-l9,A,1.0.0,docs-02000,scan,q016,common,12,0,508.863
2026-09-12-l9,B,2.0.0-alpha.7,docs-02000,scan,q016,common,12,0,535.864
2026-09-12-l9,A,1.0.0,docs-02000,scan,q017,common,0,1,507.728
2026-09-12-l9,B,2.0.0-alpha.7,docs-02000,scan,q017,common,0,1,549.724
2026-09-12-l9,A,1.0.0,docs-02000,scan,q017,common,1,1,513.619
2026-09-12-l9,B,2.0.0-alpha.7,docs-02000,scan,q017,common,1,1,539.595
2026-09-12-l9,A,1.0.0,docs-02000,scan,q017,common,2,1,509.909
2026-09-12-l9,B,2.0.0-alpha.7,docs-02000,scan,q017,common,2,1,538.166
2026-09-12-l9,A,1.0.0,docs-02000,scan,q017,common,3,0,515.433
2026-09-12-l9,B,2.0.0-alpha.7,docs-02000,scan,q017,common,3,0,541.706
2026-09-12-l9,A,1.0.0,docs-02000,scan,q017,common,4,0,511.497
2026-09-12-l9,B,2.0.0-alpha.7,docs-02000,scan,q017,common,4,0,538.290
2026-09-12-l9,A,1.0.0,docs-02000,scan,q017,common,5,0,516.604
2026-09-12-l9,B,2.0.0-alpha.7,docs-02000,scan,q017,common,5,0,545.597
2026-09-12-l9,A,1.0.0,docs-02000,scan,q017,common,6,0,512.312
2026-09-12-l9,B,2.0.0-alpha.7,docs-02000,scan,q017,common,6,0,537.504
2026-09-12-l9,A,1.0.0,docs-02000,scan,q017,common,7,0,522.058
2026-09-12-l9,B,2.0.0-alpha.7,docs-02000,scan,q017,common,7,0,538.045
2026-09-12-l9,A,1.0.0,docs-02000,scan,q017,common,8,0,510.381
2026-09-12-l9,B,2.0.0-alpha.7,docs-02000,scan,q017,common,8,0,549.067
2026-09-12-l9,A,1.0.0,docs-02000,scan,q017,common,9,0,516.457
2026-09-12-l9,B,2.0.0-alpha.7,docs-02000,scan,q017,common,9,0,540.374
2026-09-12-l9,A,1.0.0,docs-02000,scan,q017,common,10,0,527.739
2026-09-12-l9,B,2.0.0-alpha.7,docs-02000,scan,q017,common,10,0,549.572
2026-09-12-l9,A,1.0.0,docs-02000,scan,q017,common,11,0,516.841
2026-09-12-l9,B,2.0.0-alpha.7,docs-02000,scan,q017,common,11,0,540.719
2026-09-12-l9,A,1.0.0,docs-02000,scan,q017,common,12,0,517.125
2026-09-12-l9,B,2.0.0-alpha.7,docs-02000,scan,q017,common,12,0,541.188
2026-09-12-l9,A,1.0.0,docs-02000,scan,q018,common,0,1,506.895
2026-09-12-l9,B,2.0.0-alpha.7,docs-02000,scan,q018,common,0,1,529.064
2026-09-12-l9,A,1.0.0,docs-02000,scan,q018,common,1,1,498.075
2026-09-12-l9,B,2.0.0-alpha.7,docs-02000,scan,q018,common,1,1,530.869
2026-09-12-l9,A,1.0.0,docs-02000,scan,q018,common,2,1,503.837
2026-09-12-l9,B,2.0.0-alpha.7,docs-02000,scan,q018,common,2,1,526.702
2026-09-12-l9,A,1.0.0,docs-02000,scan,q018,common,3,0,504.711
2026-09-12-l9,B,2.0.0-alpha.7,docs-02000,scan,q018,common,3,0,535.758
2026-09-12-l9,A,1.0.0,docs-02000,scan,q018,common,4,0,509.037
2026-09-12-l9,B,2.0.0-alpha.7,docs-02000,scan,q018,common,4,0,535.280
2026-09-12-l9,A,1.0.0,docs-02000,scan,q018,common,5,0,499.842
2026-09-12-l9,B,2.0.0-alpha.7,docs-02000,scan,q018,common,5,0,541.325
2026-09-12-l9,A,1.0.0,docs-02000,scan,q018,common,6,0,506.090
2026-09-12-l9,B,2.0.0-alpha.7,docs-02000,scan,q018,common,6,0,528.227
2026-09-12-l9,A,1.0.0,docs-02000,scan,q018,common,7,0,502.268
2026-09-12-l9,B,2.0.0-alpha.7,docs-02000,scan,q018,common,7,0,525.937
2026-09-12-l9,A,1.0.0,docs-02000,scan,q018,common,8,0,498.514
2026-09-12-l9,B,2.0.0-alpha.7,docs-02000,scan,q018,common,8,0,522.627
2026-09-12-l9,A,1.0.0,docs-02000,scan,q018,common,9,0,494.340
2026-09-12-l9,B,2.0.0-alpha.7,docs-02000,scan,q018,common,9,0,526.486
2026-09-12-l9,A,1.0.0,docs-02000,scan,q018,common,10,0,497.493
2026-09-12-l9,B,2.0.0-alpha.7,docs-02000,scan,q018,common,10,0,525.034
2026-09-12-l9,A,1.0.0,docs-02000,scan,q018,common,11,0,497.474
2026-09-12-l9,B,2.0.0-alpha.7,docs-02000,scan,q018,common,11,0,527.167
2026-09-12-l9,A,1.0.0,docs-02000,scan,q018,common,12,0,501.166
2026-09-12-l9,B,2.0.0-alpha.7,docs-02000,scan,q018,common,12,0,524.296
2026-09-12-l9,A,1.0.0,docs-02000,scan,q019,rare+common,0,1,516.469
2026-09-12-l9,B,2.0.0-alpha.7,docs-02000,scan,q019,rare+common,0,1,543.635
2026-09-12-l9,A,1.0.0,docs-02000,scan,q019,rare+common,1,1,523.163
2026-09-12-l9,B,2.0.0-alpha.7,docs-02000,scan,q019,rare+common,1,1,543.172
2026-09-12-l9,A,1.0.0,docs-02000,scan,q019,rare+common,2,1,518.607
2026-09-12-l9,B,2.0.0-alpha.7,docs-02000,scan,q019,rare+common,2,1,539.681
2026-09-12-l9,A,1.0.0,docs-02000,scan,q019,rare+common,3,0,522.809
2026-09-12-l9,B,2.0.0-alpha.7,docs-02000,scan,q019,rare+common,3,0,543.129
2026-09-12-l9,A,1.0.0,docs-02000,scan,q019,rare+common,4,0,521.733
2026-09-12-l9,B,2.0.0-alpha.7,docs-02000,scan,q019,rare+common,4,0,537.836
2026-09-12-l9,A,1.0.0,docs-02000,scan,q019,rare+common,5,0,520.753
2026-09-12-l9,B,2.0.0-alpha.7,docs-02000,scan,q019,rare+common,5,0,542.457
2026-09-12-l9,A,1.0.0,docs-02000,scan,q019,rare+common,6,0,523.625
2026-09-12-l9,B,2.0.0-alpha.7,docs-02000,scan,q019,rare+common,6,0,537.806
2026-09-12-l9,A,1.0.0,docs-02000,scan,q019,rare+common,7,0,524.538
2026-09-12-l9,B,2.0.0-alpha.7,docs-02000,scan,q019,rare+common,7,0,545.811
2026-09-12-l9,A,1.0.0,docs-02000,scan,q019,rare+common,8,0,528.992
2026-09-12-l9,B,2.0.0-alpha.7,docs-02000,scan,q019,rare+common,8,0,545.092
2026-09-12-l9,A,1.0.0,docs-02000,scan,q019,rare+common,9,0,522.206
2026-09-12-l9,B,2.0.0-alpha.7,docs-02000,scan,q019,rare+common,9,0,545.177
2026-09-12-l9,A,1.0.0,docs-02000,scan,q019,rare+common,10,0,519.859
2026-09-12-l9,B,2.0.0-alpha.7,docs-02000,scan,q019,rare+common,10,0,546.166
2026-09-12-l9,A,1.0.0,docs-02000,scan,q019,rare+common,11,0,520.806
2026-09-12-l9,B,2.0.0-alpha.7,docs-02000,scan,q019,rare+common,11,0,550.061
2026-09-12-l9,A,1.0.0,docs-02000,scan,q019,rare+common,12,0,522.528
2026-09-12-l9,B,2.0.0-alpha.7,docs-02000,scan,q019,rare+common,12,0,550.849
2026-09-12-l9,A,1.0.0,docs-02000,scan,q020,rare+common,0,1,532.595
2026-09-12-l9,B,2.0.0-alpha.7,docs-02000,scan,q020,rare+common,0,1,557.682
2026-09-12-l9,A,1.0.0,docs-02000,scan,q020,rare+common,1,1,526.137
2026-09-12-l9,B,2.0.0-alpha.7,docs-02000,scan,q020,rare+common,1,1,544.497
2026-09-12-l9,A,1.0.0,docs-02000,scan,q020,rare+common,2,1,518.347
2026-09-12-l9,B,2.0.0-alpha.7,docs-02000,scan,q020,rare+common,2,1,547.161
2026-09-12-l9,A,1.0.0,docs-02000,scan,q020,rare+common,3,0,519.959
2026-09-12-l9,B,2.0.0-alpha.7,docs-02000,scan,q020,rare+common,3,0,545.005
2026-09-12-l9,A,1.0.0,docs-02000,scan,q020,rare+common,4,0,530.763
2026-09-12-l9,B,2.0.0-alpha.7,docs-02000,scan,q020,rare+common,4,0,551.853
2026-09-12-l9,A,1.0.0,docs-02000,scan,q020,rare+common,5,0,526.067
2026-09-12-l9,B,2.0.0-alpha.7,docs-02000,scan,q020,rare+common,5,0,548.955
2026-09-12-l9,A,1.0.0,docs-02000,scan,q020,rare+common,6,0,527.733
2026-09-12-l9,B,2.0.0-alpha.7,docs-02000,scan,q020,rare+common,6,0,559.283
2026-09-12-l9,A,1.0.0,docs-02000,scan,q020,rare+common,7,0,527.251
2026-09-12-l9,B,2.0.0-alpha.7,docs-02000,scan,q020,rare+common,7,0,561.440
2026-09-12-l9,A,1.0.0,docs-02000,scan,q020,rare+common,8,0,528.618
2026-09-12-l9,B,2.0.0-alpha.7,docs-02000,scan,q020,rare+common,8,0,553.413
2026-09-12-l9,A,1.0.0,docs-02000,scan,q020,rare+common,9,0,524.718
2026-09-12-l9,B,2.0.0-alpha.7,docs-02000,scan,q020,rare+common,9,0,545.584
2026-09-12-l9,A,1.0.0,docs-02000,scan,q020,rare+common,10,0,524.889
2026-09-12-l9,B,2.0.0-alpha.7,docs-02000,scan,q020,rare+common,10,0,551.215
2026-09-12-l9,A,1.0.0,docs-02000,scan,q020,rare+common,11,0,518.896
2026-09-12-l9,B,2.0.0-alpha.7,docs-02000,scan,q020,rare+common,11,0,550.178
2026-09-12-l9,A,1.0.0,docs-02000,scan,q020,rare+common,12,0,522.483
2026-09-12-l9,B,2.0.0-alpha.7,docs-02000,scan,q020,rare+common,12,0,552.177
2026-09-12-l9,A,1.0.0,docs-02000,scan,q021,rare+common,0,1,522.275
2026-09-12-l9,B,2.0.0-alpha.7,docs-02000,scan,q021,rare+common,0,1,549.532
2026-09-12-l9,A,1.0.0,docs-02000,scan,q021,rare+common,1,1,528.050
2026-09-12-l9,B,2.0.0-alpha.7,docs-02000,scan,q021,rare+common,1,1,556.908
2026-09-12-l9,A,1.0.0,docs-02000,scan,q021,rare+common,2,1,526.205
2026-09-12-l9,B,2.0.0-alpha.7,docs-02000,scan,q021,rare+common,2,1,548.784
2026-09-12-l9,A,1.0.0,docs-02000,scan,q021,rare+common,3,0,527.147
2026-09-12-l9,B,2.0.0-alpha.7,docs-02000,scan,q021,rare+common,3,0,572.374
2026-09-12-l9,A,1.0.0,docs-02000,scan,q021,rare+common,4,0,540.709
2026-09-12-l9,B,2.0.0-alpha.7,docs-02000,scan,q021,rare+common,4,0,548.358
2026-09-12-l9,A,1.0.0,docs-02000,scan,q021,rare+common,5,0,523.413
2026-09-12-l9,B,2.0.0-alpha.7,docs-02000,scan,q021,rare+common,5,0,550.566
2026-09-12-l9,A,1.0.0,docs-02000,scan,q021,rare+common,6,0,526.882
2026-09-12-l9,B,2.0.0-alpha.7,docs-02000,scan,q021,rare+common,6,0,550.956
2026-09-12-l9,A,1.0.0,docs-02000,scan,q021,rare+common,7,0,529.293
2026-09-12-l9,B,2.0.0-alpha.7,docs-02000,scan,q021,rare+common,7,0,549.262
2026-09-12-l9,A,1.0.0,docs-02000,scan,q021,rare+common,8,0,535.002
2026-09-12-l9,B,2.0.0-alpha.7,docs-02000,scan,q021,rare+common,8,0,542.576
2026-09-12-l9,A,1.0.0,docs-02000,scan,q021,rare+common,9,0,526.916
2026-09-12-l9,B,2.0.0-alpha.7,docs-02000,scan,q021,rare+common,9,0,547.986
2026-09-12-l9,A,1.0.0,docs-02000,scan,q021,rare+common,10,0,528.492
2026-09-12-l9,B,2.0.0-alpha.7,docs-02000,scan,q021,rare+common,10,0,558.882
2026-09-12-l9,A,1.0.0,docs-02000,scan,q021,rare+common,11,0,530.302
2026-09-12-l9,B,2.0.0-alpha.7,docs-02000,scan,q021,rare+common,11,0,559.108
2026-09-12-l9,A,1.0.0,docs-02000,scan,q021,rare+common,12,0,525.776
2026-09-12-l9,B,2.0.0-alpha.7,docs-02000,scan,q021,rare+common,12,0,553.371
2026-09-12-l9,A,1.0.0,docs-02000,scan,q022,rare+common,0,1,530.916
2026-09-12-l9,B,2.0.0-alpha.7,docs-02000,scan,q022,rare+common,0,1,551.917
2026-09-12-l9,A,1.0.0,docs-02000,scan,q022,rare+common,1,1,524.830
2026-09-12-l9,B,2.0.0-alpha.7,docs-02000,scan,q022,rare+common,1,1,563.807
2026-09-12-l9,A,1.0.0,docs-02000,scan,q022,rare+common,2,1,527.242
2026-09-12-l9,B,2.0.0-alpha.7,docs-02000,scan,q022,rare+common,2,1,559.657
2026-09-12-l9,A,1.0.0,docs-02000,scan,q022,rare+common,3,0,526.829
2026-09-12-l9,B,2.0.0-alpha.7,docs-02000,scan,q022,rare+common,3,0,552.385
2026-09-12-l9,A,1.0.0,docs-02000,scan,q022,rare+common,4,0,526.696
2026-09-12-l9,B,2.0.0-alpha.7,docs-02000,scan,q022,rare+common,4,0,563.755
2026-09-12-l9,A,1.0.0,docs-02000,scan,q022,rare+common,5,0,532.980
2026-09-12-l9,B,2.0.0-alpha.7,docs-02000,scan,q022,rare+common,5,0,554.281
2026-09-12-l9,A,1.0.0,docs-02000,scan,q022,rare+common,6,0,526.490
2026-09-12-l9,B,2.0.0-alpha.7,docs-02000,scan,q022,rare+common,6,0,548.230
2026-09-12-l9,A,1.0.0,docs-02000,scan,q022,rare+common,7,0,523.141
2026-09-12-l9,B,2.0.0-alpha.7,docs-02000,scan,q022,rare+common,7,0,548.532
2026-09-12-l9,A,1.0.0,docs-02000,scan,q022,rare+common,8,0,530.082
2026-09-12-l9,B,2.0.0-alpha.7,docs-02000,scan,q022,rare+common,8,0,562.462
2026-09-12-l9,A,1.0.0,docs-02000,scan,q022,rare+common,9,0,526.158
2026-09-12-l9,B,2.0.0-alpha.7,docs-02000,scan,q022,rare+common,9,0,551.879
2026-09-12-l9,A,1.0.0,docs-02000,scan,q022,rare+common,10,0,527.586
2026-09-12-l9,B,2.0.0-alpha.7,docs-02000,scan,q022,rare+common,10,0,547.792
2026-09-12-l9,A,1.0.0,docs-02000,scan,q022,rare+common,11,0,525.506
2026-09-12-l9,B,2.0.0-alpha.7,docs-02000,scan,q022,rare+common,11,0,551.311
2026-09-12-l9,A,1.0.0,docs-02000,scan,q022,rare+common,12,0,526.997
2026-09-12-l9,B,2.0.0-alpha.7,docs-02000,scan,q022,rare+common,12,0,555.429
2026-09-12-l9,A,1.0.0,docs-02000,scan,q023,rare+common,0,1,528.760
2026-09-12-l9,B,2.0.0-alpha.7,docs-02000,scan,q023,rare+common,0,1,558.302
2026-09-12-l9,A,1.0.0,docs-02000,scan,q023,rare+common,1,1,518.426
2026-09-12-l9,B,2.0.0-alpha.7,docs-02000,scan,q023,rare+common,1,1,548.159
2026-09-12-l9,A,1.0.0,docs-02000,scan,q023,rare+common,2,1,524.158
2026-09-12-l9,B,2.0.0-alpha.7,docs-02000,scan,q023,rare+common,2,1,550.560
2026-09-12-l9,A,1.0.0,docs-02000,scan,q023,rare+common,3,0,522.822
2026-09-12-l9,B,2.0.0-alpha.7,docs-02000,scan,q023,rare+common,3,0,545.769
2026-09-12-l9,A,1.0.0,docs-02000,scan,q023,rare+common,4,0,525.119
2026-09-12-l9,B,2.0.0-alpha.7,docs-02000,scan,q023,rare+common,4,0,547.786
2026-09-12-l9,A,1.0.0,docs-02000,scan,q023,rare+common,5,0,533.280
2026-09-12-l9,B,2.0.0-alpha.7,docs-02000,scan,q023,rare+common,5,0,549.753
2026-09-12-l9,A,1.0.0,docs-02000,scan,q023,rare+common,6,0,529.360
2026-09-12-l9,B,2.0.0-alpha.7,docs-02000,scan,q023,rare+common,6,0,546.973
2026-09-12-l9,A,1.0.0,docs-02000,scan,q023,rare+common,7,0,524.574
2026-09-12-l9,B,2.0.0-alpha.7,docs-02000,scan,q023,rare+common,7,0,548.099
2026-09-12-l9,A,1.0.0,docs-02000,scan,q023,rare+common,8,0,532.902
2026-09-12-l9,B,2.0.0-alpha.7,docs-02000,scan,q023,rare+common,8,0,553.242
2026-09-12-l9,A,1.0.0,docs-02000,scan,q023,rare+common,9,0,526.425
2026-09-12-l9,B,2.0.0-alpha.7,docs-02000,scan,q023,rare+common,9,0,556.504
2026-09-12-l9,A,1.0.0,docs-02000,scan,q023,rare+common,10,0,524.835
2026-09-12-l9,B,2.0.0-alpha.7,docs-02000,scan,q023,rare+common,10,0,551.262
2026-09-12-l9,A,1.0.0,docs-02000,scan,q023,rare+common,11,0,526.487
2026-09-12-l9,B,2.0.0-alpha.7,docs-02000,scan,q023,rare+common,11,0,549.738
2026-09-12-l9,A,1.0.0,docs-02000,scan,q023,rare+common,12,0,526.080
2026-09-12-l9,B,2.0.0-alpha.7,docs-02000,scan,q023,rare+common,12,0,554.428
2026-09-12-l9,A,1.0.0,docs-02000,scan,q024,rare+common,0,1,529.085
2026-09-12-l9,B,2.0.0-alpha.7,docs-02000,scan,q024,rare+common,0,1,553.409
2026-09-12-l9,A,1.0.0,docs-02000,scan,q024,rare+common,1,1,521.053
2026-09-12-l9,B,2.0.0-alpha.7,docs-02000,scan,q024,rare+common,1,1,547.635
2026-09-12-l9,A,1.0.0,docs-02000,scan,q024,rare+common,2,1,521.622
2026-09-12-l9,B,2.0.0-alpha.7,docs-02000,scan,q024,rare+common,2,1,544.549
2026-09-12-l9,A,1.0.0,docs-02000,scan,q024,rare+common,3,0,532.412
2026-09-12-l9,B,2.0.0-alpha.7,docs-02000,scan,q024,rare+common,3,0,548.234
2026-09-12-l9,A,1.0.0,docs-02000,scan,q024,rare+common,4,0,527.634
2026-09-12-l9,B,2.0.0-alpha.7,docs-02000,scan,q024,rare+common,4,0,553.043
2026-09-12-l9,A,1.0.0,docs-02000,scan,q024,rare+common,5,0,529.332
2026-09-12-l9,B,2.0.0-alpha.7,docs-02000,scan,q024,rare+common,5,0,546.341
2026-09-12-l9,A,1.0.0,docs-02000,scan,q024,rare+common,6,0,528.841
2026-09-12-l9,B,2.0.0-alpha.7,docs-02000,scan,q024,rare+common,6,0,547.094
2026-09-12-l9,A,1.0.0,docs-02000,scan,q024,rare+common,7,0,529.864
2026-09-12-l9,B,2.0.0-alpha.7,docs-02000,scan,q024,rare+common,7,0,544.792
2026-09-12-l9,A,1.0.0,docs-02000,scan,q024,rare+common,8,0,530.399
2026-09-12-l9,B,2.0.0-alpha.7,docs-02000,scan,q024,rare+common,8,0,546.163
2026-09-12-l9,A,1.0.0,docs-02000,scan,q024,rare+common,9,0,525.460
2026-09-12-l9,B,2.0.0-alpha.7,docs-02000,scan,q024,rare+common,9,0,550.226
2026-09-12-l9,A,1.0.0,docs-02000,scan,q024,rare+common,10,0,529.163
2026-09-12-l9,B,2.0.0-alpha.7,docs-02000,scan,q024,rare+common,10,0,552.221
2026-09-12-l9,A,1.0.0,docs-02000,scan,q024,rare+common,11,0,527.348
2026-09-12-l9,B,2.0.0-alpha.7,docs-02000,scan,q024,rare+common,11,0,548.030
2026-09-12-l9,A,1.0.0,docs-02000,scan,q024,rare+common,12,0,519.553
2026-09-12-l9,B,2.0.0-alpha.7,docs-02000,scan,q024,rare+common,12,0,552.121
2026-09-12-l9,A,1.0.0,docs-02000,scan,q025,rare+common,0,1,522.552
2026-09-12-l9,B,2.0.0-alpha.7,docs-02000,scan,q025,rare+common,0,1,551.410
2026-09-12-l9,A,1.0.0,docs-02000,scan,q025,rare+common,1,1,520.136
2026-09-12-l9,B,2.0.0-alpha.7,docs-02000,scan,q025,rare+common,1,1,554.098
2026-09-12-l9,A,1.0.0,docs-02000,scan,q025,rare+common,2,1,522.695
2026-09-12-l9,B,2.0.0-alpha.7,docs-02000,scan,q025,rare+common,2,1,552.770
2026-09-12-l9,A,1.0.0,docs-02000,scan,q025,rare+common,3,0,541.359
2026-09-12-l9,B,2.0.0-alpha.7,docs-02000,scan,q025,rare+common,3,0,617.836
2026-09-12-l9,A,1.0.0,docs-02000,scan,q025,rare+common,4,0,610.238
2026-09-12-l9,B,2.0.0-alpha.7,docs-02000,scan,q025,rare+common,4,0,647.264
2026-09-12-l9,A,1.0.0,docs-02000,scan,q025,rare+common,5,0,615.316
2026-09-12-l9,B,2.0.0-alpha.7,docs-02000,scan,q025,rare+common,5,0,646.738
2026-09-12-l9,A,1.0.0,docs-02000,scan,q025,rare+common,6,0,607.003
2026-09-12-l9,B,2.0.0-alpha.7,docs-02000,scan,q025,rare+common,6,0,647.595
2026-09-12-l9,A,1.0.0,docs-02000,scan,q025,rare+common,7,0,618.988
2026-09-12-l9,B,2.0.0-alpha.7,docs-02000,scan,q025,rare+common,7,0,634.363
2026-09-12-l9,A,1.0.0,docs-02000,scan,q025,rare+common,8,0,602.849
2026-09-12-l9,B,2.0.0-alpha.7,docs-02000,scan,q025,rare+common,8,0,600.251
2026-09-12-l9,A,1.0.0,docs-02000,scan,q025,rare+common,9,0,559.826
2026-09-12-l9,B,2.0.0-alpha.7,docs-02000,scan,q025,rare+common,9,0,551.271
2026-09-12-l9,A,1.0.0,docs-02000,scan,q025,rare+common,10,0,501.557
2026-09-12-l9,B,2.0.0-alpha.7,docs-02000,scan,q025,rare+common,10,0,528.920
2026-09-12-l9,A,1.0.0,docs-02000,scan,q025,rare+common,11,0,510.012
2026-09-12-l9,B,2.0.0-alpha.7,docs-02000,scan,q025,rare+common,11,0,540.965
2026-09-12-l9,A,1.0.0,docs-02000,scan,q025,rare+common,12,0,525.318
2026-09-12-l9,B,2.0.0-alpha.7,docs-02000,scan,q025,rare+common,12,0,547.189
2026-09-12-l9,A,1.0.0,docs-02000,scan,q026,rare+common,0,1,519.776
2026-09-12-l9,B,2.0.0-alpha.7,docs-02000,scan,q026,rare+common,0,1,555.204
2026-09-12-l9,A,1.0.0,docs-02000,scan,q026,rare+common,1,1,528.049
2026-09-12-l9,B,2.0.0-alpha.7,docs-02000,scan,q026,rare+common,1,1,547.652
2026-09-12-l9,A,1.0.0,docs-02000,scan,q026,rare+common,2,1,521.306
2026-09-12-l9,B,2.0.0-alpha.7,docs-02000,scan,q026,rare+common,2,1,553.108
2026-09-12-l9,A,1.0.0,docs-02000,scan,q026,rare+common,3,0,529.415
2026-09-12-l9,B,2.0.0-alpha.7,docs-02000,scan,q026,rare+common,3,0,553.794
2026-09-12-l9,A,1.0.0,docs-02000,scan,q026,rare+common,4,0,521.823
2026-09-12-l9,B,2.0.0-alpha.7,docs-02000,scan,q026,rare+common,4,0,560.937
2026-09-12-l9,A,1.0.0,docs-02000,scan,q026,rare+common,5,0,525.058
2026-09-12-l9,B,2.0.0-alpha.7,docs-02000,scan,q026,rare+common,5,0,565.928
2026-09-12-l9,A,1.0.0,docs-02000,scan,q026,rare+common,6,0,529.232
2026-09-12-l9,B,2.0.0-alpha.7,docs-02000,scan,q026,rare+common,6,0,544.548
2026-09-12-l9,A,1.0.0,docs-02000,scan,q026,rare+common,7,0,529.014
2026-09-12-l9,B,2.0.0-alpha.7,docs-02000,scan,q026,rare+common,7,0,548.468
2026-09-12-l9,A,1.0.0,docs-02000,scan,q026,rare+common,8,0,519.635
2026-09-12-l9,B,2.0.0-alpha.7,docs-02000,scan,q026,rare+common,8,0,542.036
2026-09-12-l9,A,1.0.0,docs-02000,scan,q026,rare+common,9,0,522.094
2026-09-12-l9,B,2.0.0-alpha.7,docs-02000,scan,q026,rare+common,9,0,541.236
2026-09-12-l9,A,1.0.0,docs-02000,scan,q026,rare+common,10,0,519.342
2026-09-12-l9,B,2.0.0-alpha.7,docs-02000,scan,q026,rare+common,10,0,541.220
2026-09-12-l9,A,1.0.0,docs-02000,scan,q026,rare+common,11,0,529.308
2026-09-12-l9,B,2.0.0-alpha.7,docs-02000,scan,q026,rare+common,11,0,550.517
2026-09-12-l9,A,1.0.0,docs-02000,scan,q026,rare+common,12,0,522.008
2026-09-12-l9,B,2.0.0-alpha.7,docs-02000,scan,q026,rare+common,12,0,547.236
2026-09-12-l9,A,1.0.0,docs-02000,scan,q027,common+common,0,1,497.911
2026-09-12-l9,B,2.0.0-alpha.7,docs-02000,scan,q027,common+common,0,1,558.814
2026-09-12-l9,A,1.0.0,docs-02000,scan,q027,common+common,1,1,508.827
2026-09-12-l9,B,2.0.0-alpha.7,docs-02000,scan,q027,common+common,1,1,553.064
2026-09-12-l9,A,1.0.0,docs-02000,scan,q027,common+common,2,1,509.411
2026-09-12-l9,B,2.0.0-alpha.7,docs-02000,scan,q027,common+common,2,1,552.231
2026-09-12-l9,A,1.0.0,docs-02000,scan,q027,common+common,3,0,513.887
2026-09-12-l9,B,2.0.0-alpha.7,docs-02000,scan,q027,common+common,3,0,526.929
2026-09-12-l9,A,1.0.0,docs-02000,scan,q027,common+common,4,0,486.580
2026-09-12-l9,B,2.0.0-alpha.7,docs-02000,scan,q027,common+common,4,0,521.399
2026-09-12-l9,A,1.0.0,docs-02000,scan,q027,common+common,5,0,493.446
2026-09-12-l9,B,2.0.0-alpha.7,docs-02000,scan,q027,common+common,5,0,533.646
2026-09-12-l9,A,1.0.0,docs-02000,scan,q027,common+common,6,0,491.425
2026-09-12-l9,B,2.0.0-alpha.7,docs-02000,scan,q027,common+common,6,0,529.607
2026-09-12-l9,A,1.0.0,docs-02000,scan,q027,common+common,7,0,498.373
2026-09-12-l9,B,2.0.0-alpha.7,docs-02000,scan,q027,common+common,7,0,535.426
2026-09-12-l9,A,1.0.0,docs-02000,scan,q027,common+common,8,0,496.849
2026-09-12-l9,B,2.0.0-alpha.7,docs-02000,scan,q027,common+common,8,0,537.452
2026-09-12-l9,A,1.0.0,docs-02000,scan,q027,common+common,9,0,492.586
2026-09-12-l9,B,2.0.0-alpha.7,docs-02000,scan,q027,common+common,9,0,534.748
2026-09-12-l9,A,1.0.0,docs-02000,scan,q027,common+common,10,0,496.440
2026-09-12-l9,B,2.0.0-alpha.7,docs-02000,scan,q027,common+common,10,0,550.282
2026-09-12-l9,A,1.0.0,docs-02000,scan,q027,common+common,11,0,496.684
2026-09-12-l9,B,2.0.0-alpha.7,docs-02000,scan,q027,common+common,11,0,527.625
2026-09-12-l9,A,1.0.0,docs-02000,scan,q027,common+common,12,0,498.077
2026-09-12-l9,B,2.0.0-alpha.7,docs-02000,scan,q027,common+common,12,0,527.317
2026-09-12-l9,A,1.0.0,docs-02000,scan,q028,common+common,0,1,499.434
2026-09-12-l9,B,2.0.0-alpha.7,docs-02000,scan,q028,common+common,0,1,518.960
2026-09-12-l9,A,1.0.0,docs-02000,scan,q028,common+common,1,1,500.291
2026-09-12-l9,B,2.0.0-alpha.7,docs-02000,scan,q028,common+common,1,1,519.348
2026-09-12-l9,A,1.0.0,docs-02000,scan,q028,common+common,2,1,506.224
2026-09-12-l9,B,2.0.0-alpha.7,docs-02000,scan,q028,common+common,2,1,520.025
2026-09-12-l9,A,1.0.0,docs-02000,scan,q028,common+common,3,0,510.402
2026-09-12-l9,B,2.0.0-alpha.7,docs-02000,scan,q028,common+common,3,0,516.976
2026-09-12-l9,A,1.0.0,docs-02000,scan,q028,common+common,4,0,505.429
2026-09-12-l9,B,2.0.0-alpha.7,docs-02000,scan,q028,common+common,4,0,523.700
2026-09-12-l9,A,1.0.0,docs-02000,scan,q028,common+common,5,0,504.326
2026-09-12-l9,B,2.0.0-alpha.7,docs-02000,scan,q028,common+common,5,0,519.935
2026-09-12-l9,A,1.0.0,docs-02000,scan,q028,common+common,6,0,514.401
2026-09-12-l9,B,2.0.0-alpha.7,docs-02000,scan,q028,common+common,6,0,524.201
2026-09-12-l9,A,1.0.0,docs-02000,scan,q028,common+common,7,0,508.729
2026-09-12-l9,B,2.0.0-alpha.7,docs-02000,scan,q028,common+common,7,0,522.691
2026-09-12-l9,A,1.0.0,docs-02000,scan,q028,common+common,8,0,526.024
2026-09-12-l9,B,2.0.0-alpha.7,docs-02000,scan,q028,common+common,8,0,562.197
2026-09-12-l9,A,1.0.0,docs-02000,scan,q028,common+common,9,0,561.977
2026-09-12-l9,B,2.0.0-alpha.7,docs-02000,scan,q028,common+common,9,0,577.844
2026-09-12-l9,A,1.0.0,docs-02000,scan,q028,common+common,10,0,572.168
2026-09-12-l9,B,2.0.0-alpha.7,docs-02000,scan,q028,common+common,10,0,661.098
2026-09-12-l9,A,1.0.0,docs-02000,scan,q028,common+common,11,0,637.413
2026-09-12-l9,B,2.0.0-alpha.7,docs-02000,scan,q028,common+common,11,0,661.583
2026-09-12-l9,A,1.0.0,docs-02000,scan,q028,common+common,12,0,603.096
2026-09-12-l9,B,2.0.0-alpha.7,docs-02000,scan,q028,common+common,12,0,607.734
2026-09-12-l9,A,1.0.0,docs-02000,scan,q029,common+common,0,1,581.857
2026-09-12-l9,B,2.0.0-alpha.7,docs-02000,scan,q029,common+common,0,1,585.911
2026-09-12-l9,A,1.0.0,docs-02000,scan,q029,common+common,1,1,544.955
2026-09-12-l9,B,2.0.0-alpha.7,docs-02000,scan,q029,common+common,1,1,525.834
2026-09-12-l9,A,1.0.0,docs-02000,scan,q029,common+common,2,1,480.438
2026-09-12-l9,B,2.0.0-alpha.7,docs-02000,scan,q029,common+common,2,1,506.513
2026-09-12-l9,A,1.0.0,docs-02000,scan,q029,common+common,3,0,488.589
2026-09-12-l9,B,2.0.0-alpha.7,docs-02000,scan,q029,common+common,3,0,522.924
2026-09-12-l9,A,1.0.0,docs-02000,scan,q029,common+common,4,0,496.126
2026-09-12-l9,B,2.0.0-alpha.7,docs-02000,scan,q029,common+common,4,0,525.754
2026-09-12-l9,A,1.0.0,docs-02000,scan,q029,common+common,5,0,503.420
2026-09-12-l9,B,2.0.0-alpha.7,docs-02000,scan,q029,common+common,5,0,528.487
2026-09-12-l9,A,1.0.0,docs-02000,scan,q029,common+common,6,0,499.550
2026-09-12-l9,B,2.0.0-alpha.7,docs-02000,scan,q029,common+common,6,0,528.336
2026-09-12-l9,A,1.0.0,docs-02000,scan,q029,common+common,7,0,508.193
2026-09-12-l9,B,2.0.0-alpha.7,docs-02000,scan,q029,common+common,7,0,527.237
2026-09-12-l9,A,1.0.0,docs-02000,scan,q029,common+common,8,0,499.016
2026-09-12-l9,B,2.0.0-alpha.7,docs-02000,scan,q029,common+common,8,0,529.510
2026-09-12-l9,A,1.0.0,docs-02000,scan,q029,common+common,9,0,498.309
2026-09-12-l9,B,2.0.0-alpha.7,docs-02000,scan,q029,common+common,9,0,528.089
2026-09-12-l9,A,1.0.0,docs-02000,scan,q029,common+common,10,0,496.216
2026-09-12-l9,B,2.0.0-alpha.7,docs-02000,scan,q029,common+common,10,0,527.477
2026-09-12-l9,A,1.0.0,docs-02000,scan,q029,common+common,11,0,497.633
2026-09-12-l9,B,2.0.0-alpha.7,docs-02000,scan,q029,common+common,11,0,526.972
2026-09-12-l9,A,1.0.0,docs-02000,scan,q029,common+common,12,0,492.443
2026-09-12-l9,B,2.0.0-alpha.7,docs-02000,scan,q029,common+common,12,0,530.090
2026-09-12-l9,A,1.0.0,docs-02000,scan,q030,common+common,0,1,500.086
2026-09-12-l9,B,2.0.0-alpha.7,docs-02000,scan,q030,common+common,0,1,522.096
2026-09-12-l9,A,1.0.0,docs-02000,scan,q030,common+common,1,1,501.503
2026-09-12-l9,B,2.0.0-alpha.7,docs-02000,scan,q030,common+common,1,1,524.056
2026-09-12-l9,A,1.0.0,docs-02000,scan,q030,common+common,2,1,504.740
2026-09-12-l9,B,2.0.0-alpha.7,docs-02000,scan,q030,common+common,2,1,523.993
2026-09-12-l9,A,1.0.0,docs-02000,scan,q030,common+common,3,0,506.568
2026-09-12-l9,B,2.0.0-alpha.7,docs-02000,scan,q030,common+common,3,0,521.993
2026-09-12-l9,A,1.0.0,docs-02000,scan,q030,common+common,4,0,502.317
2026-09-12-l9,B,2.0.0-alpha.7,docs-02000,scan,q030,common+common,4,0,525.196
2026-09-12-l9,A,1.0.0,docs-02000,scan,q030,common+common,5,0,512.861
2026-09-12-l9,B,2.0.0-alpha.7,docs-02000,scan,q030,common+common,5,0,571.963
2026-09-12-l9,A,1.0.0,docs-02000,scan,q030,common+common,6,0,544.711
2026-09-12-l9,B,2.0.0-alpha.7,docs-02000,scan,q030,common+common,6,0,575.835
2026-09-12-l9,A,1.0.0,docs-02000,scan,q030,common+common,7,0,528.567
2026-09-12-l9,B,2.0.0-alpha.7,docs-02000,scan,q030,common+common,7,0,545.639
2026-09-12-l9,A,1.0.0,docs-02000,scan,q030,common+common,8,0,516.443
2026-09-12-l9,B,2.0.0-alpha.7,docs-02000,scan,q030,common+common,8,0,553.069
2026-09-12-l9,A,1.0.0,docs-02000,scan,q030,common+common,9,0,522.064
2026-09-12-l9,B,2.0.0-alpha.7,docs-02000,scan,q030,common+common,9,0,540.031
2026-09-12-l9,A,1.0.0,docs-02000,scan,q030,common+common,10,0,537.087
2026-09-12-l9,B,2.0.0-alpha.7,docs-02000,scan,q030,common+common,10,0,559.364
2026-09-12-l9,A,1.0.0,docs-02000,scan,q030,common+common,11,0,521.091
2026-09-12-l9,B,2.0.0-alpha.7,docs-02000,scan,q030,common+common,11,0,549.617
2026-09-12-l9,A,1.0.0,docs-02000,scan,q030,common+common,12,0,515.771
2026-09-12-l9,B,2.0.0-alpha.7,docs-02000,scan,q030,common+common,12,0,544.052
2026-09-12-l9,A,1.0.0,docs-02000,scan,q031,common+common,0,1,522.003
2026-09-12-l9,B,2.0.0-alpha.7,docs-02000,scan,q031,common+common,0,1,544.647
2026-09-12-l9,A,1.0.0,docs-02000,scan,q031,common+common,1,1,521.199
2026-09-12-l9,B,2.0.0-alpha.7,docs-02000,scan,q031,common+common,1,1,541.700
2026-09-12-l9,A,1.0.0,docs-02000,scan,q031,common+common,2,1,496.637
2026-09-12-l9,B,2.0.0-alpha.7,docs-02000,scan,q031,common+common,2,1,533.703
2026-09-12-l9,A,1.0.0,docs-02000,scan,q031,common+common,3,0,511.612
2026-09-12-l9,B,2.0.0-alpha.7,docs-02000,scan,q031,common+common,3,0,525.617
2026-09-12-l9,A,1.0.0,docs-02000,scan,q031,common+common,4,0,505.908
2026-09-12-l9,B,2.0.0-alpha.7,docs-02000,scan,q031,common+common,4,0,523.252
2026-09-12-l9,A,1.0.0,docs-02000,scan,q031,common+common,5,0,503.961
2026-09-12-l9,B,2.0.0-alpha.7,docs-02000,scan,q031,common+common,5,0,526.567
2026-09-12-l9,A,1.0.0,docs-02000,scan,q031,common+common,6,0,504.073
2026-09-12-l9,B,2.0.0-alpha.7,docs-02000,scan,q031,common+common,6,0,530.423
2026-09-12-l9,A,1.0.0,docs-02000,scan,q031,common+common,7,0,503.881
2026-09-12-l9,B,2.0.0-alpha.7,docs-02000,scan,q031,common+common,7,0,527.325
2026-09-12-l9,A,1.0.0,docs-02000,scan,q031,common+common,8,0,516.965
2026-09-12-l9,B,2.0.0-alpha.7,docs-02000,scan,q031,common+common,8,0,541.397
2026-09-12-l9,A,1.0.0,docs-02000,scan,q031,common+common,9,0,518.417
2026-09-12-l9,B,2.0.0-alpha.7,docs-02000,scan,q031,common+common,9,0,552.023
2026-09-12-l9,A,1.0.0,docs-02000,scan,q031,common+common,10,0,520.243
2026-09-12-l9,B,2.0.0-alpha.7,docs-02000,scan,q031,common+common,10,0,544.858
2026-09-12-l9,A,1.0.0,docs-02000,scan,q031,common+common,11,0,497.665
2026-09-12-l9,B,2.0.0-alpha.7,docs-02000,scan,q031,common+common,11,0,514.586
2026-09-12-l9,A,1.0.0,docs-02000,scan,q031,common+common,12,0,500.029
2026-09-12-l9,B,2.0.0-alpha.7,docs-02000,scan,q031,common+common,12,0,521.004
2026-09-12-l9,A,1.0.0,docs-02000,scan,q032,common+common,0,1,505.467
2026-09-12-l9,B,2.0.0-alpha.7,docs-02000,scan,q032,common+common,0,1,531.367
2026-09-12-l9,A,1.0.0,docs-02000,scan,q032,common+common,1,1,505.231
2026-09-12-l9,B,2.0.0-alpha.7,docs-02000,scan,q032,common+common,1,1,533.248
2026-09-12-l9,A,1.0.0,docs-02000,scan,q032,common+common,2,1,506.079
2026-09-12-l9,B,2.0.0-alpha.7,docs-02000,scan,q032,common+common,2,1,530.575
2026-09-12-l9,A,1.0.0,docs-02000,scan,q032,common+common,3,0,506.948
2026-09-12-l9,B,2.0.0-alpha.7,docs-02000,scan,q032,common+common,3,0,525.630
2026-09-12-l9,A,1.0.0,docs-02000,scan,q032,common+common,4,0,505.322
2026-09-12-l9,B,2.0.0-alpha.7,docs-02000,scan,q032,common+common,4,0,528.901
2026-09-12-l9,A,1.0.0,docs-02000,scan,q032,common+common,5,0,510.312
2026-09-12-l9,B,2.0.0-alpha.7,docs-02000,scan,q032,common+common,5,0,532.234
2026-09-12-l9,A,1.0.0,docs-02000,scan,q032,common+common,6,0,512.303
2026-09-12-l9,B,2.0.0-alpha.7,docs-02000,scan,q032,common+common,6,0,526.353
2026-09-12-l9,A,1.0.0,docs-02000,scan,q032,common+common,7,0,509.862
2026-09-12-l9,B,2.0.0-alpha.7,docs-02000,scan,q032,common+common,7,0,550.067
2026-09-12-l9,A,1.0.0,docs-02000,scan,q032,common+common,8,0,510.889
2026-09-12-l9,B,2.0.0-alpha.7,docs-02000,scan,q032,common+common,8,0,535.689
2026-09-12-l9,A,1.0.0,docs-02000,scan,q032,common+common,9,0,513.990
2026-09-12-l9,B,2.0.0-alpha.7,docs-02000,scan,q032,common+common,9,0,526.995
2026-09-12-l9,A,1.0.0,docs-02000,scan,q032,common+common,10,0,508.161
2026-09-12-l9,B,2.0.0-alpha.7,docs-02000,scan,q032,common+common,10,0,538.081
2026-09-12-l9,A,1.0.0,docs-02000,scan,q032,common+common,11,0,514.063
2026-09-12-l9,B,2.0.0-alpha.7,docs-02000,scan,q032,common+common,11,0,547.757
2026-09-12-l9,A,1.0.0,docs-02000,scan,q032,common+common,12,0,512.433
2026-09-12-l9,B,2.0.0-alpha.7,docs-02000,scan,q032,common+common,12,0,536.399
2026-09-12-l9,A,1.0.0,docs-02000,scan,q033,common+common,0,1,503.776
2026-09-12-l9,B,2.0.0-alpha.7,docs-02000,scan,q033,common+common,0,1,527.475
2026-09-12-l9,A,1.0.0,docs-02000,scan,q033,common+common,1,1,504.320
2026-09-12-l9,B,2.0.0-alpha.7,docs-02000,scan,q033,common+common,1,1,532.691
2026-09-12-l9,A,1.0.0,docs-02000,scan,q033,common+common,2,1,504.273
2026-09-12-l9,B,2.0.0-alpha.7,docs-02000,scan,q033,common+common,2,1,536.328
2026-09-12-l9,A,1.0.0,docs-02000,scan,q033,common+common,3,0,502.596
2026-09-12-l9,B,2.0.0-alpha.7,docs-02000,scan,q033,common+common,3,0,535.309
2026-09-12-l9,A,1.0.0,docs-02000,scan,q033,common+common,4,0,507.665
2026-09-12-l9,B,2.0.0-alpha.7,docs-02000,scan,q033,common+common,4,0,531.591
2026-09-12-l9,A,1.0.0,docs-02000,scan,q033,common+common,5,0,509.510
2026-09-12-l9,B,2.0.0-alpha.7,docs-02000,scan,q033,common+common,5,0,541.188
2026-09-12-l9,A,1.0.0,docs-02000,scan,q033,common+common,6,0,511.932
2026-09-12-l9,B,2.0.0-alpha.7,docs-02000,scan,q033,common+common,6,0,524.323
2026-09-12-l9,A,1.0.0,docs-02000,scan,q033,common+common,7,0,512.646
2026-09-12-l9,B,2.0.0-alpha.7,docs-02000,scan,q033,common+common,7,0,540.194
2026-09-12-l9,A,1.0.0,docs-02000,scan,q033,common+common,8,0,505.536
2026-09-12-l9,B,2.0.0-alpha.7,docs-02000,scan,q033,common+common,8,0,535.794
2026-09-12-l9,A,1.0.0,docs-02000,scan,q033,common+common,9,0,502.422
2026-09-12-l9,B,2.0.0-alpha.7,docs-02000,scan,q033,common+common,9,0,528.609
2026-09-12-l9,A,1.0.0,docs-02000,scan,q033,common+common,10,0,502.131
2026-09-12-l9,B,2.0.0-alpha.7,docs-02000,scan,q033,common+common,10,0,533.992
2026-09-12-l9,A,1.0.0,docs-02000,scan,q033,common+common,11,0,504.188
2026-09-12-l9,B,2.0.0-alpha.7,docs-02000,scan,q033,common+common,11,0,535.122
2026-09-12-l9,A,1.0.0,docs-02000,scan,q033,common+common,12,0,506.898
2026-09-12-l9,B,2.0.0-alpha.7,docs-02000,scan,q033,common+common,12,0,525.260
2026-09-12-l9,A,1.0.0,docs-02000,scan,q034,common+common,0,1,513.566
2026-09-12-l9,B,2.0.0-alpha.7,docs-02000,scan,q034,common+common,0,1,534.152
2026-09-12-l9,A,1.0.0,docs-02000,scan,q034,common+common,1,1,513.364
2026-09-12-l9,B,2.0.0-alpha.7,docs-02000,scan,q034,common+common,1,1,528.375
2026-09-12-l9,A,1.0.0,docs-02000,scan,q034,common+common,2,1,549.421
2026-09-12-l9,B,2.0.0-alpha.7,docs-02000,scan,q034,common+common,2,1,593.179
2026-09-12-l9,A,1.0.0,docs-02000,scan,q034,common+common,3,0,566.543
2026-09-12-l9,B,2.0.0-alpha.7,docs-02000,scan,q034,common+common,3,0,598.387
2026-09-12-l9,A,1.0.0,docs-02000,scan,q034,common+common,4,0,572.458
2026-09-12-l9,B,2.0.0-alpha.7,docs-02000,scan,q034,common+common,4,0,633.471
2026-09-12-l9,A,1.0.0,docs-02000,scan,q034,common+common,5,0,604.505
2026-09-12-l9,B,2.0.0-alpha.7,docs-02000,scan,q034,common+common,5,0,631.012
2026-09-12-l9,A,1.0.0,docs-02000,scan,q034,common+common,6,0,593.936
2026-09-12-l9,B,2.0.0-alpha.7,docs-02000,scan,q034,common+common,6,0,609.923
2026-09-12-l9,A,1.0.0,docs-02000,scan,q034,common+common,7,0,565.463
2026-09-12-l9,B,2.0.0-alpha.7,docs-02000,scan,q034,common+common,7,0,576.317
2026-09-12-l9,A,1.0.0,docs-02000,scan,q034,common+common,8,0,558.936
2026-09-12-l9,B,2.0.0-alpha.7,docs-02000,scan,q034,common+common,8,0,557.601
2026-09-12-l9,A,1.0.0,docs-02000,scan,q034,common+common,9,0,505.455
2026-09-12-l9,B,2.0.0-alpha.7,docs-02000,scan,q034,common+common,9,0,558.965
2026-09-12-l9,A,1.0.0,docs-02000,scan,q034,common+common,10,0,559.041
2026-09-12-l9,B,2.0.0-alpha.7,docs-02000,scan,q034,common+common,10,0,592.299
2026-09-12-l9,A,1.0.0,docs-02000,scan,q034,common+common,11,0,568.715
2026-09-12-l9,B,2.0.0-alpha.7,docs-02000,scan,q034,common+common,11,0,600.847
2026-09-12-l9,A,1.0.0,docs-02000,scan,q034,common+common,12,0,578.422
2026-09-12-l9,B,2.0.0-alpha.7,docs-02000,scan,q034,common+common,12,0,631.513
2026-09-12-l9,A,1.0.0,docs-02000,scan,q035,phrase,0,1,578.791
2026-09-12-l9,B,2.0.0-alpha.7,docs-02000,scan,q035,phrase,0,1,612.172
2026-09-12-l9,A,1.0.0,docs-02000,scan,q035,phrase,1,1,565.115
2026-09-12-l9,B,2.0.0-alpha.7,docs-02000,scan,q035,phrase,1,1,628.942
2026-09-12-l9,A,1.0.0,docs-02000,scan,q035,phrase,2,1,574.118
2026-09-12-l9,B,2.0.0-alpha.7,docs-02000,scan,q035,phrase,2,1,689.449
2026-09-12-l9,A,1.0.0,docs-02000,scan,q035,phrase,3,0,585.043
2026-09-12-l9,B,2.0.0-alpha.7,docs-02000,scan,q035,phrase,3,0,580.540
2026-09-12-l9,A,1.0.0,docs-02000,scan,q035,phrase,4,0,518.181
2026-09-12-l9,B,2.0.0-alpha.7,docs-02000,scan,q035,phrase,4,0,510.572
2026-09-12-l9,A,1.0.0,docs-02000,scan,q035,phrase,5,0,465.135
2026-09-12-l9,B,2.0.0-alpha.7,docs-02000,scan,q035,phrase,5,0,500.238
2026-09-12-l9,A,1.0.0,docs-02000,scan,q035,phrase,6,0,465.926
2026-09-12-l9,B,2.0.0-alpha.7,docs-02000,scan,q035,phrase,6,0,508.350
2026-09-12-l9,A,1.0.0,docs-02000,scan,q035,phrase,7,0,476.807
2026-09-12-l9,B,2.0.0-alpha.7,docs-02000,scan,q035,phrase,7,0,539.891
2026-09-12-l9,A,1.0.0,docs-02000,scan,q035,phrase,8,0,503.237
2026-09-12-l9,B,2.0.0-alpha.7,docs-02000,scan,q035,phrase,8,0,542.995
2026-09-12-l9,A,1.0.0,docs-02000,scan,q035,phrase,9,0,495.907
2026-09-12-l9,B,2.0.0-alpha.7,docs-02000,scan,q035,phrase,9,0,526.246
2026-09-12-l9,A,1.0.0,docs-02000,scan,q035,phrase,10,0,493.247
2026-09-12-l9,B,2.0.0-alpha.7,docs-02000,scan,q035,phrase,10,0,529.209
2026-09-12-l9,A,1.0.0,docs-02000,scan,q035,phrase,11,0,489.136
2026-09-12-l9,B,2.0.0-alpha.7,docs-02000,scan,q035,phrase,11,0,523.617
2026-09-12-l9,A,1.0.0,docs-02000,scan,q035,phrase,12,0,489.250
2026-09-12-l9,B,2.0.0-alpha.7,docs-02000,scan,q035,phrase,12,0,526.164
2026-09-12-l9,A,1.0.0,docs-02000,scan,q036,phrase,0,1,497.214
2026-09-12-l9,B,2.0.0-alpha.7,docs-02000,scan,q036,phrase,0,1,521.572
2026-09-12-l9,A,1.0.0,docs-02000,scan,q036,phrase,1,1,497.491
2026-09-12-l9,B,2.0.0-alpha.7,docs-02000,scan,q036,phrase,1,1,533.503
2026-09-12-l9,A,1.0.0,docs-02000,scan,q036,phrase,2,1,494.956
2026-09-12-l9,B,2.0.0-alpha.7,docs-02000,scan,q036,phrase,2,1,524.718
2026-09-12-l9,A,1.0.0,docs-02000,scan,q036,phrase,3,0,494.529
2026-09-12-l9,B,2.0.0-alpha.7,docs-02000,scan,q036,phrase,3,0,528.844
2026-09-12-l9,A,1.0.0,docs-02000,scan,q036,phrase,4,0,493.085
2026-09-12-l9,B,2.0.0-alpha.7,docs-02000,scan,q036,phrase,4,0,527.629
2026-09-12-l9,A,1.0.0,docs-02000,scan,q036,phrase,5,0,491.771
2026-09-12-l9,B,2.0.0-alpha.7,docs-02000,scan,q036,phrase,5,0,527.646
2026-09-12-l9,A,1.0.0,docs-02000,scan,q036,phrase,6,0,496.206
2026-09-12-l9,B,2.0.0-alpha.7,docs-02000,scan,q036,phrase,6,0,525.107
2026-09-12-l9,A,1.0.0,docs-02000,scan,q036,phrase,7,0,498.818
2026-09-12-l9,B,2.0.0-alpha.7,docs-02000,scan,q036,phrase,7,0,531.826
2026-09-12-l9,A,1.0.0,docs-02000,scan,q036,phrase,8,0,491.382
2026-09-12-l9,B,2.0.0-alpha.7,docs-02000,scan,q036,phrase,8,0,523.166
2026-09-12-l9,A,1.0.0,docs-02000,scan,q036,phrase,9,0,495.223
2026-09-12-l9,B,2.0.0-alpha.7,docs-02000,scan,q036,phrase,9,0,526.894
2026-09-12-l9,A,1.0.0,docs-02000,scan,q036,phrase,10,0,500.622
2026-09-12-l9,B,2.0.0-alpha.7,docs-02000,scan,q036,phrase,10,0,525.283
2026-09-12-l9,A,1.0.0,docs-02000,scan,q036,phrase,11,0,497.940
2026-09-12-l9,B,2.0.0-alpha.7,docs-02000,scan,q036,phrase,11,0,527.593
2026-09-12-l9,A,1.0.0,docs-02000,scan,q036,phrase,12,0,495.159
2026-09-12-l9,B,2.0.0-alpha.7,docs-02000,scan,q036,phrase,12,0,523.417
2026-09-12-l9,A,1.0.0,docs-02000,scan,q037,phrase,0,1,498.588
2026-09-12-l9,B,2.0.0-alpha.7,docs-02000,scan,q037,phrase,0,1,512.068
2026-09-12-l9,A,1.0.0,docs-02000,scan,q037,phrase,1,1,503.399
2026-09-12-l9,B,2.0.0-alpha.7,docs-02000,scan,q037,phrase,1,1,514.111
2026-09-12-l9,A,1.0.0,docs-02000,scan,q037,phrase,2,1,496.875
2026-09-12-l9,B,2.0.0-alpha.7,docs-02000,scan,q037,phrase,2,1,516.431
2026-09-12-l9,A,1.0.0,docs-02000,scan,q037,phrase,3,0,508.175
2026-09-12-l9,B,2.0.0-alpha.7,docs-02000,scan,q037,phrase,3,0,536.835
2026-09-12-l9,A,1.0.0,docs-02000,scan,q037,phrase,4,0,508.020
2026-09-12-l9,B,2.0.0-alpha.7,docs-02000,scan,q037,phrase,4,0,518.898
2026-09-12-l9,A,1.0.0,docs-02000,scan,q037,phrase,5,0,503.115
2026-09-12-l9,B,2.0.0-alpha.7,docs-02000,scan,q037,phrase,5,0,510.685
2026-09-12-l9,A,1.0.0,docs-02000,scan,q037,phrase,6,0,499.010
2026-09-12-l9,B,2.0.0-alpha.7,docs-02000,scan,q037,phrase,6,0,515.444
2026-09-12-l9,A,1.0.0,docs-02000,scan,q037,phrase,7,0,501.600
2026-09-12-l9,B,2.0.0-alpha.7,docs-02000,scan,q037,phrase,7,0,512.795
2026-09-12-l9,A,1.0.0,docs-02000,scan,q037,phrase,8,0,505.300
2026-09-12-l9,B,2.0.0-alpha.7,docs-02000,scan,q037,phrase,8,0,515.706
2026-09-12-l9,A,1.0.0,docs-02000,scan,q037,phrase,9,0,505.402
2026-09-12-l9,B,2.0.0-alpha.7,docs-02000,scan,q037,phrase,9,0,513.358
2026-09-12-l9,A,1.0.0,docs-02000,scan,q037,phrase,10,0,514.816
2026-09-12-l9,B,2.0.0-alpha.7,docs-02000,scan,q037,phrase,10,0,514.853
2026-09-12-l9,A,1.0.0,docs-02000,scan,q037,phrase,11,0,504.040
2026-09-12-l9,B,2.0.0-alpha.7,docs-02000,scan,q037,phrase,11,0,517.816
2026-09-12-l9,A,1.0.0,docs-02000,scan,q037,phrase,12,0,501.066
2026-09-12-l9,B,2.0.0-alpha.7,docs-02000,scan,q037,phrase,12,0,513.634
2026-09-12-l9,A,1.0.0,docs-02000,scan,q038,phrase,0,1,499.247
2026-09-12-l9,B,2.0.0-alpha.7,docs-02000,scan,q038,phrase,0,1,514.621
2026-09-12-l9,A,1.0.0,docs-02000,scan,q038,phrase,1,1,499.338
2026-09-12-l9,B,2.0.0-alpha.7,docs-02000,scan,q038,phrase,1,1,517.211
2026-09-12-l9,A,1.0.0,docs-02000,scan,q038,phrase,2,1,502.111
2026-09-12-l9,B,2.0.0-alpha.7,docs-02000,scan,q038,phrase,2,1,520.073
2026-09-12-l9,A,1.0.0,docs-02000,scan,q038,phrase,3,0,501.716
2026-09-12-l9,B,2.0.0-alpha.7,docs-02000,scan,q038,phrase,3,0,515.830
2026-09-12-l9,A,1.0.0,docs-02000,scan,q038,phrase,4,0,500.462
2026-09-12-l9,B,2.0.0-alpha.7,docs-02000,scan,q038,phrase,4,0,518.150
2026-09-12-l9,A,1.0.0,docs-02000,scan,q038,phrase,5,0,502.165
2026-09-12-l9,B,2.0.0-alpha.7,docs-02000,scan,q038,phrase,5,0,516.815
2026-09-12-l9,A,1.0.0,docs-02000,scan,q038,phrase,6,0,501.918
2026-09-12-l9,B,2.0.0-alpha.7,docs-02000,scan,q038,phrase,6,0,513.971
2026-09-12-l9,A,1.0.0,docs-02000,scan,q038,phrase,7,0,501.261
2026-09-12-l9,B,2.0.0-alpha.7,docs-02000,scan,q038,phrase,7,0,517.481
2026-09-12-l9,A,1.0.0,docs-02000,scan,q038,phrase,8,0,499.746
2026-09-12-l9,B,2.0.0-alpha.7,docs-02000,scan,q038,phrase,8,0,518.086
2026-09-12-l9,A,1.0.0,docs-02000,scan,q038,phrase,9,0,500.438
2026-09-12-l9,B,2.0.0-alpha.7,docs-02000,scan,q038,phrase,9,0,517.036
2026-09-12-l9,A,1.0.0,docs-02000,scan,q038,phrase,10,0,503.053
2026-09-12-l9,B,2.0.0-alpha.7,docs-02000,scan,q038,phrase,10,0,517.775
2026-09-12-l9,A,1.0.0,docs-02000,scan,q038,phrase,11,0,503.203
2026-09-12-l9,B,2.0.0-alpha.7,docs-02000,scan,q038,phrase,11,0,517.931
2026-09-12-l9,A,1.0.0,docs-02000,scan,q038,phrase,12,0,499.483
2026-09-12-l9,B,2.0.0-alpha.7,docs-02000,scan,q038,phrase,12,0,514.996
2026-09-12-l9,A,1.0.0,docs-02000,scan,q039,phrase,0,1,496.460
2026-09-12-l9,B,2.0.0-alpha.7,docs-02000,scan,q039,phrase,0,1,527.252
2026-09-12-l9,A,1.0.0,docs-02000,scan,q039,phrase,1,1,490.438
2026-09-12-l9,B,2.0.0-alpha.7,docs-02000,scan,q039,phrase,1,1,528.568
2026-09-12-l9,A,1.0.0,docs-02000,scan,q039,phrase,2,1,492.607
2026-09-12-l9,B,2.0.0-alpha.7,docs-02000,scan,q039,phrase,2,1,530.776
2026-09-12-l9,A,1.0.0,docs-02000,scan,q039,phrase,3,0,490.173
2026-09-12-l9,B,2.0.0-alpha.7,docs-02000,scan,q039,phrase,3,0,561.167
2026-09-12-l9,A,1.0.0,docs-02000,scan,q039,phrase,4,0,546.803
2026-09-12-l9,B,2.0.0-alpha.7,docs-02000,scan,q039,phrase,4,0,595.962
2026-09-12-l9,A,1.0.0,docs-02000,scan,q039,phrase,5,0,555.052
2026-09-12-l9,B,2.0.0-alpha.7,docs-02000,scan,q039,phrase,5,0,614.197
2026-09-12-l9,A,1.0.0,docs-02000,scan,q039,phrase,6,0,585.048
2026-09-12-l9,B,2.0.0-alpha.7,docs-02000,scan,q039,phrase,6,0,628.779
2026-09-12-l9,A,1.0.0,docs-02000,scan,q039,phrase,7,0,586.083
2026-09-12-l9,B,2.0.0-alpha.7,docs-02000,scan,q039,phrase,7,0,620.192
2026-09-12-l9,A,1.0.0,docs-02000,scan,q039,phrase,8,0,566.565
2026-09-12-l9,B,2.0.0-alpha.7,docs-02000,scan,q039,phrase,8,0,592.327
2026-09-12-l9,A,1.0.0,docs-02000,scan,q039,phrase,9,0,528.062
2026-09-12-l9,B,2.0.0-alpha.7,docs-02000,scan,q039,phrase,9,0,576.047
2026-09-12-l9,A,1.0.0,docs-02000,scan,q039,phrase,10,0,528.146
2026-09-12-l9,B,2.0.0-alpha.7,docs-02000,scan,q039,phrase,10,0,572.128
2026-09-12-l9,A,1.0.0,docs-02000,scan,q039,phrase,11,0,536.620
2026-09-12-l9,B,2.0.0-alpha.7,docs-02000,scan,q039,phrase,11,0,581.964
2026-09-12-l9,A,1.0.0,docs-02000,scan,q039,phrase,12,0,552.432
2026-09-12-l9,B,2.0.0-alpha.7,docs-02000,scan,q039,phrase,12,0,594.766
2026-09-12-l9,A,1.0.0,docs-02000,scan,q040,phrase,0,1,580.081
2026-09-12-l9,B,2.0.0-alpha.7,docs-02000,scan,q040,phrase,0,1,626.129
2026-09-12-l9,A,1.0.0,docs-02000,scan,q040,phrase,1,1,589.287
2026-09-12-l9,B,2.0.0-alpha.7,docs-02000,scan,q040,phrase,1,1,617.971
2026-09-12-l9,A,1.0.0,docs-02000,scan,q040,phrase,2,1,553.836
2026-09-12-l9,B,2.0.0-alpha.7,docs-02000,scan,q040,phrase,2,1,570.517
2026-09-12-l9,A,1.0.0,docs-02000,scan,q040,phrase,3,0,517.219
2026-09-12-l9,B,2.0.0-alpha.7,docs-02000,scan,q040,phrase,3,0,546.848
2026-09-12-l9,A,1.0.0,docs-02000,scan,q040,phrase,4,0,481.133
2026-09-12-l9,B,2.0.0-alpha.7,docs-02000,scan,q040,phrase,4,0,509.430
2026-09-12-l9,A,1.0.0,docs-02000,scan,q040,phrase,5,0,482.167
2026-09-12-l9,B,2.0.0-alpha.7,docs-02000,scan,q040,phrase,5,0,519.599
2026-09-12-l9,A,1.0.0,docs-02000,scan,q040,phrase,6,0,490.877
2026-09-12-l9,B,2.0.0-alpha.7,docs-02000,scan,q040,phrase,6,0,520.240
2026-09-12-l9,A,1.0.0,docs-02000,scan,q040,phrase,7,0,492.516
2026-09-12-l9,B,2.0.0-alpha.7,docs-02000,scan,q040,phrase,7,0,524.621
2026-09-12-l9,A,1.0.0,docs-02000,scan,q040,phrase,8,0,492.869
2026-09-12-l9,B,2.0.0-alpha.7,docs-02000,scan,q040,phrase,8,0,526.453
2026-09-12-l9,A,1.0.0,docs-02000,scan,q040,phrase,9,0,494.035
2026-09-12-l9,B,2.0.0-alpha.7,docs-02000,scan,q040,phrase,9,0,527.527
2026-09-12-l9,A,1.0.0,docs-02000,scan,q040,phrase,10,0,489.685
2026-09-12-l9,B,2.0.0-alpha.7,docs-02000,scan,q040,phrase,10,0,526.084
2026-09-12-l9,A,1.0.0,docs-02000,scan,q040,phrase,11,0,492.701
2026-09-12-l9,B,2.0.0-alpha.7,docs-02000,scan,q040,phrase,11,0,526.308
2026-09-12-l9,A,1.0.0,docs-02000,scan,q040,phrase,12,0,486.870
2026-09-12-l9,B,2.0.0-alpha.7,docs-02000,scan,q040,phrase,12,0,526.465
2026-09-12-l9,A,1.0.0,docs-02000,scan,q041,phrase,0,1,501.365
2026-09-12-l9,B,2.0.0-alpha.7,docs-02000,scan,q041,phrase,0,1,528.772
2026-09-12-l9,A,1.0.0,docs-02000,scan,q041,phrase,1,1,493.362
2026-09-12-l9,B,2.0.0-alpha.7,docs-02000,scan,q041,phrase,1,1,523.182
2026-09-12-l9,A,1.0.0,docs-02000,scan,q041,phrase,2,1,498.481
2026-09-12-l9,B,2.0.0-alpha.7,docs-02000,scan,q041,phrase,2,1,526.277
2026-09-12-l9,A,1.0.0,docs-02000,scan,q041,phrase,3,0,487.568
2026-09-12-l9,B,2.0.0-alpha.7,docs-02000,scan,q041,phrase,3,0,524.445
2026-09-12-l9,A,1.0.0,docs-02000,scan,q041,phrase,4,0,493.018
2026-09-12-l9,B,2.0.0-alpha.7,docs-02000,scan,q041,phrase,4,0,519.558
2026-09-12-l9,A,1.0.0,docs-02000,scan,q041,phrase,5,0,498.623
2026-09-12-l9,B,2.0.0-alpha.7,docs-02000,scan,q041,phrase,5,0,526.927
2026-09-12-l9,A,1.0.0,docs-02000,scan,q041,phrase,6,0,492.562
2026-09-12-l9,B,2.0.0-alpha.7,docs-02000,scan,q041,phrase,6,0,519.898
2026-09-12-l9,A,1.0.0,docs-02000,scan,q041,phrase,7,0,490.074
2026-09-12-l9,B,2.0.0-alpha.7,docs-02000,scan,q041,phrase,7,0,524.700
2026-09-12-l9,A,1.0.0,docs-02000,scan,q041,phrase,8,0,494.793
2026-09-12-l9,B,2.0.0-alpha.7,docs-02000,scan,q041,phrase,8,0,522.577
2026-09-12-l9,A,1.0.0,docs-02000,scan,q041,phrase,9,0,495.887
2026-09-12-l9,B,2.0.0-alpha.7,docs-02000,scan,q041,phrase,9,0,528.425
2026-09-12-l9,A,1.0.0,docs-02000,scan,q041,phrase,10,0,492.639
2026-09-12-l9,B,2.0.0-alpha.7,docs-02000,scan,q041,phrase,10,0,530.516
2026-09-12-l9,A,1.0.0,docs-02000,scan,q041,phrase,11,0,492.007
2026-09-12-l9,B,2.0.0-alpha.7,docs-02000,scan,q041,phrase,11,0,520.970
2026-09-12-l9,A,1.0.0,docs-02000,scan,q041,phrase,12,0,493.979
2026-09-12-l9,B,2.0.0-alpha.7,docs-02000,scan,q041,phrase,12,0,522.823
2026-09-12-l9,A,1.0.0,docs-02000,scan,q042,phrase,0,1,499.574
2026-09-12-l9,B,2.0.0-alpha.7,docs-02000,scan,q042,phrase,0,1,514.217
2026-09-12-l9,A,1.0.0,docs-02000,scan,q042,phrase,1,1,494.940
2026-09-12-l9,B,2.0.0-alpha.7,docs-02000,scan,q042,phrase,1,1,513.887
2026-09-12-l9,A,1.0.0,docs-02000,scan,q042,phrase,2,1,512.169
2026-09-12-l9,B,2.0.0-alpha.7,docs-02000,scan,q042,phrase,2,1,511.714
2026-09-12-l9,A,1.0.0,docs-02000,scan,q042,phrase,3,0,492.382
2026-09-12-l9,B,2.0.0-alpha.7,docs-02000,scan,q042,phrase,3,0,515.396
2026-09-12-l9,A,1.0.0,docs-02000,scan,q042,phrase,4,0,494.314
2026-09-12-l9,B,2.0.0-alpha.7,docs-02000,scan,q042,phrase,4,0,505.778
2026-09-12-l9,A,1.0.0,docs-02000,scan,q042,phrase,5,0,493.657
2026-09-12-l9,B,2.0.0-alpha.7,docs-02000,scan,q042,phrase,5,0,510.222
2026-09-12-l9,A,1.0.0,docs-02000,scan,q042,phrase,6,0,495.122
2026-09-12-l9,B,2.0.0-alpha.7,docs-02000,scan,q042,phrase,6,0,513.792
2026-09-12-l9,A,1.0.0,docs-02000,scan,q042,phrase,7,0,494.893
2026-09-12-l9,B,2.0.0-alpha.7,docs-02000,scan,q042,phrase,7,0,546.030
2026-09-12-l9,A,1.0.0,docs-02000,scan,q042,phrase,8,0,543.150
2026-09-12-l9,B,2.0.0-alpha.7,docs-02000,scan,q042,phrase,8,0,577.900
2026-09-12-l9,A,1.0.0,docs-02000,scan,q042,phrase,9,0,575.305
2026-09-12-l9,B,2.0.0-alpha.7,docs-02000,scan,q042,phrase,9,0,590.885
2026-09-12-l9,A,1.0.0,docs-02000,scan,q042,phrase,10,0,565.372
2026-09-12-l9,B,2.0.0-alpha.7,docs-02000,scan,q042,phrase,10,0,586.315
2026-09-12-l9,A,1.0.0,docs-02000,scan,q042,phrase,11,0,566.442
2026-09-12-l9,B,2.0.0-alpha.7,docs-02000,scan,q042,phrase,11,0,605.706
2026-09-12-l9,A,1.0.0,docs-02000,scan,q042,phrase,12,0,590.493
2026-09-12-l9,B,2.0.0-alpha.7,docs-02000,scan,q042,phrase,12,0,619.329
2026-09-12-l9,A,1.0.0,docs-02000,scan,q043,natural,0,1,609.429
2026-09-12-l9,B,2.0.0-alpha.7,docs-02000,scan,q043,natural,0,1,618.269
2026-09-12-l9,A,1.0.0,docs-02000,scan,q043,natural,1,1,597.832
2026-09-12-l9,B,2.0.0-alpha.7,docs-02000,scan,q043,natural,1,1,616.050
2026-09-12-l9,A,1.0.0,docs-02000,scan,q043,natural,2,1,593.965
2026-09-12-l9,B,2.0.0-alpha.7,docs-02000,scan,q043,natural,2,1,612.341
2026-09-12-l9,A,1.0.0,docs-02000,scan,q043,natural,3,0,586.350
2026-09-12-l9,B,2.0.0-alpha.7,docs-02000,scan,q043,natural,3,0,612.078
2026-09-12-l9,A,1.0.0,docs-02000,scan,q043,natural,4,0,586.448
2026-09-12-l9,B,2.0.0-alpha.7,docs-02000,scan,q043,natural,4,0,609.021
2026-09-12-l9,A,1.0.0,docs-02000,scan,q043,natural,5,0,571.319
2026-09-12-l9,B,2.0.0-alpha.7,docs-02000,scan,q043,natural,5,0,593.693
2026-09-12-l9,A,1.0.0,docs-02000,scan,q043,natural,6,0,536.632
2026-09-12-l9,B,2.0.0-alpha.7,docs-02000,scan,q043,natural,6,0,532.303
2026-09-12-l9,A,1.0.0,docs-02000,scan,q043,natural,7,0,491.229
2026-09-12-l9,B,2.0.0-alpha.7,docs-02000,scan,q043,natural,7,0,533.949
2026-09-12-l9,A,1.0.0,docs-02000,scan,q043,natural,8,0,536.789
2026-09-12-l9,B,2.0.0-alpha.7,docs-02000,scan,q043,natural,8,0,589.725
2026-09-12-l9,A,1.0.0,docs-02000,scan,q043,natural,9,0,581.816
2026-09-12-l9,B,2.0.0-alpha.7,docs-02000,scan,q043,natural,9,0,603.086
2026-09-12-l9,A,1.0.0,docs-02000,scan,q043,natural,10,0,578.139
2026-09-12-l9,B,2.0.0-alpha.7,docs-02000,scan,q043,natural,10,0,603.882
2026-09-12-l9,A,1.0.0,docs-02000,scan,q043,natural,11,0,577.456
2026-09-12-l9,B,2.0.0-alpha.7,docs-02000,scan,q043,natural,11,0,628.699
2026-09-12-l9,A,1.0.0,docs-02000,scan,q043,natural,12,0,563.674
2026-09-12-l9,B,2.0.0-alpha.7,docs-02000,scan,q043,natural,12,0,583.315
2026-09-12-l9,A,1.0.0,docs-02000,scan,q044,natural,0,1,546.063
2026-09-12-l9,B,2.0.0-alpha.7,docs-02000,scan,q044,natural,0,1,577.366
2026-09-12-l9,A,1.0.0,docs-02000,scan,q044,natural,1,1,507.069
2026-09-12-l9,B,2.0.0-alpha.7,docs-02000,scan,q044,natural,1,1,523.208
2026-09-12-l9,A,1.0.0,docs-02000,scan,q044,natural,2,1,490.420
2026-09-12-l9,B,2.0.0-alpha.7,docs-02000,scan,q044,natural,2,1,520.119
2026-09-12-l9,A,1.0.0,docs-02000,scan,q044,natural,3,0,517.729
2026-09-12-l9,B,2.0.0-alpha.7,docs-02000,scan,q044,natural,3,0,530.575
2026-09-12-l9,A,1.0.0,docs-02000,scan,q044,natural,4,0,501.263
2026-09-12-l9,B,2.0.0-alpha.7,docs-02000,scan,q044,natural,4,0,530.931
2026-09-12-l9,A,1.0.0,docs-02000,scan,q044,natural,5,0,498.396
2026-09-12-l9,B,2.0.0-alpha.7,docs-02000,scan,q044,natural,5,0,526.905
2026-09-12-l9,A,1.0.0,docs-02000,scan,q044,natural,6,0,503.431
2026-09-12-l9,B,2.0.0-alpha.7,docs-02000,scan,q044,natural,6,0,521.080
2026-09-12-l9,A,1.0.0,docs-02000,scan,q044,natural,7,0,505.338
2026-09-12-l9,B,2.0.0-alpha.7,docs-02000,scan,q044,natural,7,0,519.336
2026-09-12-l9,A,1.0.0,docs-02000,scan,q044,natural,8,0,504.126
2026-09-12-l9,B,2.0.0-alpha.7,docs-02000,scan,q044,natural,8,0,521.837
2026-09-12-l9,A,1.0.0,docs-02000,scan,q044,natural,9,0,504.418
2026-09-12-l9,B,2.0.0-alpha.7,docs-02000,scan,q044,natural,9,0,526.179
2026-09-12-l9,A,1.0.0,docs-02000,scan,q044,natural,10,0,504.344
2026-09-12-l9,B,2.0.0-alpha.7,docs-02000,scan,q044,natural,10,0,529.386
2026-09-12-l9,A,1.0.0,docs-02000,scan,q044,natural,11,0,513.904
2026-09-12-l9,B,2.0.0-alpha.7,docs-02000,scan,q044,natural,11,0,527.069
2026-09-12-l9,A,1.0.0,docs-02000,scan,q044,natural,12,0,506.969
2026-09-12-l9,B,2.0.0-alpha.7,docs-02000,scan,q044,natural,12,0,518.324
2026-09-12-l9,A,1.0.0,docs-02000,scan,q045,natural,0,1,503.416
2026-09-12-l9,B,2.0.0-alpha.7,docs-02000,scan,q045,natural,0,1,527.962
2026-09-12-l9,A,1.0.0,docs-02000,scan,q045,natural,1,1,505.372
2026-09-12-l9,B,2.0.0-alpha.7,docs-02000,scan,q045,natural,1,1,529.073
2026-09-12-l9,A,1.0.0,docs-02000,scan,q045,natural,2,1,503.877
2026-09-12-l9,B,2.0.0-alpha.7,docs-02000,scan,q045,natural,2,1,527.185
2026-09-12-l9,A,1.0.0,docs-02000,scan,q045,natural,3,0,504.131
2026-09-12-l9,B,2.0.0-alpha.7,docs-02000,scan,q045,natural,3,0,531.040
2026-09-12-l9,A,1.0.0,docs-02000,scan,q045,natural,4,0,500.578
2026-09-12-l9,B,2.0.0-alpha.7,docs-02000,scan,q045,natural,4,0,521.688
2026-09-12-l9,A,1.0.0,docs-02000,scan,q045,natural,5,0,502.196
2026-09-12-l9,B,2.0.0-alpha.7,docs-02000,scan,q045,natural,5,0,528.400
2026-09-12-l9,A,1.0.0,docs-02000,scan,q045,natural,6,0,500.245
2026-09-12-l9,B,2.0.0-alpha.7,docs-02000,scan,q045,natural,6,0,528.901
2026-09-12-l9,A,1.0.0,docs-02000,scan,q045,natural,7,0,502.251
2026-09-12-l9,B,2.0.0-alpha.7,docs-02000,scan,q045,natural,7,0,526.217
2026-09-12-l9,A,1.0.0,docs-02000,scan,q045,natural,8,0,505.629
2026-09-12-l9,B,2.0.0-alpha.7,docs-02000,scan,q045,natural,8,0,529.642
2026-09-12-l9,A,1.0.0,docs-02000,scan,q045,natural,9,0,503.171
2026-09-12-l9,B,2.0.0-alpha.7,docs-02000,scan,q045,natural,9,0,528.108
2026-09-12-l9,A,1.0.0,docs-02000,scan,q045,natural,10,0,504.823
2026-09-12-l9,B,2.0.0-alpha.7,docs-02000,scan,q045,natural,10,0,534.385
2026-09-12-l9,A,1.0.0,docs-02000,scan,q045,natural,11,0,504.614
2026-09-12-l9,B,2.0.0-alpha.7,docs-02000,scan,q045,natural,11,0,536.486
2026-09-12-l9,A,1.0.0,docs-02000,scan,q045,natural,12,0,509.492
2026-09-12-l9,B,2.0.0-alpha.7,docs-02000,scan,q045,natural,12,0,533.791
2026-09-12-l9,A,1.0.0,docs-02000,scan,q046,natural,0,1,510.909
2026-09-12-l9,B,2.0.0-alpha.7,docs-02000,scan,q046,natural,0,1,528.267
2026-09-12-l9,A,1.0.0,docs-02000,scan,q046,natural,1,1,498.030
2026-09-12-l9,B,2.0.0-alpha.7,docs-02000,scan,q046,natural,1,1,531.897
2026-09-12-l9,A,1.0.0,docs-02000,scan,q046,natural,2,1,505.019
2026-09-12-l9,B,2.0.0-alpha.7,docs-02000,scan,q046,natural,2,1,526.406
2026-09-12-l9,A,1.0.0,docs-02000,scan,q046,natural,3,0,505.384
2026-09-12-l9,B,2.0.0-alpha.7,docs-02000,scan,q046,natural,3,0,529.032
2026-09-12-l9,A,1.0.0,docs-02000,scan,q046,natural,4,0,508.652
2026-09-12-l9,B,2.0.0-alpha.7,docs-02000,scan,q046,natural,4,0,533.426
2026-09-12-l9,A,1.0.0,docs-02000,scan,q046,natural,5,0,507.906
2026-09-12-l9,B,2.0.0-alpha.7,docs-02000,scan,q046,natural,5,0,527.937
2026-09-12-l9,A,1.0.0,docs-02000,scan,q046,natural,6,0,513.436
2026-09-12-l9,B,2.0.0-alpha.7,docs-02000,scan,q046,natural,6,0,533.692
2026-09-12-l9,A,1.0.0,docs-02000,scan,q046,natural,7,0,505.621
2026-09-12-l9,B,2.0.0-alpha.7,docs-02000,scan,q046,natural,7,0,525.039
2026-09-12-l9,A,1.0.0,docs-02000,scan,q046,natural,8,0,507.613
2026-09-12-l9,B,2.0.0-alpha.7,docs-02000,scan,q046,natural,8,0,529.320
2026-09-12-l9,A,1.0.0,docs-02000,scan,q046,natural,9,0,501.474
2026-09-12-l9,B,2.0.0-alpha.7,docs-02000,scan,q046,natural,9,0,532.572
2026-09-12-l9,A,1.0.0,docs-02000,scan,q046,natural,10,0,509.120
2026-09-12-l9,B,2.0.0-alpha.7,docs-02000,scan,q046,natural,10,0,531.959
2026-09-12-l9,A,1.0.0,docs-02000,scan,q046,natural,11,0,510.448
2026-09-12-l9,B,2.0.0-alpha.7,docs-02000,scan,q046,natural,11,0,529.724
2026-09-12-l9,A,1.0.0,docs-02000,scan,q046,natural,12,0,510.369
2026-09-12-l9,B,2.0.0-alpha.7,docs-02000,scan,q046,natural,12,0,527.695
2026-09-12-l9,A,1.0.0,docs-02000,scan,q047,natural,0,1,510.495
2026-09-12-l9,B,2.0.0-alpha.7,docs-02000,scan,q047,natural,0,1,584.079
2026-09-12-l9,A,1.0.0,docs-02000,scan,q047,natural,1,1,572.476
2026-09-12-l9,B,2.0.0-alpha.7,docs-02000,scan,q047,natural,1,1,612.648
2026-09-12-l9,A,1.0.0,docs-02000,scan,q047,natural,2,1,573.239
2026-09-12-l9,B,2.0.0-alpha.7,docs-02000,scan,q047,natural,2,1,607.812
2026-09-12-l9,A,1.0.0,docs-02000,scan,q047,natural,3,0,588.876
2026-09-12-l9,B,2.0.0-alpha.7,docs-02000,scan,q047,natural,3,0,645.847
2026-09-12-l9,A,1.0.0,docs-02000,scan,q047,natural,4,0,605.685
2026-09-12-l9,B,2.0.0-alpha.7,docs-02000,scan,q047,natural,4,0,623.477
2026-09-12-l9,A,1.0.0,docs-02000,scan,q047,natural,5,0,566.129
2026-09-12-l9,B,2.0.0-alpha.7,docs-02000,scan,q047,natural,5,0,588.724
2026-09-12-l9,A,1.0.0,docs-02000,scan,q047,natural,6,0,570.403
2026-09-12-l9,B,2.0.0-alpha.7,docs-02000,scan,q047,natural,6,0,605.168
2026-09-12-l9,A,1.0.0,docs-02000,scan,q047,natural,7,0,567.620
2026-09-12-l9,B,2.0.0-alpha.7,docs-02000,scan,q047,natural,7,0,606.906
2026-09-12-l9,A,1.0.0,docs-02000,scan,q047,natural,8,0,600.787
2026-09-12-l9,B,2.0.0-alpha.7,docs-02000,scan,q047,natural,8,0,649.262
2026-09-12-l9,A,1.0.0,docs-02000,scan,q047,natural,9,0,607.771
2026-09-12-l9,B,2.0.0-alpha.7,docs-02000,scan,q047,natural,9,0,645.266
2026-09-12-l9,A,1.0.0,docs-02000,scan,q047,natural,10,0,593.015
2026-09-12-l9,B,2.0.0-alpha.7,docs-02000,scan,q047,natural,10,0,632.837
2026-09-12-l9,A,1.0.0,docs-02000,scan,q047,natural,11,0,590.305
2026-09-12-l9,B,2.0.0-alpha.7,docs-02000,scan,q047,natural,11,0,593.620
2026-09-12-l9,A,1.0.0,docs-02000,scan,q047,natural,12,0,546.815
2026-09-12-l9,B,2.0.0-alpha.7,docs-02000,scan,q047,natural,12,0,560.667
2026-09-12-l9,A,1.0.0,docs-02000,scan,q048,natural,0,1,502.726
2026-09-12-l9,B,2.0.0-alpha.7,docs-02000,scan,q048,natural,0,1,524.383
2026-09-12-l9,A,1.0.0,docs-02000,scan,q048,natural,1,1,511.266
2026-09-12-l9,B,2.0.0-alpha.7,docs-02000,scan,q048,natural,1,1,528.336
2026-09-12-l9,A,1.0.0,docs-02000,scan,q048,natural,2,1,508.550
2026-09-12-l9,B,2.0.0-alpha.7,docs-02000,scan,q048,natural,2,1,535.499
2026-09-12-l9,A,1.0.0,docs-02000,scan,q048,natural,3,0,511.806
2026-09-12-l9,B,2.0.0-alpha.7,docs-02000,scan,q048,natural,3,0,544.125
2026-09-12-l9,A,1.0.0,docs-02000,scan,q048,natural,4,0,526.099
2026-09-12-l9,B,2.0.0-alpha.7,docs-02000,scan,q048,natural,4,0,553.158
2026-09-12-l9,A,1.0.0,docs-02000,scan,q048,natural,5,0,519.712
2026-09-12-l9,B,2.0.0-alpha.7,docs-02000,scan,q048,natural,5,0,544.228
2026-09-12-l9,A,1.0.0,docs-02000,scan,q048,natural,6,0,554.798
2026-09-12-l9,B,2.0.0-alpha.7,docs-02000,scan,q048,natural,6,0,710.559
2026-09-12-l9,A,1.0.0,docs-02000,scan,q048,natural,7,0,757.422
2026-09-12-l9,B,2.0.0-alpha.7,docs-02000,scan,q048,natural,7,0,756.243
2026-09-12-l9,A,1.0.0,docs-02000,scan,q048,natural,8,0,605.282
2026-09-12-l9,B,2.0.0-alpha.7,docs-02000,scan,q048,natural,8,0,581.313
2026-09-12-l9,A,1.0.0,docs-02000,scan,q048,natural,9,0,506.508
2026-09-12-l9,B,2.0.0-alpha.7,docs-02000,scan,q048,natural,9,0,505.609
2026-09-12-l9,A,1.0.0,docs-02000,scan,q048,natural,10,0,474.208
2026-09-12-l9,B,2.0.0-alpha.7,docs-02000,scan,q048,natural,10,0,506.289
2026-09-12-l9,A,1.0.0,docs-02000,scan,q048,natural,11,0,490.200
2026-09-12-l9,B,2.0.0-alpha.7,docs-02000,scan,q048,natural,11,0,513.887
2026-09-12-l9,A,1.0.0,docs-02000,scan,q048,natural,12,0,492.382
2026-09-12-l9,B,2.0.0-alpha.7,docs-02000,scan,q048,natural,12,0,550.721
2026-09-12-l9,A,1.0.0,docs-02000,scan,q049,natural,0,1,517.625
2026-09-12-l9,B,2.0.0-alpha.7,docs-02000,scan,q049,natural,0,1,549.566
2026-09-12-l9,A,1.0.0,docs-02000,scan,q049,natural,1,1,511.881
2026-09-12-l9,B,2.0.0-alpha.7,docs-02000,scan,q049,natural,1,1,543.836
2026-09-12-l9,A,1.0.0,docs-02000,scan,q049,natural,2,1,512.348
2026-09-12-l9,B,2.0.0-alpha.7,docs-02000,scan,q049,natural,2,1,541.504
2026-09-12-l9,A,1.0.0,docs-02000,scan,q049,natural,3,0,510.557
2026-09-12-l9,B,2.0.0-alpha.7,docs-02000,scan,q049,natural,3,0,536.237
2026-09-12-l9,A,1.0.0,docs-02000,scan,q049,natural,4,0,509.716
2026-09-12-l9,B,2.0.0-alpha.7,docs-02000,scan,q049,natural,4,0,539.846
2026-09-12-l9,A,1.0.0,docs-02000,scan,q049,natural,5,0,513.542
2026-09-12-l9,B,2.0.0-alpha.7,docs-02000,scan,q049,natural,5,0,534.431
2026-09-12-l9,A,1.0.0,docs-02000,scan,q049,natural,6,0,513.522
2026-09-12-l9,B,2.0.0-alpha.7,docs-02000,scan,q049,natural,6,0,531.678
2026-09-12-l9,A,1.0.0,docs-02000,scan,q049,natural,7,0,507.624
2026-09-12-l9,B,2.0.0-alpha.7,docs-02000,scan,q049,natural,7,0,534.737
2026-09-12-l9,A,1.0.0,docs-02000,scan,q049,natural,8,0,511.127
2026-09-12-l9,B,2.0.0-alpha.7,docs-02000,scan,q049,natural,8,0,539.260
2026-09-12-l9,A,1.0.0,docs-02000,scan,q049,natural,9,0,513.446
2026-09-12-l9,B,2.0.0-alpha.7,docs-02000,scan,q049,natural,9,0,528.540
2026-09-12-l9,A,1.0.0,docs-02000,scan,q049,natural,10,0,511.402
2026-09-12-l9,B,2.0.0-alpha.7,docs-02000,scan,q049,natural,10,0,533.539
2026-09-12-l9,A,1.0.0,docs-02000,scan,q049,natural,11,0,507.760
2026-09-12-l9,B,2.0.0-alpha.7,docs-02000,scan,q049,natural,11,0,531.782
2026-09-12-l9,A,1.0.0,docs-02000,scan,q049,natural,12,0,508.639
2026-09-12-l9,B,2.0.0-alpha.7,docs-02000,scan,q049,natural,12,0,532.514
2026-09-12-l9,A,1.0.0,docs-02000,scan,q050,natural,0,1,506.141
2026-09-12-l9,B,2.0.0-alpha.7,docs-02000,scan,q050,natural,0,1,529.150
2026-09-12-l9,A,1.0.0,docs-02000,scan,q050,natural,1,1,502.003
2026-09-12-l9,B,2.0.0-alpha.7,docs-02000,scan,q050,natural,1,1,531.068
2026-09-12-l9,A,1.0.0,docs-02000,scan,q050,natural,2,1,509.312
2026-09-12-l9,B,2.0.0-alpha.7,docs-02000,scan,q050,natural,2,1,536.367
2026-09-12-l9,A,1.0.0,docs-02000,scan,q050,natural,3,0,517.890
2026-09-12-l9,B,2.0.0-alpha.7,docs-02000,scan,q050,natural,3,0,533.727
2026-09-12-l9,A,1.0.0,docs-02000,scan,q050,natural,4,0,502.148
2026-09-12-l9,B,2.0.0-alpha.7,docs-02000,scan,q050,natural,4,0,528.886
2026-09-12-l9,A,1.0.0,docs-02000,scan,q050,natural,5,0,506.279
2026-09-12-l9,B,2.0.0-alpha.7,docs-02000,scan,q050,natural,5,0,531.424
2026-09-12-l9,A,1.0.0,docs-02000,scan,q050,natural,6,0,512.298
2026-09-12-l9,B,2.0.0-alpha.7,docs-02000,scan,q050,natural,6,0,540.741
2026-09-12-l9,A,1.0.0,docs-02000,scan,q050,natural,7,0,512.622
2026-09-12-l9,B,2.0.0-alpha.7,docs-02000,scan,q050,natural,7,0,534.634
2026-09-12-l9,A,1.0.0,docs-02000,scan,q050,natural,8,0,509.158
2026-09-12-l9,B,2.0.0-alpha.7,docs-02000,scan,q050,natural,8,0,536.235
2026-09-12-l9,A,1.0.0,docs-02000,scan,q050,natural,9,0,520.095
2026-09-12-l9,B,2.0.0-alpha.7,docs-02000,scan,q050,natural,9,0,535.261
2026-09-12-l9,A,1.0.0,docs-02000,scan,q050,natural,10,0,506.637
2026-09-12-l9,B,2.0.0-alpha.7,docs-02000,scan,q050,natural,10,0,546.650
2026-09-12-l9,A,1.0.0,docs-02000,scan,q050,natural,11,0,510.221
2026-09-12-l9,B,2.0.0-alpha.7,docs-02000,scan,q050,natural,11,0,528.631
2026-09-12-l9,A,1.0.0,docs-02000,scan,q050,natural,12,0,507.067
2026-09-12-l9,B,2.0.0-alpha.7,docs-02000,scan,q050,natural,12,0,529.214
2026-09-12-l9,A,1.0.0,docs-02000,scan,q051,domain,0,1,131.479
2026-09-12-l9,B,2.0.0-alpha.7,docs-02000,scan,q051,domain,0,1,176.168
2026-09-12-l9,A,1.0.0,docs-02000,scan,q051,domain,1,1,132.434
2026-09-12-l9,B,2.0.0-alpha.7,docs-02000,scan,q051,domain,1,1,181.130
2026-09-12-l9,A,1.0.0,docs-02000,scan,q051,domain,2,1,130.976
2026-09-12-l9,B,2.0.0-alpha.7,docs-02000,scan,q051,domain,2,1,176.729
2026-09-12-l9,A,1.0.0,docs-02000,scan,q051,domain,3,0,130.343
2026-09-12-l9,B,2.0.0-alpha.7,docs-02000,scan,q051,domain,3,0,179.964
2026-09-12-l9,A,1.0.0,docs-02000,scan,q051,domain,4,0,130.386
2026-09-12-l9,B,2.0.0-alpha.7,docs-02000,scan,q051,domain,4,0,178.843
2026-09-12-l9,A,1.0.0,docs-02000,scan,q051,domain,5,0,131.618
2026-09-12-l9,B,2.0.0-alpha.7,docs-02000,scan,q051,domain,5,0,177.361
2026-09-12-l9,A,1.0.0,docs-02000,scan,q051,domain,6,0,130.750
2026-09-12-l9,B,2.0.0-alpha.7,docs-02000,scan,q051,domain,6,0,175.246
2026-09-12-l9,A,1.0.0,docs-02000,scan,q051,domain,7,0,131.688
2026-09-12-l9,B,2.0.0-alpha.7,docs-02000,scan,q051,domain,7,0,178.573
2026-09-12-l9,A,1.0.0,docs-02000,scan,q051,domain,8,0,133.840
2026-09-12-l9,B,2.0.0-alpha.7,docs-02000,scan,q051,domain,8,0,175.887
2026-09-12-l9,A,1.0.0,docs-02000,scan,q051,domain,9,0,131.629
2026-09-12-l9,B,2.0.0-alpha.7,docs-02000,scan,q051,domain,9,0,177.195
2026-09-12-l9,A,1.0.0,docs-02000,scan,q051,domain,10,0,133.089
2026-09-12-l9,B,2.0.0-alpha.7,docs-02000,scan,q051,domain,10,0,176.844
2026-09-12-l9,A,1.0.0,docs-02000,scan,q051,domain,11,0,131.128
2026-09-12-l9,B,2.0.0-alpha.7,docs-02000,scan,q051,domain,11,0,177.965
2026-09-12-l9,A,1.0.0,docs-02000,scan,q051,domain,12,0,132.574
2026-09-12-l9,B,2.0.0-alpha.7,docs-02000,scan,q051,domain,12,0,176.598
2026-09-12-l9,A,1.0.0,docs-02000,scan,q052,domain,0,1,125.371
2026-09-12-l9,B,2.0.0-alpha.7,docs-02000,scan,q052,domain,0,1,173.353
2026-09-12-l9,A,1.0.0,docs-02000,scan,q052,domain,1,1,128.410
2026-09-12-l9,B,2.0.0-alpha.7,docs-02000,scan,q052,domain,1,1,172.860
2026-09-12-l9,A,1.0.0,docs-02000,scan,q052,domain,2,1,125.565
2026-09-12-l9,B,2.0.0-alpha.7,docs-02000,scan,q052,domain,2,1,173.959
2026-09-12-l9,A,1.0.0,docs-02000,scan,q052,domain,3,0,125.503
2026-09-12-l9,B,2.0.0-alpha.7,docs-02000,scan,q052,domain,3,0,175.487
2026-09-12-l9,A,1.0.0,docs-02000,scan,q052,domain,4,0,126.716
2026-09-12-l9,B,2.0.0-alpha.7,docs-02000,scan,q052,domain,4,0,175.191
2026-09-12-l9,A,1.0.0,docs-02000,scan,q052,domain,5,0,126.708
2026-09-12-l9,B,2.0.0-alpha.7,docs-02000,scan,q052,domain,5,0,172.601
2026-09-12-l9,A,1.0.0,docs-02000,scan,q052,domain,6,0,128.071
2026-09-12-l9,B,2.0.0-alpha.7,docs-02000,scan,q052,domain,6,0,171.992
2026-09-12-l9,A,1.0.0,docs-02000,scan,q052,domain,7,0,126.060
2026-09-12-l9,B,2.0.0-alpha.7,docs-02000,scan,q052,domain,7,0,175.141
2026-09-12-l9,A,1.0.0,docs-02000,scan,q052,domain,8,0,126.226
2026-09-12-l9,B,2.0.0-alpha.7,docs-02000,scan,q052,domain,8,0,172.357
2026-09-12-l9,A,1.0.0,docs-02000,scan,q052,domain,9,0,126.863
2026-09-12-l9,B,2.0.0-alpha.7,docs-02000,scan,q052,domain,9,0,173.645
2026-09-12-l9,A,1.0.0,docs-02000,scan,q052,domain,10,0,125.880
2026-09-12-l9,B,2.0.0-alpha.7,docs-02000,scan,q052,domain,10,0,174.381
2026-09-12-l9,A,1.0.0,docs-02000,scan,q052,domain,11,0,129.256
2026-09-12-l9,B,2.0.0-alpha.7,docs-02000,scan,q052,domain,11,0,175.409
2026-09-12-l9,A,1.0.0,docs-02000,scan,q052,domain,12,0,125.990
2026-09-12-l9,B,2.0.0-alpha.7,docs-02000,scan,q052,domain,12,0,173.473
2026-09-12-l9,A,1.0.0,docs-02000,scan,q053,domain,0,1,129.490
2026-09-12-l9,B,2.0.0-alpha.7,docs-02000,scan,q053,domain,0,1,175.422
2026-09-12-l9,A,1.0.0,docs-02000,scan,q053,domain,1,1,127.641
2026-09-12-l9,B,2.0.0-alpha.7,docs-02000,scan,q053,domain,1,1,174.645
2026-09-12-l9,A,1.0.0,docs-02000,scan,q053,domain,2,1,127.673
2026-09-12-l9,B,2.0.0-alpha.7,docs-02000,scan,q053,domain,2,1,172.560
2026-09-12-l9,A,1.0.0,docs-02000,scan,q053,domain,3,0,127.791
2026-09-12-l9,B,2.0.0-alpha.7,docs-02000,scan,q053,domain,3,0,172.386
2026-09-12-l9,A,1.0.0,docs-02000,scan,q053,domain,4,0,129.011
2026-09-12-l9,B,2.0.0-alpha.7,docs-02000,scan,q053,domain,4,0,173.937
2026-09-12-l9,A,1.0.0,docs-02000,scan,q053,domain,5,0,128.573
2026-09-12-l9,B,2.0.0-alpha.7,docs-02000,scan,q053,domain,5,0,171.907
2026-09-12-l9,A,1.0.0,docs-02000,scan,q053,domain,6,0,128.783
2026-09-12-l9,B,2.0.0-alpha.7,docs-02000,scan,q053,domain,6,0,173.163
2026-09-12-l9,A,1.0.0,docs-02000,scan,q053,domain,7,0,127.544
2026-09-12-l9,B,2.0.0-alpha.7,docs-02000,scan,q053,domain,7,0,173.442
2026-09-12-l9,A,1.0.0,docs-02000,scan,q053,domain,8,0,130.529
2026-09-12-l9,B,2.0.0-alpha.7,docs-02000,scan,q053,domain,8,0,172.799
2026-09-12-l9,A,1.0.0,docs-02000,scan,q053,domain,9,0,127.284
2026-09-12-l9,B,2.0.0-alpha.7,docs-02000,scan,q053,domain,9,0,174.568
2026-09-12-l9,A,1.0.0,docs-02000,scan,q053,domain,10,0,127.047
2026-09-12-l9,B,2.0.0-alpha.7,docs-02000,scan,q053,domain,10,0,173.150
2026-09-12-l9,A,1.0.0,docs-02000,scan,q053,domain,11,0,127.526
2026-09-12-l9,B,2.0.0-alpha.7,docs-02000,scan,q053,domain,11,0,174.352
2026-09-12-l9,A,1.0.0,docs-02000,scan,q053,domain,12,0,129.434
2026-09-12-l9,B,2.0.0-alpha.7,docs-02000,scan,q053,domain,12,0,172.264
2026-09-12-l9,A,1.0.0,docs-02000,scan,q054,domain,0,1,128.929
2026-09-12-l9,B,2.0.0-alpha.7,docs-02000,scan,q054,domain,0,1,175.448
2026-09-12-l9,A,1.0.0,docs-02000,scan,q054,domain,1,1,130.359
2026-09-12-l9,B,2.0.0-alpha.7,docs-02000,scan,q054,domain,1,1,176.986
2026-09-12-l9,A,1.0.0,docs-02000,scan,q054,domain,2,1,130.268
2026-09-12-l9,B,2.0.0-alpha.7,docs-02000,scan,q054,domain,2,1,174.873
2026-09-12-l9,A,1.0.0,docs-02000,scan,q054,domain,3,0,129.235
2026-09-12-l9,B,2.0.0-alpha.7,docs-02000,scan,q054,domain,3,0,174.443
2026-09-12-l9,A,1.0.0,docs-02000,scan,q054,domain,4,0,130.546
2026-09-12-l9,B,2.0.0-alpha.7,docs-02000,scan,q054,domain,4,0,176.065
2026-09-12-l9,A,1.0.0,docs-02000,scan,q054,domain,5,0,131.108
2026-09-12-l9,B,2.0.0-alpha.7,docs-02000,scan,q054,domain,5,0,174.478
2026-09-12-l9,A,1.0.0,docs-02000,scan,q054,domain,6,0,129.287
2026-09-12-l9,B,2.0.0-alpha.7,docs-02000,scan,q054,domain,6,0,173.954
2026-09-12-l9,A,1.0.0,docs-02000,scan,q054,domain,7,0,129.148
2026-09-12-l9,B,2.0.0-alpha.7,docs-02000,scan,q054,domain,7,0,179.295
2026-09-12-l9,A,1.0.0,docs-02000,scan,q054,domain,8,0,132.846
2026-09-12-l9,B,2.0.0-alpha.7,docs-02000,scan,q054,domain,8,0,174.184
2026-09-12-l9,A,1.0.0,docs-02000,scan,q054,domain,9,0,130.054
2026-09-12-l9,B,2.0.0-alpha.7,docs-02000,scan,q054,domain,9,0,175.317
2026-09-12-l9,A,1.0.0,docs-02000,scan,q054,domain,10,0,128.765
2026-09-12-l9,B,2.0.0-alpha.7,docs-02000,scan,q054,domain,10,0,175.386
2026-09-12-l9,A,1.0.0,docs-02000,scan,q054,domain,11,0,127.851
2026-09-12-l9,B,2.0.0-alpha.7,docs-02000,scan,q054,domain,11,0,178.357
2026-09-12-l9,A,1.0.0,docs-02000,scan,q054,domain,12,0,132.368
2026-09-12-l9,B,2.0.0-alpha.7,docs-02000,scan,q054,domain,12,0,175.285
2026-09-12-l9,A,1.0.0,docs-02000,scan,q055,domain,0,1,126.317
2026-09-12-l9,B,2.0.0-alpha.7,docs-02000,scan,q055,domain,0,1,173.340
2026-09-12-l9,A,1.0.0,docs-02000,scan,q055,domain,1,1,126.505
2026-09-12-l9,B,2.0.0-alpha.7,docs-02000,scan,q055,domain,1,1,175.784
2026-09-12-l9,A,1.0.0,docs-02000,scan,q055,domain,2,1,126.944
2026-09-12-l9,B,2.0.0-alpha.7,docs-02000,scan,q055,domain,2,1,174.153
2026-09-12-l9,A,1.0.0,docs-02000,scan,q055,domain,3,0,127.748
2026-09-12-l9,B,2.0.0-alpha.7,docs-02000,scan,q055,domain,3,0,173.317
2026-09-12-l9,A,1.0.0,docs-02000,scan,q055,domain,4,0,126.308
2026-09-12-l9,B,2.0.0-alpha.7,docs-02000,scan,q055,domain,4,0,173.712
2026-09-12-l9,A,1.0.0,docs-02000,scan,q055,domain,5,0,128.710
2026-09-12-l9,B,2.0.0-alpha.7,docs-02000,scan,q055,domain,5,0,175.104
2026-09-12-l9,A,1.0.0,docs-02000,scan,q055,domain,6,0,125.806
2026-09-12-l9,B,2.0.0-alpha.7,docs-02000,scan,q055,domain,6,0,175.037
2026-09-12-l9,A,1.0.0,docs-02000,scan,q055,domain,7,0,125.255
2026-09-12-l9,B,2.0.0-alpha.7,docs-02000,scan,q055,domain,7,0,174.219
2026-09-12-l9,A,1.0.0,docs-02000,scan,q055,domain,8,0,128.703
2026-09-12-l9,B,2.0.0-alpha.7,docs-02000,scan,q055,domain,8,0,177.593
2026-09-12-l9,A,1.0.0,docs-02000,scan,q055,domain,9,0,126.984
2026-09-12-l9,B,2.0.0-alpha.7,docs-02000,scan,q055,domain,9,0,174.086
2026-09-12-l9,A,1.0.0,docs-02000,scan,q055,domain,10,0,125.626
2026-09-12-l9,B,2.0.0-alpha.7,docs-02000,scan,q055,domain,10,0,172.996
2026-09-12-l9,A,1.0.0,docs-02000,scan,q055,domain,11,0,126.584
2026-09-12-l9,B,2.0.0-alpha.7,docs-02000,scan,q055,domain,11,0,175.089
2026-09-12-l9,A,1.0.0,docs-02000,scan,q055,domain,12,0,126.943
2026-09-12-l9,B,2.0.0-alpha.7,docs-02000,scan,q055,domain,12,0,173.479
2026-09-12-l9,A,1.0.0,docs-02000,scan,q056,domain,0,1,131.472
2026-09-12-l9,B,2.0.0-alpha.7,docs-02000,scan,q056,domain,0,1,171.382
2026-09-12-l9,A,1.0.0,docs-02000,scan,q056,domain,1,1,129.503
2026-09-12-l9,B,2.0.0-alpha.7,docs-02000,scan,q056,domain,1,1,171.037
2026-09-12-l9,A,1.0.0,docs-02000,scan,q056,domain,2,1,132.530
2026-09-12-l9,B,2.0.0-alpha.7,docs-02000,scan,q056,domain,2,1,171.789
2026-09-12-l9,A,1.0.0,docs-02000,scan,q056,domain,3,0,130.682
2026-09-12-l9,B,2.0.0-alpha.7,docs-02000,scan,q056,domain,3,0,170.895
2026-09-12-l9,A,1.0.0,docs-02000,scan,q056,domain,4,0,129.971
2026-09-12-l9,B,2.0.0-alpha.7,docs-02000,scan,q056,domain,4,0,172.387
2026-09-12-l9,A,1.0.0,docs-02000,scan,q056,domain,5,0,130.284
2026-09-12-l9,B,2.0.0-alpha.7,docs-02000,scan,q056,domain,5,0,172.509
2026-09-12-l9,A,1.0.0,docs-02000,scan,q056,domain,6,0,129.799
2026-09-12-l9,B,2.0.0-alpha.7,docs-02000,scan,q056,domain,6,0,170.759
2026-09-12-l9,A,1.0.0,docs-02000,scan,q056,domain,7,0,129.444
2026-09-12-l9,B,2.0.0-alpha.7,docs-02000,scan,q056,domain,7,0,170.575
2026-09-12-l9,A,1.0.0,docs-02000,scan,q056,domain,8,0,130.258
2026-09-12-l9,B,2.0.0-alpha.7,docs-02000,scan,q056,domain,8,0,172.913
2026-09-12-l9,A,1.0.0,docs-02000,scan,q056,domain,9,0,130.050
2026-09-12-l9,B,2.0.0-alpha.7,docs-02000,scan,q056,domain,9,0,172.049
2026-09-12-l9,A,1.0.0,docs-02000,scan,q056,domain,10,0,130.170
2026-09-12-l9,B,2.0.0-alpha.7,docs-02000,scan,q056,domain,10,0,168.800
2026-09-12-l9,A,1.0.0,docs-02000,scan,q056,domain,11,0,129.957
2026-09-12-l9,B,2.0.0-alpha.7,docs-02000,scan,q056,domain,11,0,170.404
2026-09-12-l9,A,1.0.0,docs-02000,scan,q056,domain,12,0,132.868
2026-09-12-l9,B,2.0.0-alpha.7,docs-02000,scan,q056,domain,12,0,174.856
2026-09-12-l9,A,1.0.0,docs-02000,scan,q057,domain,0,1,130.452
2026-09-12-l9,B,2.0.0-alpha.7,docs-02000,scan,q057,domain,0,1,182.878
2026-09-12-l9,A,1.0.0,docs-02000,scan,q057,domain,1,1,130.599
2026-09-12-l9,B,2.0.0-alpha.7,docs-02000,scan,q057,domain,1,1,176.457
2026-09-12-l9,A,1.0.0,docs-02000,scan,q057,domain,2,1,129.966
2026-09-12-l9,B,2.0.0-alpha.7,docs-02000,scan,q057,domain,2,1,175.621
2026-09-12-l9,A,1.0.0,docs-02000,scan,q057,domain,3,0,128.194
2026-09-12-l9,B,2.0.0-alpha.7,docs-02000,scan,q057,domain,3,0,174.517
2026-09-12-l9,A,1.0.0,docs-02000,scan,q057,domain,4,0,127.727
2026-09-12-l9,B,2.0.0-alpha.7,docs-02000,scan,q057,domain,4,0,179.651
2026-09-12-l9,A,1.0.0,docs-02000,scan,q057,domain,5,0,132.661
2026-09-12-l9,B,2.0.0-alpha.7,docs-02000,scan,q057,domain,5,0,193.679
2026-09-12-l9,A,1.0.0,docs-02000,scan,q057,domain,6,0,149.058
2026-09-12-l9,B,2.0.0-alpha.7,docs-02000,scan,q057,domain,6,0,199.740
2026-09-12-l9,A,1.0.0,docs-02000,scan,q057,domain,7,0,141.936
2026-09-12-l9,B,2.0.0-alpha.7,docs-02000,scan,q057,domain,7,0,207.956
2026-09-12-l9,A,1.0.0,docs-02000,scan,q057,domain,8,0,142.796
2026-09-12-l9,B,2.0.0-alpha.7,docs-02000,scan,q057,domain,8,0,196.866
2026-09-12-l9,A,1.0.0,docs-02000,scan,q057,domain,9,0,142.958
2026-09-12-l9,B,2.0.0-alpha.7,docs-02000,scan,q057,domain,9,0,196.641
2026-09-12-l9,A,1.0.0,docs-02000,scan,q057,domain,10,0,140.131
2026-09-12-l9,B,2.0.0-alpha.7,docs-02000,scan,q057,domain,10,0,181.739
2026-09-12-l9,A,1.0.0,docs-02000,scan,q057,domain,11,0,131.202
2026-09-12-l9,B,2.0.0-alpha.7,docs-02000,scan,q057,domain,11,0,180.595
2026-09-12-l9,A,1.0.0,docs-02000,scan,q057,domain,12,0,130.731
2026-09-12-l9,B,2.0.0-alpha.7,docs-02000,scan,q057,domain,12,0,179.942
2026-09-12-l9,A,1.0.0,docs-02000,scan,q058,domain,0,1,132.912
2026-09-12-l9,B,2.0.0-alpha.7,docs-02000,scan,q058,domain,0,1,174.654
2026-09-12-l9,A,1.0.0,docs-02000,scan,q058,domain,1,1,124.231
2026-09-12-l9,B,2.0.0-alpha.7,docs-02000,scan,q058,domain,1,1,171.854
2026-09-12-l9,A,1.0.0,docs-02000,scan,q058,domain,2,1,125.902
2026-09-12-l9,B,2.0.0-alpha.7,docs-02000,scan,q058,domain,2,1,167.009
2026-09-12-l9,A,1.0.0,docs-02000,scan,q058,domain,3,0,131.759
2026-09-12-l9,B,2.0.0-alpha.7,docs-02000,scan,q058,domain,3,0,177.949
2026-09-12-l9,A,1.0.0,docs-02000,scan,q058,domain,4,0,134.537
2026-09-12-l9,B,2.0.0-alpha.7,docs-02000,scan,q058,domain,4,0,179.566
2026-09-12-l9,A,1.0.0,docs-02000,scan,q058,domain,5,0,132.751
2026-09-12-l9,B,2.0.0-alpha.7,docs-02000,scan,q058,domain,5,0,170.966
2026-09-12-l9,A,1.0.0,docs-02000,scan,q058,domain,6,0,126.716
2026-09-12-l9,B,2.0.0-alpha.7,docs-02000,scan,q058,domain,6,0,171.991
2026-09-12-l9,A,1.0.0,docs-02000,scan,q058,domain,7,0,124.535
2026-09-12-l9,B,2.0.0-alpha.7,docs-02000,scan,q058,domain,7,0,175.028
2026-09-12-l9,A,1.0.0,docs-02000,scan,q058,domain,8,0,124.989
2026-09-12-l9,B,2.0.0-alpha.7,docs-02000,scan,q058,domain,8,0,172.895
2026-09-12-l9,A,1.0.0,docs-02000,scan,q058,domain,9,0,128.942
2026-09-12-l9,B,2.0.0-alpha.7,docs-02000,scan,q058,domain,9,0,170.066
2026-09-12-l9,A,1.0.0,docs-02000,scan,q058,domain,10,0,128.899
2026-09-12-l9,B,2.0.0-alpha.7,docs-02000,scan,q058,domain,10,0,172.219
2026-09-12-l9,A,1.0.0,docs-02000,scan,q058,domain,11,0,127.991
2026-09-12-l9,B,2.0.0-alpha.7,docs-02000,scan,q058,domain,11,0,172.614
2026-09-12-l9,A,1.0.0,docs-02000,scan,q058,domain,12,0,129.672
2026-09-12-l9,B,2.0.0-alpha.7,docs-02000,scan,q058,domain,12,0,172.283
2026-09-12-l9,A,1.0.0,docs-02000,scan,q059,domain,0,1,124.422
2026-09-12-l9,B,2.0.0-alpha.7,docs-02000,scan,q059,domain,0,1,170.818
2026-09-12-l9,A,1.0.0,docs-02000,scan,q059,domain,1,1,124.904
2026-09-12-l9,B,2.0.0-alpha.7,docs-02000,scan,q059,domain,1,1,170.510
2026-09-12-l9,A,1.0.0,docs-02000,scan,q059,domain,2,1,127.249
2026-09-12-l9,B,2.0.0-alpha.7,docs-02000,scan,q059,domain,2,1,170.759
2026-09-12-l9,A,1.0.0,docs-02000,scan,q059,domain,3,0,124.753
2026-09-12-l9,B,2.0.0-alpha.7,docs-02000,scan,q059,domain,3,0,171.000
2026-09-12-l9,A,1.0.0,docs-02000,scan,q059,domain,4,0,122.676
2026-09-12-l9,B,2.0.0-alpha.7,docs-02000,scan,q059,domain,4,0,171.951
2026-09-12-l9,A,1.0.0,docs-02000,scan,q059,domain,5,0,124.387
2026-09-12-l9,B,2.0.0-alpha.7,docs-02000,scan,q059,domain,5,0,174.020
2026-09-12-l9,A,1.0.0,docs-02000,scan,q059,domain,6,0,124.335
2026-09-12-l9,B,2.0.0-alpha.7,docs-02000,scan,q059,domain,6,0,169.674
2026-09-12-l9,A,1.0.0,docs-02000,scan,q059,domain,7,0,124.851
2026-09-12-l9,B,2.0.0-alpha.7,docs-02000,scan,q059,domain,7,0,174.376
2026-09-12-l9,A,1.0.0,docs-02000,scan,q059,domain,8,0,124.207
2026-09-12-l9,B,2.0.0-alpha.7,docs-02000,scan,q059,domain,8,0,172.167
2026-09-12-l9,A,1.0.0,docs-02000,scan,q059,domain,9,0,125.111
2026-09-12-l9,B,2.0.0-alpha.7,docs-02000,scan,q059,domain,9,0,171.011
2026-09-12-l9,A,1.0.0,docs-02000,scan,q059,domain,10,0,123.460
2026-09-12-l9,B,2.0.0-alpha.7,docs-02000,scan,q059,domain,10,0,169.547
2026-09-12-l9,A,1.0.0,docs-02000,scan,q059,domain,11,0,123.539
2026-09-12-l9,B,2.0.0-alpha.7,docs-02000,scan,q059,domain,11,0,170.387
2026-09-12-l9,A,1.0.0,docs-02000,scan,q059,domain,12,0,126.390
2026-09-12-l9,B,2.0.0-alpha.7,docs-02000,scan,q059,domain,12,0,171.971
2026-09-12-l9,A,1.0.0,docs-02000,scan,q060,domain,0,1,124.976
2026-09-12-l9,B,2.0.0-alpha.7,docs-02000,scan,q060,domain,0,1,172.666
2026-09-12-l9,A,1.0.0,docs-02000,scan,q060,domain,1,1,125.336
2026-09-12-l9,B,2.0.0-alpha.7,docs-02000,scan,q060,domain,1,1,172.577
2026-09-12-l9,A,1.0.0,docs-02000,scan,q060,domain,2,1,129.700
2026-09-12-l9,B,2.0.0-alpha.7,docs-02000,scan,q060,domain,2,1,180.853
2026-09-12-l9,A,1.0.0,docs-02000,scan,q060,domain,3,0,130.142
2026-09-12-l9,B,2.0.0-alpha.7,docs-02000,scan,q060,domain,3,0,173.258
2026-09-12-l9,A,1.0.0,docs-02000,scan,q060,domain,4,0,128.669
2026-09-12-l9,B,2.0.0-alpha.7,docs-02000,scan,q060,domain,4,0,173.540
2026-09-12-l9,A,1.0.0,docs-02000,scan,q060,domain,5,0,127.185
2026-09-12-l9,B,2.0.0-alpha.7,docs-02000,scan,q060,domain,5,0,176.702
2026-09-12-l9,A,1.0.0,docs-02000,scan,q060,domain,6,0,127.609
2026-09-12-l9,B,2.0.0-alpha.7,docs-02000,scan,q060,domain,6,0,175.940
2026-09-12-l9,A,1.0.0,docs-02000,scan,q060,domain,7,0,129.300
2026-09-12-l9,B,2.0.0-alpha.7,docs-02000,scan,q060,domain,7,0,173.089
2026-09-12-l9,A,1.0.0,docs-02000,scan,q060,domain,8,0,128.876
2026-09-12-l9,B,2.0.0-alpha.7,docs-02000,scan,q060,domain,8,0,210.166
2026-09-12-l9,A,1.0.0,docs-02000,scan,q060,domain,9,0,168.937
2026-09-12-l9,B,2.0.0-alpha.7,docs-02000,scan,q060,domain,9,0,238.046
2026-09-12-l9,A,1.0.0,docs-02000,scan,q060,domain,10,0,158.488
2026-09-12-l9,B,2.0.0-alpha.7,docs-02000,scan,q060,domain,10,0,217.126
2026-09-12-l9,A,1.0.0,docs-02000,scan,q060,domain,11,0,158.009
2026-09-12-l9,B,2.0.0-alpha.7,docs-02000,scan,q060,domain,11,0,208.803
2026-09-12-l9,A,1.0.0,docs-02000,scan,q060,domain,12,0,146.516
2026-09-12-l9,B,2.0.0-alpha.7,docs-02000,scan,q060,domain,12,0,229.838
2026-09-12-l9,A,1.0.0,docs-05000,scan,q001,rare,0,1,1528.192
2026-09-12-l9,B,2.0.0-alpha.7,docs-05000,scan,q001,rare,0,1,1279.701
2026-09-12-l9,A,1.0.0,docs-05000,scan,q001,rare,1,1,1163.722
2026-09-12-l9,B,2.0.0-alpha.7,docs-05000,scan,q001,rare,1,1,1216.784
2026-09-12-l9,A,1.0.0,docs-05000,scan,q001,rare,2,1,1242.310
2026-09-12-l9,B,2.0.0-alpha.7,docs-05000,scan,q001,rare,2,1,1311.028
2026-09-12-l9,A,1.0.0,docs-05000,scan,q001,rare,3,0,1282.515
2026-09-12-l9,B,2.0.0-alpha.7,docs-05000,scan,q001,rare,3,0,1283.108
2026-09-12-l9,A,1.0.0,docs-05000,scan,q001,rare,4,0,1212.758
2026-09-12-l9,B,2.0.0-alpha.7,docs-05000,scan,q001,rare,4,0,1224.680
2026-09-12-l9,A,1.0.0,docs-05000,scan,q001,rare,5,0,1276.292
2026-09-12-l9,B,2.0.0-alpha.7,docs-05000,scan,q001,rare,5,0,1360.079
2026-09-12-l9,A,1.0.0,docs-05000,scan,q001,rare,6,0,1247.718
2026-09-12-l9,B,2.0.0-alpha.7,docs-05000,scan,q001,rare,6,0,1226.687
2026-09-12-l9,A,1.0.0,docs-05000,scan,q001,rare,7,0,1219.925
2026-09-12-l9,B,2.0.0-alpha.7,docs-05000,scan,q001,rare,7,0,1248.407
2026-09-12-l9,A,1.0.0,docs-05000,scan,q001,rare,8,0,1236.378
2026-09-12-l9,B,2.0.0-alpha.7,docs-05000,scan,q001,rare,8,0,1240.217
2026-09-12-l9,A,1.0.0,docs-05000,scan,q001,rare,9,0,1227.939
2026-09-12-l9,B,2.0.0-alpha.7,docs-05000,scan,q001,rare,9,0,1226.547
2026-09-12-l9,A,1.0.0,docs-05000,scan,q001,rare,10,0,1230.407
2026-09-12-l9,B,2.0.0-alpha.7,docs-05000,scan,q001,rare,10,0,1235.851
2026-09-12-l9,A,1.0.0,docs-05000,scan,q001,rare,11,0,1225.743
2026-09-12-l9,B,2.0.0-alpha.7,docs-05000,scan,q001,rare,11,0,1232.294
2026-09-12-l9,A,1.0.0,docs-05000,scan,q001,rare,12,0,1231.235
2026-09-12-l9,B,2.0.0-alpha.7,docs-05000,scan,q001,rare,12,0,1234.119
2026-09-12-l9,A,1.0.0,docs-05000,scan,q002,rare,0,1,1226.383
2026-09-12-l9,B,2.0.0-alpha.7,docs-05000,scan,q002,rare,0,1,1238.795
2026-09-12-l9,A,1.0.0,docs-05000,scan,q002,rare,1,1,1228.171
2026-09-12-l9,B,2.0.0-alpha.7,docs-05000,scan,q002,rare,1,1,1227.928
2026-09-12-l9,A,1.0.0,docs-05000,scan,q002,rare,2,1,1219.995
2026-09-12-l9,B,2.0.0-alpha.7,docs-05000,scan,q002,rare,2,1,1236.611
2026-09-12-l9,A,1.0.0,docs-05000,scan,q002,rare,3,0,1210.369
2026-09-12-l9,B,2.0.0-alpha.7,docs-05000,scan,q002,rare,3,0,1222.657
2026-09-12-l9,A,1.0.0,docs-05000,scan,q002,rare,4,0,1216.750
2026-09-12-l9,B,2.0.0-alpha.7,docs-05000,scan,q002,rare,4,0,1225.167
2026-09-12-l9,A,1.0.0,docs-05000,scan,q002,rare,5,0,1235.658
2026-09-12-l9,B,2.0.0-alpha.7,docs-05000,scan,q002,rare,5,0,1249.607
2026-09-12-l9,A,1.0.0,docs-05000,scan,q002,rare,6,0,1223.530
2026-09-12-l9,B,2.0.0-alpha.7,docs-05000,scan,q002,rare,6,0,1221.943
2026-09-12-l9,A,1.0.0,docs-05000,scan,q002,rare,7,0,1214.074
2026-09-12-l9,B,2.0.0-alpha.7,docs-05000,scan,q002,rare,7,0,1230.279
2026-09-12-l9,A,1.0.0,docs-05000,scan,q002,rare,8,0,1203.446
2026-09-12-l9,B,2.0.0-alpha.7,docs-05000,scan,q002,rare,8,0,1213.326
2026-09-12-l9,A,1.0.0,docs-05000,scan,q002,rare,9,0,1202.655
2026-09-12-l9,B,2.0.0-alpha.7,docs-05000,scan,q002,rare,9,0,1212.998
2026-09-12-l9,A,1.0.0,docs-05000,scan,q002,rare,10,0,1222.605
2026-09-12-l9,B,2.0.0-alpha.7,docs-05000,scan,q002,rare,10,0,1214.288
2026-09-12-l9,A,1.0.0,docs-05000,scan,q002,rare,11,0,1210.176
2026-09-12-l9,B,2.0.0-alpha.7,docs-05000,scan,q002,rare,11,0,1214.676
2026-09-12-l9,A,1.0.0,docs-05000,scan,q002,rare,12,0,1209.897
2026-09-12-l9,B,2.0.0-alpha.7,docs-05000,scan,q002,rare,12,0,1222.960
2026-09-12-l9,A,1.0.0,docs-05000,scan,q003,rare,0,1,1192.728
2026-09-12-l9,B,2.0.0-alpha.7,docs-05000,scan,q003,rare,0,1,1262.290
2026-09-12-l9,A,1.0.0,docs-05000,scan,q003,rare,1,1,1197.903
2026-09-12-l9,B,2.0.0-alpha.7,docs-05000,scan,q003,rare,1,1,1212.448
2026-09-12-l9,A,1.0.0,docs-05000,scan,q003,rare,2,1,1209.741
2026-09-12-l9,B,2.0.0-alpha.7,docs-05000,scan,q003,rare,2,1,1205.081
2026-09-12-l9,A,1.0.0,docs-05000,scan,q003,rare,3,0,1212.622
2026-09-12-l9,B,2.0.0-alpha.7,docs-05000,scan,q003,rare,3,0,1229.587
2026-09-12-l9,A,1.0.0,docs-05000,scan,q003,rare,4,0,1196.170
2026-09-12-l9,B,2.0.0-alpha.7,docs-05000,scan,q003,rare,4,0,1228.802
2026-09-12-l9,A,1.0.0,docs-05000,scan,q003,rare,5,0,1202.828
2026-09-12-l9,B,2.0.0-alpha.7,docs-05000,scan,q003,rare,5,0,1213.810
2026-09-12-l9,A,1.0.0,docs-05000,scan,q003,rare,6,0,1196.387
2026-09-12-l9,B,2.0.0-alpha.7,docs-05000,scan,q003,rare,6,0,1215.557
2026-09-12-l9,A,1.0.0,docs-05000,scan,q003,rare,7,0,1194.650
2026-09-12-l9,B,2.0.0-alpha.7,docs-05000,scan,q003,rare,7,0,1213.388
2026-09-12-l9,A,1.0.0,docs-05000,scan,q003,rare,8,0,1187.205
2026-09-12-l9,B,2.0.0-alpha.7,docs-05000,scan,q003,rare,8,0,1216.857
2026-09-12-l9,A,1.0.0,docs-05000,scan,q003,rare,9,0,1186.800
2026-09-12-l9,B,2.0.0-alpha.7,docs-05000,scan,q003,rare,9,0,1217.453
2026-09-12-l9,A,1.0.0,docs-05000,scan,q003,rare,10,0,1188.856
2026-09-12-l9,B,2.0.0-alpha.7,docs-05000,scan,q003,rare,10,0,1206.883
2026-09-12-l9,A,1.0.0,docs-05000,scan,q003,rare,11,0,1186.398
2026-09-12-l9,B,2.0.0-alpha.7,docs-05000,scan,q003,rare,11,0,1209.767
2026-09-12-l9,A,1.0.0,docs-05000,scan,q003,rare,12,0,1189.247
2026-09-12-l9,B,2.0.0-alpha.7,docs-05000,scan,q003,rare,12,0,1208.629
2026-09-12-l9,A,1.0.0,docs-05000,scan,q004,rare,0,1,1192.608
2026-09-12-l9,B,2.0.0-alpha.7,docs-05000,scan,q004,rare,0,1,1199.648
2026-09-12-l9,A,1.0.0,docs-05000,scan,q004,rare,1,1,1190.076
2026-09-12-l9,B,2.0.0-alpha.7,docs-05000,scan,q004,rare,1,1,1208.928
2026-09-12-l9,A,1.0.0,docs-05000,scan,q004,rare,2,1,1200.591
2026-09-12-l9,B,2.0.0-alpha.7,docs-05000,scan,q004,rare,2,1,1213.106
2026-09-12-l9,A,1.0.0,docs-05000,scan,q004,rare,3,0,1200.148
2026-09-12-l9,B,2.0.0-alpha.7,docs-05000,scan,q004,rare,3,0,1198.811
2026-09-12-l9,A,1.0.0,docs-05000,scan,q004,rare,4,0,1210.981
2026-09-12-l9,B,2.0.0-alpha.7,docs-05000,scan,q004,rare,4,0,1207.376
2026-09-12-l9,A,1.0.0,docs-05000,scan,q004,rare,5,0,1198.894
2026-09-12-l9,B,2.0.0-alpha.7,docs-05000,scan,q004,rare,5,0,1216.044
2026-09-12-l9,A,1.0.0,docs-05000,scan,q004,rare,6,0,1202.706
2026-09-12-l9,B,2.0.0-alpha.7,docs-05000,scan,q004,rare,6,0,1228.516
2026-09-12-l9,A,1.0.0,docs-05000,scan,q004,rare,7,0,1167.937
2026-09-12-l9,B,2.0.0-alpha.7,docs-05000,scan,q004,rare,7,0,1218.198
2026-09-12-l9,A,1.0.0,docs-05000,scan,q004,rare,8,0,1186.318
2026-09-12-l9,B,2.0.0-alpha.7,docs-05000,scan,q004,rare,8,0,1206.228
2026-09-12-l9,A,1.0.0,docs-05000,scan,q004,rare,9,0,1220.079
2026-09-12-l9,B,2.0.0-alpha.7,docs-05000,scan,q004,rare,9,0,1260.346
2026-09-12-l9,A,1.0.0,docs-05000,scan,q004,rare,10,0,1182.758
2026-09-12-l9,B,2.0.0-alpha.7,docs-05000,scan,q004,rare,10,0,1202.987
2026-09-12-l9,A,1.0.0,docs-05000,scan,q004,rare,11,0,1187.008
2026-09-12-l9,B,2.0.0-alpha.7,docs-05000,scan,q004,rare,11,0,1204.968
2026-09-12-l9,A,1.0.0,docs-05000,scan,q004,rare,12,0,1192.740
2026-09-12-l9,B,2.0.0-alpha.7,docs-05000,scan,q004,rare,12,0,1210.500
2026-09-12-l9,A,1.0.0,docs-05000,scan,q005,rare,0,1,1173.213
2026-09-12-l9,B,2.0.0-alpha.7,docs-05000,scan,q005,rare,0,1,1205.281
2026-09-12-l9,A,1.0.0,docs-05000,scan,q005,rare,1,1,1182.370
2026-09-12-l9,B,2.0.0-alpha.7,docs-05000,scan,q005,rare,1,1,1199.591
2026-09-12-l9,A,1.0.0,docs-05000,scan,q005,rare,2,1,1188.289
2026-09-12-l9,B,2.0.0-alpha.7,docs-05000,scan,q005,rare,2,1,1200.716
2026-09-12-l9,A,1.0.0,docs-05000,scan,q005,rare,3,0,1181.956
2026-09-12-l9,B,2.0.0-alpha.7,docs-05000,scan,q005,rare,3,0,1219.832
2026-09-12-l9,A,1.0.0,docs-05000,scan,q005,rare,4,0,1185.651
2026-09-12-l9,B,2.0.0-alpha.7,docs-05000,scan,q005,rare,4,0,1201.612
2026-09-12-l9,A,1.0.0,docs-05000,scan,q005,rare,5,0,1187.316
2026-09-12-l9,B,2.0.0-alpha.7,docs-05000,scan,q005,rare,5,0,1209.288
2026-09-12-l9,A,1.0.0,docs-05000,scan,q005,rare,6,0,1180.004
2026-09-12-l9,B,2.0.0-alpha.7,docs-05000,scan,q005,rare,6,0,1199.761
2026-09-12-l9,A,1.0.0,docs-05000,scan,q005,rare,7,0,1168.350
2026-09-12-l9,B,2.0.0-alpha.7,docs-05000,scan,q005,rare,7,0,1209.291
2026-09-12-l9,A,1.0.0,docs-05000,scan,q005,rare,8,0,1170.534
2026-09-12-l9,B,2.0.0-alpha.7,docs-05000,scan,q005,rare,8,0,1198.228
2026-09-12-l9,A,1.0.0,docs-05000,scan,q005,rare,9,0,1171.247
2026-09-12-l9,B,2.0.0-alpha.7,docs-05000,scan,q005,rare,9,0,1198.429
2026-09-12-l9,A,1.0.0,docs-05000,scan,q005,rare,10,0,1178.477
2026-09-12-l9,B,2.0.0-alpha.7,docs-05000,scan,q005,rare,10,0,1192.804
2026-09-12-l9,A,1.0.0,docs-05000,scan,q005,rare,11,0,1188.672
2026-09-12-l9,B,2.0.0-alpha.7,docs-05000,scan,q005,rare,11,0,1196.287
2026-09-12-l9,A,1.0.0,docs-05000,scan,q005,rare,12,0,1165.701
2026-09-12-l9,B,2.0.0-alpha.7,docs-05000,scan,q005,rare,12,0,1190.548
2026-09-12-l9,A,1.0.0,docs-05000,scan,q006,rare,0,1,1174.052
2026-09-12-l9,B,2.0.0-alpha.7,docs-05000,scan,q006,rare,0,1,1197.782
2026-09-12-l9,A,1.0.0,docs-05000,scan,q006,rare,1,1,1177.654
2026-09-12-l9,B,2.0.0-alpha.7,docs-05000,scan,q006,rare,1,1,1204.385
2026-09-12-l9,A,1.0.0,docs-05000,scan,q006,rare,2,1,1165.019
2026-09-12-l9,B,2.0.0-alpha.7,docs-05000,scan,q006,rare,2,1,1187.299
2026-09-12-l9,A,1.0.0,docs-05000,scan,q006,rare,3,0,1164.523
2026-09-12-l9,B,2.0.0-alpha.7,docs-05000,scan,q006,rare,3,0,1178.685
2026-09-12-l9,A,1.0.0,docs-05000,scan,q006,rare,4,0,1169.600
2026-09-12-l9,B,2.0.0-alpha.7,docs-05000,scan,q006,rare,4,0,1207.152
2026-09-12-l9,A,1.0.0,docs-05000,scan,q006,rare,5,0,1183.776
2026-09-12-l9,B,2.0.0-alpha.7,docs-05000,scan,q006,rare,5,0,1195.993
2026-09-12-l9,A,1.0.0,docs-05000,scan,q006,rare,6,0,1152.570
2026-09-12-l9,B,2.0.0-alpha.7,docs-05000,scan,q006,rare,6,0,1170.655
2026-09-12-l9,A,1.0.0,docs-05000,scan,q006,rare,7,0,1176.134
2026-09-12-l9,B,2.0.0-alpha.7,docs-05000,scan,q006,rare,7,0,1196.815
2026-09-12-l9,A,1.0.0,docs-05000,scan,q006,rare,8,0,1162.624
2026-09-12-l9,B,2.0.0-alpha.7,docs-05000,scan,q006,rare,8,0,1190.938
2026-09-12-l9,A,1.0.0,docs-05000,scan,q006,rare,9,0,1169.304
2026-09-12-l9,B,2.0.0-alpha.7,docs-05000,scan,q006,rare,9,0,1187.705
2026-09-12-l9,A,1.0.0,docs-05000,scan,q006,rare,10,0,1170.641
2026-09-12-l9,B,2.0.0-alpha.7,docs-05000,scan,q006,rare,10,0,1200.262
2026-09-12-l9,A,1.0.0,docs-05000,scan,q006,rare,11,0,1159.038
2026-09-12-l9,B,2.0.0-alpha.7,docs-05000,scan,q006,rare,11,0,1198.860
2026-09-12-l9,A,1.0.0,docs-05000,scan,q006,rare,12,0,1156.841
2026-09-12-l9,B,2.0.0-alpha.7,docs-05000,scan,q006,rare,12,0,1195.585
2026-09-12-l9,A,1.0.0,docs-05000,scan,q007,rare,0,1,1170.170
2026-09-12-l9,B,2.0.0-alpha.7,docs-05000,scan,q007,rare,0,1,1192.076
2026-09-12-l9,A,1.0.0,docs-05000,scan,q007,rare,1,1,1160.354
2026-09-12-l9,B,2.0.0-alpha.7,docs-05000,scan,q007,rare,1,1,1199.530
2026-09-12-l9,A,1.0.0,docs-05000,scan,q007,rare,2,1,1163.785
2026-09-12-l9,B,2.0.0-alpha.7,docs-05000,scan,q007,rare,2,1,1196.095
2026-09-12-l9,A,1.0.0,docs-05000,scan,q007,rare,3,0,1154.800
2026-09-12-l9,B,2.0.0-alpha.7,docs-05000,scan,q007,rare,3,0,1202.953
2026-09-12-l9,A,1.0.0,docs-05000,scan,q007,rare,4,0,1170.883
2026-09-12-l9,B,2.0.0-alpha.7,docs-05000,scan,q007,rare,4,0,1209.603
2026-09-12-l9,A,1.0.0,docs-05000,scan,q007,rare,5,0,1174.016
2026-09-12-l9,B,2.0.0-alpha.7,docs-05000,scan,q007,rare,5,0,1207.865
2026-09-12-l9,A,1.0.0,docs-05000,scan,q007,rare,6,0,1172.871
2026-09-12-l9,B,2.0.0-alpha.7,docs-05000,scan,q007,rare,6,0,1175.798
2026-09-12-l9,A,1.0.0,docs-05000,scan,q007,rare,7,0,1168.166
2026-09-12-l9,B,2.0.0-alpha.7,docs-05000,scan,q007,rare,7,0,1178.271
2026-09-12-l9,A,1.0.0,docs-05000,scan,q007,rare,8,0,1156.784
2026-09-12-l9,B,2.0.0-alpha.7,docs-05000,scan,q007,rare,8,0,1193.172
2026-09-12-l9,A,1.0.0,docs-05000,scan,q007,rare,9,0,1170.392
2026-09-12-l9,B,2.0.0-alpha.7,docs-05000,scan,q007,rare,9,0,1199.433
2026-09-12-l9,A,1.0.0,docs-05000,scan,q007,rare,10,0,1172.800
2026-09-12-l9,B,2.0.0-alpha.7,docs-05000,scan,q007,rare,10,0,1192.883
2026-09-12-l9,A,1.0.0,docs-05000,scan,q007,rare,11,0,1166.042
2026-09-12-l9,B,2.0.0-alpha.7,docs-05000,scan,q007,rare,11,0,1157.722
2026-09-12-l9,A,1.0.0,docs-05000,scan,q007,rare,12,0,1205.952
2026-09-12-l9,B,2.0.0-alpha.7,docs-05000,scan,q007,rare,12,0,1209.680
2026-09-12-l9,A,1.0.0,docs-05000,scan,q008,rare,0,1,1170.382
2026-09-12-l9,B,2.0.0-alpha.7,docs-05000,scan,q008,rare,0,1,1191.332
2026-09-12-l9,A,1.0.0,docs-05000,scan,q008,rare,1,1,1163.837
2026-09-12-l9,B,2.0.0-alpha.7,docs-05000,scan,q008,rare,1,1,1186.130
2026-09-12-l9,A,1.0.0,docs-05000,scan,q008,rare,2,1,1174.502
2026-09-12-l9,B,2.0.0-alpha.7,docs-05000,scan,q008,rare,2,1,1202.884
2026-09-12-l9,A,1.0.0,docs-05000,scan,q008,rare,3,0,1160.657
2026-09-12-l9,B,2.0.0-alpha.7,docs-05000,scan,q008,rare,3,0,1186.966
2026-09-12-l9,A,1.0.0,docs-05000,scan,q008,rare,4,0,1158.561
2026-09-12-l9,B,2.0.0-alpha.7,docs-05000,scan,q008,rare,4,0,1203.045
2026-09-12-l9,A,1.0.0,docs-05000,scan,q008,rare,5,0,1166.806
2026-09-12-l9,B,2.0.0-alpha.7,docs-05000,scan,q008,rare,5,0,1168.801
2026-09-12-l9,A,1.0.0,docs-05000,scan,q008,rare,6,0,1176.133
2026-09-12-l9,B,2.0.0-alpha.7,docs-05000,scan,q008,rare,6,0,1190.194
2026-09-12-l9,A,1.0.0,docs-05000,scan,q008,rare,7,0,1159.783
2026-09-12-l9,B,2.0.0-alpha.7,docs-05000,scan,q008,rare,7,0,1201.967
2026-09-12-l9,A,1.0.0,docs-05000,scan,q008,rare,8,0,1171.073
2026-09-12-l9,B,2.0.0-alpha.7,docs-05000,scan,q008,rare,8,0,1194.716
2026-09-12-l9,A,1.0.0,docs-05000,scan,q008,rare,9,0,1159.438
2026-09-12-l9,B,2.0.0-alpha.7,docs-05000,scan,q008,rare,9,0,1182.467
2026-09-12-l9,A,1.0.0,docs-05000,scan,q008,rare,10,0,1153.126
2026-09-12-l9,B,2.0.0-alpha.7,docs-05000,scan,q008,rare,10,0,1190.330
2026-09-12-l9,A,1.0.0,docs-05000,scan,q008,rare,11,0,1160.691
2026-09-12-l9,B,2.0.0-alpha.7,docs-05000,scan,q008,rare,11,0,1184.808
2026-09-12-l9,A,1.0.0,docs-05000,scan,q008,rare,12,0,1164.851
2026-09-12-l9,B,2.0.0-alpha.7,docs-05000,scan,q008,rare,12,0,1204.463
2026-09-12-l9,A,1.0.0,docs-05000,scan,q009,rare,0,1,1414.587
2026-09-12-l9,B,2.0.0-alpha.7,docs-05000,scan,q009,rare,0,1,1273.372
2026-09-12-l9,A,1.0.0,docs-05000,scan,q009,rare,1,1,1209.985
2026-09-12-l9,B,2.0.0-alpha.7,docs-05000,scan,q009,rare,1,1,1165.206
2026-09-12-l9,A,1.0.0,docs-05000,scan,q009,rare,2,1,1158.307
2026-09-12-l9,B,2.0.0-alpha.7,docs-05000,scan,q009,rare,2,1,1190.865
2026-09-12-l9,A,1.0.0,docs-05000,scan,q009,rare,3,0,1158.487
2026-09-12-l9,B,2.0.0-alpha.7,docs-05000,scan,q009,rare,3,0,1201.554
2026-09-12-l9,A,1.0.0,docs-05000,scan,q009,rare,4,0,1186.928
2026-09-12-l9,B,2.0.0-alpha.7,docs-05000,scan,q009,rare,4,0,1196.084
2026-09-12-l9,A,1.0.0,docs-05000,scan,q009,rare,5,0,1166.428
2026-09-12-l9,B,2.0.0-alpha.7,docs-05000,scan,q009,rare,5,0,1172.862
2026-09-12-l9,A,1.0.0,docs-05000,scan,q009,rare,6,0,1164.443
2026-09-12-l9,B,2.0.0-alpha.7,docs-05000,scan,q009,rare,6,0,1186.210
2026-09-12-l9,A,1.0.0,docs-05000,scan,q009,rare,7,0,1472.181
2026-09-12-l9,B,2.0.0-alpha.7,docs-05000,scan,q009,rare,7,0,1482.653
2026-09-12-l9,A,1.0.0,docs-05000,scan,q009,rare,8,0,1414.996
2026-09-12-l9,B,2.0.0-alpha.7,docs-05000,scan,q009,rare,8,0,1179.913
2026-09-12-l9,A,1.0.0,docs-05000,scan,q009,rare,9,0,1116.470
2026-09-12-l9,B,2.0.0-alpha.7,docs-05000,scan,q009,rare,9,0,1137.709
2026-09-12-l9,A,1.0.0,docs-05000,scan,q009,rare,10,0,1114.379
2026-09-12-l9,B,2.0.0-alpha.7,docs-05000,scan,q009,rare,10,0,1141.959
2026-09-12-l9,A,1.0.0,docs-05000,scan,q009,rare,11,0,1127.936
2026-09-12-l9,B,2.0.0-alpha.7,docs-05000,scan,q009,rare,11,0,1205.396
2026-09-12-l9,A,1.0.0,docs-05000,scan,q009,rare,12,0,1215.562
2026-09-12-l9,B,2.0.0-alpha.7,docs-05000,scan,q009,rare,12,0,1197.941
2026-09-12-l9,A,1.0.0,docs-05000,scan,q010,rare,0,1,1178.122
2026-09-12-l9,B,2.0.0-alpha.7,docs-05000,scan,q010,rare,0,1,1200.041
2026-09-12-l9,A,1.0.0,docs-05000,scan,q010,rare,1,1,1190.917
2026-09-12-l9,B,2.0.0-alpha.7,docs-05000,scan,q010,rare,1,1,1187.534
2026-09-12-l9,A,1.0.0,docs-05000,scan,q010,rare,2,1,1162.580
2026-09-12-l9,B,2.0.0-alpha.7,docs-05000,scan,q010,rare,2,1,1144.801
2026-09-12-l9,A,1.0.0,docs-05000,scan,q010,rare,3,0,1138.535
2026-09-12-l9,B,2.0.0-alpha.7,docs-05000,scan,q010,rare,3,0,1157.055
2026-09-12-l9,A,1.0.0,docs-05000,scan,q010,rare,4,0,1163.427
2026-09-12-l9,B,2.0.0-alpha.7,docs-05000,scan,q010,rare,4,0,1175.101
2026-09-12-l9,A,1.0.0,docs-05000,scan,q010,rare,5,0,1155.471
2026-09-12-l9,B,2.0.0-alpha.7,docs-05000,scan,q010,rare,5,0,1169.502
2026-09-12-l9,A,1.0.0,docs-05000,scan,q010,rare,6,0,1164.427
2026-09-12-l9,B,2.0.0-alpha.7,docs-05000,scan,q010,rare,6,0,1199.445
2026-09-12-l9,A,1.0.0,docs-05000,scan,q010,rare,7,0,1195.470
2026-09-12-l9,B,2.0.0-alpha.7,docs-05000,scan,q010,rare,7,0,1199.934
2026-09-12-l9,A,1.0.0,docs-05000,scan,q010,rare,8,0,1163.331
2026-09-12-l9,B,2.0.0-alpha.7,docs-05000,scan,q010,rare,8,0,1187.743
2026-09-12-l9,A,1.0.0,docs-05000,scan,q010,rare,9,0,1230.673
2026-09-12-l9,B,2.0.0-alpha.7,docs-05000,scan,q010,rare,9,0,1196.920
2026-09-12-l9,A,1.0.0,docs-05000,scan,q010,rare,10,0,1143.095
2026-09-12-l9,B,2.0.0-alpha.7,docs-05000,scan,q010,rare,10,0,1147.837
2026-09-12-l9,A,1.0.0,docs-05000,scan,q010,rare,11,0,1149.367
2026-09-12-l9,B,2.0.0-alpha.7,docs-05000,scan,q010,rare,11,0,1164.066
2026-09-12-l9,A,1.0.0,docs-05000,scan,q010,rare,12,0,1156.446
2026-09-12-l9,B,2.0.0-alpha.7,docs-05000,scan,q010,rare,12,0,1156.797
2026-09-12-l9,A,1.0.0,docs-05000,scan,q011,common,0,1,1133.003
2026-09-12-l9,B,2.0.0-alpha.7,docs-05000,scan,q011,common,0,1,1150.454
2026-09-12-l9,A,1.0.0,docs-05000,scan,q011,common,1,1,1128.674
2026-09-12-l9,B,2.0.0-alpha.7,docs-05000,scan,q011,common,1,1,1143.573
2026-09-12-l9,A,1.0.0,docs-05000,scan,q011,common,2,1,1132.421
2026-09-12-l9,B,2.0.0-alpha.7,docs-05000,scan,q011,common,2,1,1132.092
2026-09-12-l9,A,1.0.0,docs-05000,scan,q011,common,3,0,1129.519
2026-09-12-l9,B,2.0.0-alpha.7,docs-05000,scan,q011,common,3,0,1134.545
2026-09-12-l9,A,1.0.0,docs-05000,scan,q011,common,4,0,1121.593
2026-09-12-l9,B,2.0.0-alpha.7,docs-05000,scan,q011,common,4,0,1150.607
2026-09-12-l9,A,1.0.0,docs-05000,scan,q011,common,5,0,1128.656
2026-09-12-l9,B,2.0.0-alpha.7,docs-05000,scan,q011,common,5,0,1146.906
2026-09-12-l9,A,1.0.0,docs-05000,scan,q011,common,6,0,1127.266
2026-09-12-l9,B,2.0.0-alpha.7,docs-05000,scan,q011,common,6,0,1133.604
2026-09-12-l9,A,1.0.0,docs-05000,scan,q011,common,7,0,1128.420
2026-09-12-l9,B,2.0.0-alpha.7,docs-05000,scan,q011,common,7,0,1137.949
2026-09-12-l9,A,1.0.0,docs-05000,scan,q011,common,8,0,1130.012
2026-09-12-l9,B,2.0.0-alpha.7,docs-05000,scan,q011,common,8,0,1145.460
2026-09-12-l9,A,1.0.0,docs-05000,scan,q011,common,9,0,1118.495
2026-09-12-l9,B,2.0.0-alpha.7,docs-05000,scan,q011,common,9,0,1155.924
2026-09-12-l9,A,1.0.0,docs-05000,scan,q011,common,10,0,1138.139
2026-09-12-l9,B,2.0.0-alpha.7,docs-05000,scan,q011,common,10,0,1149.107
2026-09-12-l9,A,1.0.0,docs-05000,scan,q011,common,11,0,1137.230
2026-09-12-l9,B,2.0.0-alpha.7,docs-05000,scan,q011,common,11,0,1142.224
2026-09-12-l9,A,1.0.0,docs-05000,scan,q011,common,12,0,1136.106
2026-09-12-l9,B,2.0.0-alpha.7,docs-05000,scan,q011,common,12,0,1149.252
2026-09-12-l9,A,1.0.0,docs-05000,scan,q012,common,0,1,1141.735
2026-09-12-l9,B,2.0.0-alpha.7,docs-05000,scan,q012,common,0,1,1138.056
2026-09-12-l9,A,1.0.0,docs-05000,scan,q012,common,1,1,1131.581
2026-09-12-l9,B,2.0.0-alpha.7,docs-05000,scan,q012,common,1,1,1158.038
2026-09-12-l9,A,1.0.0,docs-05000,scan,q012,common,2,1,1140.588
2026-09-12-l9,B,2.0.0-alpha.7,docs-05000,scan,q012,common,2,1,1144.871
2026-09-12-l9,A,1.0.0,docs-05000,scan,q012,common,3,0,1122.938
2026-09-12-l9,B,2.0.0-alpha.7,docs-05000,scan,q012,common,3,0,1151.552
2026-09-12-l9,A,1.0.0,docs-05000,scan,q012,common,4,0,1240.014
2026-09-12-l9,B,2.0.0-alpha.7,docs-05000,scan,q012,common,4,0,1628.124
2026-09-12-l9,A,1.0.0,docs-05000,scan,q012,common,5,0,1589.297
2026-09-12-l9,B,2.0.0-alpha.7,docs-05000,scan,q012,common,5,0,1343.815
2026-09-12-l9,A,1.0.0,docs-05000,scan,q012,common,6,0,1085.409
2026-09-12-l9,B,2.0.0-alpha.7,docs-05000,scan,q012,common,6,0,1047.331
2026-09-12-l9,A,1.0.0,docs-05000,scan,q012,common,7,0,1069.262
2026-09-12-l9,B,2.0.0-alpha.7,docs-05000,scan,q012,common,7,0,1110.936
2026-09-12-l9,A,1.0.0,docs-05000,scan,q012,common,8,0,1087.960
2026-09-12-l9,B,2.0.0-alpha.7,docs-05000,scan,q012,common,8,0,1164.137
2026-09-12-l9,A,1.0.0,docs-05000,scan,q012,common,9,0,1164.872
2026-09-12-l9,B,2.0.0-alpha.7,docs-05000,scan,q012,common,9,0,1286.509
2026-09-12-l9,A,1.0.0,docs-05000,scan,q012,common,10,0,1154.033
2026-09-12-l9,B,2.0.0-alpha.7,docs-05000,scan,q012,common,10,0,1169.745
2026-09-12-l9,A,1.0.0,docs-05000,scan,q012,common,11,0,1101.703
2026-09-12-l9,B,2.0.0-alpha.7,docs-05000,scan,q012,common,11,0,1125.800
2026-09-12-l9,A,1.0.0,docs-05000,scan,q012,common,12,0,1110.044
2026-09-12-l9,B,2.0.0-alpha.7,docs-05000,scan,q012,common,12,0,1133.132
2026-09-12-l9,A,1.0.0,docs-05000,scan,q013,common,0,1,1118.324
2026-09-12-l9,B,2.0.0-alpha.7,docs-05000,scan,q013,common,0,1,1153.525
2026-09-12-l9,A,1.0.0,docs-05000,scan,q013,common,1,1,1121.743
2026-09-12-l9,B,2.0.0-alpha.7,docs-05000,scan,q013,common,1,1,1184.156
2026-09-12-l9,A,1.0.0,docs-05000,scan,q013,common,2,1,1165.465
2026-09-12-l9,B,2.0.0-alpha.7,docs-05000,scan,q013,common,2,1,1307.504
2026-09-12-l9,A,1.0.0,docs-05000,scan,q013,common,3,0,1230.743
2026-09-12-l9,B,2.0.0-alpha.7,docs-05000,scan,q013,common,3,0,1274.695
2026-09-12-l9,A,1.0.0,docs-05000,scan,q013,common,4,0,1326.523
2026-09-12-l9,B,2.0.0-alpha.7,docs-05000,scan,q013,common,4,0,1315.681
2026-09-12-l9,A,1.0.0,docs-05000,scan,q013,common,5,0,1301.890
2026-09-12-l9,B,2.0.0-alpha.7,docs-05000,scan,q013,common,5,0,1353.953
2026-09-12-l9,A,1.0.0,docs-05000,scan,q013,common,6,0,1286.448
2026-09-12-l9,B,2.0.0-alpha.7,docs-05000,scan,q013,common,6,0,1223.669
2026-09-12-l9,A,1.0.0,docs-05000,scan,q013,common,7,0,1147.893
2026-09-12-l9,B,2.0.0-alpha.7,docs-05000,scan,q013,common,7,0,1177.854
2026-09-12-l9,A,1.0.0,docs-05000,scan,q013,common,8,0,1127.149
2026-09-12-l9,B,2.0.0-alpha.7,docs-05000,scan,q013,common,8,0,1153.074
2026-09-12-l9,A,1.0.0,docs-05000,scan,q013,common,9,0,1122.974
2026-09-12-l9,B,2.0.0-alpha.7,docs-05000,scan,q013,common,9,0,1185.378
2026-09-12-l9,A,1.0.0,docs-05000,scan,q013,common,10,0,1197.054
2026-09-12-l9,B,2.0.0-alpha.7,docs-05000,scan,q013,common,10,0,1238.779
2026-09-12-l9,A,1.0.0,docs-05000,scan,q013,common,11,0,1221.519
2026-09-12-l9,B,2.0.0-alpha.7,docs-05000,scan,q013,common,11,0,1243.444
2026-09-12-l9,A,1.0.0,docs-05000,scan,q013,common,12,0,1176.220
2026-09-12-l9,B,2.0.0-alpha.7,docs-05000,scan,q013,common,12,0,1228.470
2026-09-12-l9,A,1.0.0,docs-05000,scan,q014,common,0,1,1155.952
2026-09-12-l9,B,2.0.0-alpha.7,docs-05000,scan,q014,common,0,1,1201.289
2026-09-12-l9,A,1.0.0,docs-05000,scan,q014,common,1,1,1138.479
2026-09-12-l9,B,2.0.0-alpha.7,docs-05000,scan,q014,common,1,1,1155.943
2026-09-12-l9,A,1.0.0,docs-05000,scan,q014,common,2,1,1101.146
2026-09-12-l9,B,2.0.0-alpha.7,docs-05000,scan,q014,common,2,1,1157.742
2026-09-12-l9,A,1.0.0,docs-05000,scan,q014,common,3,0,1135.063
2026-09-12-l9,B,2.0.0-alpha.7,docs-05000,scan,q014,common,3,0,1196.770
2026-09-12-l9,A,1.0.0,docs-05000,scan,q014,common,4,0,1116.678
2026-09-12-l9,B,2.0.0-alpha.7,docs-05000,scan,q014,common,4,0,1160.905
2026-09-12-l9,A,1.0.0,docs-05000,scan,q014,common,5,0,1105.281
2026-09-12-l9,B,2.0.0-alpha.7,docs-05000,scan,q014,common,5,0,1146.291
2026-09-12-l9,A,1.0.0,docs-05000,scan,q014,common,6,0,1106.453
2026-09-12-l9,B,2.0.0-alpha.7,docs-05000,scan,q014,common,6,0,1159.610
2026-09-12-l9,A,1.0.0,docs-05000,scan,q014,common,7,0,1085.534
2026-09-12-l9,B,2.0.0-alpha.7,docs-05000,scan,q014,common,7,0,1117.812
2026-09-12-l9,A,1.0.0,docs-05000,scan,q014,common,8,0,1123.349
2026-09-12-l9,B,2.0.0-alpha.7,docs-05000,scan,q014,common,8,0,1165.881
2026-09-12-l9,A,1.0.0,docs-05000,scan,q014,common,9,0,1112.538
2026-09-12-l9,B,2.0.0-alpha.7,docs-05000,scan,q014,common,9,0,1160.659
2026-09-12-l9,A,1.0.0,docs-05000,scan,q014,common,10,0,1099.942
2026-09-12-l9,B,2.0.0-alpha.7,docs-05000,scan,q014,common,10,0,1113.336
2026-09-12-l9,A,1.0.0,docs-05000,scan,q014,common,11,0,1092.471
2026-09-12-l9,B,2.0.0-alpha.7,docs-05000,scan,q014,common,11,0,1095.913
2026-09-12-l9,A,1.0.0,docs-05000,scan,q014,common,12,0,1074.498
2026-09-12-l9,B,2.0.0-alpha.7,docs-05000,scan,q014,common,12,0,1098.442
2026-09-12-l9,A,1.0.0,docs-05000,scan,q015,common,0,1,1091.176
2026-09-12-l9,B,2.0.0-alpha.7,docs-05000,scan,q015,common,0,1,1103.448
2026-09-12-l9,A,1.0.0,docs-05000,scan,q015,common,1,1,1066.883
2026-09-12-l9,B,2.0.0-alpha.7,docs-05000,scan,q015,common,1,1,1069.989
2026-09-12-l9,A,1.0.0,docs-05000,scan,q015,common,2,1,1063.217
2026-09-12-l9,B,2.0.0-alpha.7,docs-05000,scan,q015,common,2,1,1073.450
2026-09-12-l9,A,1.0.0,docs-05000,scan,q015,common,3,0,1062.056
2026-09-12-l9,B,2.0.0-alpha.7,docs-05000,scan,q015,common,3,0,1068.678
2026-09-12-l9,A,1.0.0,docs-05000,scan,q015,common,4,0,1051.572
2026-09-12-l9,B,2.0.0-alpha.7,docs-05000,scan,q015,common,4,0,1072.868
2026-09-12-l9,A,1.0.0,docs-05000,scan,q015,common,5,0,1041.651
2026-09-12-l9,B,2.0.0-alpha.7,docs-05000,scan,q015,common,5,0,1070.134
2026-09-12-l9,A,1.0.0,docs-05000,scan,q015,common,6,0,1024.922
2026-09-12-l9,B,2.0.0-alpha.7,docs-05000,scan,q015,common,6,0,1033.661
2026-09-12-l9,A,1.0.0,docs-05000,scan,q015,common,7,0,1010.188
2026-09-12-l9,B,2.0.0-alpha.7,docs-05000,scan,q015,common,7,0,1022.659
2026-09-12-l9,A,1.0.0,docs-05000,scan,q015,common,8,0,1011.834
2026-09-12-l9,B,2.0.0-alpha.7,docs-05000,scan,q015,common,8,0,1026.980
2026-09-12-l9,A,1.0.0,docs-05000,scan,q015,common,9,0,1008.778
2026-09-12-l9,B,2.0.0-alpha.7,docs-05000,scan,q015,common,9,0,1019.936
2026-09-12-l9,A,1.0.0,docs-05000,scan,q015,common,10,0,997.200
2026-09-12-l9,B,2.0.0-alpha.7,docs-05000,scan,q015,common,10,0,1012.487
2026-09-12-l9,A,1.0.0,docs-05000,scan,q015,common,11,0,1000.474
2026-09-12-l9,B,2.0.0-alpha.7,docs-05000,scan,q015,common,11,0,1006.998
2026-09-12-l9,A,1.0.0,docs-05000,scan,q015,common,12,0,999.973
2026-09-12-l9,B,2.0.0-alpha.7,docs-05000,scan,q015,common,12,0,1049.055
2026-09-12-l9,A,1.0.0,docs-05000,scan,q016,common,0,1,1062.081
2026-09-12-l9,B,2.0.0-alpha.7,docs-05000,scan,q016,common,0,1,1087.734
2026-09-12-l9,A,1.0.0,docs-05000,scan,q016,common,1,1,1070.664
2026-09-12-l9,B,2.0.0-alpha.7,docs-05000,scan,q016,common,1,1,1076.307
2026-09-12-l9,A,1.0.0,docs-05000,scan,q016,common,2,1,1079.452
2026-09-12-l9,B,2.0.0-alpha.7,docs-05000,scan,q016,common,2,1,1088.918
2026-09-12-l9,A,1.0.0,docs-05000,scan,q016,common,3,0,1052.778
2026-09-12-l9,B,2.0.0-alpha.7,docs-05000,scan,q016,common,3,0,1036.239
2026-09-12-l9,A,1.0.0,docs-05000,scan,q016,common,4,0,1009.815
2026-09-12-l9,B,2.0.0-alpha.7,docs-05000,scan,q016,common,4,0,1018.017
2026-09-12-l9,A,1.0.0,docs-05000,scan,q016,common,5,0,1004.369
2026-09-12-l9,B,2.0.0-alpha.7,docs-05000,scan,q016,common,5,0,1005.884
2026-09-12-l9,A,1.0.0,docs-05000,scan,q016,common,6,0,980.322
2026-09-12-l9,B,2.0.0-alpha.7,docs-05000,scan,q016,common,6,0,993.669
2026-09-12-l9,A,1.0.0,docs-05000,scan,q016,common,7,0,966.828
2026-09-12-l9,B,2.0.0-alpha.7,docs-05000,scan,q016,common,7,0,982.327
2026-09-12-l9,A,1.0.0,docs-05000,scan,q016,common,8,0,960.791
2026-09-12-l9,B,2.0.0-alpha.7,docs-05000,scan,q016,common,8,0,989.579
2026-09-12-l9,A,1.0.0,docs-05000,scan,q016,common,9,0,972.912
2026-09-12-l9,B,2.0.0-alpha.7,docs-05000,scan,q016,common,9,0,1009.755
2026-09-12-l9,A,1.0.0,docs-05000,scan,q016,common,10,0,1016.150
2026-09-12-l9,B,2.0.0-alpha.7,docs-05000,scan,q016,common,10,0,1073.286
2026-09-12-l9,A,1.0.0,docs-05000,scan,q016,common,11,0,1044.678
2026-09-12-l9,B,2.0.0-alpha.7,docs-05000,scan,q016,common,11,0,1222.894
2026-09-12-l9,A,1.0.0,docs-05000,scan,q016,common,12,0,1391.775
2026-09-12-l9,B,2.0.0-alpha.7,docs-05000,scan,q016,common,12,0,1609.890
2026-09-12-l9,A,1.0.0,docs-05000,scan,q017,common,0,1,1222.648
2026-09-12-l9,B,2.0.0-alpha.7,docs-05000,scan,q017,common,0,1,1115.145
2026-09-12-l9,A,1.0.0,docs-05000,scan,q017,common,1,1,1060.283
2026-09-12-l9,B,2.0.0-alpha.7,docs-05000,scan,q017,common,1,1,1118.266
2026-09-12-l9,A,1.0.0,docs-05000,scan,q017,common,2,1,1111.366
2026-09-12-l9,B,2.0.0-alpha.7,docs-05000,scan,q017,common,2,1,1172.974
2026-09-12-l9,A,1.0.0,docs-05000,scan,q017,common,3,0,1101.698
2026-09-12-l9,B,2.0.0-alpha.7,docs-05000,scan,q017,common,3,0,1140.461
2026-09-12-l9,A,1.0.0,docs-05000,scan,q017,common,4,0,1164.922
2026-09-12-l9,B,2.0.0-alpha.7,docs-05000,scan,q017,common,4,0,1201.271
2026-09-12-l9,A,1.0.0,docs-05000,scan,q017,common,5,0,1074.096
2026-09-12-l9,B,2.0.0-alpha.7,docs-05000,scan,q017,common,5,0,1086.218
2026-09-12-l9,A,1.0.0,docs-05000,scan,q017,common,6,0,1025.771
2026-09-12-l9,B,2.0.0-alpha.7,docs-05000,scan,q017,common,6,0,1147.064
2026-09-12-l9,A,1.0.0,docs-05000,scan,q017,common,7,0,1146.124
2026-09-12-l9,B,2.0.0-alpha.7,docs-05000,scan,q017,common,7,0,1055.132
2026-09-12-l9,A,1.0.0,docs-05000,scan,q017,common,8,0,1054.620
2026-09-12-l9,B,2.0.0-alpha.7,docs-05000,scan,q017,common,8,0,1121.886
2026-09-12-l9,A,1.0.0,docs-05000,scan,q017,common,9,0,1207.884
2026-09-12-l9,B,2.0.0-alpha.7,docs-05000,scan,q017,common,9,0,1130.557
2026-09-12-l9,A,1.0.0,docs-05000,scan,q017,common,10,0,1043.648
2026-09-12-l9,B,2.0.0-alpha.7,docs-05000,scan,q017,common,10,0,1145.247
2026-09-12-l9,A,1.0.0,docs-05000,scan,q017,common,11,0,1201.991
2026-09-12-l9,B,2.0.0-alpha.7,docs-05000,scan,q017,common,11,0,1171.920
2026-09-12-l9,A,1.0.0,docs-05000,scan,q017,common,12,0,1044.340
2026-09-12-l9,B,2.0.0-alpha.7,docs-05000,scan,q017,common,12,0,996.406
2026-09-12-l9,A,1.0.0,docs-05000,scan,q018,common,0,1,953.566
2026-09-12-l9,B,2.0.0-alpha.7,docs-05000,scan,q018,common,0,1,969.577
2026-09-12-l9,A,1.0.0,docs-05000,scan,q018,common,1,1,947.407
2026-09-12-l9,B,2.0.0-alpha.7,docs-05000,scan,q018,common,1,1,977.882
2026-09-12-l9,A,1.0.0,docs-05000,scan,q018,common,2,1,962.656
2026-09-12-l9,B,2.0.0-alpha.7,docs-05000,scan,q018,common,2,1,973.516
2026-09-12-l9,A,1.0.0,docs-05000,scan,q018,common,3,0,967.482
2026-09-12-l9,B,2.0.0-alpha.7,docs-05000,scan,q018,common,3,0,969.160
2026-09-12-l9,A,1.0.0,docs-05000,scan,q018,common,4,0,956.170
2026-09-12-l9,B,2.0.0-alpha.7,docs-05000,scan,q018,common,4,0,975.668
2026-09-12-l9,A,1.0.0,docs-05000,scan,q018,common,5,0,945.407
2026-09-12-l9,B,2.0.0-alpha.7,docs-05000,scan,q018,common,5,0,960.483
2026-09-12-l9,A,1.0.0,docs-05000,scan,q018,common,6,0,947.074
2026-09-12-l9,B,2.0.0-alpha.7,docs-05000,scan,q018,common,6,0,1002.250
2026-09-12-l9,A,1.0.0,docs-05000,scan,q018,common,7,0,977.438
2026-09-12-l9,B,2.0.0-alpha.7,docs-05000,scan,q018,common,7,0,970.507
2026-09-12-l9,A,1.0.0,docs-05000,scan,q018,common,8,0,958.056
2026-09-12-l9,B,2.0.0-alpha.7,docs-05000,scan,q018,common,8,0,1029.106
2026-09-12-l9,A,1.0.0,docs-05000,scan,q018,common,9,0,972.961
2026-09-12-l9,B,2.0.0-alpha.7,docs-05000,scan,q018,common,9,0,1005.966
2026-09-12-l9,A,1.0.0,docs-05000,scan,q018,common,10,0,974.582
2026-09-12-l9,B,2.0.0-alpha.7,docs-05000,scan,q018,common,10,0,982.660
2026-09-12-l9,A,1.0.0,docs-05000,scan,q018,common,11,0,953.006
2026-09-12-l9,B,2.0.0-alpha.7,docs-05000,scan,q018,common,11,0,974.055
2026-09-12-l9,A,1.0.0,docs-05000,scan,q018,common,12,0,952.118
2026-09-12-l9,B,2.0.0-alpha.7,docs-05000,scan,q018,common,12,0,983.131
2026-09-12-l9,A,1.0.0,docs-05000,scan,q019,rare+common,0,1,1016.355
2026-09-12-l9,B,2.0.0-alpha.7,docs-05000,scan,q019,rare+common,0,1,1023.299
2026-09-12-l9,A,1.0.0,docs-05000,scan,q019,rare+common,1,1,1014.504
2026-09-12-l9,B,2.0.0-alpha.7,docs-05000,scan,q019,rare+common,1,1,1021.499
2026-09-12-l9,A,1.0.0,docs-05000,scan,q019,rare+common,2,1,1012.689
2026-09-12-l9,B,2.0.0-alpha.7,docs-05000,scan,q019,rare+common,2,1,1021.245
2026-09-12-l9,A,1.0.0,docs-05000,scan,q019,rare+common,3,0,1011.274
2026-09-12-l9,B,2.0.0-alpha.7,docs-05000,scan,q019,rare+common,3,0,1023.628
2026-09-12-l9,A,1.0.0,docs-05000,scan,q019,rare+common,4,0,1006.131
2026-09-12-l9,B,2.0.0-alpha.7,docs-05000,scan,q019,rare+common,4,0,1013.689
2026-09-12-l9,A,1.0.0,docs-05000,scan,q019,rare+common,5,0,999.757
2026-09-12-l9,B,2.0.0-alpha.7,docs-05000,scan,q019,rare+common,5,0,1020.749
2026-09-12-l9,A,1.0.0,docs-05000,scan,q019,rare+common,6,0,1005.826
2026-09-12-l9,B,2.0.0-alpha.7,docs-05000,scan,q019,rare+common,6,0,1030.661
2026-09-12-l9,A,1.0.0,docs-05000,scan,q019,rare+common,7,0,1005.022
2026-09-12-l9,B,2.0.0-alpha.7,docs-05000,scan,q019,rare+common,7,0,1012.376
2026-09-12-l9,A,1.0.0,docs-05000,scan,q019,rare+common,8,0,1002.102
2026-09-12-l9,B,2.0.0-alpha.7,docs-05000,scan,q019,rare+common,8,0,1013.065
2026-09-12-l9,A,1.0.0,docs-05000,scan,q019,rare+common,9,0,1005.211
2026-09-12-l9,B,2.0.0-alpha.7,docs-05000,scan,q019,rare+common,9,0,1029.684
2026-09-12-l9,A,1.0.0,docs-05000,scan,q019,rare+common,10,0,1015.097
2026-09-12-l9,B,2.0.0-alpha.7,docs-05000,scan,q019,rare+common,10,0,1025.858
2026-09-12-l9,A,1.0.0,docs-05000,scan,q019,rare+common,11,0,994.389
2026-09-12-l9,B,2.0.0-alpha.7,docs-05000,scan,q019,rare+common,11,0,1025.725
2026-09-12-l9,A,1.0.0,docs-05000,scan,q019,rare+common,12,0,1007.289
2026-09-12-l9,B,2.0.0-alpha.7,docs-05000,scan,q019,rare+common,12,0,1018.689
2026-09-12-l9,A,1.0.0,docs-05000,scan,q020,rare+common,0,1,1006.328
2026-09-12-l9,B,2.0.0-alpha.7,docs-05000,scan,q020,rare+common,0,1,1023.640
2026-09-12-l9,A,1.0.0,docs-05000,scan,q020,rare+common,1,1,1010.023
2026-09-12-l9,B,2.0.0-alpha.7,docs-05000,scan,q020,rare+common,1,1,1017.258
2026-09-12-l9,A,1.0.0,docs-05000,scan,q020,rare+common,2,1,1009.013
2026-09-12-l9,B,2.0.0-alpha.7,docs-05000,scan,q020,rare+common,2,1,1022.942
2026-09-12-l9,A,1.0.0,docs-05000,scan,q020,rare+common,3,0,996.871
2026-09-12-l9,B,2.0.0-alpha.7,docs-05000,scan,q020,rare+common,3,0,1024.051
2026-09-12-l9,A,1.0.0,docs-05000,scan,q020,rare+common,4,0,1021.744
2026-09-12-l9,B,2.0.0-alpha.7,docs-05000,scan,q020,rare+common,4,0,1025.323
2026-09-12-l9,A,1.0.0,docs-05000,scan,q020,rare+common,5,0,1010.779
2026-09-12-l9,B,2.0.0-alpha.7,docs-05000,scan,q020,rare+common,5,0,1027.388
2026-09-12-l9,A,1.0.0,docs-05000,scan,q020,rare+common,6,0,998.824
2026-09-12-l9,B,2.0.0-alpha.7,docs-05000,scan,q020,rare+common,6,0,1016.295
2026-09-12-l9,A,1.0.0,docs-05000,scan,q020,rare+common,7,0,1008.726
2026-09-12-l9,B,2.0.0-alpha.7,docs-05000,scan,q020,rare+common,7,0,1027.679
2026-09-12-l9,A,1.0.0,docs-05000,scan,q020,rare+common,8,0,1005.216
2026-09-12-l9,B,2.0.0-alpha.7,docs-05000,scan,q020,rare+common,8,0,1027.347
2026-09-12-l9,A,1.0.0,docs-05000,scan,q020,rare+common,9,0,1009.350
2026-09-12-l9,B,2.0.0-alpha.7,docs-05000,scan,q020,rare+common,9,0,1025.120
2026-09-12-l9,A,1.0.0,docs-05000,scan,q020,rare+common,10,0,1012.957
2026-09-12-l9,B,2.0.0-alpha.7,docs-05000,scan,q020,rare+common,10,0,1019.630
2026-09-12-l9,A,1.0.0,docs-05000,scan,q020,rare+common,11,0,1014.217
2026-09-12-l9,B,2.0.0-alpha.7,docs-05000,scan,q020,rare+common,11,0,1029.411
2026-09-12-l9,A,1.0.0,docs-05000,scan,q020,rare+common,12,0,1008.377
2026-09-12-l9,B,2.0.0-alpha.7,docs-05000,scan,q020,rare+common,12,0,1017.671
2026-09-12-l9,A,1.0.0,docs-05000,scan,q021,rare+common,0,1,1017.566
2026-09-12-l9,B,2.0.0-alpha.7,docs-05000,scan,q021,rare+common,0,1,1020.243
2026-09-12-l9,A,1.0.0,docs-05000,scan,q021,rare+common,1,1,1003.887
2026-09-12-l9,B,2.0.0-alpha.7,docs-05000,scan,q021,rare+common,1,1,1020.730
2026-09-12-l9,A,1.0.0,docs-05000,scan,q021,rare+common,2,1,997.833
2026-09-12-l9,B,2.0.0-alpha.7,docs-05000,scan,q021,rare+common,2,1,1018.107
2026-09-12-l9,A,1.0.0,docs-05000,scan,q021,rare+common,3,0,1000.602
2026-09-12-l9,B,2.0.0-alpha.7,docs-05000,scan,q021,rare+common,3,0,1018.605
2026-09-12-l9,A,1.0.0,docs-05000,scan,q021,rare+common,4,0,1002.624
2026-09-12-l9,B,2.0.0-alpha.7,docs-05000,scan,q021,rare+common,4,0,1024.071
2026-09-12-l9,A,1.0.0,docs-05000,scan,q021,rare+common,5,0,1019.498
2026-09-12-l9,B,2.0.0-alpha.7,docs-05000,scan,q021,rare+common,5,0,1044.205
2026-09-12-l9,A,1.0.0,docs-05000,scan,q021,rare+common,6,0,1016.884
2026-09-12-l9,B,2.0.0-alpha.7,docs-05000,scan,q021,rare+common,6,0,1025.877
2026-09-12-l9,A,1.0.0,docs-05000,scan,q021,rare+common,7,0,1010.447
2026-09-12-l9,B,2.0.0-alpha.7,docs-05000,scan,q021,rare+common,7,0,1019.714
2026-09-12-l9,A,1.0.0,docs-05000,scan,q021,rare+common,8,0,1012.387
2026-09-12-l9,B,2.0.0-alpha.7,docs-05000,scan,q021,rare+common,8,0,1029.072
2026-09-12-l9,A,1.0.0,docs-05000,scan,q021,rare+common,9,0,1033.074
2026-09-12-l9,B,2.0.0-alpha.7,docs-05000,scan,q021,rare+common,9,0,1037.332
2026-09-12-l9,A,1.0.0,docs-05000,scan,q021,rare+common,10,0,1023.838
2026-09-12-l9,B,2.0.0-alpha.7,docs-05000,scan,q021,rare+common,10,0,1036.757
2026-09-12-l9,A,1.0.0,docs-05000,scan,q021,rare+common,11,0,1024.547
2026-09-12-l9,B,2.0.0-alpha.7,docs-05000,scan,q021,rare+common,11,0,1069.070
2026-09-12-l9,A,1.0.0,docs-05000,scan,q021,rare+common,12,0,1017.867
2026-09-12-l9,B,2.0.0-alpha.7,docs-05000,scan,q021,rare+common,12,0,1038.930
2026-09-12-l9,A,1.0.0,docs-05000,scan,q022,rare+common,0,1,1038.943
2026-09-12-l9,B,2.0.0-alpha.7,docs-05000,scan,q022,rare+common,0,1,1035.609
2026-09-12-l9,A,1.0.0,docs-05000,scan,q022,rare+common,1,1,1012.080
2026-09-12-l9,B,2.0.0-alpha.7,docs-05000,scan,q022,rare+common,1,1,1038.660
2026-09-12-l9,A,1.0.0,docs-05000,scan,q022,rare+common,2,1,1014.926
2026-09-12-l9,B,2.0.0-alpha.7,docs-05000,scan,q022,rare+common,2,1,1038.475
2026-09-12-l9,A,1.0.0,docs-05000,scan,q022,rare+common,3,0,1021.689
2026-09-12-l9,B,2.0.0-alpha.7,docs-05000,scan,q022,rare+common,3,0,1028.574
2026-09-12-l9,A,1.0.0,docs-05000,scan,q022,rare+common,4,0,1022.411
2026-09-12-l9,B,2.0.0-alpha.7,docs-05000,scan,q022,rare+common,4,0,1021.788
2026-09-12-l9,A,1.0.0,docs-05000,scan,q022,rare+common,5,0,1009.560
2026-09-12-l9,B,2.0.0-alpha.7,docs-05000,scan,q022,rare+common,5,0,1036.568
2026-09-12-l9,A,1.0.0,docs-05000,scan,q022,rare+common,6,0,1021.231
2026-09-12-l9,B,2.0.0-alpha.7,docs-05000,scan,q022,rare+common,6,0,1029.664
2026-09-12-l9,A,1.0.0,docs-05000,scan,q022,rare+common,7,0,1016.596
2026-09-12-l9,B,2.0.0-alpha.7,docs-05000,scan,q022,rare+common,7,0,1036.663
2026-09-12-l9,A,1.0.0,docs-05000,scan,q022,rare+common,8,0,1039.713
2026-09-12-l9,B,2.0.0-alpha.7,docs-05000,scan,q022,rare+common,8,0,1030.179
2026-09-12-l9,A,1.0.0,docs-05000,scan,q022,rare+common,9,0,1013.815
2026-09-12-l9,B,2.0.0-alpha.7,docs-05000,scan,q022,rare+common,9,0,1027.935
2026-09-12-l9,A,1.0.0,docs-05000,scan,q022,rare+common,10,0,1008.809
2026-09-12-l9,B,2.0.0-alpha.7,docs-05000,scan,q022,rare+common,10,0,1030.396
2026-09-12-l9,A,1.0.0,docs-05000,scan,q022,rare+common,11,0,1017.514
2026-09-12-l9,B,2.0.0-alpha.7,docs-05000,scan,q022,rare+common,11,0,1046.424
2026-09-12-l9,A,1.0.0,docs-05000,scan,q022,rare+common,12,0,1040.171
2026-09-12-l9,B,2.0.0-alpha.7,docs-05000,scan,q022,rare+common,12,0,1037.239
2026-09-12-l9,A,1.0.0,docs-05000,scan,q023,rare+common,0,1,1019.705
2026-09-12-l9,B,2.0.0-alpha.7,docs-05000,scan,q023,rare+common,0,1,1067.731
2026-09-12-l9,A,1.0.0,docs-05000,scan,q023,rare+common,1,1,1028.668
2026-09-12-l9,B,2.0.0-alpha.7,docs-05000,scan,q023,rare+common,1,1,1116.550
2026-09-12-l9,A,1.0.0,docs-05000,scan,q023,rare+common,2,1,1056.805
2026-09-12-l9,B,2.0.0-alpha.7,docs-05000,scan,q023,rare+common,2,1,1043.400
2026-09-12-l9,A,1.0.0,docs-05000,scan,q023,rare+common,3,0,996.930
2026-09-12-l9,B,2.0.0-alpha.7,docs-05000,scan,q023,rare+common,3,0,1012.433
2026-09-12-l9,A,1.0.0,docs-05000,scan,q023,rare+common,4,0,1008.248
2026-09-12-l9,B,2.0.0-alpha.7,docs-05000,scan,q023,rare+common,4,0,1018.365
2026-09-12-l9,A,1.0.0,docs-05000,scan,q023,rare+common,5,0,1009.762
2026-09-12-l9,B,2.0.0-alpha.7,docs-05000,scan,q023,rare+common,5,0,1018.553
2026-09-12-l9,A,1.0.0,docs-05000,scan,q023,rare+common,6,0,1020.119
2026-09-12-l9,B,2.0.0-alpha.7,docs-05000,scan,q023,rare+common,6,0,1073.926
2026-09-12-l9,A,1.0.0,docs-05000,scan,q023,rare+common,7,0,1056.017
2026-09-12-l9,B,2.0.0-alpha.7,docs-05000,scan,q023,rare+common,7,0,1115.968
2026-09-12-l9,A,1.0.0,docs-05000,scan,q023,rare+common,8,0,1091.662
2026-09-12-l9,B,2.0.0-alpha.7,docs-05000,scan,q023,rare+common,8,0,1149.249
2026-09-12-l9,A,1.0.0,docs-05000,scan,q023,rare+common,9,0,1085.031
2026-09-12-l9,B,2.0.0-alpha.7,docs-05000,scan,q023,rare+common,9,0,1057.428
2026-09-12-l9,A,1.0.0,docs-05000,scan,q023,rare+common,10,0,1032.677
2026-09-12-l9,B,2.0.0-alpha.7,docs-05000,scan,q023,rare+common,10,0,1060.399
2026-09-12-l9,A,1.0.0,docs-05000,scan,q023,rare+common,11,0,1027.600
2026-09-12-l9,B,2.0.0-alpha.7,docs-05000,scan,q023,rare+common,11,0,1109.573
2026-09-12-l9,A,1.0.0,docs-05000,scan,q023,rare+common,12,0,1050.012
2026-09-12-l9,B,2.0.0-alpha.7,docs-05000,scan,q023,rare+common,12,0,1045.405
2026-09-12-l9,A,1.0.0,docs-05000,scan,q024,rare+common,0,1,1013.722
2026-09-12-l9,B,2.0.0-alpha.7,docs-05000,scan,q024,rare+common,0,1,1043.904
2026-09-12-l9,A,1.0.0,docs-05000,scan,q024,rare+common,1,1,1032.075
2026-09-12-l9,B,2.0.0-alpha.7,docs-05000,scan,q024,rare+common,1,1,1035.953
2026-09-12-l9,A,1.0.0,docs-05000,scan,q024,rare+common,2,1,1012.179
2026-09-12-l9,B,2.0.0-alpha.7,docs-05000,scan,q024,rare+common,2,1,1027.273
2026-09-12-l9,A,1.0.0,docs-05000,scan,q024,rare+common,3,0,1078.434
2026-09-12-l9,B,2.0.0-alpha.7,docs-05000,scan,q024,rare+common,3,0,1034.524
2026-09-12-l9,A,1.0.0,docs-05000,scan,q024,rare+common,4,0,1020.927
2026-09-12-l9,B,2.0.0-alpha.7,docs-05000,scan,q024,rare+common,4,0,1045.326
2026-09-12-l9,A,1.0.0,docs-05000,scan,q024,rare+common,5,0,1107.137
2026-09-12-l9,B,2.0.0-alpha.7,docs-05000,scan,q024,rare+common,5,0,1043.574
2026-09-12-l9,A,1.0.0,docs-05000,scan,q024,rare+common,6,0,1031.087
2026-09-12-l9,B,2.0.0-alpha.7,docs-05000,scan,q024,rare+common,6,0,1115.107
2026-09-12-l9,A,1.0.0,docs-05000,scan,q024,rare+common,7,0,1049.565
2026-09-12-l9,B,2.0.0-alpha.7,docs-05000,scan,q024,rare+common,7,0,1063.807
2026-09-12-l9,A,1.0.0,docs-05000,scan,q024,rare+common,8,0,1038.807
2026-09-12-l9,B,2.0.0-alpha.7,docs-05000,scan,q024,rare+common,8,0,1128.510
2026-09-12-l9,A,1.0.0,docs-05000,scan,q024,rare+common,9,0,1198.700
2026-09-12-l9,B,2.0.0-alpha.7,docs-05000,scan,q024,rare+common,9,0,1053.162
2026-09-12-l9,A,1.0.0,docs-05000,scan,q024,rare+common,10,0,1046.576
2026-09-12-l9,B,2.0.0-alpha.7,docs-05000,scan,q024,rare+common,10,0,1042.221
2026-09-12-l9,A,1.0.0,docs-05000,scan,q024,rare+common,11,0,1019.466
2026-09-12-l9,B,2.0.0-alpha.7,docs-05000,scan,q024,rare+common,11,0,1033.648
2026-09-12-l9,A,1.0.0,docs-05000,scan,q024,rare+common,12,0,1011.629
2026-09-12-l9,B,2.0.0-alpha.7,docs-05000,scan,q024,rare+common,12,0,1018.678
2026-09-12-l9,A,1.0.0,docs-05000,scan,q025,rare+common,0,1,1035.344
2026-09-12-l9,B,2.0.0-alpha.7,docs-05000,scan,q025,rare+common,0,1,1081.302
2026-09-12-l9,A,1.0.0,docs-05000,scan,q025,rare+common,1,1,1020.069
2026-09-12-l9,B,2.0.0-alpha.7,docs-05000,scan,q025,rare+common,1,1,1031.752
2026-09-12-l9,A,1.0.0,docs-05000,scan,q025,rare+common,2,1,1007.681
2026-09-12-l9,B,2.0.0-alpha.7,docs-05000,scan,q025,rare+common,2,1,1035.538
2026-09-12-l9,A,1.0.0,docs-05000,scan,q025,rare+common,3,0,1013.254
2026-09-12-l9,B,2.0.0-alpha.7,docs-05000,scan,q025,rare+common,3,0,1029.103
2026-09-12-l9,A,1.0.0,docs-05000,scan,q025,rare+common,4,0,1011.331
2026-09-12-l9,B,2.0.0-alpha.7,docs-05000,scan,q025,rare+common,4,0,1031.050
2026-09-12-l9,A,1.0.0,docs-05000,scan,q025,rare+common,5,0,1007.111
2026-09-12-l9,B,2.0.0-alpha.7,docs-05000,scan,q025,rare+common,5,0,1039.562
2026-09-12-l9,A,1.0.0,docs-05000,scan,q025,rare+common,6,0,1051.613
2026-09-12-l9,B,2.0.0-alpha.7,docs-05000,scan,q025,rare+common,6,0,1044.880
2026-09-12-l9,A,1.0.0,docs-05000,scan,q025,rare+common,7,0,1028.286
2026-09-12-l9,B,2.0.0-alpha.7,docs-05000,scan,q025,rare+common,7,0,1053.794
2026-09-12-l9,A,1.0.0,docs-05000,scan,q025,rare+common,8,0,1061.203
2026-09-12-l9,B,2.0.0-alpha.7,docs-05000,scan,q025,rare+common,8,0,1073.413
2026-09-12-l9,A,1.0.0,docs-05000,scan,q025,rare+common,9,0,1027.629
2026-09-12-l9,B,2.0.0-alpha.7,docs-05000,scan,q025,rare+common,9,0,1069.068
2026-09-12-l9,A,1.0.0,docs-05000,scan,q025,rare+common,10,0,1049.971
2026-09-12-l9,B,2.0.0-alpha.7,docs-05000,scan,q025,rare+common,10,0,1051.859
2026-09-12-l9,A,1.0.0,docs-05000,scan,q025,rare+common,11,0,1047.163
2026-09-12-l9,B,2.0.0-alpha.7,docs-05000,scan,q025,rare+common,11,0,1083.874
2026-09-12-l9,A,1.0.0,docs-05000,scan,q025,rare+common,12,0,1054.660
2026-09-12-l9,B,2.0.0-alpha.7,docs-05000,scan,q025,rare+common,12,0,1091.724
2026-09-12-l9,A,1.0.0,docs-05000,scan,q026,rare+common,0,1,1057.376
2026-09-12-l9,B,2.0.0-alpha.7,docs-05000,scan,q026,rare+common,0,1,1117.460
2026-09-12-l9,A,1.0.0,docs-05000,scan,q026,rare+common,1,1,1075.419
2026-09-12-l9,B,2.0.0-alpha.7,docs-05000,scan,q026,rare+common,1,1,1090.665
2026-09-12-l9,A,1.0.0,docs-05000,scan,q026,rare+common,2,1,1050.914
2026-09-12-l9,B,2.0.0-alpha.7,docs-05000,scan,q026,rare+common,2,1,1085.357
2026-09-12-l9,A,1.0.0,docs-05000,scan,q026,rare+common,3,0,1044.591
2026-09-12-l9,B,2.0.0-alpha.7,docs-05000,scan,q026,rare+common,3,0,1080.811
2026-09-12-l9,A,1.0.0,docs-05000,scan,q026,rare+common,4,0,1048.211
2026-09-12-l9,B,2.0.0-alpha.7,docs-05000,scan,q026,rare+common,4,0,1056.230
2026-09-12-l9,A,1.0.0,docs-05000,scan,q026,rare+common,5,0,1026.466
2026-09-12-l9,B,2.0.0-alpha.7,docs-05000,scan,q026,rare+common,5,0,1069.635
2026-09-12-l9,A,1.0.0,docs-05000,scan,q026,rare+common,6,0,1044.479
2026-09-12-l9,B,2.0.0-alpha.7,docs-05000,scan,q026,rare+common,6,0,1076.112
2026-09-12-l9,A,1.0.0,docs-05000,scan,q026,rare+common,7,0,1039.853
2026-09-12-l9,B,2.0.0-alpha.7,docs-05000,scan,q026,rare+common,7,0,1051.281
2026-09-12-l9,A,1.0.0,docs-05000,scan,q026,rare+common,8,0,1028.397
2026-09-12-l9,B,2.0.0-alpha.7,docs-05000,scan,q026,rare+common,8,0,1045.223
2026-09-12-l9,A,1.0.0,docs-05000,scan,q026,rare+common,9,0,1024.235
2026-09-12-l9,B,2.0.0-alpha.7,docs-05000,scan,q026,rare+common,9,0,1053.111
2026-09-12-l9,A,1.0.0,docs-05000,scan,q026,rare+common,10,0,1055.097
2026-09-12-l9,B,2.0.0-alpha.7,docs-05000,scan,q026,rare+common,10,0,1077.177
2026-09-12-l9,A,1.0.0,docs-05000,scan,q026,rare+common,11,0,1026.320
2026-09-12-l9,B,2.0.0-alpha.7,docs-05000,scan,q026,rare+common,11,0,1046.250
2026-09-12-l9,A,1.0.0,docs-05000,scan,q026,rare+common,12,0,1031.892
2026-09-12-l9,B,2.0.0-alpha.7,docs-05000,scan,q026,rare+common,12,0,1064.796
2026-09-12-l9,A,1.0.0,docs-05000,scan,q027,common+common,0,1,978.030
2026-09-12-l9,B,2.0.0-alpha.7,docs-05000,scan,q027,common+common,0,1,1039.898
2026-09-12-l9,A,1.0.0,docs-05000,scan,q027,common+common,1,1,979.313
2026-09-12-l9,B,2.0.0-alpha.7,docs-05000,scan,q027,common+common,1,1,1017.164
2026-09-12-l9,A,1.0.0,docs-05000,scan,q027,common+common,2,1,1004.441
2026-09-12-l9,B,2.0.0-alpha.7,docs-05000,scan,q027,common+common,2,1,1020.673
2026-09-12-l9,A,1.0.0,docs-05000,scan,q027,common+common,3,0,978.892
2026-09-12-l9,B,2.0.0-alpha.7,docs-05000,scan,q027,common+common,3,0,1045.507
2026-09-12-l9,A,1.0.0,docs-05000,scan,q027,common+common,4,0,986.895
2026-09-12-l9,B,2.0.0-alpha.7,docs-05000,scan,q027,common+common,4,0,1017.122
2026-09-12-l9,A,1.0.0,docs-05000,scan,q027,common+common,5,0,973.857
2026-09-12-l9,B,2.0.0-alpha.7,docs-05000,scan,q027,common+common,5,0,1018.253
2026-09-12-l9,A,1.0.0,docs-05000,scan,q027,common+common,6,0,968.068
2026-09-12-l9,B,2.0.0-alpha.7,docs-05000,scan,q027,common+common,6,0,1016.126
2026-09-12-l9,A,1.0.0,docs-05000,scan,q027,common+common,7,0,990.074
2026-09-12-l9,B,2.0.0-alpha.7,docs-05000,scan,q027,common+common,7,0,1016.911
2026-09-12-l9,A,1.0.0,docs-05000,scan,q027,common+common,8,0,988.143
2026-09-12-l9,B,2.0.0-alpha.7,docs-05000,scan,q027,common+common,8,0,1038.607
2026-09-12-l9,A,1.0.0,docs-05000,scan,q027,common+common,9,0,986.592
2026-09-12-l9,B,2.0.0-alpha.7,docs-05000,scan,q027,common+common,9,0,1055.788
2026-09-12-l9,A,1.0.0,docs-05000,scan,q027,common+common,10,0,1044.189
2026-09-12-l9,B,2.0.0-alpha.7,docs-05000,scan,q027,common+common,10,0,1056.140
2026-09-12-l9,A,1.0.0,docs-05000,scan,q027,common+common,11,0,991.485
2026-09-12-l9,B,2.0.0-alpha.7,docs-05000,scan,q027,common+common,11,0,1034.061
2026-09-12-l9,A,1.0.0,docs-05000,scan,q027,common+common,12,0,982.676
2026-09-12-l9,B,2.0.0-alpha.7,docs-05000,scan,q027,common+common,12,0,1049.739
2026-09-12-l9,A,1.0.0,docs-05000,scan,q028,common+common,0,1,996.766
2026-09-12-l9,B,2.0.0-alpha.7,docs-05000,scan,q028,common+common,0,1,985.955
2026-09-12-l9,A,1.0.0,docs-05000,scan,q028,common+common,1,1,970.810
2026-09-12-l9,B,2.0.0-alpha.7,docs-05000,scan,q028,common+common,1,1,984.785
2026-09-12-l9,A,1.0.0,docs-05000,scan,q028,common+common,2,1,982.858
2026-09-12-l9,B,2.0.0-alpha.7,docs-05000,scan,q028,common+common,2,1,1025.157
2026-09-12-l9,A,1.0.0,docs-05000,scan,q028,common+common,3,0,986.579
2026-09-12-l9,B,2.0.0-alpha.7,docs-05000,scan,q028,common+common,3,0,981.879
2026-09-12-l9,A,1.0.0,docs-05000,scan,q028,common+common,4,0,986.088
2026-09-12-l9,B,2.0.0-alpha.7,docs-05000,scan,q028,common+common,4,0,1014.092
2026-09-12-l9,A,1.0.0,docs-05000,scan,q028,common+common,5,0,1013.593
2026-09-12-l9,B,2.0.0-alpha.7,docs-05000,scan,q028,common+common,5,0,1048.852
2026-09-12-l9,A,1.0.0,docs-05000,scan,q028,common+common,6,0,1001.027
2026-09-12-l9,B,2.0.0-alpha.7,docs-05000,scan,q028,common+common,6,0,1035.864
2026-09-12-l9,A,1.0.0,docs-05000,scan,q028,common+common,7,0,1032.064
2026-09-12-l9,B,2.0.0-alpha.7,docs-05000,scan,q028,common+common,7,0,1007.753
2026-09-12-l9,A,1.0.0,docs-05000,scan,q028,common+common,8,0,1056.223
2026-09-12-l9,B,2.0.0-alpha.7,docs-05000,scan,q028,common+common,8,0,1128.862
2026-09-12-l9,A,1.0.0,docs-05000,scan,q028,common+common,9,0,995.532
2026-09-12-l9,B,2.0.0-alpha.7,docs-05000,scan,q028,common+common,9,0,998.958
2026-09-12-l9,A,1.0.0,docs-05000,scan,q028,common+common,10,0,983.787
2026-09-12-l9,B,2.0.0-alpha.7,docs-05000,scan,q028,common+common,10,0,1069.822
2026-09-12-l9,A,1.0.0,docs-05000,scan,q028,common+common,11,0,1016.114
2026-09-12-l9,B,2.0.0-alpha.7,docs-05000,scan,q028,common+common,11,0,1023.229
2026-09-12-l9,A,1.0.0,docs-05000,scan,q028,common+common,12,0,1010.396
2026-09-12-l9,B,2.0.0-alpha.7,docs-05000,scan,q028,common+common,12,0,1035.611
2026-09-12-l9,A,1.0.0,docs-05000,scan,q029,common+common,0,1,1173.731
2026-09-12-l9,B,2.0.0-alpha.7,docs-05000,scan,q029,common+common,0,1,1072.080
2026-09-12-l9,A,1.0.0,docs-05000,scan,q029,common+common,1,1,1022.977
2026-09-12-l9,B,2.0.0-alpha.7,docs-05000,scan,q029,common+common,1,1,1066.705
2026-09-12-l9,A,1.0.0,docs-05000,scan,q029,common+common,2,1,1021.189
2026-09-12-l9,B,2.0.0-alpha.7,docs-05000,scan,q029,common+common,2,1,1059.830
2026-09-12-l9,A,1.0.0,docs-05000,scan,q029,common+common,3,0,1050.298
2026-09-12-l9,B,2.0.0-alpha.7,docs-05000,scan,q029,common+common,3,0,1084.492
2026-09-12-l9,A,1.0.0,docs-05000,scan,q029,common+common,4,0,1007.809
2026-09-12-l9,B,2.0.0-alpha.7,docs-05000,scan,q029,common+common,4,0,1094.165
2026-09-12-l9,A,1.0.0,docs-05000,scan,q029,common+common,5,0,1037.220
2026-09-12-l9,B,2.0.0-alpha.7,docs-05000,scan,q029,common+common,5,0,1061.311
2026-09-12-l9,A,1.0.0,docs-05000,scan,q029,common+common,6,0,994.751
2026-09-12-l9,B,2.0.0-alpha.7,docs-05000,scan,q029,common+common,6,0,1090.319
2026-09-12-l9,A,1.0.0,docs-05000,scan,q029,common+common,7,0,1002.952
2026-09-12-l9,B,2.0.0-alpha.7,docs-05000,scan,q029,common+common,7,0,1008.229
2026-09-12-l9,A,1.0.0,docs-05000,scan,q029,common+common,8,0,981.911
2026-09-12-l9,B,2.0.0-alpha.7,docs-05000,scan,q029,common+common,8,0,1025.158
2026-09-12-l9,A,1.0.0,docs-05000,scan,q029,common+common,9,0,1004.058
2026-09-12-l9,B,2.0.0-alpha.7,docs-05000,scan,q029,common+common,9,0,1042.923
2026-09-12-l9,A,1.0.0,docs-05000,scan,q029,common+common,10,0,985.222
2026-09-12-l9,B,2.0.0-alpha.7,docs-05000,scan,q029,common+common,10,0,1028.495
2026-09-12-l9,A,1.0.0,docs-05000,scan,q029,common+common,11,0,984.483
2026-09-12-l9,B,2.0.0-alpha.7,docs-05000,scan,q029,common+common,11,0,1006.868
2026-09-12-l9,A,1.0.0,docs-05000,scan,q029,common+common,12,0,974.182
2026-09-12-l9,B,2.0.0-alpha.7,docs-05000,scan,q029,common+common,12,0,1017.184
2026-09-12-l9,A,1.0.0,docs-05000,scan,q030,common+common,0,1,1022.682
2026-09-12-l9,B,2.0.0-alpha.7,docs-05000,scan,q030,common+common,0,1,1019.819
2026-09-12-l9,A,1.0.0,docs-05000,scan,q030,common+common,1,1,999.790
2026-09-12-l9,B,2.0.0-alpha.7,docs-05000,scan,q030,common+common,1,1,1007.300
2026-09-12-l9,A,1.0.0,docs-05000,scan,q030,common+common,2,1,1008.553
2026-09-12-l9,B,2.0.0-alpha.7,docs-05000,scan,q030,common+common,2,1,1001.510
2026-09-12-l9,A,1.0.0,docs-05000,scan,q030,common+common,3,0,1063.319
2026-09-12-l9,B,2.0.0-alpha.7,docs-05000,scan,q030,common+common,3,0,1041.194
2026-09-12-l9,A,1.0.0,docs-05000,scan,q030,common+common,4,0,1030.272
2026-09-12-l9,B,2.0.0-alpha.7,docs-05000,scan,q030,common+common,4,0,1045.316
2026-09-12-l9,A,1.0.0,docs-05000,scan,q030,common+common,5,0,1040.748
2026-09-12-l9,B,2.0.0-alpha.7,docs-05000,scan,q030,common+common,5,0,1044.172
2026-09-12-l9,A,1.0.0,docs-05000,scan,q030,common+common,6,0,1029.531
2026-09-12-l9,B,2.0.0-alpha.7,docs-05000,scan,q030,common+common,6,0,1028.953
2026-09-12-l9,A,1.0.0,docs-05000,scan,q030,common+common,7,0,1061.611
2026-09-12-l9,B,2.0.0-alpha.7,docs-05000,scan,q030,common+common,7,0,1068.676
2026-09-12-l9,A,1.0.0,docs-05000,scan,q030,common+common,8,0,1007.908
2026-09-12-l9,B,2.0.0-alpha.7,docs-05000,scan,q030,common+common,8,0,1008.170
2026-09-12-l9,A,1.0.0,docs-05000,scan,q030,common+common,9,0,1003.075
2026-09-12-l9,B,2.0.0-alpha.7,docs-05000,scan,q030,common+common,9,0,1053.339
2026-09-12-l9,A,1.0.0,docs-05000,scan,q030,common+common,10,0,1023.682
2026-09-12-l9,B,2.0.0-alpha.7,docs-05000,scan,q030,common+common,10,0,1014.115
2026-09-12-l9,A,1.0.0,docs-05000,scan,q030,common+common,11,0,1013.983
2026-09-12-l9,B,2.0.0-alpha.7,docs-05000,scan,q030,common+common,11,0,1027.827
2026-09-12-l9,A,1.0.0,docs-05000,scan,q030,common+common,12,0,1007.083
2026-09-12-l9,B,2.0.0-alpha.7,docs-05000,scan,q030,common+common,12,0,1046.057
2026-09-12-l9,A,1.0.0,docs-05000,scan,q031,common+common,0,1,986.338
2026-09-12-l9,B,2.0.0-alpha.7,docs-05000,scan,q031,common+common,0,1,990.666
2026-09-12-l9,A,1.0.0,docs-05000,scan,q031,common+common,1,1,997.225
2026-09-12-l9,B,2.0.0-alpha.7,docs-05000,scan,q031,common+common,1,1,1030.738
2026-09-12-l9,A,1.0.0,docs-05000,scan,q031,common+common,2,1,996.574
2026-09-12-l9,B,2.0.0-alpha.7,docs-05000,scan,q031,common+common,2,1,1072.196
2026-09-12-l9,A,1.0.0,docs-05000,scan,q031,common+common,3,0,1024.423
2026-09-12-l9,B,2.0.0-alpha.7,docs-05000,scan,q031,common+common,3,0,1001.473
2026-09-12-l9,A,1.0.0,docs-05000,scan,q031,common+common,4,0,1012.281
2026-09-12-l9,B,2.0.0-alpha.7,docs-05000,scan,q031,common+common,4,0,1094.760
2026-09-12-l9,A,1.0.0,docs-05000,scan,q031,common+common,5,0,1010.841
2026-09-12-l9,B,2.0.0-alpha.7,docs-05000,scan,q031,common+common,5,0,1008.129
2026-09-12-l9,A,1.0.0,docs-05000,scan,q031,common+common,6,0,991.207
2026-09-12-l9,B,2.0.0-alpha.7,docs-05000,scan,q031,common+common,6,0,1002.451
2026-09-12-l9,A,1.0.0,docs-05000,scan,q031,common+common,7,0,994.717
2026-09-12-l9,B,2.0.0-alpha.7,docs-05000,scan,q031,common+common,7,0,998.472
2026-09-12-l9,A,1.0.0,docs-05000,scan,q031,common+common,8,0,998.531
2026-09-12-l9,B,2.0.0-alpha.7,docs-05000,scan,q031,common+common,8,0,1028.500
2026-09-12-l9,A,1.0.0,docs-05000,scan,q031,common+common,9,0,984.150
2026-09-12-l9,B,2.0.0-alpha.7,docs-05000,scan,q031,common+common,9,0,1000.088
2026-09-12-l9,A,1.0.0,docs-05000,scan,q031,common+common,10,0,993.039
2026-09-12-l9,B,2.0.0-alpha.7,docs-05000,scan,q031,common+common,10,0,1021.597
2026-09-12-l9,A,1.0.0,docs-05000,scan,q031,common+common,11,0,984.177
2026-09-12-l9,B,2.0.0-alpha.7,docs-05000,scan,q031,common+common,11,0,990.513
2026-09-12-l9,A,1.0.0,docs-05000,scan,q031,common+common,12,0,978.142
2026-09-12-l9,B,2.0.0-alpha.7,docs-05000,scan,q031,common+common,12,0,1015.250
2026-09-12-l9,A,1.0.0,docs-05000,scan,q032,common+common,0,1,1035.684
2026-09-12-l9,B,2.0.0-alpha.7,docs-05000,scan,q032,common+common,0,1,1054.485
2026-09-12-l9,A,1.0.0,docs-05000,scan,q032,common+common,1,1,1045.162
2026-09-12-l9,B,2.0.0-alpha.7,docs-05000,scan,q032,common+common,1,1,1069.893
2026-09-12-l9,A,1.0.0,docs-05000,scan,q032,common+common,2,1,1031.923
2026-09-12-l9,B,2.0.0-alpha.7,docs-05000,scan,q032,common+common,2,1,1083.233
2026-09-12-l9,A,1.0.0,docs-05000,scan,q032,common+common,3,0,1043.133
2026-09-12-l9,B,2.0.0-alpha.7,docs-05000,scan,q032,common+common,3,0,1035.824
2026-09-12-l9,A,1.0.0,docs-05000,scan,q032,common+common,4,0,1022.573
2026-09-12-l9,B,2.0.0-alpha.7,docs-05000,scan,q032,common+common,4,0,1245.219
2026-09-12-l9,A,1.0.0,docs-05000,scan,q032,common+common,5,0,1081.247
2026-09-12-l9,B,2.0.0-alpha.7,docs-05000,scan,q032,common+common,5,0,1035.011
2026-09-12-l9,A,1.0.0,docs-05000,scan,q032,common+common,6,0,983.691
2026-09-12-l9,B,2.0.0-alpha.7,docs-05000,scan,q032,common+common,6,0,1028.946
2026-09-12-l9,A,1.0.0,docs-05000,scan,q032,common+common,7,0,998.752
2026-09-12-l9,B,2.0.0-alpha.7,docs-05000,scan,q032,common+common,7,0,1061.923
2026-09-12-l9,A,1.0.0,docs-05000,scan,q032,common+common,8,0,1000.810
2026-09-12-l9,B,2.0.0-alpha.7,docs-05000,scan,q032,common+common,8,0,1038.103
2026-09-12-l9,A,1.0.0,docs-05000,scan,q032,common+common,9,0,1066.812
2026-09-12-l9,B,2.0.0-alpha.7,docs-05000,scan,q032,common+common,9,0,1113.829
2026-09-12-l9,A,1.0.0,docs-05000,scan,q032,common+common,10,0,1000.855
2026-09-12-l9,B,2.0.0-alpha.7,docs-05000,scan,q032,common+common,10,0,1038.321
2026-09-12-l9,A,1.0.0,docs-05000,scan,q032,common+common,11,0,1005.301
2026-09-12-l9,B,2.0.0-alpha.7,docs-05000,scan,q032,common+common,11,0,1020.695
2026-09-12-l9,A,1.0.0,docs-05000,scan,q032,common+common,12,0,987.049
2026-09-12-l9,B,2.0.0-alpha.7,docs-05000,scan,q032,common+common,12,0,1002.211
2026-09-12-l9,A,1.0.0,docs-05000,scan,q033,common+common,0,1,992.269
2026-09-12-l9,B,2.0.0-alpha.7,docs-05000,scan,q033,common+common,0,1,988.765
2026-09-12-l9,A,1.0.0,docs-05000,scan,q033,common+common,1,1,974.787
2026-09-12-l9,B,2.0.0-alpha.7,docs-05000,scan,q033,common+common,1,1,991.699
2026-09-12-l9,A,1.0.0,docs-05000,scan,q033,common+common,2,1,971.682
2026-09-12-l9,B,2.0.0-alpha.7,docs-05000,scan,q033,common+common,2,1,990.347
2026-09-12-l9,A,1.0.0,docs-05000,scan,q033,common+common,3,0,972.759
2026-09-12-l9,B,2.0.0-alpha.7,docs-05000,scan,q033,common+common,3,0,993.593
2026-09-12-l9,A,1.0.0,docs-05000,scan,q033,common+common,4,0,973.696
2026-09-12-l9,B,2.0.0-alpha.7,docs-05000,scan,q033,common+common,4,0,1014.480
2026-09-12-l9,A,1.0.0,docs-05000,scan,q033,common+common,5,0,973.484
2026-09-12-l9,B,2.0.0-alpha.7,docs-05000,scan,q033,common+common,5,0,978.794
2026-09-12-l9,A,1.0.0,docs-05000,scan,q033,common+common,6,0,964.225
2026-09-12-l9,B,2.0.0-alpha.7,docs-05000,scan,q033,common+common,6,0,987.261
2026-09-12-l9,A,1.0.0,docs-05000,scan,q033,common+common,7,0,976.225
2026-09-12-l9,B,2.0.0-alpha.7,docs-05000,scan,q033,common+common,7,0,1023.222
2026-09-12-l9,A,1.0.0,docs-05000,scan,q033,common+common,8,0,1044.388
2026-09-12-l9,B,2.0.0-alpha.7,docs-05000,scan,q033,common+common,8,0,1128.400
2026-09-12-l9,A,1.0.0,docs-05000,scan,q033,common+common,9,0,1124.967
2026-09-12-l9,B,2.0.0-alpha.7,docs-05000,scan,q033,common+common,9,0,1103.422
2026-09-12-l9,A,1.0.0,docs-05000,scan,q033,common+common,10,0,1077.711
2026-09-12-l9,B,2.0.0-alpha.7,docs-05000,scan,q033,common+common,10,0,1073.085
2026-09-12-l9,A,1.0.0,docs-05000,scan,q033,common+common,11,0,1095.608
2026-09-12-l9,B,2.0.0-alpha.7,docs-05000,scan,q033,common+common,11,0,1149.866
2026-09-12-l9,A,1.0.0,docs-05000,scan,q033,common+common,12,0,1087.969
2026-09-12-l9,B,2.0.0-alpha.7,docs-05000,scan,q033,common+common,12,0,1037.710
2026-09-12-l9,A,1.0.0,docs-05000,scan,q034,common+common,0,1,1081.176
2026-09-12-l9,B,2.0.0-alpha.7,docs-05000,scan,q034,common+common,0,1,1113.971
2026-09-12-l9,A,1.0.0,docs-05000,scan,q034,common+common,1,1,1058.754
2026-09-12-l9,B,2.0.0-alpha.7,docs-05000,scan,q034,common+common,1,1,1051.472
2026-09-12-l9,A,1.0.0,docs-05000,scan,q034,common+common,2,1,1052.658
2026-09-12-l9,B,2.0.0-alpha.7,docs-05000,scan,q034,common+common,2,1,1042.914
2026-09-12-l9,A,1.0.0,docs-05000,scan,q034,common+common,3,0,1022.080
2026-09-12-l9,B,2.0.0-alpha.7,docs-05000,scan,q034,common+common,3,0,1114.559
2026-09-12-l9,A,1.0.0,docs-05000,scan,q034,common+common,4,0,1055.883
2026-09-12-l9,B,2.0.0-alpha.7,docs-05000,scan,q034,common+common,4,0,1079.536
2026-09-12-l9,A,1.0.0,docs-05000,scan,q034,common+common,5,0,1049.007
2026-09-12-l9,B,2.0.0-alpha.7,docs-05000,scan,q034,common+common,5,0,1057.397
2026-09-12-l9,A,1.0.0,docs-05000,scan,q034,common+common,6,0,1033.661
2026-09-12-l9,B,2.0.0-alpha.7,docs-05000,scan,q034,common+common,6,0,1036.238
2026-09-12-l9,A,1.0.0,docs-05000,scan,q034,common+common,7,0,1108.423
2026-09-12-l9,B,2.0.0-alpha.7,docs-05000,scan,q034,common+common,7,0,1024.681
2026-09-12-l9,A,1.0.0,docs-05000,scan,q034,common+common,8,0,998.581
2026-09-12-l9,B,2.0.0-alpha.7,docs-05000,scan,q034,common+common,8,0,1010.315
2026-09-12-l9,A,1.0.0,docs-05000,scan,q034,common+common,9,0,1006.567
2026-09-12-l9,B,2.0.0-alpha.7,docs-05000,scan,q034,common+common,9,0,1046.292
2026-09-12-l9,A,1.0.0,docs-05000,scan,q034,common+common,10,0,1016.997
2026-09-12-l9,B,2.0.0-alpha.7,docs-05000,scan,q034,common+common,10,0,1045.609
2026-09-12-l9,A,1.0.0,docs-05000,scan,q034,common+common,11,0,1044.211
2026-09-12-l9,B,2.0.0-alpha.7,docs-05000,scan,q034,common+common,11,0,1029.250
2026-09-12-l9,A,1.0.0,docs-05000,scan,q034,common+common,12,0,1209.764
2026-09-12-l9,B,2.0.0-alpha.7,docs-05000,scan,q034,common+common,12,0,1055.585
2026-09-12-l9,A,1.0.0,docs-05000,scan,q035,phrase,0,1,986.424
2026-09-12-l9,B,2.0.0-alpha.7,docs-05000,scan,q035,phrase,0,1,1028.768
2026-09-12-l9,A,1.0.0,docs-05000,scan,q035,phrase,1,1,994.527
2026-09-12-l9,B,2.0.0-alpha.7,docs-05000,scan,q035,phrase,1,1,1062.672
2026-09-12-l9,A,1.0.0,docs-05000,scan,q035,phrase,2,1,996.851
2026-09-12-l9,B,2.0.0-alpha.7,docs-05000,scan,q035,phrase,2,1,1031.655
2026-09-12-l9,A,1.0.0,docs-05000,scan,q035,phrase,3,0,1005.207
2026-09-12-l9,B,2.0.0-alpha.7,docs-05000,scan,q035,phrase,3,0,1037.456
2026-09-12-l9,A,1.0.0,docs-05000,scan,q035,phrase,4,0,1009.062
2026-09-12-l9,B,2.0.0-alpha.7,docs-05000,scan,q035,phrase,4,0,1033.195
2026-09-12-l9,A,1.0.0,docs-05000,scan,q035,phrase,5,0,1019.802
2026-09-12-l9,B,2.0.0-alpha.7,docs-05000,scan,q035,phrase,5,0,1055.144
2026-09-12-l9,A,1.0.0,docs-05000,scan,q035,phrase,6,0,986.902
2026-09-12-l9,B,2.0.0-alpha.7,docs-05000,scan,q035,phrase,6,0,1068.591
2026-09-12-l9,A,1.0.0,docs-05000,scan,q035,phrase,7,0,975.285
2026-09-12-l9,B,2.0.0-alpha.7,docs-05000,scan,q035,phrase,7,0,1038.696
2026-09-12-l9,A,1.0.0,docs-05000,scan,q035,phrase,8,0,973.624
2026-09-12-l9,B,2.0.0-alpha.7,docs-05000,scan,q035,phrase,8,0,1042.372
2026-09-12-l9,A,1.0.0,docs-05000,scan,q035,phrase,9,0,1006.787
2026-09-12-l9,B,2.0.0-alpha.7,docs-05000,scan,q035,phrase,9,0,1018.404
2026-09-12-l9,A,1.0.0,docs-05000,scan,q035,phrase,10,0,1006.924
2026-09-12-l9,B,2.0.0-alpha.7,docs-05000,scan,q035,phrase,10,0,1014.462
2026-09-12-l9,A,1.0.0,docs-05000,scan,q035,phrase,11,0,974.638
2026-09-12-l9,B,2.0.0-alpha.7,docs-05000,scan,q035,phrase,11,0,1073.939
2026-09-12-l9,A,1.0.0,docs-05000,scan,q035,phrase,12,0,985.928
2026-09-12-l9,B,2.0.0-alpha.7,docs-05000,scan,q035,phrase,12,0,1012.373
2026-09-12-l9,A,1.0.0,docs-05000,scan,q036,phrase,0,1,993.145
2026-09-12-l9,B,2.0.0-alpha.7,docs-05000,scan,q036,phrase,0,1,1016.547
2026-09-12-l9,A,1.0.0,docs-05000,scan,q036,phrase,1,1,973.668
2026-09-12-l9,B,2.0.0-alpha.7,docs-05000,scan,q036,phrase,1,1,1021.860
2026-09-12-l9,A,1.0.0,docs-05000,scan,q036,phrase,2,1,997.378
2026-09-12-l9,B,2.0.0-alpha.7,docs-05000,scan,q036,phrase,2,1,1008.606
2026-09-12-l9,A,1.0.0,docs-05000,scan,q036,phrase,3,0,976.702
2026-09-12-l9,B,2.0.0-alpha.7,docs-05000,scan,q036,phrase,3,0,1010.456
2026-09-12-l9,A,1.0.0,docs-05000,scan,q036,phrase,4,0,975.028
2026-09-12-l9,B,2.0.0-alpha.7,docs-05000,scan,q036,phrase,4,0,1010.003
2026-09-12-l9,A,1.0.0,docs-05000,scan,q036,phrase,5,0,1009.605
2026-09-12-l9,B,2.0.0-alpha.7,docs-05000,scan,q036,phrase,5,0,1061.440
2026-09-12-l9,A,1.0.0,docs-05000,scan,q036,phrase,6,0,981.443
2026-09-12-l9,B,2.0.0-alpha.7,docs-05000,scan,q036,phrase,6,0,1009.788
2026-09-12-l9,A,1.0.0,docs-05000,scan,q036,phrase,7,0,1005.600
2026-09-12-l9,B,2.0.0-alpha.7,docs-05000,scan,q036,phrase,7,0,1061.429
2026-09-12-l9,A,1.0.0,docs-05000,scan,q036,phrase,8,0,1090.564
2026-09-12-l9,B,2.0.0-alpha.7,docs-05000,scan,q036,phrase,8,0,1063.398
2026-09-12-l9,A,1.0.0,docs-05000,scan,q036,phrase,9,0,1004.334
2026-09-12-l9,B,2.0.0-alpha.7,docs-05000,scan,q036,phrase,9,0,1141.075
2026-09-12-l9,A,1.0.0,docs-05000,scan,q036,phrase,10,0,1013.260
2026-09-12-l9,B,2.0.0-alpha.7,docs-05000,scan,q036,phrase,10,0,1032.845
2026-09-12-l9,A,1.0.0,docs-05000,scan,q036,phrase,11,0,1017.640
2026-09-12-l9,B,2.0.0-alpha.7,docs-05000,scan,q036,phrase,11,0,1049.186
2026-09-12-l9,A,1.0.0,docs-05000,scan,q036,phrase,12,0,1092.685
2026-09-12-l9,B,2.0.0-alpha.7,docs-05000,scan,q036,phrase,12,0,1205.128
2026-09-12-l9,A,1.0.0,docs-05000,scan,q037,phrase,0,1,1054.150
2026-09-12-l9,B,2.0.0-alpha.7,docs-05000,scan,q037,phrase,0,1,1129.032
2026-09-12-l9,A,1.0.0,docs-05000,scan,q037,phrase,1,1,1084.108
2026-09-12-l9,B,2.0.0-alpha.7,docs-05000,scan,q037,phrase,1,1,1313.156
2026-09-12-l9,A,1.0.0,docs-05000,scan,q037,phrase,2,1,1087.520
2026-09-12-l9,B,2.0.0-alpha.7,docs-05000,scan,q037,phrase,2,1,1103.485
2026-09-12-l9,A,1.0.0,docs-05000,scan,q037,phrase,3,0,1058.213
2026-09-12-l9,B,2.0.0-alpha.7,docs-05000,scan,q037,phrase,3,0,1130.005
2026-09-12-l9,A,1.0.0,docs-05000,scan,q037,phrase,4,0,1079.906
2026-09-12-l9,B,2.0.0-alpha.7,docs-05000,scan,q037,phrase,4,0,1194.305
2026-09-12-l9,A,1.0.0,docs-05000,scan,q037,phrase,5,0,1052.163
2026-09-12-l9,B,2.0.0-alpha.7,docs-05000,scan,q037,phrase,5,0,1097.138
2026-09-12-l9,A,1.0.0,docs-05000,scan,q037,phrase,6,0,1057.856
2026-09-12-l9,B,2.0.0-alpha.7,docs-05000,scan,q037,phrase,6,0,1133.884
2026-09-12-l9,A,1.0.0,docs-05000,scan,q037,phrase,7,0,1057.702
2026-09-12-l9,B,2.0.0-alpha.7,docs-05000,scan,q037,phrase,7,0,1069.124
2026-09-12-l9,A,1.0.0,docs-05000,scan,q037,phrase,8,0,1040.125
2026-09-12-l9,B,2.0.0-alpha.7,docs-05000,scan,q037,phrase,8,0,1057.434
2026-09-12-l9,A,1.0.0,docs-05000,scan,q037,phrase,9,0,1065.666
2026-09-12-l9,B,2.0.0-alpha.7,docs-05000,scan,q037,phrase,9,0,1087.145
2026-09-12-l9,A,1.0.0,docs-05000,scan,q037,phrase,10,0,1084.494
2026-09-12-l9,B,2.0.0-alpha.7,docs-05000,scan,q037,phrase,10,0,1096.130
2026-09-12-l9,A,1.0.0,docs-05000,scan,q037,phrase,11,0,1042.387
2026-09-12-l9,B,2.0.0-alpha.7,docs-05000,scan,q037,phrase,11,0,1062.454
2026-09-12-l9,A,1.0.0,docs-05000,scan,q037,phrase,12,0,1056.548
2026-09-12-l9,B,2.0.0-alpha.7,docs-05000,scan,q037,phrase,12,0,1047.338
2026-09-12-l9,A,1.0.0,docs-05000,scan,q038,phrase,0,1,1201.062
2026-09-12-l9,B,2.0.0-alpha.7,docs-05000,scan,q038,phrase,0,1,1197.613
2026-09-12-l9,A,1.0.0,docs-05000,scan,q038,phrase,1,1,1059.242
2026-09-12-l9,B,2.0.0-alpha.7,docs-05000,scan,q038,phrase,1,1,1211.217
2026-09-12-l9,A,1.0.0,docs-05000,scan,q038,phrase,2,1,1085.623
2026-09-12-l9,B,2.0.0-alpha.7,docs-05000,scan,q038,phrase,2,1,1183.258
2026-09-12-l9,A,1.0.0,docs-05000,scan,q038,phrase,3,0,1063.009
2026-09-12-l9,B,2.0.0-alpha.7,docs-05000,scan,q038,phrase,3,0,1059.858
2026-09-12-l9,A,1.0.0,docs-05000,scan,q038,phrase,4,0,1085.757
2026-09-12-l9,B,2.0.0-alpha.7,docs-05000,scan,q038,phrase,4,0,1063.476
2026-09-12-l9,A,1.0.0,docs-05000,scan,q038,phrase,5,0,1065.252
2026-09-12-l9,B,2.0.0-alpha.7,docs-05000,scan,q038,phrase,5,0,1071.140
2026-09-12-l9,A,1.0.0,docs-05000,scan,q038,phrase,6,0,1047.574
2026-09-12-l9,B,2.0.0-alpha.7,docs-05000,scan,q038,phrase,6,0,1085.431
2026-09-12-l9,A,1.0.0,docs-05000,scan,q038,phrase,7,0,1108.272
2026-09-12-l9,B,2.0.0-alpha.7,docs-05000,scan,q038,phrase,7,0,1181.160
2026-09-12-l9,A,1.0.0,docs-05000,scan,q038,phrase,8,0,1179.116
2026-09-12-l9,B,2.0.0-alpha.7,docs-05000,scan,q038,phrase,8,0,1113.352
2026-09-12-l9,A,1.0.0,docs-05000,scan,q038,phrase,9,0,1141.728
2026-09-12-l9,B,2.0.0-alpha.7,docs-05000,scan,q038,phrase,9,0,1126.004
2026-09-12-l9,A,1.0.0,docs-05000,scan,q038,phrase,10,0,1071.406
2026-09-12-l9,B,2.0.0-alpha.7,docs-05000,scan,q038,phrase,10,0,1122.430
2026-09-12-l9,A,1.0.0,docs-05000,scan,q038,phrase,11,0,1069.131
2026-09-12-l9,B,2.0.0-alpha.7,docs-05000,scan,q038,phrase,11,0,1061.001
2026-09-12-l9,A,1.0.0,docs-05000,scan,q038,phrase,12,0,1050.553
2026-09-12-l9,B,2.0.0-alpha.7,docs-05000,scan,q038,phrase,12,0,1055.900
2026-09-12-l9,A,1.0.0,docs-05000,scan,q039,phrase,0,1,1082.935
2026-09-12-l9,B,2.0.0-alpha.7,docs-05000,scan,q039,phrase,0,1,1057.511
2026-09-12-l9,A,1.0.0,docs-05000,scan,q039,phrase,1,1,1011.319
2026-09-12-l9,B,2.0.0-alpha.7,docs-05000,scan,q039,phrase,1,1,1054.571
2026-09-12-l9,A,1.0.0,docs-05000,scan,q039,phrase,2,1,1009.914
2026-09-12-l9,B,2.0.0-alpha.7,docs-05000,scan,q039,phrase,2,1,1060.258
2026-09-12-l9,A,1.0.0,docs-05000,scan,q039,phrase,3,0,1016.787
2026-09-12-l9,B,2.0.0-alpha.7,docs-05000,scan,q039,phrase,3,0,1092.254
2026-09-12-l9,A,1.0.0,docs-05000,scan,q039,phrase,4,0,1051.632
2026-09-12-l9,B,2.0.0-alpha.7,docs-05000,scan,q039,phrase,4,0,1094.851
2026-09-12-l9,A,1.0.0,docs-05000,scan,q039,phrase,5,0,1085.247
2026-09-12-l9,B,2.0.0-alpha.7,docs-05000,scan,q039,phrase,5,0,1073.645
2026-09-12-l9,A,1.0.0,docs-05000,scan,q039,phrase,6,0,1038.416
2026-09-12-l9,B,2.0.0-alpha.7,docs-05000,scan,q039,phrase,6,0,1084.832
2026-09-12-l9,A,1.0.0,docs-05000,scan,q039,phrase,7,0,1053.006
2026-09-12-l9,B,2.0.0-alpha.7,docs-05000,scan,q039,phrase,7,0,1081.011
2026-09-12-l9,A,1.0.0,docs-05000,scan,q039,phrase,8,0,1069.945
2026-09-12-l9,B,2.0.0-alpha.7,docs-05000,scan,q039,phrase,8,0,1096.117
2026-09-12-l9,A,1.0.0,docs-05000,scan,q039,phrase,9,0,1178.534
2026-09-12-l9,B,2.0.0-alpha.7,docs-05000,scan,q039,phrase,9,0,1411.452
2026-09-12-l9,A,1.0.0,docs-05000,scan,q039,phrase,10,0,1452.969
2026-09-12-l9,B,2.0.0-alpha.7,docs-05000,scan,q039,phrase,10,0,1176.649
2026-09-12-l9,A,1.0.0,docs-05000,scan,q039,phrase,11,0,1122.295
2026-09-12-l9,B,2.0.0-alpha.7,docs-05000,scan,q039,phrase,11,0,1183.064
2026-09-12-l9,A,1.0.0,docs-05000,scan,q039,phrase,12,0,1142.235
2026-09-12-l9,B,2.0.0-alpha.7,docs-05000,scan,q039,phrase,12,0,1139.040
2026-09-12-l9,A,1.0.0,docs-05000,scan,q040,phrase,0,1,1070.994
2026-09-12-l9,B,2.0.0-alpha.7,docs-05000,scan,q040,phrase,0,1,1102.814
2026-09-12-l9,A,1.0.0,docs-05000,scan,q040,phrase,1,1,1107.645
2026-09-12-l9,B,2.0.0-alpha.7,docs-05000,scan,q040,phrase,1,1,1141.655
2026-09-12-l9,A,1.0.0,docs-05000,scan,q040,phrase,2,1,1092.162
2026-09-12-l9,B,2.0.0-alpha.7,docs-05000,scan,q040,phrase,2,1,1124.084
2026-09-12-l9,A,1.0.0,docs-05000,scan,q040,phrase,3,0,1074.667
2026-09-12-l9,B,2.0.0-alpha.7,docs-05000,scan,q040,phrase,3,0,1064.966
2026-09-12-l9,A,1.0.0,docs-05000,scan,q040,phrase,4,0,1056.674
2026-09-12-l9,B,2.0.0-alpha.7,docs-05000,scan,q040,phrase,4,0,1204.573
2026-09-12-l9,A,1.0.0,docs-05000,scan,q040,phrase,5,0,1080.814
2026-09-12-l9,B,2.0.0-alpha.7,docs-05000,scan,q040,phrase,5,0,1151.627
2026-09-12-l9,A,1.0.0,docs-05000,scan,q040,phrase,6,0,1072.673
2026-09-12-l9,B,2.0.0-alpha.7,docs-05000,scan,q040,phrase,6,0,1099.199
2026-09-12-l9,A,1.0.0,docs-05000,scan,q040,phrase,7,0,1065.047
2026-09-12-l9,B,2.0.0-alpha.7,docs-05000,scan,q040,phrase,7,0,1079.654
2026-09-12-l9,A,1.0.0,docs-05000,scan,q040,phrase,8,0,1040.708
2026-09-12-l9,B,2.0.0-alpha.7,docs-05000,scan,q040,phrase,8,0,1087.855
2026-09-12-l9,A,1.0.0,docs-05000,scan,q040,phrase,9,0,1041.925
2026-09-12-l9,B,2.0.0-alpha.7,docs-05000,scan,q040,phrase,9,0,1109.044
2026-09-12-l9,A,1.0.0,docs-05000,scan,q040,phrase,10,0,1046.775
2026-09-12-l9,B,2.0.0-alpha.7,docs-05000,scan,q040,phrase,10,0,1080.115
2026-09-12-l9,A,1.0.0,docs-05000,scan,q040,phrase,11,0,1013.063
2026-09-12-l9,B,2.0.0-alpha.7,docs-05000,scan,q040,phrase,11,0,1092.618
2026-09-12-l9,A,1.0.0,docs-05000,scan,q040,phrase,12,0,1022.138
2026-09-12-l9,B,2.0.0-alpha.7,docs-05000,scan,q040,phrase,12,0,1042.350
2026-09-12-l9,A,1.0.0,docs-05000,scan,q041,phrase,0,1,1026.583
2026-09-12-l9,B,2.0.0-alpha.7,docs-05000,scan,q041,phrase,0,1,1090.515
2026-09-12-l9,A,1.0.0,docs-05000,scan,q041,phrase,1,1,1026.727
2026-09-12-l9,B,2.0.0-alpha.7,docs-05000,scan,q041,phrase,1,1,1104.688
2026-09-12-l9,A,1.0.0,docs-05000,scan,q041,phrase,2,1,1133.401
2026-09-12-l9,B,2.0.0-alpha.7,docs-05000,scan,q041,phrase,2,1,1113.426
2026-09-12-l9,A,1.0.0,docs-05000,scan,q041,phrase,3,0,1200.853
2026-09-12-l9,B,2.0.0-alpha.7,docs-05000,scan,q041,phrase,3,0,1210.310
2026-09-12-l9,A,1.0.0,docs-05000,scan,q041,phrase,4,0,1154.578
2026-09-12-l9,B,2.0.0-alpha.7,docs-05000,scan,q041,phrase,4,0,1188.653
2026-09-12-l9,A,1.0.0,docs-05000,scan,q041,phrase,5,0,1151.951
2026-09-12-l9,B,2.0.0-alpha.7,docs-05000,scan,q041,phrase,5,0,1183.119
2026-09-12-l9,A,1.0.0,docs-05000,scan,q041,phrase,6,0,1095.250
2026-09-12-l9,B,2.0.0-alpha.7,docs-05000,scan,q041,phrase,6,0,1218.465
2026-09-12-l9,A,1.0.0,docs-05000,scan,q041,phrase,7,0,1093.242
2026-09-12-l9,B,2.0.0-alpha.7,docs-05000,scan,q041,phrase,7,0,1107.517
2026-09-12-l9,A,1.0.0,docs-05000,scan,q041,phrase,8,0,1073.025
2026-09-12-l9,B,2.0.0-alpha.7,docs-05000,scan,q041,phrase,8,0,1173.184
2026-09-12-l9,A,1.0.0,docs-05000,scan,q041,phrase,9,0,1058.180
2026-09-12-l9,B,2.0.0-alpha.7,docs-05000,scan,q041,phrase,9,0,1168.889
2026-09-12-l9,A,1.0.0,docs-05000,scan,q041,phrase,10,0,1138.866
2026-09-12-l9,B,2.0.0-alpha.7,docs-05000,scan,q041,phrase,10,0,1141.402
2026-09-12-l9,A,1.0.0,docs-05000,scan,q041,phrase,11,0,1065.134
2026-09-12-l9,B,2.0.0-alpha.7,docs-05000,scan,q041,phrase,11,0,1106.672
2026-09-12-l9,A,1.0.0,docs-05000,scan,q041,phrase,12,0,1632.358
2026-09-12-l9,B,2.0.0-alpha.7,docs-05000,scan,q041,phrase,12,0,1603.035
2026-09-12-l9,A,1.0.0,docs-05000,scan,q042,phrase,0,1,1379.449
2026-09-12-l9,B,2.0.0-alpha.7,docs-05000,scan,q042,phrase,0,1,1397.230
2026-09-12-l9,A,1.0.0,docs-05000,scan,q042,phrase,1,1,1156.127
2026-09-12-l9,B,2.0.0-alpha.7,docs-05000,scan,q042,phrase,1,1,1070.507
2026-09-12-l9,A,1.0.0,docs-05000,scan,q042,phrase,2,1,1067.215
2026-09-12-l9,B,2.0.0-alpha.7,docs-05000,scan,q042,phrase,2,1,1054.823
2026-09-12-l9,A,1.0.0,docs-05000,scan,q042,phrase,3,0,1133.525
2026-09-12-l9,B,2.0.0-alpha.7,docs-05000,scan,q042,phrase,3,0,1102.208
2026-09-12-l9,A,1.0.0,docs-05000,scan,q042,phrase,4,0,1106.941
2026-09-12-l9,B,2.0.0-alpha.7,docs-05000,scan,q042,phrase,4,0,1124.863
2026-09-12-l9,A,1.0.0,docs-05000,scan,q042,phrase,5,0,1099.974
2026-09-12-l9,B,2.0.0-alpha.7,docs-05000,scan,q042,phrase,5,0,1061.512
2026-09-12-l9,A,1.0.0,docs-05000,scan,q042,phrase,6,0,1170.637
2026-09-12-l9,B,2.0.0-alpha.7,docs-05000,scan,q042,phrase,6,0,1099.752
2026-09-12-l9,A,1.0.0,docs-05000,scan,q042,phrase,7,0,1076.029
2026-09-12-l9,B,2.0.0-alpha.7,docs-05000,scan,q042,phrase,7,0,1064.572
2026-09-12-l9,A,1.0.0,docs-05000,scan,q042,phrase,8,0,1054.530
2026-09-12-l9,B,2.0.0-alpha.7,docs-05000,scan,q042,phrase,8,0,1044.993
2026-09-12-l9,A,1.0.0,docs-05000,scan,q042,phrase,9,0,1040.439
2026-09-12-l9,B,2.0.0-alpha.7,docs-05000,scan,q042,phrase,9,0,1066.498
2026-09-12-l9,A,1.0.0,docs-05000,scan,q042,phrase,10,0,1064.554
2026-09-12-l9,B,2.0.0-alpha.7,docs-05000,scan,q042,phrase,10,0,1044.585
2026-09-12-l9,A,1.0.0,docs-05000,scan,q042,phrase,11,0,1032.524
2026-09-12-l9,B,2.0.0-alpha.7,docs-05000,scan,q042,phrase,11,0,1063.416
2026-09-12-l9,A,1.0.0,docs-05000,scan,q042,phrase,12,0,1049.889
2026-09-12-l9,B,2.0.0-alpha.7,docs-05000,scan,q042,phrase,12,0,1043.633
2026-09-12-l9,A,1.0.0,docs-05000,scan,q043,natural,0,1,1057.846
2026-09-12-l9,B,2.0.0-alpha.7,docs-05000,scan,q043,natural,0,1,1088.404
2026-09-12-l9,A,1.0.0,docs-05000,scan,q043,natural,1,1,1119.479
2026-09-12-l9,B,2.0.0-alpha.7,docs-05000,scan,q043,natural,1,1,1130.659
2026-09-12-l9,A,1.0.0,docs-05000,scan,q043,natural,2,1,1091.949
2026-09-12-l9,B,2.0.0-alpha.7,docs-05000,scan,q043,natural,2,1,1093.376
2026-09-12-l9,A,1.0.0,docs-05000,scan,q043,natural,3,0,1076.022
2026-09-12-l9,B,2.0.0-alpha.7,docs-05000,scan,q043,natural,3,0,1134.693
2026-09-12-l9,A,1.0.0,docs-05000,scan,q043,natural,4,0,1101.829
2026-09-12-l9,B,2.0.0-alpha.7,docs-05000,scan,q043,natural,4,0,1082.087
2026-09-12-l9,A,1.0.0,docs-05000,scan,q043,natural,5,0,1085.598
2026-09-12-l9,B,2.0.0-alpha.7,docs-05000,scan,q043,natural,5,0,1133.463
2026-09-12-l9,A,1.0.0,docs-05000,scan,q043,natural,6,0,1095.293
2026-09-12-l9,B,2.0.0-alpha.7,docs-05000,scan,q043,natural,6,0,1089.479
2026-09-12-l9,A,1.0.0,docs-05000,scan,q043,natural,7,0,1068.680
2026-09-12-l9,B,2.0.0-alpha.7,docs-05000,scan,q043,natural,7,0,1094.909
2026-09-12-l9,A,1.0.0,docs-05000,scan,q043,natural,8,0,1106.208
2026-09-12-l9,B,2.0.0-alpha.7,docs-05000,scan,q043,natural,8,0,1122.685
2026-09-12-l9,A,1.0.0,docs-05000,scan,q043,natural,9,0,1082.505
2026-09-12-l9,B,2.0.0-alpha.7,docs-05000,scan,q043,natural,9,0,1083.337
2026-09-12-l9,A,1.0.0,docs-05000,scan,q043,natural,10,0,1066.403
2026-09-12-l9,B,2.0.0-alpha.7,docs-05000,scan,q043,natural,10,0,1110.939
2026-09-12-l9,A,1.0.0,docs-05000,scan,q043,natural,11,0,1090.868
2026-09-12-l9,B,2.0.0-alpha.7,docs-05000,scan,q043,natural,11,0,1113.272
2026-09-12-l9,A,1.0.0,docs-05000,scan,q043,natural,12,0,1090.091
2026-09-12-l9,B,2.0.0-alpha.7,docs-05000,scan,q043,natural,12,0,1084.361
2026-09-12-l9,A,1.0.0,docs-05000,scan,q044,natural,0,1,1113.895
2026-09-12-l9,B,2.0.0-alpha.7,docs-05000,scan,q044,natural,0,1,1234.168
2026-09-12-l9,A,1.0.0,docs-05000,scan,q044,natural,1,1,1203.708
2026-09-12-l9,B,2.0.0-alpha.7,docs-05000,scan,q044,natural,1,1,1087.260
2026-09-12-l9,A,1.0.0,docs-05000,scan,q044,natural,2,1,1154.020
2026-09-12-l9,B,2.0.0-alpha.7,docs-05000,scan,q044,natural,2,1,1241.656
2026-09-12-l9,A,1.0.0,docs-05000,scan,q044,natural,3,0,1428.611
2026-09-12-l9,B,2.0.0-alpha.7,docs-05000,scan,q044,natural,3,0,1255.024
2026-09-12-l9,A,1.0.0,docs-05000,scan,q044,natural,4,0,1280.861
2026-09-12-l9,B,2.0.0-alpha.7,docs-05000,scan,q044,natural,4,0,1267.022
2026-09-12-l9,A,1.0.0,docs-05000,scan,q044,natural,5,0,1286.294
2026-09-12-l9,B,2.0.0-alpha.7,docs-05000,scan,q044,natural,5,0,1285.181
2026-09-12-l9,A,1.0.0,docs-05000,scan,q044,natural,6,0,1241.272
2026-09-12-l9,B,2.0.0-alpha.7,docs-05000,scan,q044,natural,6,0,1266.257
2026-09-12-l9,A,1.0.0,docs-05000,scan,q044,natural,7,0,1250.410
2026-09-12-l9,B,2.0.0-alpha.7,docs-05000,scan,q044,natural,7,0,1248.838
2026-09-12-l9,A,1.0.0,docs-05000,scan,q044,natural,8,0,1253.728
2026-09-12-l9,B,2.0.0-alpha.7,docs-05000,scan,q044,natural,8,0,1249.114
2026-09-12-l9,A,1.0.0,docs-05000,scan,q044,natural,9,0,1193.376
2026-09-12-l9,B,2.0.0-alpha.7,docs-05000,scan,q044,natural,9,0,1146.123
2026-09-12-l9,A,1.0.0,docs-05000,scan,q044,natural,10,0,1183.401
2026-09-12-l9,B,2.0.0-alpha.7,docs-05000,scan,q044,natural,10,0,1128.716
2026-09-12-l9,A,1.0.0,docs-05000,scan,q044,natural,11,0,1095.047
2026-09-12-l9,B,2.0.0-alpha.7,docs-05000,scan,q044,natural,11,0,1096.210
2026-09-12-l9,A,1.0.0,docs-05000,scan,q044,natural,12,0,1098.569
2026-09-12-l9,B,2.0.0-alpha.7,docs-05000,scan,q044,natural,12,0,1120.405
2026-09-12-l9,A,1.0.0,docs-05000,scan,q045,natural,0,1,1182.481
2026-09-12-l9,B,2.0.0-alpha.7,docs-05000,scan,q045,natural,0,1,1156.753
2026-09-12-l9,A,1.0.0,docs-05000,scan,q045,natural,1,1,1106.894
2026-09-12-l9,B,2.0.0-alpha.7,docs-05000,scan,q045,natural,1,1,1138.526
2026-09-12-l9,A,1.0.0,docs-05000,scan,q045,natural,2,1,1114.147
2026-09-12-l9,B,2.0.0-alpha.7,docs-05000,scan,q045,natural,2,1,1114.812
2026-09-12-l9,A,1.0.0,docs-05000,scan,q045,natural,3,0,1106.219
2026-09-12-l9,B,2.0.0-alpha.7,docs-05000,scan,q045,natural,3,0,1127.638
2026-09-12-l9,A,1.0.0,docs-05000,scan,q045,natural,4,0,1076.297
2026-09-12-l9,B,2.0.0-alpha.7,docs-05000,scan,q045,natural,4,0,1125.021
2026-09-12-l9,A,1.0.0,docs-05000,scan,q045,natural,5,0,1103.917
2026-09-12-l9,B,2.0.0-alpha.7,docs-05000,scan,q045,natural,5,0,1138.836
2026-09-12-l9,A,1.0.0,docs-05000,scan,q045,natural,6,0,1078.307
2026-09-12-l9,B,2.0.0-alpha.7,docs-05000,scan,q045,natural,6,0,1201.229
2026-09-12-l9,A,1.0.0,docs-05000,scan,q045,natural,7,0,1175.638
2026-09-12-l9,B,2.0.0-alpha.7,docs-05000,scan,q045,natural,7,0,1115.243
2026-09-12-l9,A,1.0.0,docs-05000,scan,q045,natural,8,0,1079.014
2026-09-12-l9,B,2.0.0-alpha.7,docs-05000,scan,q045,natural,8,0,1135.458
2026-09-12-l9,A,1.0.0,docs-05000,scan,q045,natural,9,0,1206.025
2026-09-12-l9,B,2.0.0-alpha.7,docs-05000,scan,q045,natural,9,0,1330.343
2026-09-12-l9,A,1.0.0,docs-05000,scan,q045,natural,10,0,1151.454
2026-09-12-l9,B,2.0.0-alpha.7,docs-05000,scan,q045,natural,10,0,1239.997
2026-09-12-l9,A,1.0.0,docs-05000,scan,q045,natural,11,0,1192.562
2026-09-12-l9,B,2.0.0-alpha.7,docs-05000,scan,q045,natural,11,0,1215.315
2026-09-12-l9,A,1.0.0,docs-05000,scan,q045,natural,12,0,1210.217
2026-09-12-l9,B,2.0.0-alpha.7,docs-05000,scan,q045,natural,12,0,1282.667
2026-09-12-l9,A,1.0.0,docs-05000,scan,q046,natural,0,1,1228.800
2026-09-12-l9,B,2.0.0-alpha.7,docs-05000,scan,q046,natural,0,1,1225.298
2026-09-12-l9,A,1.0.0,docs-05000,scan,q046,natural,1,1,1165.431
2026-09-12-l9,B,2.0.0-alpha.7,docs-05000,scan,q046,natural,1,1,1218.189
2026-09-12-l9,A,1.0.0,docs-05000,scan,q046,natural,2,1,1182.296
2026-09-12-l9,B,2.0.0-alpha.7,docs-05000,scan,q046,natural,2,1,1149.414
2026-09-12-l9,A,1.0.0,docs-05000,scan,q046,natural,3,0,1133.002
2026-09-12-l9,B,2.0.0-alpha.7,docs-05000,scan,q046,natural,3,0,1093.119
2026-09-12-l9,A,1.0.0,docs-05000,scan,q046,natural,4,0,1081.818
2026-09-12-l9,B,2.0.0-alpha.7,docs-05000,scan,q046,natural,4,0,1096.492
2026-09-12-l9,A,1.0.0,docs-05000,scan,q046,natural,5,0,1055.766
2026-09-12-l9,B,2.0.0-alpha.7,docs-05000,scan,q046,natural,5,0,1079.947
2026-09-12-l9,A,1.0.0,docs-05000,scan,q046,natural,6,0,1058.709
2026-09-12-l9,B,2.0.0-alpha.7,docs-05000,scan,q046,natural,6,0,1101.502
2026-09-12-l9,A,1.0.0,docs-05000,scan,q046,natural,7,0,1091.540
2026-09-12-l9,B,2.0.0-alpha.7,docs-05000,scan,q046,natural,7,0,1077.968
2026-09-12-l9,A,1.0.0,docs-05000,scan,q046,natural,8,0,1057.901
2026-09-12-l9,B,2.0.0-alpha.7,docs-05000,scan,q046,natural,8,0,1114.729
2026-09-12-l9,A,1.0.0,docs-05000,scan,q046,natural,9,0,1074.248
2026-09-12-l9,B,2.0.0-alpha.7,docs-05000,scan,q046,natural,9,0,1100.401
2026-09-12-l9,A,1.0.0,docs-05000,scan,q046,natural,10,0,1063.668
2026-09-12-l9,B,2.0.0-alpha.7,docs-05000,scan,q046,natural,10,0,1079.564
2026-09-12-l9,A,1.0.0,docs-05000,scan,q046,natural,11,0,1067.533
2026-09-12-l9,B,2.0.0-alpha.7,docs-05000,scan,q046,natural,11,0,1065.284
2026-09-12-l9,A,1.0.0,docs-05000,scan,q046,natural,12,0,1054.006
2026-09-12-l9,B,2.0.0-alpha.7,docs-05000,scan,q046,natural,12,0,1082.954
2026-09-12-l9,A,1.0.0,docs-05000,scan,q047,natural,0,1,1104.425
2026-09-12-l9,B,2.0.0-alpha.7,docs-05000,scan,q047,natural,0,1,1101.560
2026-09-12-l9,A,1.0.0,docs-05000,scan,q047,natural,1,1,1086.143
2026-09-12-l9,B,2.0.0-alpha.7,docs-05000,scan,q047,natural,1,1,1261.133
2026-09-12-l9,A,1.0.0,docs-05000,scan,q047,natural,2,1,1208.128
2026-09-12-l9,B,2.0.0-alpha.7,docs-05000,scan,q047,natural,2,1,1163.557
2026-09-12-l9,A,1.0.0,docs-05000,scan,q047,natural,3,0,1095.721
2026-09-12-l9,B,2.0.0-alpha.7,docs-05000,scan,q047,natural,3,0,1111.619
2026-09-12-l9,A,1.0.0,docs-05000,scan,q047,natural,4,0,1080.072
2026-09-12-l9,B,2.0.0-alpha.7,docs-05000,scan,q047,natural,4,0,1117.944
2026-09-12-l9,A,1.0.0,docs-05000,scan,q047,natural,5,0,1096.025
2026-09-12-l9,B,2.0.0-alpha.7,docs-05000,scan,q047,natural,5,0,1103.587
2026-09-12-l9,A,1.0.0,docs-05000,scan,q047,natural,6,0,1056.313
2026-09-12-l9,B,2.0.0-alpha.7,docs-05000,scan,q047,natural,6,0,1087.247
2026-09-12-l9,A,1.0.0,docs-05000,scan,q047,natural,7,0,1074.209
2026-09-12-l9,B,2.0.0-alpha.7,docs-05000,scan,q047,natural,7,0,1097.554
2026-09-12-l9,A,1.0.0,docs-05000,scan,q047,natural,8,0,1063.491
2026-09-12-l9,B,2.0.0-alpha.7,docs-05000,scan,q047,natural,8,0,1103.209
2026-09-12-l9,A,1.0.0,docs-05000,scan,q047,natural,9,0,1078.822
2026-09-12-l9,B,2.0.0-alpha.7,docs-05000,scan,q047,natural,9,0,1101.700
2026-09-12-l9,A,1.0.0,docs-05000,scan,q047,natural,10,0,1058.681
2026-09-12-l9,B,2.0.0-alpha.7,docs-05000,scan,q047,natural,10,0,1109.325
2026-09-12-l9,A,1.0.0,docs-05000,scan,q047,natural,11,0,1182.245
2026-09-12-l9,B,2.0.0-alpha.7,docs-05000,scan,q047,natural,11,0,1200.203
2026-09-12-l9,A,1.0.0,docs-05000,scan,q047,natural,12,0,1153.752
2026-09-12-l9,B,2.0.0-alpha.7,docs-05000,scan,q047,natural,12,0,1123.984
2026-09-12-l9,A,1.0.0,docs-05000,scan,q048,natural,0,1,1083.445
2026-09-12-l9,B,2.0.0-alpha.7,docs-05000,scan,q048,natural,0,1,1079.085
2026-09-12-l9,A,1.0.0,docs-05000,scan,q048,natural,1,1,1098.198
2026-09-12-l9,B,2.0.0-alpha.7,docs-05000,scan,q048,natural,1,1,1091.650
2026-09-12-l9,A,1.0.0,docs-05000,scan,q048,natural,2,1,1102.089
2026-09-12-l9,B,2.0.0-alpha.7,docs-05000,scan,q048,natural,2,1,1083.392
2026-09-12-l9,A,1.0.0,docs-05000,scan,q048,natural,3,0,1094.673
2026-09-12-l9,B,2.0.0-alpha.7,docs-05000,scan,q048,natural,3,0,1087.429
2026-09-12-l9,A,1.0.0,docs-05000,scan,q048,natural,4,0,1120.215
2026-09-12-l9,B,2.0.0-alpha.7,docs-05000,scan,q048,natural,4,0,1111.238
2026-09-12-l9,A,1.0.0,docs-05000,scan,q048,natural,5,0,1064.258
2026-09-12-l9,B,2.0.0-alpha.7,docs-05000,scan,q048,natural,5,0,1080.870
2026-09-12-l9,A,1.0.0,docs-05000,scan,q048,natural,6,0,1086.239
2026-09-12-l9,B,2.0.0-alpha.7,docs-05000,scan,q048,natural,6,0,1084.168
2026-09-12-l9,A,1.0.0,docs-05000,scan,q048,natural,7,0,1085.588
2026-09-12-l9,B,2.0.0-alpha.7,docs-05000,scan,q048,natural,7,0,1128.744
2026-09-12-l9,A,1.0.0,docs-05000,scan,q048,natural,8,0,1139.020
2026-09-12-l9,B,2.0.0-alpha.7,docs-05000,scan,q048,natural,8,0,1126.520
2026-09-12-l9,A,1.0.0,docs-05000,scan,q048,natural,9,0,1088.640
2026-09-12-l9,B,2.0.0-alpha.7,docs-05000,scan,q048,natural,9,0,1091.793
2026-09-12-l9,A,1.0.0,docs-05000,scan,q048,natural,10,0,1062.134
2026-09-12-l9,B,2.0.0-alpha.7,docs-05000,scan,q048,natural,10,0,1074.846
2026-09-12-l9,A,1.0.0,docs-05000,scan,q048,natural,11,0,1062.663
2026-09-12-l9,B,2.0.0-alpha.7,docs-05000,scan,q048,natural,11,0,1118.317
2026-09-12-l9,A,1.0.0,docs-05000,scan,q048,natural,12,0,1105.587
2026-09-12-l9,B,2.0.0-alpha.7,docs-05000,scan,q048,natural,12,0,1127.262
2026-09-12-l9,A,1.0.0,docs-05000,scan,q049,natural,0,1,1055.915
2026-09-12-l9,B,2.0.0-alpha.7,docs-05000,scan,q049,natural,0,1,1111.034
2026-09-12-l9,A,1.0.0,docs-05000,scan,q049,natural,1,1,1077.304
2026-09-12-l9,B,2.0.0-alpha.7,docs-05000,scan,q049,natural,1,1,1096.999
2026-09-12-l9,A,1.0.0,docs-05000,scan,q049,natural,2,1,1078.284
2026-09-12-l9,B,2.0.0-alpha.7,docs-05000,scan,q049,natural,2,1,1190.942
2026-09-12-l9,A,1.0.0,docs-05000,scan,q049,natural,3,0,1131.666
2026-09-12-l9,B,2.0.0-alpha.7,docs-05000,scan,q049,natural,3,0,1598.528
2026-09-12-l9,A,1.0.0,docs-05000,scan,q049,natural,4,0,1303.195
2026-09-12-l9,B,2.0.0-alpha.7,docs-05000,scan,q049,natural,4,0,1149.519
2026-09-12-l9,A,1.0.0,docs-05000,scan,q049,natural,5,0,1062.517
2026-09-12-l9,B,2.0.0-alpha.7,docs-05000,scan,q049,natural,5,0,1105.961
2026-09-12-l9,A,1.0.0,docs-05000,scan,q049,natural,6,0,1064.931
2026-09-12-l9,B,2.0.0-alpha.7,docs-05000,scan,q049,natural,6,0,1148.695
2026-09-12-l9,A,1.0.0,docs-05000,scan,q049,natural,7,0,1057.462
2026-09-12-l9,B,2.0.0-alpha.7,docs-05000,scan,q049,natural,7,0,1156.746
2026-09-12-l9,A,1.0.0,docs-05000,scan,q049,natural,8,0,1061.447
2026-09-12-l9,B,2.0.0-alpha.7,docs-05000,scan,q049,natural,8,0,1086.715
2026-09-12-l9,A,1.0.0,docs-05000,scan,q049,natural,9,0,1048.872
2026-09-12-l9,B,2.0.0-alpha.7,docs-05000,scan,q049,natural,9,0,1092.586
2026-09-12-l9,A,1.0.0,docs-05000,scan,q049,natural,10,0,1078.550
2026-09-12-l9,B,2.0.0-alpha.7,docs-05000,scan,q049,natural,10,0,1088.811
2026-09-12-l9,A,1.0.0,docs-05000,scan,q049,natural,11,0,1111.296
2026-09-12-l9,B,2.0.0-alpha.7,docs-05000,scan,q049,natural,11,0,1144.254
2026-09-12-l9,A,1.0.0,docs-05000,scan,q049,natural,12,0,1113.249
2026-09-12-l9,B,2.0.0-alpha.7,docs-05000,scan,q049,natural,12,0,1105.683
2026-09-12-l9,A,1.0.0,docs-05000,scan,q050,natural,0,1,1083.475
2026-09-12-l9,B,2.0.0-alpha.7,docs-05000,scan,q050,natural,0,1,1151.383
2026-09-12-l9,A,1.0.0,docs-05000,scan,q050,natural,1,1,1100.478
2026-09-12-l9,B,2.0.0-alpha.7,docs-05000,scan,q050,natural,1,1,1143.464
2026-09-12-l9,A,1.0.0,docs-05000,scan,q050,natural,2,1,1145.006
2026-09-12-l9,B,2.0.0-alpha.7,docs-05000,scan,q050,natural,2,1,1164.870
2026-09-12-l9,A,1.0.0,docs-05000,scan,q050,natural,3,0,1138.836
2026-09-12-l9,B,2.0.0-alpha.7,docs-05000,scan,q050,natural,3,0,1246.403
2026-09-12-l9,A,1.0.0,docs-05000,scan,q050,natural,4,0,1181.465
2026-09-12-l9,B,2.0.0-alpha.7,docs-05000,scan,q050,natural,4,0,1311.968
2026-09-12-l9,A,1.0.0,docs-05000,scan,q050,natural,5,0,1252.339
2026-09-12-l9,B,2.0.0-alpha.7,docs-05000,scan,q050,natural,5,0,1284.423
2026-09-12-l9,A,1.0.0,docs-05000,scan,q050,natural,6,0,1162.429
2026-09-12-l9,B,2.0.0-alpha.7,docs-05000,scan,q050,natural,6,0,1193.364
2026-09-12-l9,A,1.0.0,docs-05000,scan,q050,natural,7,0,1128.455
2026-09-12-l9,B,2.0.0-alpha.7,docs-05000,scan,q050,natural,7,0,1247.171
2026-09-12-l9,A,1.0.0,docs-05000,scan,q050,natural,8,0,1175.457
2026-09-12-l9,B,2.0.0-alpha.7,docs-05000,scan,q050,natural,8,0,1211.549
2026-09-12-l9,A,1.0.0,docs-05000,scan,q050,natural,9,0,1158.407
2026-09-12-l9,B,2.0.0-alpha.7,docs-05000,scan,q050,natural,9,0,1222.195
2026-09-12-l9,A,1.0.0,docs-05000,scan,q050,natural,10,0,1180.005
2026-09-12-l9,B,2.0.0-alpha.7,docs-05000,scan,q050,natural,10,0,1198.024
2026-09-12-l9,A,1.0.0,docs-05000,scan,q050,natural,11,0,1226.066
2026-09-12-l9,B,2.0.0-alpha.7,docs-05000,scan,q050,natural,11,0,1224.553
2026-09-12-l9,A,1.0.0,docs-05000,scan,q050,natural,12,0,1215.209
2026-09-12-l9,B,2.0.0-alpha.7,docs-05000,scan,q050,natural,12,0,1222.911
2026-09-12-l9,A,1.0.0,docs-05000,scan,q051,domain,0,1,243.815
2026-09-12-l9,B,2.0.0-alpha.7,docs-05000,scan,q051,domain,0,1,317.077
2026-09-12-l9,A,1.0.0,docs-05000,scan,q051,domain,1,1,246.777
2026-09-12-l9,B,2.0.0-alpha.7,docs-05000,scan,q051,domain,1,1,311.405
2026-09-12-l9,A,1.0.0,docs-05000,scan,q051,domain,2,1,237.048
2026-09-12-l9,B,2.0.0-alpha.7,docs-05000,scan,q051,domain,2,1,310.720
2026-09-12-l9,A,1.0.0,docs-05000,scan,q051,domain,3,0,234.070
2026-09-12-l9,B,2.0.0-alpha.7,docs-05000,scan,q051,domain,3,0,337.462
2026-09-12-l9,A,1.0.0,docs-05000,scan,q051,domain,4,0,247.158
2026-09-12-l9,B,2.0.0-alpha.7,docs-05000,scan,q051,domain,4,0,338.014
2026-09-12-l9,A,1.0.0,docs-05000,scan,q051,domain,5,0,257.906
2026-09-12-l9,B,2.0.0-alpha.7,docs-05000,scan,q051,domain,5,0,319.082
2026-09-12-l9,A,1.0.0,docs-05000,scan,q051,domain,6,0,242.710
2026-09-12-l9,B,2.0.0-alpha.7,docs-05000,scan,q051,domain,6,0,309.690
2026-09-12-l9,A,1.0.0,docs-05000,scan,q051,domain,7,0,264.759
2026-09-12-l9,B,2.0.0-alpha.7,docs-05000,scan,q051,domain,7,0,318.599
2026-09-12-l9,A,1.0.0,docs-05000,scan,q051,domain,8,0,242.238
2026-09-12-l9,B,2.0.0-alpha.7,docs-05000,scan,q051,domain,8,0,309.144
2026-09-12-l9,A,1.0.0,docs-05000,scan,q051,domain,9,0,240.281
2026-09-12-l9,B,2.0.0-alpha.7,docs-05000,scan,q051,domain,9,0,324.753
2026-09-12-l9,A,1.0.0,docs-05000,scan,q051,domain,10,0,244.420
2026-09-12-l9,B,2.0.0-alpha.7,docs-05000,scan,q051,domain,10,0,316.035
2026-09-12-l9,A,1.0.0,docs-05000,scan,q051,domain,11,0,239.257
2026-09-12-l9,B,2.0.0-alpha.7,docs-05000,scan,q051,domain,11,0,316.079
2026-09-12-l9,A,1.0.0,docs-05000,scan,q051,domain,12,0,242.219
2026-09-12-l9,B,2.0.0-alpha.7,docs-05000,scan,q051,domain,12,0,310.495
2026-09-12-l9,A,1.0.0,docs-05000,scan,q052,domain,0,1,236.543
2026-09-12-l9,B,2.0.0-alpha.7,docs-05000,scan,q052,domain,0,1,313.961
2026-09-12-l9,A,1.0.0,docs-05000,scan,q052,domain,1,1,234.310
2026-09-12-l9,B,2.0.0-alpha.7,docs-05000,scan,q052,domain,1,1,308.647
2026-09-12-l9,A,1.0.0,docs-05000,scan,q052,domain,2,1,238.426
2026-09-12-l9,B,2.0.0-alpha.7,docs-05000,scan,q052,domain,2,1,325.213
2026-09-12-l9,A,1.0.0,docs-05000,scan,q052,domain,3,0,262.462
2026-09-12-l9,B,2.0.0-alpha.7,docs-05000,scan,q052,domain,3,0,360.491
2026-09-12-l9,A,1.0.0,docs-05000,scan,q052,domain,4,0,254.612
2026-09-12-l9,B,2.0.0-alpha.7,docs-05000,scan,q052,domain,4,0,327.189
2026-09-12-l9,A,1.0.0,docs-05000,scan,q052,domain,5,0,266.509
2026-09-12-l9,B,2.0.0-alpha.7,docs-05000,scan,q052,domain,5,0,361.881
2026-09-12-l9,A,1.0.0,docs-05000,scan,q052,domain,6,0,253.256
2026-09-12-l9,B,2.0.0-alpha.7,docs-05000,scan,q052,domain,6,0,351.906
2026-09-12-l9,A,1.0.0,docs-05000,scan,q052,domain,7,0,273.900
2026-09-12-l9,B,2.0.0-alpha.7,docs-05000,scan,q052,domain,7,0,402.778
2026-09-12-l9,A,1.0.0,docs-05000,scan,q052,domain,8,0,334.081
2026-09-12-l9,B,2.0.0-alpha.7,docs-05000,scan,q052,domain,8,0,362.270
2026-09-12-l9,A,1.0.0,docs-05000,scan,q052,domain,9,0,290.307
2026-09-12-l9,B,2.0.0-alpha.7,docs-05000,scan,q052,domain,9,0,331.785
2026-09-12-l9,A,1.0.0,docs-05000,scan,q052,domain,10,0,246.463
2026-09-12-l9,B,2.0.0-alpha.7,docs-05000,scan,q052,domain,10,0,339.997
2026-09-12-l9,A,1.0.0,docs-05000,scan,q052,domain,11,0,232.903
2026-09-12-l9,B,2.0.0-alpha.7,docs-05000,scan,q052,domain,11,0,307.532
2026-09-12-l9,A,1.0.0,docs-05000,scan,q052,domain,12,0,227.011
2026-09-12-l9,B,2.0.0-alpha.7,docs-05000,scan,q052,domain,12,0,305.665
2026-09-12-l9,A,1.0.0,docs-05000,scan,q053,domain,0,1,254.819
2026-09-12-l9,B,2.0.0-alpha.7,docs-05000,scan,q053,domain,0,1,311.027
2026-09-12-l9,A,1.0.0,docs-05000,scan,q053,domain,1,1,249.524
2026-09-12-l9,B,2.0.0-alpha.7,docs-05000,scan,q053,domain,1,1,325.458
2026-09-12-l9,A,1.0.0,docs-05000,scan,q053,domain,2,1,262.285
2026-09-12-l9,B,2.0.0-alpha.7,docs-05000,scan,q053,domain,2,1,344.699
2026-09-12-l9,A,1.0.0,docs-05000,scan,q053,domain,3,0,261.376
2026-09-12-l9,B,2.0.0-alpha.7,docs-05000,scan,q053,domain,3,0,344.874
2026-09-12-l9,A,1.0.0,docs-05000,scan,q053,domain,4,0,274.453
2026-09-12-l9,B,2.0.0-alpha.7,docs-05000,scan,q053,domain,4,0,355.213
2026-09-12-l9,A,1.0.0,docs-05000,scan,q053,domain,5,0,298.874
2026-09-12-l9,B,2.0.0-alpha.7,docs-05000,scan,q053,domain,5,0,399.937
2026-09-12-l9,A,1.0.0,docs-05000,scan,q053,domain,6,0,275.778
2026-09-12-l9,B,2.0.0-alpha.7,docs-05000,scan,q053,domain,6,0,336.693
2026-09-12-l9,A,1.0.0,docs-05000,scan,q053,domain,7,0,260.421
2026-09-12-l9,B,2.0.0-alpha.7,docs-05000,scan,q053,domain,7,0,323.480
2026-09-12-l9,A,1.0.0,docs-05000,scan,q053,domain,8,0,246.290
2026-09-12-l9,B,2.0.0-alpha.7,docs-05000,scan,q053,domain,8,0,321.823
2026-09-12-l9,A,1.0.0,docs-05000,scan,q053,domain,9,0,241.377
2026-09-12-l9,B,2.0.0-alpha.7,docs-05000,scan,q053,domain,9,0,317.534
2026-09-12-l9,A,1.0.0,docs-05000,scan,q053,domain,10,0,247.496
2026-09-12-l9,B,2.0.0-alpha.7,docs-05000,scan,q053,domain,10,0,305.714
2026-09-12-l9,A,1.0.0,docs-05000,scan,q053,domain,11,0,238.843
2026-09-12-l9,B,2.0.0-alpha.7,docs-05000,scan,q053,domain,11,0,304.779
2026-09-12-l9,A,1.0.0,docs-05000,scan,q053,domain,12,0,233.392
2026-09-12-l9,B,2.0.0-alpha.7,docs-05000,scan,q053,domain,12,0,326.755
2026-09-12-l9,A,1.0.0,docs-05000,scan,q054,domain,0,1,271.364
2026-09-12-l9,B,2.0.0-alpha.7,docs-05000,scan,q054,domain,0,1,384.354
2026-09-12-l9,A,1.0.0,docs-05000,scan,q054,domain,1,1,296.582
2026-09-12-l9,B,2.0.0-alpha.7,docs-05000,scan,q054,domain,1,1,383.339
2026-09-12-l9,A,1.0.0,docs-05000,scan,q054,domain,2,1,297.117
2026-09-12-l9,B,2.0.0-alpha.7,docs-05000,scan,q054,domain,2,1,374.981
2026-09-12-l9,A,1.0.0,docs-05000,scan,q054,domain,3,0,267.230
2026-09-12-l9,B,2.0.0-alpha.7,docs-05000,scan,q054,domain,3,0,328.497
2026-09-12-l9,A,1.0.0,docs-05000,scan,q054,domain,4,0,249.662
2026-09-12-l9,B,2.0.0-alpha.7,docs-05000,scan,q054,domain,4,0,320.985
2026-09-12-l9,A,1.0.0,docs-05000,scan,q054,domain,5,0,268.345
2026-09-12-l9,B,2.0.0-alpha.7,docs-05000,scan,q054,domain,5,0,332.411
2026-09-12-l9,A,1.0.0,docs-05000,scan,q054,domain,6,0,247.244
2026-09-12-l9,B,2.0.0-alpha.7,docs-05000,scan,q054,domain,6,0,313.525
2026-09-12-l9,A,1.0.0,docs-05000,scan,q054,domain,7,0,239.721
2026-09-12-l9,B,2.0.0-alpha.7,docs-05000,scan,q054,domain,7,0,313.578
2026-09-12-l9,A,1.0.0,docs-05000,scan,q054,domain,8,0,253.531
2026-09-12-l9,B,2.0.0-alpha.7,docs-05000,scan,q054,domain,8,0,325.672
2026-09-12-l9,A,1.0.0,docs-05000,scan,q054,domain,9,0,241.444
2026-09-12-l9,B,2.0.0-alpha.7,docs-05000,scan,q054,domain,9,0,321.375
2026-09-12-l9,A,1.0.0,docs-05000,scan,q054,domain,10,0,245.584
2026-09-12-l9,B,2.0.0-alpha.7,docs-05000,scan,q054,domain,10,0,305.676
2026-09-12-l9,A,1.0.0,docs-05000,scan,q054,domain,11,0,239.954
2026-09-12-l9,B,2.0.0-alpha.7,docs-05000,scan,q054,domain,11,0,327.989
2026-09-12-l9,A,1.0.0,docs-05000,scan,q054,domain,12,0,250.239
2026-09-12-l9,B,2.0.0-alpha.7,docs-05000,scan,q054,domain,12,0,316.329
2026-09-12-l9,A,1.0.0,docs-05000,scan,q055,domain,0,1,232.744
2026-09-12-l9,B,2.0.0-alpha.7,docs-05000,scan,q055,domain,0,1,307.327
2026-09-12-l9,A,1.0.0,docs-05000,scan,q055,domain,1,1,229.768
2026-09-12-l9,B,2.0.0-alpha.7,docs-05000,scan,q055,domain,1,1,307.376
2026-09-12-l9,A,1.0.0,docs-05000,scan,q055,domain,2,1,229.246
2026-09-12-l9,B,2.0.0-alpha.7,docs-05000,scan,q055,domain,2,1,313.278
2026-09-12-l9,A,1.0.0,docs-05000,scan,q055,domain,3,0,239.377
2026-09-12-l9,B,2.0.0-alpha.7,docs-05000,scan,q055,domain,3,0,318.212
2026-09-12-l9,A,1.0.0,docs-05000,scan,q055,domain,4,0,236.208
2026-09-12-l9,B,2.0.0-alpha.7,docs-05000,scan,q055,domain,4,0,301.269
2026-09-12-l9,A,1.0.0,docs-05000,scan,q055,domain,5,0,238.217
2026-09-12-l9,B,2.0.0-alpha.7,docs-05000,scan,q055,domain,5,0,307.287
2026-09-12-l9,A,1.0.0,docs-05000,scan,q055,domain,6,0,233.237
2026-09-12-l9,B,2.0.0-alpha.7,docs-05000,scan,q055,domain,6,0,308.762
2026-09-12-l9,A,1.0.0,docs-05000,scan,q055,domain,7,0,230.485
2026-09-12-l9,B,2.0.0-alpha.7,docs-05000,scan,q055,domain,7,0,305.407
2026-09-12-l9,A,1.0.0,docs-05000,scan,q055,domain,8,0,250.027
2026-09-12-l9,B,2.0.0-alpha.7,docs-05000,scan,q055,domain,8,0,324.032
2026-09-12-l9,A,1.0.0,docs-05000,scan,q055,domain,9,0,247.701
2026-09-12-l9,B,2.0.0-alpha.7,docs-05000,scan,q055,domain,9,0,316.949
2026-09-12-l9,A,1.0.0,docs-05000,scan,q055,domain,10,0,240.698
2026-09-12-l9,B,2.0.0-alpha.7,docs-05000,scan,q055,domain,10,0,304.045
2026-09-12-l9,A,1.0.0,docs-05000,scan,q055,domain,11,0,228.238
2026-09-12-l9,B,2.0.0-alpha.7,docs-05000,scan,q055,domain,11,0,301.136
2026-09-12-l9,A,1.0.0,docs-05000,scan,q055,domain,12,0,235.175
2026-09-12-l9,B,2.0.0-alpha.7,docs-05000,scan,q055,domain,12,0,305.843
2026-09-12-l9,A,1.0.0,docs-05000,scan,q056,domain,0,1,242.940
2026-09-12-l9,B,2.0.0-alpha.7,docs-05000,scan,q056,domain,0,1,308.642
2026-09-12-l9,A,1.0.0,docs-05000,scan,q056,domain,1,1,243.162
2026-09-12-l9,B,2.0.0-alpha.7,docs-05000,scan,q056,domain,1,1,303.547
2026-09-12-l9,A,1.0.0,docs-05000,scan,q056,domain,2,1,239.848
2026-09-12-l9,B,2.0.0-alpha.7,docs-05000,scan,q056,domain,2,1,305.357
2026-09-12-l9,A,1.0.0,docs-05000,scan,q056,domain,3,0,237.034
2026-09-12-l9,B,2.0.0-alpha.7,docs-05000,scan,q056,domain,3,0,303.491
2026-09-12-l9,A,1.0.0,docs-05000,scan,q056,domain,4,0,241.247
2026-09-12-l9,B,2.0.0-alpha.7,docs-05000,scan,q056,domain,4,0,301.818
2026-09-12-l9,A,1.0.0,docs-05000,scan,q056,domain,5,0,241.193
2026-09-12-l9,B,2.0.0-alpha.7,docs-05000,scan,q056,domain,5,0,296.168
2026-09-12-l9,A,1.0.0,docs-05000,scan,q056,domain,6,0,239.650
2026-09-12-l9,B,2.0.0-alpha.7,docs-05000,scan,q056,domain,6,0,298.263
2026-09-12-l9,A,1.0.0,docs-05000,scan,q056,domain,7,0,233.620
2026-09-12-l9,B,2.0.0-alpha.7,docs-05000,scan,q056,domain,7,0,298.350
2026-09-12-l9,A,1.0.0,docs-05000,scan,q056,domain,8,0,240.058
2026-09-12-l9,B,2.0.0-alpha.7,docs-05000,scan,q056,domain,8,0,301.129
2026-09-12-l9,A,1.0.0,docs-05000,scan,q056,domain,9,0,235.679
2026-09-12-l9,B,2.0.0-alpha.7,docs-05000,scan,q056,domain,9,0,296.605
2026-09-12-l9,A,1.0.0,docs-05000,scan,q056,domain,10,0,240.258
2026-09-12-l9,B,2.0.0-alpha.7,docs-05000,scan,q056,domain,10,0,323.108
2026-09-12-l9,A,1.0.0,docs-05000,scan,q056,domain,11,0,239.240
2026-09-12-l9,B,2.0.0-alpha.7,docs-05000,scan,q056,domain,11,0,308.502
2026-09-12-l9,A,1.0.0,docs-05000,scan,q056,domain,12,0,251.843
2026-09-12-l9,B,2.0.0-alpha.7,docs-05000,scan,q056,domain,12,0,302.234
2026-09-12-l9,A,1.0.0,docs-05000,scan,q057,domain,0,1,235.704
2026-09-12-l9,B,2.0.0-alpha.7,docs-05000,scan,q057,domain,0,1,307.085
2026-09-12-l9,A,1.0.0,docs-05000,scan,q057,domain,1,1,230.814
2026-09-12-l9,B,2.0.0-alpha.7,docs-05000,scan,q057,domain,1,1,308.370
2026-09-12-l9,A,1.0.0,docs-05000,scan,q057,domain,2,1,241.514
2026-09-12-l9,B,2.0.0-alpha.7,docs-05000,scan,q057,domain,2,1,323.438
2026-09-12-l9,A,1.0.0,docs-05000,scan,q057,domain,3,0,250.682
2026-09-12-l9,B,2.0.0-alpha.7,docs-05000,scan,q057,domain,3,0,306.055
2026-09-12-l9,A,1.0.0,docs-05000,scan,q057,domain,4,0,285.561
2026-09-12-l9,B,2.0.0-alpha.7,docs-05000,scan,q057,domain,4,0,338.169
2026-09-12-l9,A,1.0.0,docs-05000,scan,q057,domain,5,0,244.240
2026-09-12-l9,B,2.0.0-alpha.7,docs-05000,scan,q057,domain,5,0,343.451
2026-09-12-l9,A,1.0.0,docs-05000,scan,q057,domain,6,0,251.492
2026-09-12-l9,B,2.0.0-alpha.7,docs-05000,scan,q057,domain,6,0,329.030
2026-09-12-l9,A,1.0.0,docs-05000,scan,q057,domain,7,0,252.752
2026-09-12-l9,B,2.0.0-alpha.7,docs-05000,scan,q057,domain,7,0,315.160
2026-09-12-l9,A,1.0.0,docs-05000,scan,q057,domain,8,0,235.334
2026-09-12-l9,B,2.0.0-alpha.7,docs-05000,scan,q057,domain,8,0,304.265
2026-09-12-l9,A,1.0.0,docs-05000,scan,q057,domain,9,0,232.174
2026-09-12-l9,B,2.0.0-alpha.7,docs-05000,scan,q057,domain,9,0,306.757
2026-09-12-l9,A,1.0.0,docs-05000,scan,q057,domain,10,0,228.328
2026-09-12-l9,B,2.0.0-alpha.7,docs-05000,scan,q057,domain,10,0,298.152
2026-09-12-l9,A,1.0.0,docs-05000,scan,q057,domain,11,0,233.488
2026-09-12-l9,B,2.0.0-alpha.7,docs-05000,scan,q057,domain,11,0,298.853
2026-09-12-l9,A,1.0.0,docs-05000,scan,q057,domain,12,0,253.190
2026-09-12-l9,B,2.0.0-alpha.7,docs-05000,scan,q057,domain,12,0,298.062
2026-09-12-l9,A,1.0.0,docs-05000,scan,q058,domain,0,1,240.614
2026-09-12-l9,B,2.0.0-alpha.7,docs-05000,scan,q058,domain,0,1,299.964
2026-09-12-l9,A,1.0.0,docs-05000,scan,q058,domain,1,1,241.239
2026-09-12-l9,B,2.0.0-alpha.7,docs-05000,scan,q058,domain,1,1,306.457
2026-09-12-l9,A,1.0.0,docs-05000,scan,q058,domain,2,1,237.647
2026-09-12-l9,B,2.0.0-alpha.7,docs-05000,scan,q058,domain,2,1,298.093
2026-09-12-l9,A,1.0.0,docs-05000,scan,q058,domain,3,0,240.270
2026-09-12-l9,B,2.0.0-alpha.7,docs-05000,scan,q058,domain,3,0,298.085
2026-09-12-l9,A,1.0.0,docs-05000,scan,q058,domain,4,0,236.928
2026-09-12-l9,B,2.0.0-alpha.7,docs-05000,scan,q058,domain,4,0,296.715
2026-09-12-l9,A,1.0.0,docs-05000,scan,q058,domain,5,0,237.827
2026-09-12-l9,B,2.0.0-alpha.7,docs-05000,scan,q058,domain,5,0,298.496
2026-09-12-l9,A,1.0.0,docs-05000,scan,q058,domain,6,0,241.462
2026-09-12-l9,B,2.0.0-alpha.7,docs-05000,scan,q058,domain,6,0,302.138
2026-09-12-l9,A,1.0.0,docs-05000,scan,q058,domain,7,0,238.167
2026-09-12-l9,B,2.0.0-alpha.7,docs-05000,scan,q058,domain,7,0,301.374
2026-09-12-l9,A,1.0.0,docs-05000,scan,q058,domain,8,0,241.814
2026-09-12-l9,B,2.0.0-alpha.7,docs-05000,scan,q058,domain,8,0,294.435
2026-09-12-l9,A,1.0.0,docs-05000,scan,q058,domain,9,0,238.699
2026-09-12-l9,B,2.0.0-alpha.7,docs-05000,scan,q058,domain,9,0,294.374
2026-09-12-l9,A,1.0.0,docs-05000,scan,q058,domain,10,0,237.494
2026-09-12-l9,B,2.0.0-alpha.7,docs-05000,scan,q058,domain,10,0,298.174
2026-09-12-l9,A,1.0.0,docs-05000,scan,q058,domain,11,0,239.352
2026-09-12-l9,B,2.0.0-alpha.7,docs-05000,scan,q058,domain,11,0,298.805
2026-09-12-l9,A,1.0.0,docs-05000,scan,q058,domain,12,0,237.079
2026-09-12-l9,B,2.0.0-alpha.7,docs-05000,scan,q058,domain,12,0,295.779
2026-09-12-l9,A,1.0.0,docs-05000,scan,q059,domain,0,1,220.645
2026-09-12-l9,B,2.0.0-alpha.7,docs-05000,scan,q059,domain,0,1,286.527
2026-09-12-l9,A,1.0.0,docs-05000,scan,q059,domain,1,1,224.176
2026-09-12-l9,B,2.0.0-alpha.7,docs-05000,scan,q059,domain,1,1,285.022
2026-09-12-l9,A,1.0.0,docs-05000,scan,q059,domain,2,1,224.038
2026-09-12-l9,B,2.0.0-alpha.7,docs-05000,scan,q059,domain,2,1,289.285
2026-09-12-l9,A,1.0.0,docs-05000,scan,q059,domain,3,0,220.556
2026-09-12-l9,B,2.0.0-alpha.7,docs-05000,scan,q059,domain,3,0,291.608
2026-09-12-l9,A,1.0.0,docs-05000,scan,q059,domain,4,0,223.209
2026-09-12-l9,B,2.0.0-alpha.7,docs-05000,scan,q059,domain,4,0,298.752
2026-09-12-l9,A,1.0.0,docs-05000,scan,q059,domain,5,0,237.295
2026-09-12-l9,B,2.0.0-alpha.7,docs-05000,scan,q059,domain,5,0,304.802
2026-09-12-l9,A,1.0.0,docs-05000,scan,q059,domain,6,0,230.684
2026-09-12-l9,B,2.0.0-alpha.7,docs-05000,scan,q059,domain,6,0,288.754
2026-09-12-l9,A,1.0.0,docs-05000,scan,q059,domain,7,0,223.539
2026-09-12-l9,B,2.0.0-alpha.7,docs-05000,scan,q059,domain,7,0,286.421
2026-09-12-l9,A,1.0.0,docs-05000,scan,q059,domain,8,0,220.477
2026-09-12-l9,B,2.0.0-alpha.7,docs-05000,scan,q059,domain,8,0,289.895
2026-09-12-l9,A,1.0.0,docs-05000,scan,q059,domain,9,0,222.684
2026-09-12-l9,B,2.0.0-alpha.7,docs-05000,scan,q059,domain,9,0,291.379
2026-09-12-l9,A,1.0.0,docs-05000,scan,q059,domain,10,0,223.521
2026-09-12-l9,B,2.0.0-alpha.7,docs-05000,scan,q059,domain,10,0,292.298
2026-09-12-l9,A,1.0.0,docs-05000,scan,q059,domain,11,0,225.701
2026-09-12-l9,B,2.0.0-alpha.7,docs-05000,scan,q059,domain,11,0,293.242
2026-09-12-l9,A,1.0.0,docs-05000,scan,q059,domain,12,0,227.011
2026-09-12-l9,B,2.0.0-alpha.7,docs-05000,scan,q059,domain,12,0,298.368
2026-09-12-l9,A,1.0.0,docs-05000,scan,q060,domain,0,1,229.864
2026-09-12-l9,B,2.0.0-alpha.7,docs-05000,scan,q060,domain,0,1,297.385
2026-09-12-l9,A,1.0.0,docs-05000,scan,q060,domain,1,1,223.082
2026-09-12-l9,B,2.0.0-alpha.7,docs-05000,scan,q060,domain,1,1,293.467
2026-09-12-l9,A,1.0.0,docs-05000,scan,q060,domain,2,1,224.651
2026-09-12-l9,B,2.0.0-alpha.7,docs-05000,scan,q060,domain,2,1,289.783
2026-09-12-l9,A,1.0.0,docs-05000,scan,q060,domain,3,0,223.658
2026-09-12-l9,B,2.0.0-alpha.7,docs-05000,scan,q060,domain,3,0,294.578
2026-09-12-l9,A,1.0.0,docs-05000,scan,q060,domain,4,0,232.406
2026-09-12-l9,B,2.0.0-alpha.7,docs-05000,scan,q060,domain,4,0,292.426
2026-09-12-l9,A,1.0.0,docs-05000,scan,q060,domain,5,0,225.313
2026-09-12-l9,B,2.0.0-alpha.7,docs-05000,scan,q060,domain,5,0,300.399
2026-09-12-l9,A,1.0.0,docs-05000,scan,q060,domain,6,0,235.524
2026-09-12-l9,B,2.0.0-alpha.7,docs-05000,scan,q060,domain,6,0,289.086
2026-09-12-l9,A,1.0.0,docs-05000,scan,q060,domain,7,0,224.115
2026-09-12-l9,B,2.0.0-alpha.7,docs-05000,scan,q060,domain,7,0,287.743
2026-09-12-l9,A,1.0.0,docs-05000,scan,q060,domain,8,0,222.610
2026-09-12-l9,B,2.0.0-alpha.7,docs-05000,scan,q060,domain,8,0,288.000
2026-09-12-l9,A,1.0.0,docs-05000,scan,q060,domain,9,0,225.757
2026-09-12-l9,B,2.0.0-alpha.7,docs-05000,scan,q060,domain,9,0,292.863
2026-09-12-l9,A,1.0.0,docs-05000,scan,q060,domain,10,0,225.702
2026-09-12-l9,B,2.0.0-alpha.7,docs-05000,scan,q060,domain,10,0,294.281
2026-09-12-l9,A,1.0.0,docs-05000,scan,q060,domain,11,0,229.675
2026-09-12-l9,B,2.0.0-alpha.7,docs-05000,scan,q060,domain,11,0,293.121
2026-09-12-l9,A,1.0.0,docs-05000,scan,q060,domain,12,0,225.657
2026-09-12-l9,B,2.0.0-alpha.7,docs-05000,scan,q060,domain,12,0,288.745
