run,arm,version,corpus,path,query_id,class,repeat,warmup,ms
2026-09-13-benchmark-captures,A,1.0.0,docs-00100,scan,q001,rare,0,1,49.886
2026-09-13-benchmark-captures,B,2.0.0-alpha.7,docs-00100,scan,q001,rare,0,1,69.676
2026-09-13-benchmark-captures,A,1.0.0,docs-00100,scan,q001,rare,1,1,49.816
2026-09-13-benchmark-captures,B,2.0.0-alpha.7,docs-00100,scan,q001,rare,1,1,71.950
2026-09-13-benchmark-captures,A,1.0.0,docs-00100,scan,q001,rare,2,1,48.712
2026-09-13-benchmark-captures,B,2.0.0-alpha.7,docs-00100,scan,q001,rare,2,1,70.327
2026-09-13-benchmark-captures,A,1.0.0,docs-00100,scan,q001,rare,3,0,50.190
2026-09-13-benchmark-captures,B,2.0.0-alpha.7,docs-00100,scan,q001,rare,3,0,72.315
2026-09-13-benchmark-captures,A,1.0.0,docs-00100,scan,q001,rare,4,0,49.269
2026-09-13-benchmark-captures,B,2.0.0-alpha.7,docs-00100,scan,q001,rare,4,0,71.742
2026-09-13-benchmark-captures,A,1.0.0,docs-00100,scan,q001,rare,5,0,51.277
2026-09-13-benchmark-captures,B,2.0.0-alpha.7,docs-00100,scan,q001,rare,5,0,73.304
2026-09-13-benchmark-captures,A,1.0.0,docs-00100,scan,q001,rare,6,0,51.108
2026-09-13-benchmark-captures,B,2.0.0-alpha.7,docs-00100,scan,q001,rare,6,0,70.489
2026-09-13-benchmark-captures,A,1.0.0,docs-00100,scan,q001,rare,7,0,50.475
2026-09-13-benchmark-captures,B,2.0.0-alpha.7,docs-00100,scan,q001,rare,7,0,73.171
2026-09-13-benchmark-captures,A,1.0.0,docs-00100,scan,q001,rare,8,0,49.298
2026-09-13-benchmark-captures,B,2.0.0-alpha.7,docs-00100,scan,q001,rare,8,0,71.096
2026-09-13-benchmark-captures,A,1.0.0,docs-00100,scan,q001,rare,9,0,50.064
2026-09-13-benchmark-captures,B,2.0.0-alpha.7,docs-00100,scan,q001,rare,9,0,71.056
2026-09-13-benchmark-captures,A,1.0.0,docs-00100,scan,q001,rare,10,0,51.096
2026-09-13-benchmark-captures,B,2.0.0-alpha.7,docs-00100,scan,q001,rare,10,0,70.678
2026-09-13-benchmark-captures,A,1.0.0,docs-00100,scan,q001,rare,11,0,50.858
2026-09-13-benchmark-captures,B,2.0.0-alpha.7,docs-00100,scan,q001,rare,11,0,73.278
2026-09-13-benchmark-captures,A,1.0.0,docs-00100,scan,q001,rare,12,0,51.035
2026-09-13-benchmark-captures,B,2.0.0-alpha.7,docs-00100,scan,q001,rare,12,0,71.407
2026-09-13-benchmark-captures,A,1.0.0,docs-00100,scan,q002,rare,0,1,51.161
2026-09-13-benchmark-captures,B,2.0.0-alpha.7,docs-00100,scan,q002,rare,0,1,73.381
2026-09-13-benchmark-captures,A,1.0.0,docs-00100,scan,q002,rare,1,1,49.864
2026-09-13-benchmark-captures,B,2.0.0-alpha.7,docs-00100,scan,q002,rare,1,1,71.643
2026-09-13-benchmark-captures,A,1.0.0,docs-00100,scan,q002,rare,2,1,50.481
2026-09-13-benchmark-captures,B,2.0.0-alpha.7,docs-00100,scan,q002,rare,2,1,71.545
2026-09-13-benchmark-captures,A,1.0.0,docs-00100,scan,q002,rare,3,0,51.165
2026-09-13-benchmark-captures,B,2.0.0-alpha.7,docs-00100,scan,q002,rare,3,0,71.035
2026-09-13-benchmark-captures,A,1.0.0,docs-00100,scan,q002,rare,4,0,51.317
2026-09-13-benchmark-captures,B,2.0.0-alpha.7,docs-00100,scan,q002,rare,4,0,74.152
2026-09-13-benchmark-captures,A,1.0.0,docs-00100,scan,q002,rare,5,0,52.059
2026-09-13-benchmark-captures,B,2.0.0-alpha.7,docs-00100,scan,q002,rare,5,0,74.017
2026-09-13-benchmark-captures,A,1.0.0,docs-00100,scan,q002,rare,6,0,50.295
2026-09-13-benchmark-captures,B,2.0.0-alpha.7,docs-00100,scan,q002,rare,6,0,73.742
2026-09-13-benchmark-captures,A,1.0.0,docs-00100,scan,q002,rare,7,0,49.951
2026-09-13-benchmark-captures,B,2.0.0-alpha.7,docs-00100,scan,q002,rare,7,0,72.194
2026-09-13-benchmark-captures,A,1.0.0,docs-00100,scan,q002,rare,8,0,50.971
2026-09-13-benchmark-captures,B,2.0.0-alpha.7,docs-00100,scan,q002,rare,8,0,71.337
2026-09-13-benchmark-captures,A,1.0.0,docs-00100,scan,q002,rare,9,0,51.553
2026-09-13-benchmark-captures,B,2.0.0-alpha.7,docs-00100,scan,q002,rare,9,0,73.500
2026-09-13-benchmark-captures,A,1.0.0,docs-00100,scan,q002,rare,10,0,50.810
2026-09-13-benchmark-captures,B,2.0.0-alpha.7,docs-00100,scan,q002,rare,10,0,73.763
2026-09-13-benchmark-captures,A,1.0.0,docs-00100,scan,q002,rare,11,0,50.496
2026-09-13-benchmark-captures,B,2.0.0-alpha.7,docs-00100,scan,q002,rare,11,0,71.822
2026-09-13-benchmark-captures,A,1.0.0,docs-00100,scan,q002,rare,12,0,50.798
2026-09-13-benchmark-captures,B,2.0.0-alpha.7,docs-00100,scan,q002,rare,12,0,73.195
2026-09-13-benchmark-captures,A,1.0.0,docs-00100,scan,q003,rare,0,1,51.557
2026-09-13-benchmark-captures,B,2.0.0-alpha.7,docs-00100,scan,q003,rare,0,1,71.205
2026-09-13-benchmark-captures,A,1.0.0,docs-00100,scan,q003,rare,1,1,50.395
2026-09-13-benchmark-captures,B,2.0.0-alpha.7,docs-00100,scan,q003,rare,1,1,73.608
2026-09-13-benchmark-captures,A,1.0.0,docs-00100,scan,q003,rare,2,1,51.727
2026-09-13-benchmark-captures,B,2.0.0-alpha.7,docs-00100,scan,q003,rare,2,1,72.060
2026-09-13-benchmark-captures,A,1.0.0,docs-00100,scan,q003,rare,3,0,50.517
2026-09-13-benchmark-captures,B,2.0.0-alpha.7,docs-00100,scan,q003,rare,3,0,73.832
2026-09-13-benchmark-captures,A,1.0.0,docs-00100,scan,q003,rare,4,0,51.954
2026-09-13-benchmark-captures,B,2.0.0-alpha.7,docs-00100,scan,q003,rare,4,0,71.724
2026-09-13-benchmark-captures,A,1.0.0,docs-00100,scan,q003,rare,5,0,51.427
2026-09-13-benchmark-captures,B,2.0.0-alpha.7,docs-00100,scan,q003,rare,5,0,72.354
2026-09-13-benchmark-captures,A,1.0.0,docs-00100,scan,q003,rare,6,0,51.929
2026-09-13-benchmark-captures,B,2.0.0-alpha.7,docs-00100,scan,q003,rare,6,0,72.386
2026-09-13-benchmark-captures,A,1.0.0,docs-00100,scan,q003,rare,7,0,52.170
2026-09-13-benchmark-captures,B,2.0.0-alpha.7,docs-00100,scan,q003,rare,7,0,74.150
2026-09-13-benchmark-captures,A,1.0.0,docs-00100,scan,q003,rare,8,0,51.855
2026-09-13-benchmark-captures,B,2.0.0-alpha.7,docs-00100,scan,q003,rare,8,0,71.345
2026-09-13-benchmark-captures,A,1.0.0,docs-00100,scan,q003,rare,9,0,50.842
2026-09-13-benchmark-captures,B,2.0.0-alpha.7,docs-00100,scan,q003,rare,9,0,73.145
2026-09-13-benchmark-captures,A,1.0.0,docs-00100,scan,q003,rare,10,0,55.787
2026-09-13-benchmark-captures,B,2.0.0-alpha.7,docs-00100,scan,q003,rare,10,0,72.696
2026-09-13-benchmark-captures,A,1.0.0,docs-00100,scan,q003,rare,11,0,52.000
2026-09-13-benchmark-captures,B,2.0.0-alpha.7,docs-00100,scan,q003,rare,11,0,72.520
2026-09-13-benchmark-captures,A,1.0.0,docs-00100,scan,q003,rare,12,0,51.972
2026-09-13-benchmark-captures,B,2.0.0-alpha.7,docs-00100,scan,q003,rare,12,0,73.821
2026-09-13-benchmark-captures,A,1.0.0,docs-00100,scan,q004,rare,0,1,52.583
2026-09-13-benchmark-captures,B,2.0.0-alpha.7,docs-00100,scan,q004,rare,0,1,73.900
2026-09-13-benchmark-captures,A,1.0.0,docs-00100,scan,q004,rare,1,1,50.645
2026-09-13-benchmark-captures,B,2.0.0-alpha.7,docs-00100,scan,q004,rare,1,1,74.062
2026-09-13-benchmark-captures,A,1.0.0,docs-00100,scan,q004,rare,2,1,50.573
2026-09-13-benchmark-captures,B,2.0.0-alpha.7,docs-00100,scan,q004,rare,2,1,72.232
2026-09-13-benchmark-captures,A,1.0.0,docs-00100,scan,q004,rare,3,0,51.199
2026-09-13-benchmark-captures,B,2.0.0-alpha.7,docs-00100,scan,q004,rare,3,0,71.972
2026-09-13-benchmark-captures,A,1.0.0,docs-00100,scan,q004,rare,4,0,51.658
2026-09-13-benchmark-captures,B,2.0.0-alpha.7,docs-00100,scan,q004,rare,4,0,73.847
2026-09-13-benchmark-captures,A,1.0.0,docs-00100,scan,q004,rare,5,0,50.374
2026-09-13-benchmark-captures,B,2.0.0-alpha.7,docs-00100,scan,q004,rare,5,0,74.343
2026-09-13-benchmark-captures,A,1.0.0,docs-00100,scan,q004,rare,6,0,50.335
2026-09-13-benchmark-captures,B,2.0.0-alpha.7,docs-00100,scan,q004,rare,6,0,73.868
2026-09-13-benchmark-captures,A,1.0.0,docs-00100,scan,q004,rare,7,0,52.154
2026-09-13-benchmark-captures,B,2.0.0-alpha.7,docs-00100,scan,q004,rare,7,0,71.476
2026-09-13-benchmark-captures,A,1.0.0,docs-00100,scan,q004,rare,8,0,52.049
2026-09-13-benchmark-captures,B,2.0.0-alpha.7,docs-00100,scan,q004,rare,8,0,73.866
2026-09-13-benchmark-captures,A,1.0.0,docs-00100,scan,q004,rare,9,0,50.213
2026-09-13-benchmark-captures,B,2.0.0-alpha.7,docs-00100,scan,q004,rare,9,0,73.593
2026-09-13-benchmark-captures,A,1.0.0,docs-00100,scan,q004,rare,10,0,51.082
2026-09-13-benchmark-captures,B,2.0.0-alpha.7,docs-00100,scan,q004,rare,10,0,72.684
2026-09-13-benchmark-captures,A,1.0.0,docs-00100,scan,q004,rare,11,0,51.041
2026-09-13-benchmark-captures,B,2.0.0-alpha.7,docs-00100,scan,q004,rare,11,0,72.730
2026-09-13-benchmark-captures,A,1.0.0,docs-00100,scan,q004,rare,12,0,50.756
2026-09-13-benchmark-captures,B,2.0.0-alpha.7,docs-00100,scan,q004,rare,12,0,73.577
2026-09-13-benchmark-captures,A,1.0.0,docs-00100,scan,q005,rare,0,1,52.179
2026-09-13-benchmark-captures,B,2.0.0-alpha.7,docs-00100,scan,q005,rare,0,1,74.297
2026-09-13-benchmark-captures,A,1.0.0,docs-00100,scan,q005,rare,1,1,50.707
2026-09-13-benchmark-captures,B,2.0.0-alpha.7,docs-00100,scan,q005,rare,1,1,74.264
2026-09-13-benchmark-captures,A,1.0.0,docs-00100,scan,q005,rare,2,1,50.672
2026-09-13-benchmark-captures,B,2.0.0-alpha.7,docs-00100,scan,q005,rare,2,1,72.470
2026-09-13-benchmark-captures,A,1.0.0,docs-00100,scan,q005,rare,3,0,51.432
2026-09-13-benchmark-captures,B,2.0.0-alpha.7,docs-00100,scan,q005,rare,3,0,74.015
2026-09-13-benchmark-captures,A,1.0.0,docs-00100,scan,q005,rare,4,0,51.253
2026-09-13-benchmark-captures,B,2.0.0-alpha.7,docs-00100,scan,q005,rare,4,0,72.360
2026-09-13-benchmark-captures,A,1.0.0,docs-00100,scan,q005,rare,5,0,50.923
2026-09-13-benchmark-captures,B,2.0.0-alpha.7,docs-00100,scan,q005,rare,5,0,74.125
2026-09-13-benchmark-captures,A,1.0.0,docs-00100,scan,q005,rare,6,0,50.802
2026-09-13-benchmark-captures,B,2.0.0-alpha.7,docs-00100,scan,q005,rare,6,0,74.148
2026-09-13-benchmark-captures,A,1.0.0,docs-00100,scan,q005,rare,7,0,51.929
2026-09-13-benchmark-captures,B,2.0.0-alpha.7,docs-00100,scan,q005,rare,7,0,74.116
2026-09-13-benchmark-captures,A,1.0.0,docs-00100,scan,q005,rare,8,0,50.813
2026-09-13-benchmark-captures,B,2.0.0-alpha.7,docs-00100,scan,q005,rare,8,0,74.521
2026-09-13-benchmark-captures,A,1.0.0,docs-00100,scan,q005,rare,9,0,51.675
2026-09-13-benchmark-captures,B,2.0.0-alpha.7,docs-00100,scan,q005,rare,9,0,72.517
2026-09-13-benchmark-captures,A,1.0.0,docs-00100,scan,q005,rare,10,0,51.255
2026-09-13-benchmark-captures,B,2.0.0-alpha.7,docs-00100,scan,q005,rare,10,0,73.679
2026-09-13-benchmark-captures,A,1.0.0,docs-00100,scan,q005,rare,11,0,51.460
2026-09-13-benchmark-captures,B,2.0.0-alpha.7,docs-00100,scan,q005,rare,11,0,74.249
2026-09-13-benchmark-captures,A,1.0.0,docs-00100,scan,q005,rare,12,0,50.808
2026-09-13-benchmark-captures,B,2.0.0-alpha.7,docs-00100,scan,q005,rare,12,0,74.521
2026-09-13-benchmark-captures,A,1.0.0,docs-00100,scan,q006,rare,0,1,50.626
2026-09-13-benchmark-captures,B,2.0.0-alpha.7,docs-00100,scan,q006,rare,0,1,72.234
2026-09-13-benchmark-captures,A,1.0.0,docs-00100,scan,q006,rare,1,1,52.179
2026-09-13-benchmark-captures,B,2.0.0-alpha.7,docs-00100,scan,q006,rare,1,1,72.376
2026-09-13-benchmark-captures,A,1.0.0,docs-00100,scan,q006,rare,2,1,51.850
2026-09-13-benchmark-captures,B,2.0.0-alpha.7,docs-00100,scan,q006,rare,2,1,71.970
2026-09-13-benchmark-captures,A,1.0.0,docs-00100,scan,q006,rare,3,0,51.529
2026-09-13-benchmark-captures,B,2.0.0-alpha.7,docs-00100,scan,q006,rare,3,0,74.754
2026-09-13-benchmark-captures,A,1.0.0,docs-00100,scan,q006,rare,4,0,50.629
2026-09-13-benchmark-captures,B,2.0.0-alpha.7,docs-00100,scan,q006,rare,4,0,72.752
2026-09-13-benchmark-captures,A,1.0.0,docs-00100,scan,q006,rare,5,0,51.968
2026-09-13-benchmark-captures,B,2.0.0-alpha.7,docs-00100,scan,q006,rare,5,0,74.404
2026-09-13-benchmark-captures,A,1.0.0,docs-00100,scan,q006,rare,6,0,50.978
2026-09-13-benchmark-captures,B,2.0.0-alpha.7,docs-00100,scan,q006,rare,6,0,74.234
2026-09-13-benchmark-captures,A,1.0.0,docs-00100,scan,q006,rare,7,0,51.113
2026-09-13-benchmark-captures,B,2.0.0-alpha.7,docs-00100,scan,q006,rare,7,0,72.675
2026-09-13-benchmark-captures,A,1.0.0,docs-00100,scan,q006,rare,8,0,52.195
2026-09-13-benchmark-captures,B,2.0.0-alpha.7,docs-00100,scan,q006,rare,8,0,74.291
2026-09-13-benchmark-captures,A,1.0.0,docs-00100,scan,q006,rare,9,0,52.582
2026-09-13-benchmark-captures,B,2.0.0-alpha.7,docs-00100,scan,q006,rare,9,0,72.642
2026-09-13-benchmark-captures,A,1.0.0,docs-00100,scan,q006,rare,10,0,50.807
2026-09-13-benchmark-captures,B,2.0.0-alpha.7,docs-00100,scan,q006,rare,10,0,74.282
2026-09-13-benchmark-captures,A,1.0.0,docs-00100,scan,q006,rare,11,0,52.263
2026-09-13-benchmark-captures,B,2.0.0-alpha.7,docs-00100,scan,q006,rare,11,0,72.968
2026-09-13-benchmark-captures,A,1.0.0,docs-00100,scan,q006,rare,12,0,51.732
2026-09-13-benchmark-captures,B,2.0.0-alpha.7,docs-00100,scan,q006,rare,12,0,74.412
2026-09-13-benchmark-captures,A,1.0.0,docs-00100,scan,q007,rare,0,1,51.778
2026-09-13-benchmark-captures,B,2.0.0-alpha.7,docs-00100,scan,q007,rare,0,1,72.282
2026-09-13-benchmark-captures,A,1.0.0,docs-00100,scan,q007,rare,1,1,51.439
2026-09-13-benchmark-captures,B,2.0.0-alpha.7,docs-00100,scan,q007,rare,1,1,73.894
2026-09-13-benchmark-captures,A,1.0.0,docs-00100,scan,q007,rare,2,1,52.523
2026-09-13-benchmark-captures,B,2.0.0-alpha.7,docs-00100,scan,q007,rare,2,1,72.294
2026-09-13-benchmark-captures,A,1.0.0,docs-00100,scan,q007,rare,3,0,52.147
2026-09-13-benchmark-captures,B,2.0.0-alpha.7,docs-00100,scan,q007,rare,3,0,73.969
2026-09-13-benchmark-captures,A,1.0.0,docs-00100,scan,q007,rare,4,0,51.591
2026-09-13-benchmark-captures,B,2.0.0-alpha.7,docs-00100,scan,q007,rare,4,0,74.331
2026-09-13-benchmark-captures,A,1.0.0,docs-00100,scan,q007,rare,5,0,51.040
2026-09-13-benchmark-captures,B,2.0.0-alpha.7,docs-00100,scan,q007,rare,5,0,73.360
2026-09-13-benchmark-captures,A,1.0.0,docs-00100,scan,q007,rare,6,0,52.192
2026-09-13-benchmark-captures,B,2.0.0-alpha.7,docs-00100,scan,q007,rare,6,0,78.030
2026-09-13-benchmark-captures,A,1.0.0,docs-00100,scan,q007,rare,7,0,52.533
2026-09-13-benchmark-captures,B,2.0.0-alpha.7,docs-00100,scan,q007,rare,7,0,73.146
2026-09-13-benchmark-captures,A,1.0.0,docs-00100,scan,q007,rare,8,0,51.051
2026-09-13-benchmark-captures,B,2.0.0-alpha.7,docs-00100,scan,q007,rare,8,0,72.585
2026-09-13-benchmark-captures,A,1.0.0,docs-00100,scan,q007,rare,9,0,52.567
2026-09-13-benchmark-captures,B,2.0.0-alpha.7,docs-00100,scan,q007,rare,9,0,72.790
2026-09-13-benchmark-captures,A,1.0.0,docs-00100,scan,q007,rare,10,0,51.894
2026-09-13-benchmark-captures,B,2.0.0-alpha.7,docs-00100,scan,q007,rare,10,0,73.232
2026-09-13-benchmark-captures,A,1.0.0,docs-00100,scan,q007,rare,11,0,51.697
2026-09-13-benchmark-captures,B,2.0.0-alpha.7,docs-00100,scan,q007,rare,11,0,73.995
2026-09-13-benchmark-captures,A,1.0.0,docs-00100,scan,q007,rare,12,0,52.256
2026-09-13-benchmark-captures,B,2.0.0-alpha.7,docs-00100,scan,q007,rare,12,0,74.338
2026-09-13-benchmark-captures,A,1.0.0,docs-00100,scan,q008,rare,0,1,51.795
2026-09-13-benchmark-captures,B,2.0.0-alpha.7,docs-00100,scan,q008,rare,0,1,72.314
2026-09-13-benchmark-captures,A,1.0.0,docs-00100,scan,q008,rare,1,1,51.380
2026-09-13-benchmark-captures,B,2.0.0-alpha.7,docs-00100,scan,q008,rare,1,1,73.879
2026-09-13-benchmark-captures,A,1.0.0,docs-00100,scan,q008,rare,2,1,52.152
2026-09-13-benchmark-captures,B,2.0.0-alpha.7,docs-00100,scan,q008,rare,2,1,74.570
2026-09-13-benchmark-captures,A,1.0.0,docs-00100,scan,q008,rare,3,0,51.021
2026-09-13-benchmark-captures,B,2.0.0-alpha.7,docs-00100,scan,q008,rare,3,0,72.969
2026-09-13-benchmark-captures,A,1.0.0,docs-00100,scan,q008,rare,4,0,51.906
2026-09-13-benchmark-captures,B,2.0.0-alpha.7,docs-00100,scan,q008,rare,4,0,73.785
2026-09-13-benchmark-captures,A,1.0.0,docs-00100,scan,q008,rare,5,0,50.982
2026-09-13-benchmark-captures,B,2.0.0-alpha.7,docs-00100,scan,q008,rare,5,0,72.931
2026-09-13-benchmark-captures,A,1.0.0,docs-00100,scan,q008,rare,6,0,52.140
2026-09-13-benchmark-captures,B,2.0.0-alpha.7,docs-00100,scan,q008,rare,6,0,73.886
2026-09-13-benchmark-captures,A,1.0.0,docs-00100,scan,q008,rare,7,0,51.437
2026-09-13-benchmark-captures,B,2.0.0-alpha.7,docs-00100,scan,q008,rare,7,0,72.637
2026-09-13-benchmark-captures,A,1.0.0,docs-00100,scan,q008,rare,8,0,51.913
2026-09-13-benchmark-captures,B,2.0.0-alpha.7,docs-00100,scan,q008,rare,8,0,74.292
2026-09-13-benchmark-captures,A,1.0.0,docs-00100,scan,q008,rare,9,0,51.279
2026-09-13-benchmark-captures,B,2.0.0-alpha.7,docs-00100,scan,q008,rare,9,0,72.870
2026-09-13-benchmark-captures,A,1.0.0,docs-00100,scan,q008,rare,10,0,51.814
2026-09-13-benchmark-captures,B,2.0.0-alpha.7,docs-00100,scan,q008,rare,10,0,74.546
2026-09-13-benchmark-captures,A,1.0.0,docs-00100,scan,q008,rare,11,0,51.350
2026-09-13-benchmark-captures,B,2.0.0-alpha.7,docs-00100,scan,q008,rare,11,0,74.746
2026-09-13-benchmark-captures,A,1.0.0,docs-00100,scan,q008,rare,12,0,51.011
2026-09-13-benchmark-captures,B,2.0.0-alpha.7,docs-00100,scan,q008,rare,12,0,73.024
2026-09-13-benchmark-captures,A,1.0.0,docs-00100,scan,q009,rare,0,1,51.416
2026-09-13-benchmark-captures,B,2.0.0-alpha.7,docs-00100,scan,q009,rare,0,1,74.075
2026-09-13-benchmark-captures,A,1.0.0,docs-00100,scan,q009,rare,1,1,52.536
2026-09-13-benchmark-captures,B,2.0.0-alpha.7,docs-00100,scan,q009,rare,1,1,74.177
2026-09-13-benchmark-captures,A,1.0.0,docs-00100,scan,q009,rare,2,1,51.003
2026-09-13-benchmark-captures,B,2.0.0-alpha.7,docs-00100,scan,q009,rare,2,1,72.975
2026-09-13-benchmark-captures,A,1.0.0,docs-00100,scan,q009,rare,3,0,51.403
2026-09-13-benchmark-captures,B,2.0.0-alpha.7,docs-00100,scan,q009,rare,3,0,74.452
2026-09-13-benchmark-captures,A,1.0.0,docs-00100,scan,q009,rare,4,0,51.933
2026-09-13-benchmark-captures,B,2.0.0-alpha.7,docs-00100,scan,q009,rare,4,0,72.854
2026-09-13-benchmark-captures,A,1.0.0,docs-00100,scan,q009,rare,5,0,51.413
2026-09-13-benchmark-captures,B,2.0.0-alpha.7,docs-00100,scan,q009,rare,5,0,74.272
2026-09-13-benchmark-captures,A,1.0.0,docs-00100,scan,q009,rare,6,0,51.153
2026-09-13-benchmark-captures,B,2.0.0-alpha.7,docs-00100,scan,q009,rare,6,0,73.399
2026-09-13-benchmark-captures,A,1.0.0,docs-00100,scan,q009,rare,7,0,52.564
2026-09-13-benchmark-captures,B,2.0.0-alpha.7,docs-00100,scan,q009,rare,7,0,74.226
2026-09-13-benchmark-captures,A,1.0.0,docs-00100,scan,q009,rare,8,0,52.416
2026-09-13-benchmark-captures,B,2.0.0-alpha.7,docs-00100,scan,q009,rare,8,0,74.363
2026-09-13-benchmark-captures,A,1.0.0,docs-00100,scan,q009,rare,9,0,51.131
2026-09-13-benchmark-captures,B,2.0.0-alpha.7,docs-00100,scan,q009,rare,9,0,74.736
2026-09-13-benchmark-captures,A,1.0.0,docs-00100,scan,q009,rare,10,0,52.761
2026-09-13-benchmark-captures,B,2.0.0-alpha.7,docs-00100,scan,q009,rare,10,0,72.972
2026-09-13-benchmark-captures,A,1.0.0,docs-00100,scan,q009,rare,11,0,51.282
2026-09-13-benchmark-captures,B,2.0.0-alpha.7,docs-00100,scan,q009,rare,11,0,74.680
2026-09-13-benchmark-captures,A,1.0.0,docs-00100,scan,q009,rare,12,0,52.704
2026-09-13-benchmark-captures,B,2.0.0-alpha.7,docs-00100,scan,q009,rare,12,0,74.813
2026-09-13-benchmark-captures,A,1.0.0,docs-00100,scan,q010,rare,0,1,50.880
2026-09-13-benchmark-captures,B,2.0.0-alpha.7,docs-00100,scan,q010,rare,0,1,73.113
2026-09-13-benchmark-captures,A,1.0.0,docs-00100,scan,q010,rare,1,1,52.144
2026-09-13-benchmark-captures,B,2.0.0-alpha.7,docs-00100,scan,q010,rare,1,1,72.868
2026-09-13-benchmark-captures,A,1.0.0,docs-00100,scan,q010,rare,2,1,51.518
2026-09-13-benchmark-captures,B,2.0.0-alpha.7,docs-00100,scan,q010,rare,2,1,74.306
2026-09-13-benchmark-captures,A,1.0.0,docs-00100,scan,q010,rare,3,0,51.476
2026-09-13-benchmark-captures,B,2.0.0-alpha.7,docs-00100,scan,q010,rare,3,0,74.201
2026-09-13-benchmark-captures,A,1.0.0,docs-00100,scan,q010,rare,4,0,50.891
2026-09-13-benchmark-captures,B,2.0.0-alpha.7,docs-00100,scan,q010,rare,4,0,73.994
2026-09-13-benchmark-captures,A,1.0.0,docs-00100,scan,q010,rare,5,0,52.255
2026-09-13-benchmark-captures,B,2.0.0-alpha.7,docs-00100,scan,q010,rare,5,0,72.130
2026-09-13-benchmark-captures,A,1.0.0,docs-00100,scan,q010,rare,6,0,51.129
2026-09-13-benchmark-captures,B,2.0.0-alpha.7,docs-00100,scan,q010,rare,6,0,72.755
2026-09-13-benchmark-captures,A,1.0.0,docs-00100,scan,q010,rare,7,0,52.299
2026-09-13-benchmark-captures,B,2.0.0-alpha.7,docs-00100,scan,q010,rare,7,0,72.567
2026-09-13-benchmark-captures,A,1.0.0,docs-00100,scan,q010,rare,8,0,52.516
2026-09-13-benchmark-captures,B,2.0.0-alpha.7,docs-00100,scan,q010,rare,8,0,72.937
2026-09-13-benchmark-captures,A,1.0.0,docs-00100,scan,q010,rare,9,0,52.274
2026-09-13-benchmark-captures,B,2.0.0-alpha.7,docs-00100,scan,q010,rare,9,0,73.252
2026-09-13-benchmark-captures,A,1.0.0,docs-00100,scan,q010,rare,10,0,52.039
2026-09-13-benchmark-captures,B,2.0.0-alpha.7,docs-00100,scan,q010,rare,10,0,74.204
2026-09-13-benchmark-captures,A,1.0.0,docs-00100,scan,q010,rare,11,0,52.237
2026-09-13-benchmark-captures,B,2.0.0-alpha.7,docs-00100,scan,q010,rare,11,0,72.783
2026-09-13-benchmark-captures,A,1.0.0,docs-00100,scan,q010,rare,12,0,51.800
2026-09-13-benchmark-captures,B,2.0.0-alpha.7,docs-00100,scan,q010,rare,12,0,74.511
2026-09-13-benchmark-captures,A,1.0.0,docs-00100,scan,q011,common,0,1,51.043
2026-09-13-benchmark-captures,B,2.0.0-alpha.7,docs-00100,scan,q011,common,0,1,70.593
2026-09-13-benchmark-captures,A,1.0.0,docs-00100,scan,q011,common,1,1,50.328
2026-09-13-benchmark-captures,B,2.0.0-alpha.7,docs-00100,scan,q011,common,1,1,70.717
2026-09-13-benchmark-captures,A,1.0.0,docs-00100,scan,q011,common,2,1,51.668
2026-09-13-benchmark-captures,B,2.0.0-alpha.7,docs-00100,scan,q011,common,2,1,72.640
2026-09-13-benchmark-captures,A,1.0.0,docs-00100,scan,q011,common,3,0,50.187
2026-09-13-benchmark-captures,B,2.0.0-alpha.7,docs-00100,scan,q011,common,3,0,70.367
2026-09-13-benchmark-captures,A,1.0.0,docs-00100,scan,q011,common,4,0,50.208
2026-09-13-benchmark-captures,B,2.0.0-alpha.7,docs-00100,scan,q011,common,4,0,72.772
2026-09-13-benchmark-captures,A,1.0.0,docs-00100,scan,q011,common,5,0,51.571
2026-09-13-benchmark-captures,B,2.0.0-alpha.7,docs-00100,scan,q011,common,5,0,71.706
2026-09-13-benchmark-captures,A,1.0.0,docs-00100,scan,q011,common,6,0,50.028
2026-09-13-benchmark-captures,B,2.0.0-alpha.7,docs-00100,scan,q011,common,6,0,70.531
2026-09-13-benchmark-captures,A,1.0.0,docs-00100,scan,q011,common,7,0,51.296
2026-09-13-benchmark-captures,B,2.0.0-alpha.7,docs-00100,scan,q011,common,7,0,70.508
2026-09-13-benchmark-captures,A,1.0.0,docs-00100,scan,q011,common,8,0,50.356
2026-09-13-benchmark-captures,B,2.0.0-alpha.7,docs-00100,scan,q011,common,8,0,71.562
2026-09-13-benchmark-captures,A,1.0.0,docs-00100,scan,q011,common,9,0,51.163
2026-09-13-benchmark-captures,B,2.0.0-alpha.7,docs-00100,scan,q011,common,9,0,70.500
2026-09-13-benchmark-captures,A,1.0.0,docs-00100,scan,q011,common,10,0,51.741
2026-09-13-benchmark-captures,B,2.0.0-alpha.7,docs-00100,scan,q011,common,10,0,71.032
2026-09-13-benchmark-captures,A,1.0.0,docs-00100,scan,q011,common,11,0,51.574
2026-09-13-benchmark-captures,B,2.0.0-alpha.7,docs-00100,scan,q011,common,11,0,70.820
2026-09-13-benchmark-captures,A,1.0.0,docs-00100,scan,q011,common,12,0,51.303
2026-09-13-benchmark-captures,B,2.0.0-alpha.7,docs-00100,scan,q011,common,12,0,72.362
2026-09-13-benchmark-captures,A,1.0.0,docs-00100,scan,q012,common,0,1,50.777
2026-09-13-benchmark-captures,B,2.0.0-alpha.7,docs-00100,scan,q012,common,0,1,72.412
2026-09-13-benchmark-captures,A,1.0.0,docs-00100,scan,q012,common,1,1,51.497
2026-09-13-benchmark-captures,B,2.0.0-alpha.7,docs-00100,scan,q012,common,1,1,74.016
2026-09-13-benchmark-captures,A,1.0.0,docs-00100,scan,q012,common,2,1,52.266
2026-09-13-benchmark-captures,B,2.0.0-alpha.7,docs-00100,scan,q012,common,2,1,72.268
2026-09-13-benchmark-captures,A,1.0.0,docs-00100,scan,q012,common,3,0,51.155
2026-09-13-benchmark-captures,B,2.0.0-alpha.7,docs-00100,scan,q012,common,3,0,74.165
2026-09-13-benchmark-captures,A,1.0.0,docs-00100,scan,q012,common,4,0,51.215
2026-09-13-benchmark-captures,B,2.0.0-alpha.7,docs-00100,scan,q012,common,4,0,72.489
2026-09-13-benchmark-captures,A,1.0.0,docs-00100,scan,q012,common,5,0,52.394
2026-09-13-benchmark-captures,B,2.0.0-alpha.7,docs-00100,scan,q012,common,5,0,74.475
2026-09-13-benchmark-captures,A,1.0.0,docs-00100,scan,q012,common,6,0,51.395
2026-09-13-benchmark-captures,B,2.0.0-alpha.7,docs-00100,scan,q012,common,6,0,73.791
2026-09-13-benchmark-captures,A,1.0.0,docs-00100,scan,q012,common,7,0,51.307
2026-09-13-benchmark-captures,B,2.0.0-alpha.7,docs-00100,scan,q012,common,7,0,72.960
2026-09-13-benchmark-captures,A,1.0.0,docs-00100,scan,q012,common,8,0,52.309
2026-09-13-benchmark-captures,B,2.0.0-alpha.7,docs-00100,scan,q012,common,8,0,73.851
2026-09-13-benchmark-captures,A,1.0.0,docs-00100,scan,q012,common,9,0,51.907
2026-09-13-benchmark-captures,B,2.0.0-alpha.7,docs-00100,scan,q012,common,9,0,72.423
2026-09-13-benchmark-captures,A,1.0.0,docs-00100,scan,q012,common,10,0,51.067
2026-09-13-benchmark-captures,B,2.0.0-alpha.7,docs-00100,scan,q012,common,10,0,73.974
2026-09-13-benchmark-captures,A,1.0.0,docs-00100,scan,q012,common,11,0,51.129
2026-09-13-benchmark-captures,B,2.0.0-alpha.7,docs-00100,scan,q012,common,11,0,72.667
2026-09-13-benchmark-captures,A,1.0.0,docs-00100,scan,q012,common,12,0,52.130
2026-09-13-benchmark-captures,B,2.0.0-alpha.7,docs-00100,scan,q012,common,12,0,74.298
2026-09-13-benchmark-captures,A,1.0.0,docs-00100,scan,q013,common,0,1,51.670
2026-09-13-benchmark-captures,B,2.0.0-alpha.7,docs-00100,scan,q013,common,0,1,70.756
2026-09-13-benchmark-captures,A,1.0.0,docs-00100,scan,q013,common,1,1,51.316
2026-09-13-benchmark-captures,B,2.0.0-alpha.7,docs-00100,scan,q013,common,1,1,72.173
2026-09-13-benchmark-captures,A,1.0.0,docs-00100,scan,q013,common,2,1,49.990
2026-09-13-benchmark-captures,B,2.0.0-alpha.7,docs-00100,scan,q013,common,2,1,70.624
2026-09-13-benchmark-captures,A,1.0.0,docs-00100,scan,q013,common,3,0,50.606
2026-09-13-benchmark-captures,B,2.0.0-alpha.7,docs-00100,scan,q013,common,3,0,72.309
2026-09-13-benchmark-captures,A,1.0.0,docs-00100,scan,q013,common,4,0,51.487
2026-09-13-benchmark-captures,B,2.0.0-alpha.7,docs-00100,scan,q013,common,4,0,70.374
2026-09-13-benchmark-captures,A,1.0.0,docs-00100,scan,q013,common,5,0,50.488
2026-09-13-benchmark-captures,B,2.0.0-alpha.7,docs-00100,scan,q013,common,5,0,71.813
2026-09-13-benchmark-captures,A,1.0.0,docs-00100,scan,q013,common,6,0,50.657
2026-09-13-benchmark-captures,B,2.0.0-alpha.7,docs-00100,scan,q013,common,6,0,70.737
2026-09-13-benchmark-captures,A,1.0.0,docs-00100,scan,q013,common,7,0,51.289
2026-09-13-benchmark-captures,B,2.0.0-alpha.7,docs-00100,scan,q013,common,7,0,72.473
2026-09-13-benchmark-captures,A,1.0.0,docs-00100,scan,q013,common,8,0,50.380
2026-09-13-benchmark-captures,B,2.0.0-alpha.7,docs-00100,scan,q013,common,8,0,70.968
2026-09-13-benchmark-captures,A,1.0.0,docs-00100,scan,q013,common,9,0,51.138
2026-09-13-benchmark-captures,B,2.0.0-alpha.7,docs-00100,scan,q013,common,9,0,72.103
2026-09-13-benchmark-captures,A,1.0.0,docs-00100,scan,q013,common,10,0,51.279
2026-09-13-benchmark-captures,B,2.0.0-alpha.7,docs-00100,scan,q013,common,10,0,70.200
2026-09-13-benchmark-captures,A,1.0.0,docs-00100,scan,q013,common,11,0,51.511
2026-09-13-benchmark-captures,B,2.0.0-alpha.7,docs-00100,scan,q013,common,11,0,72.723
2026-09-13-benchmark-captures,A,1.0.0,docs-00100,scan,q013,common,12,0,51.291
2026-09-13-benchmark-captures,B,2.0.0-alpha.7,docs-00100,scan,q013,common,12,0,71.133
2026-09-13-benchmark-captures,A,1.0.0,docs-00100,scan,q014,common,0,1,50.177
2026-09-13-benchmark-captures,B,2.0.0-alpha.7,docs-00100,scan,q014,common,0,1,73.512
2026-09-13-benchmark-captures,A,1.0.0,docs-00100,scan,q014,common,1,1,50.241
2026-09-13-benchmark-captures,B,2.0.0-alpha.7,docs-00100,scan,q014,common,1,1,71.954
2026-09-13-benchmark-captures,A,1.0.0,docs-00100,scan,q014,common,2,1,51.110
2026-09-13-benchmark-captures,B,2.0.0-alpha.7,docs-00100,scan,q014,common,2,1,73.276
2026-09-13-benchmark-captures,A,1.0.0,docs-00100,scan,q014,common,3,0,50.090
2026-09-13-benchmark-captures,B,2.0.0-alpha.7,docs-00100,scan,q014,common,3,0,72.680
2026-09-13-benchmark-captures,A,1.0.0,docs-00100,scan,q014,common,4,0,50.350
2026-09-13-benchmark-captures,B,2.0.0-alpha.7,docs-00100,scan,q014,common,4,0,73.351
2026-09-13-benchmark-captures,A,1.0.0,docs-00100,scan,q014,common,5,0,50.412
2026-09-13-benchmark-captures,B,2.0.0-alpha.7,docs-00100,scan,q014,common,5,0,73.380
2026-09-13-benchmark-captures,A,1.0.0,docs-00100,scan,q014,common,6,0,51.170
2026-09-13-benchmark-captures,B,2.0.0-alpha.7,docs-00100,scan,q014,common,6,0,71.602
2026-09-13-benchmark-captures,A,1.0.0,docs-00100,scan,q014,common,7,0,50.311
2026-09-13-benchmark-captures,B,2.0.0-alpha.7,docs-00100,scan,q014,common,7,0,71.948
2026-09-13-benchmark-captures,A,1.0.0,docs-00100,scan,q014,common,8,0,51.528
2026-09-13-benchmark-captures,B,2.0.0-alpha.7,docs-00100,scan,q014,common,8,0,72.183
2026-09-13-benchmark-captures,A,1.0.0,docs-00100,scan,q014,common,9,0,51.294
2026-09-13-benchmark-captures,B,2.0.0-alpha.7,docs-00100,scan,q014,common,9,0,73.595
2026-09-13-benchmark-captures,A,1.0.0,docs-00100,scan,q014,common,10,0,50.194
2026-09-13-benchmark-captures,B,2.0.0-alpha.7,docs-00100,scan,q014,common,10,0,73.418
2026-09-13-benchmark-captures,A,1.0.0,docs-00100,scan,q014,common,11,0,50.109
2026-09-13-benchmark-captures,B,2.0.0-alpha.7,docs-00100,scan,q014,common,11,0,74.119
2026-09-13-benchmark-captures,A,1.0.0,docs-00100,scan,q014,common,12,0,51.317
2026-09-13-benchmark-captures,B,2.0.0-alpha.7,docs-00100,scan,q014,common,12,0,72.345
2026-09-13-benchmark-captures,A,1.0.0,docs-00100,scan,q015,common,0,1,50.389
2026-09-13-benchmark-captures,B,2.0.0-alpha.7,docs-00100,scan,q015,common,0,1,70.851
2026-09-13-benchmark-captures,A,1.0.0,docs-00100,scan,q015,common,1,1,51.761
2026-09-13-benchmark-captures,B,2.0.0-alpha.7,docs-00100,scan,q015,common,1,1,70.789
2026-09-13-benchmark-captures,A,1.0.0,docs-00100,scan,q015,common,2,1,51.160
2026-09-13-benchmark-captures,B,2.0.0-alpha.7,docs-00100,scan,q015,common,2,1,72.234
2026-09-13-benchmark-captures,A,1.0.0,docs-00100,scan,q015,common,3,0,51.041
2026-09-13-benchmark-captures,B,2.0.0-alpha.7,docs-00100,scan,q015,common,3,0,70.387
2026-09-13-benchmark-captures,A,1.0.0,docs-00100,scan,q015,common,4,0,50.402
2026-09-13-benchmark-captures,B,2.0.0-alpha.7,docs-00100,scan,q015,common,4,0,71.789
2026-09-13-benchmark-captures,A,1.0.0,docs-00100,scan,q015,common,5,0,51.150
2026-09-13-benchmark-captures,B,2.0.0-alpha.7,docs-00100,scan,q015,common,5,0,70.686
2026-09-13-benchmark-captures,A,1.0.0,docs-00100,scan,q015,common,6,0,50.539
2026-09-13-benchmark-captures,B,2.0.0-alpha.7,docs-00100,scan,q015,common,6,0,71.820
2026-09-13-benchmark-captures,A,1.0.0,docs-00100,scan,q015,common,7,0,51.064
2026-09-13-benchmark-captures,B,2.0.0-alpha.7,docs-00100,scan,q015,common,7,0,70.992
2026-09-13-benchmark-captures,A,1.0.0,docs-00100,scan,q015,common,8,0,51.473
2026-09-13-benchmark-captures,B,2.0.0-alpha.7,docs-00100,scan,q015,common,8,0,72.407
2026-09-13-benchmark-captures,A,1.0.0,docs-00100,scan,q015,common,9,0,50.440
2026-09-13-benchmark-captures,B,2.0.0-alpha.7,docs-00100,scan,q015,common,9,0,70.762
2026-09-13-benchmark-captures,A,1.0.0,docs-00100,scan,q015,common,10,0,51.162
2026-09-13-benchmark-captures,B,2.0.0-alpha.7,docs-00100,scan,q015,common,10,0,70.944
2026-09-13-benchmark-captures,A,1.0.0,docs-00100,scan,q015,common,11,0,51.142
2026-09-13-benchmark-captures,B,2.0.0-alpha.7,docs-00100,scan,q015,common,11,0,70.605
2026-09-13-benchmark-captures,A,1.0.0,docs-00100,scan,q015,common,12,0,51.227
2026-09-13-benchmark-captures,B,2.0.0-alpha.7,docs-00100,scan,q015,common,12,0,70.505
2026-09-13-benchmark-captures,A,1.0.0,docs-00100,scan,q016,common,0,1,51.119
2026-09-13-benchmark-captures,B,2.0.0-alpha.7,docs-00100,scan,q016,common,0,1,72.278
2026-09-13-benchmark-captures,A,1.0.0,docs-00100,scan,q016,common,1,1,51.334
2026-09-13-benchmark-captures,B,2.0.0-alpha.7,docs-00100,scan,q016,common,1,1,71.684
2026-09-13-benchmark-captures,A,1.0.0,docs-00100,scan,q016,common,2,1,51.788
2026-09-13-benchmark-captures,B,2.0.0-alpha.7,docs-00100,scan,q016,common,2,1,71.373
2026-09-13-benchmark-captures,A,1.0.0,docs-00100,scan,q016,common,3,0,52.445
2026-09-13-benchmark-captures,B,2.0.0-alpha.7,docs-00100,scan,q016,common,3,0,70.910
2026-09-13-benchmark-captures,A,1.0.0,docs-00100,scan,q016,common,4,0,51.349
2026-09-13-benchmark-captures,B,2.0.0-alpha.7,docs-00100,scan,q016,common,4,0,72.175
2026-09-13-benchmark-captures,A,1.0.0,docs-00100,scan,q016,common,5,0,50.114
2026-09-13-benchmark-captures,B,2.0.0-alpha.7,docs-00100,scan,q016,common,5,0,72.142
2026-09-13-benchmark-captures,A,1.0.0,docs-00100,scan,q016,common,6,0,51.391
2026-09-13-benchmark-captures,B,2.0.0-alpha.7,docs-00100,scan,q016,common,6,0,70.734
2026-09-13-benchmark-captures,A,1.0.0,docs-00100,scan,q016,common,7,0,51.373
2026-09-13-benchmark-captures,B,2.0.0-alpha.7,docs-00100,scan,q016,common,7,0,72.341
2026-09-13-benchmark-captures,A,1.0.0,docs-00100,scan,q016,common,8,0,50.236
2026-09-13-benchmark-captures,B,2.0.0-alpha.7,docs-00100,scan,q016,common,8,0,71.186
2026-09-13-benchmark-captures,A,1.0.0,docs-00100,scan,q016,common,9,0,51.619
2026-09-13-benchmark-captures,B,2.0.0-alpha.7,docs-00100,scan,q016,common,9,0,72.892
2026-09-13-benchmark-captures,A,1.0.0,docs-00100,scan,q016,common,10,0,50.688
2026-09-13-benchmark-captures,B,2.0.0-alpha.7,docs-00100,scan,q016,common,10,0,71.193
2026-09-13-benchmark-captures,A,1.0.0,docs-00100,scan,q016,common,11,0,50.603
2026-09-13-benchmark-captures,B,2.0.0-alpha.7,docs-00100,scan,q016,common,11,0,72.373
2026-09-13-benchmark-captures,A,1.0.0,docs-00100,scan,q016,common,12,0,51.636
2026-09-13-benchmark-captures,B,2.0.0-alpha.7,docs-00100,scan,q016,common,12,0,70.877
2026-09-13-benchmark-captures,A,1.0.0,docs-00100,scan,q017,common,0,1,51.824
2026-09-13-benchmark-captures,B,2.0.0-alpha.7,docs-00100,scan,q017,common,0,1,72.194
2026-09-13-benchmark-captures,A,1.0.0,docs-00100,scan,q017,common,1,1,50.476
2026-09-13-benchmark-captures,B,2.0.0-alpha.7,docs-00100,scan,q017,common,1,1,71.849
2026-09-13-benchmark-captures,A,1.0.0,docs-00100,scan,q017,common,2,1,50.085
2026-09-13-benchmark-captures,B,2.0.0-alpha.7,docs-00100,scan,q017,common,2,1,71.170
2026-09-13-benchmark-captures,A,1.0.0,docs-00100,scan,q017,common,3,0,50.565
2026-09-13-benchmark-captures,B,2.0.0-alpha.7,docs-00100,scan,q017,common,3,0,72.499
2026-09-13-benchmark-captures,A,1.0.0,docs-00100,scan,q017,common,4,0,50.326
2026-09-13-benchmark-captures,B,2.0.0-alpha.7,docs-00100,scan,q017,common,4,0,70.878
2026-09-13-benchmark-captures,A,1.0.0,docs-00100,scan,q017,common,5,0,51.954
2026-09-13-benchmark-captures,B,2.0.0-alpha.7,docs-00100,scan,q017,common,5,0,72.755
2026-09-13-benchmark-captures,A,1.0.0,docs-00100,scan,q017,common,6,0,50.116
2026-09-13-benchmark-captures,B,2.0.0-alpha.7,docs-00100,scan,q017,common,6,0,72.578
2026-09-13-benchmark-captures,A,1.0.0,docs-00100,scan,q017,common,7,0,50.723
2026-09-13-benchmark-captures,B,2.0.0-alpha.7,docs-00100,scan,q017,common,7,0,71.039
2026-09-13-benchmark-captures,A,1.0.0,docs-00100,scan,q017,common,8,0,51.859
2026-09-13-benchmark-captures,B,2.0.0-alpha.7,docs-00100,scan,q017,common,8,0,72.882
2026-09-13-benchmark-captures,A,1.0.0,docs-00100,scan,q017,common,9,0,52.103
2026-09-13-benchmark-captures,B,2.0.0-alpha.7,docs-00100,scan,q017,common,9,0,70.773
2026-09-13-benchmark-captures,A,1.0.0,docs-00100,scan,q017,common,10,0,51.435
2026-09-13-benchmark-captures,B,2.0.0-alpha.7,docs-00100,scan,q017,common,10,0,71.509
2026-09-13-benchmark-captures,A,1.0.0,docs-00100,scan,q017,common,11,0,50.546
2026-09-13-benchmark-captures,B,2.0.0-alpha.7,docs-00100,scan,q017,common,11,0,70.881
2026-09-13-benchmark-captures,A,1.0.0,docs-00100,scan,q017,common,12,0,50.225
2026-09-13-benchmark-captures,B,2.0.0-alpha.7,docs-00100,scan,q017,common,12,0,72.073
2026-09-13-benchmark-captures,A,1.0.0,docs-00100,scan,q018,common,0,1,50.405
2026-09-13-benchmark-captures,B,2.0.0-alpha.7,docs-00100,scan,q018,common,0,1,70.632
2026-09-13-benchmark-captures,A,1.0.0,docs-00100,scan,q018,common,1,1,51.127
2026-09-13-benchmark-captures,B,2.0.0-alpha.7,docs-00100,scan,q018,common,1,1,71.960
2026-09-13-benchmark-captures,A,1.0.0,docs-00100,scan,q018,common,2,1,50.219
2026-09-13-benchmark-captures,B,2.0.0-alpha.7,docs-00100,scan,q018,common,2,1,70.601
2026-09-13-benchmark-captures,A,1.0.0,docs-00100,scan,q018,common,3,0,50.876
2026-09-13-benchmark-captures,B,2.0.0-alpha.7,docs-00100,scan,q018,common,3,0,71.862
2026-09-13-benchmark-captures,A,1.0.0,docs-00100,scan,q018,common,4,0,50.240
2026-09-13-benchmark-captures,B,2.0.0-alpha.7,docs-00100,scan,q018,common,4,0,70.662
2026-09-13-benchmark-captures,A,1.0.0,docs-00100,scan,q018,common,5,0,50.879
2026-09-13-benchmark-captures,B,2.0.0-alpha.7,docs-00100,scan,q018,common,5,0,71.649
2026-09-13-benchmark-captures,A,1.0.0,docs-00100,scan,q018,common,6,0,51.329
2026-09-13-benchmark-captures,B,2.0.0-alpha.7,docs-00100,scan,q018,common,6,0,70.538
2026-09-13-benchmark-captures,A,1.0.0,docs-00100,scan,q018,common,7,0,50.181
2026-09-13-benchmark-captures,B,2.0.0-alpha.7,docs-00100,scan,q018,common,7,0,70.525
2026-09-13-benchmark-captures,A,1.0.0,docs-00100,scan,q018,common,8,0,51.600
2026-09-13-benchmark-captures,B,2.0.0-alpha.7,docs-00100,scan,q018,common,8,0,70.681
2026-09-13-benchmark-captures,A,1.0.0,docs-00100,scan,q018,common,9,0,51.433
2026-09-13-benchmark-captures,B,2.0.0-alpha.7,docs-00100,scan,q018,common,9,0,70.888
2026-09-13-benchmark-captures,A,1.0.0,docs-00100,scan,q018,common,10,0,51.242
2026-09-13-benchmark-captures,B,2.0.0-alpha.7,docs-00100,scan,q018,common,10,0,71.891
2026-09-13-benchmark-captures,A,1.0.0,docs-00100,scan,q018,common,11,0,49.922
2026-09-13-benchmark-captures,B,2.0.0-alpha.7,docs-00100,scan,q018,common,11,0,71.966
2026-09-13-benchmark-captures,A,1.0.0,docs-00100,scan,q018,common,12,0,50.966
2026-09-13-benchmark-captures,B,2.0.0-alpha.7,docs-00100,scan,q018,common,12,0,70.228
2026-09-13-benchmark-captures,A,1.0.0,docs-00100,scan,q019,rare+common,0,1,51.907
2026-09-13-benchmark-captures,B,2.0.0-alpha.7,docs-00100,scan,q019,rare+common,0,1,72.616
2026-09-13-benchmark-captures,A,1.0.0,docs-00100,scan,q019,rare+common,1,1,52.130
2026-09-13-benchmark-captures,B,2.0.0-alpha.7,docs-00100,scan,q019,rare+common,1,1,72.624
2026-09-13-benchmark-captures,A,1.0.0,docs-00100,scan,q019,rare+common,2,1,52.140
2026-09-13-benchmark-captures,B,2.0.0-alpha.7,docs-00100,scan,q019,rare+common,2,1,74.368
2026-09-13-benchmark-captures,A,1.0.0,docs-00100,scan,q019,rare+common,3,0,52.720
2026-09-13-benchmark-captures,B,2.0.0-alpha.7,docs-00100,scan,q019,rare+common,3,0,72.903
2026-09-13-benchmark-captures,A,1.0.0,docs-00100,scan,q019,rare+common,4,0,51.438
2026-09-13-benchmark-captures,B,2.0.0-alpha.7,docs-00100,scan,q019,rare+common,4,0,73.977
2026-09-13-benchmark-captures,A,1.0.0,docs-00100,scan,q019,rare+common,5,0,51.403
2026-09-13-benchmark-captures,B,2.0.0-alpha.7,docs-00100,scan,q019,rare+common,5,0,74.804
2026-09-13-benchmark-captures,A,1.0.0,docs-00100,scan,q019,rare+common,6,0,51.346
2026-09-13-benchmark-captures,B,2.0.0-alpha.7,docs-00100,scan,q019,rare+common,6,0,72.877
2026-09-13-benchmark-captures,A,1.0.0,docs-00100,scan,q019,rare+common,7,0,52.201
2026-09-13-benchmark-captures,B,2.0.0-alpha.7,docs-00100,scan,q019,rare+common,7,0,74.438
2026-09-13-benchmark-captures,A,1.0.0,docs-00100,scan,q019,rare+common,8,0,51.502
2026-09-13-benchmark-captures,B,2.0.0-alpha.7,docs-00100,scan,q019,rare+common,8,0,72.477
2026-09-13-benchmark-captures,A,1.0.0,docs-00100,scan,q019,rare+common,9,0,51.187
2026-09-13-benchmark-captures,B,2.0.0-alpha.7,docs-00100,scan,q019,rare+common,9,0,74.105
2026-09-13-benchmark-captures,A,1.0.0,docs-00100,scan,q019,rare+common,10,0,50.858
2026-09-13-benchmark-captures,B,2.0.0-alpha.7,docs-00100,scan,q019,rare+common,10,0,72.449
2026-09-13-benchmark-captures,A,1.0.0,docs-00100,scan,q019,rare+common,11,0,53.057
2026-09-13-benchmark-captures,B,2.0.0-alpha.7,docs-00100,scan,q019,rare+common,11,0,75.010
2026-09-13-benchmark-captures,A,1.0.0,docs-00100,scan,q019,rare+common,12,0,52.412
2026-09-13-benchmark-captures,B,2.0.0-alpha.7,docs-00100,scan,q019,rare+common,12,0,72.684
2026-09-13-benchmark-captures,A,1.0.0,docs-00100,scan,q020,rare+common,0,1,51.893
2026-09-13-benchmark-captures,B,2.0.0-alpha.7,docs-00100,scan,q020,rare+common,0,1,74.105
2026-09-13-benchmark-captures,A,1.0.0,docs-00100,scan,q020,rare+common,1,1,51.820
2026-09-13-benchmark-captures,B,2.0.0-alpha.7,docs-00100,scan,q020,rare+common,1,1,72.885
2026-09-13-benchmark-captures,A,1.0.0,docs-00100,scan,q020,rare+common,2,1,52.308
2026-09-13-benchmark-captures,B,2.0.0-alpha.7,docs-00100,scan,q020,rare+common,2,1,75.208
2026-09-13-benchmark-captures,A,1.0.0,docs-00100,scan,q020,rare+common,3,0,51.224
2026-09-13-benchmark-captures,B,2.0.0-alpha.7,docs-00100,scan,q020,rare+common,3,0,73.049
2026-09-13-benchmark-captures,A,1.0.0,docs-00100,scan,q020,rare+common,4,0,52.565
2026-09-13-benchmark-captures,B,2.0.0-alpha.7,docs-00100,scan,q020,rare+common,4,0,73.218
2026-09-13-benchmark-captures,A,1.0.0,docs-00100,scan,q020,rare+common,5,0,51.606
2026-09-13-benchmark-captures,B,2.0.0-alpha.7,docs-00100,scan,q020,rare+common,5,0,74.526
2026-09-13-benchmark-captures,A,1.0.0,docs-00100,scan,q020,rare+common,6,0,51.719
2026-09-13-benchmark-captures,B,2.0.0-alpha.7,docs-00100,scan,q020,rare+common,6,0,73.309
2026-09-13-benchmark-captures,A,1.0.0,docs-00100,scan,q020,rare+common,7,0,52.251
2026-09-13-benchmark-captures,B,2.0.0-alpha.7,docs-00100,scan,q020,rare+common,7,0,74.629
2026-09-13-benchmark-captures,A,1.0.0,docs-00100,scan,q020,rare+common,8,0,51.444
2026-09-13-benchmark-captures,B,2.0.0-alpha.7,docs-00100,scan,q020,rare+common,8,0,73.084
2026-09-13-benchmark-captures,A,1.0.0,docs-00100,scan,q020,rare+common,9,0,52.369
2026-09-13-benchmark-captures,B,2.0.0-alpha.7,docs-00100,scan,q020,rare+common,9,0,73.305
2026-09-13-benchmark-captures,A,1.0.0,docs-00100,scan,q020,rare+common,10,0,52.588
2026-09-13-benchmark-captures,B,2.0.0-alpha.7,docs-00100,scan,q020,rare+common,10,0,72.969
2026-09-13-benchmark-captures,A,1.0.0,docs-00100,scan,q020,rare+common,11,0,52.281
2026-09-13-benchmark-captures,B,2.0.0-alpha.7,docs-00100,scan,q020,rare+common,11,0,74.502
2026-09-13-benchmark-captures,A,1.0.0,docs-00100,scan,q020,rare+common,12,0,52.510
2026-09-13-benchmark-captures,B,2.0.0-alpha.7,docs-00100,scan,q020,rare+common,12,0,73.270
2026-09-13-benchmark-captures,A,1.0.0,docs-00100,scan,q021,rare+common,0,1,52.723
2026-09-13-benchmark-captures,B,2.0.0-alpha.7,docs-00100,scan,q021,rare+common,0,1,73.002
2026-09-13-benchmark-captures,A,1.0.0,docs-00100,scan,q021,rare+common,1,1,52.606
2026-09-13-benchmark-captures,B,2.0.0-alpha.7,docs-00100,scan,q021,rare+common,1,1,74.222
2026-09-13-benchmark-captures,A,1.0.0,docs-00100,scan,q021,rare+common,2,1,51.109
2026-09-13-benchmark-captures,B,2.0.0-alpha.7,docs-00100,scan,q021,rare+common,2,1,74.156
2026-09-13-benchmark-captures,A,1.0.0,docs-00100,scan,q021,rare+common,3,0,51.290
2026-09-13-benchmark-captures,B,2.0.0-alpha.7,docs-00100,scan,q021,rare+common,3,0,74.706
2026-09-13-benchmark-captures,A,1.0.0,docs-00100,scan,q021,rare+common,4,0,51.235
2026-09-13-benchmark-captures,B,2.0.0-alpha.7,docs-00100,scan,q021,rare+common,4,0,73.081
2026-09-13-benchmark-captures,A,1.0.0,docs-00100,scan,q021,rare+common,5,0,52.181
2026-09-13-benchmark-captures,B,2.0.0-alpha.7,docs-00100,scan,q021,rare+common,5,0,74.907
2026-09-13-benchmark-captures,A,1.0.0,docs-00100,scan,q021,rare+common,6,0,51.469
2026-09-13-benchmark-captures,B,2.0.0-alpha.7,docs-00100,scan,q021,rare+common,6,0,73.116
2026-09-13-benchmark-captures,A,1.0.0,docs-00100,scan,q021,rare+common,7,0,52.615
2026-09-13-benchmark-captures,B,2.0.0-alpha.7,docs-00100,scan,q021,rare+common,7,0,74.577
2026-09-13-benchmark-captures,A,1.0.0,docs-00100,scan,q021,rare+common,8,0,51.774
2026-09-13-benchmark-captures,B,2.0.0-alpha.7,docs-00100,scan,q021,rare+common,8,0,73.158
2026-09-13-benchmark-captures,A,1.0.0,docs-00100,scan,q021,rare+common,9,0,52.916
2026-09-13-benchmark-captures,B,2.0.0-alpha.7,docs-00100,scan,q021,rare+common,9,0,72.953
2026-09-13-benchmark-captures,A,1.0.0,docs-00100,scan,q021,rare+common,10,0,52.548
2026-09-13-benchmark-captures,B,2.0.0-alpha.7,docs-00100,scan,q021,rare+common,10,0,74.338
2026-09-13-benchmark-captures,A,1.0.0,docs-00100,scan,q021,rare+common,11,0,51.255
2026-09-13-benchmark-captures,B,2.0.0-alpha.7,docs-00100,scan,q021,rare+common,11,0,74.586
2026-09-13-benchmark-captures,A,1.0.0,docs-00100,scan,q021,rare+common,12,0,52.183
2026-09-13-benchmark-captures,B,2.0.0-alpha.7,docs-00100,scan,q021,rare+common,12,0,72.937
2026-09-13-benchmark-captures,A,1.0.0,docs-00100,scan,q022,rare+common,0,1,52.229
2026-09-13-benchmark-captures,B,2.0.0-alpha.7,docs-00100,scan,q022,rare+common,0,1,72.842
2026-09-13-benchmark-captures,A,1.0.0,docs-00100,scan,q022,rare+common,1,1,51.509
2026-09-13-benchmark-captures,B,2.0.0-alpha.7,docs-00100,scan,q022,rare+common,1,1,73.277
2026-09-13-benchmark-captures,A,1.0.0,docs-00100,scan,q022,rare+common,2,1,52.789
2026-09-13-benchmark-captures,B,2.0.0-alpha.7,docs-00100,scan,q022,rare+common,2,1,73.169
2026-09-13-benchmark-captures,A,1.0.0,docs-00100,scan,q022,rare+common,3,0,54.507
2026-09-13-benchmark-captures,B,2.0.0-alpha.7,docs-00100,scan,q022,rare+common,3,0,75.903
2026-09-13-benchmark-captures,A,1.0.0,docs-00100,scan,q022,rare+common,4,0,53.227
2026-09-13-benchmark-captures,B,2.0.0-alpha.7,docs-00100,scan,q022,rare+common,4,0,76.064
2026-09-13-benchmark-captures,A,1.0.0,docs-00100,scan,q022,rare+common,5,0,53.742
2026-09-13-benchmark-captures,B,2.0.0-alpha.7,docs-00100,scan,q022,rare+common,5,0,73.343
2026-09-13-benchmark-captures,A,1.0.0,docs-00100,scan,q022,rare+common,6,0,53.076
2026-09-13-benchmark-captures,B,2.0.0-alpha.7,docs-00100,scan,q022,rare+common,6,0,74.096
2026-09-13-benchmark-captures,A,1.0.0,docs-00100,scan,q022,rare+common,7,0,52.422
2026-09-13-benchmark-captures,B,2.0.0-alpha.7,docs-00100,scan,q022,rare+common,7,0,74.779
2026-09-13-benchmark-captures,A,1.0.0,docs-00100,scan,q022,rare+common,8,0,53.018
2026-09-13-benchmark-captures,B,2.0.0-alpha.7,docs-00100,scan,q022,rare+common,8,0,73.242
2026-09-13-benchmark-captures,A,1.0.0,docs-00100,scan,q022,rare+common,9,0,52.400
2026-09-13-benchmark-captures,B,2.0.0-alpha.7,docs-00100,scan,q022,rare+common,9,0,74.285
2026-09-13-benchmark-captures,A,1.0.0,docs-00100,scan,q022,rare+common,10,0,51.428
2026-09-13-benchmark-captures,B,2.0.0-alpha.7,docs-00100,scan,q022,rare+common,10,0,74.551
2026-09-13-benchmark-captures,A,1.0.0,docs-00100,scan,q022,rare+common,11,0,51.361
2026-09-13-benchmark-captures,B,2.0.0-alpha.7,docs-00100,scan,q022,rare+common,11,0,73.584
2026-09-13-benchmark-captures,A,1.0.0,docs-00100,scan,q022,rare+common,12,0,52.591
2026-09-13-benchmark-captures,B,2.0.0-alpha.7,docs-00100,scan,q022,rare+common,12,0,73.210
2026-09-13-benchmark-captures,A,1.0.0,docs-00100,scan,q023,rare+common,0,1,52.340
2026-09-13-benchmark-captures,B,2.0.0-alpha.7,docs-00100,scan,q023,rare+common,0,1,75.036
2026-09-13-benchmark-captures,A,1.0.0,docs-00100,scan,q023,rare+common,1,1,51.459
2026-09-13-benchmark-captures,B,2.0.0-alpha.7,docs-00100,scan,q023,rare+common,1,1,74.630
2026-09-13-benchmark-captures,A,1.0.0,docs-00100,scan,q023,rare+common,2,1,51.793
2026-09-13-benchmark-captures,B,2.0.0-alpha.7,docs-00100,scan,q023,rare+common,2,1,72.970
2026-09-13-benchmark-captures,A,1.0.0,docs-00100,scan,q023,rare+common,3,0,52.473
2026-09-13-benchmark-captures,B,2.0.0-alpha.7,docs-00100,scan,q023,rare+common,3,0,75.024
2026-09-13-benchmark-captures,A,1.0.0,docs-00100,scan,q023,rare+common,4,0,51.307
2026-09-13-benchmark-captures,B,2.0.0-alpha.7,docs-00100,scan,q023,rare+common,4,0,73.315
2026-09-13-benchmark-captures,A,1.0.0,docs-00100,scan,q023,rare+common,5,0,51.724
2026-09-13-benchmark-captures,B,2.0.0-alpha.7,docs-00100,scan,q023,rare+common,5,0,74.675
2026-09-13-benchmark-captures,A,1.0.0,docs-00100,scan,q023,rare+common,6,0,52.722
2026-09-13-benchmark-captures,B,2.0.0-alpha.7,docs-00100,scan,q023,rare+common,6,0,75.520
2026-09-13-benchmark-captures,A,1.0.0,docs-00100,scan,q023,rare+common,7,0,51.711
2026-09-13-benchmark-captures,B,2.0.0-alpha.7,docs-00100,scan,q023,rare+common,7,0,73.279
2026-09-13-benchmark-captures,A,1.0.0,docs-00100,scan,q023,rare+common,8,0,52.404
2026-09-13-benchmark-captures,B,2.0.0-alpha.7,docs-00100,scan,q023,rare+common,8,0,73.440
2026-09-13-benchmark-captures,A,1.0.0,docs-00100,scan,q023,rare+common,9,0,51.944
2026-09-13-benchmark-captures,B,2.0.0-alpha.7,docs-00100,scan,q023,rare+common,9,0,75.062
2026-09-13-benchmark-captures,A,1.0.0,docs-00100,scan,q023,rare+common,10,0,53.088
2026-09-13-benchmark-captures,B,2.0.0-alpha.7,docs-00100,scan,q023,rare+common,10,0,75.004
2026-09-13-benchmark-captures,A,1.0.0,docs-00100,scan,q023,rare+common,11,0,52.078
2026-09-13-benchmark-captures,B,2.0.0-alpha.7,docs-00100,scan,q023,rare+common,11,0,76.383
2026-09-13-benchmark-captures,A,1.0.0,docs-00100,scan,q023,rare+common,12,0,53.848
2026-09-13-benchmark-captures,B,2.0.0-alpha.7,docs-00100,scan,q023,rare+common,12,0,75.389
2026-09-13-benchmark-captures,A,1.0.0,docs-00100,scan,q024,rare+common,0,1,51.672
2026-09-13-benchmark-captures,B,2.0.0-alpha.7,docs-00100,scan,q024,rare+common,0,1,74.947
2026-09-13-benchmark-captures,A,1.0.0,docs-00100,scan,q024,rare+common,1,1,52.328
2026-09-13-benchmark-captures,B,2.0.0-alpha.7,docs-00100,scan,q024,rare+common,1,1,74.744
2026-09-13-benchmark-captures,A,1.0.0,docs-00100,scan,q024,rare+common,2,1,51.791
2026-09-13-benchmark-captures,B,2.0.0-alpha.7,docs-00100,scan,q024,rare+common,2,1,75.191
2026-09-13-benchmark-captures,A,1.0.0,docs-00100,scan,q024,rare+common,3,0,52.835
2026-09-13-benchmark-captures,B,2.0.0-alpha.7,docs-00100,scan,q024,rare+common,3,0,73.511
2026-09-13-benchmark-captures,A,1.0.0,docs-00100,scan,q024,rare+common,4,0,52.723
2026-09-13-benchmark-captures,B,2.0.0-alpha.7,docs-00100,scan,q024,rare+common,4,0,75.165
2026-09-13-benchmark-captures,A,1.0.0,docs-00100,scan,q024,rare+common,5,0,52.649
2026-09-13-benchmark-captures,B,2.0.0-alpha.7,docs-00100,scan,q024,rare+common,5,0,73.307
2026-09-13-benchmark-captures,A,1.0.0,docs-00100,scan,q024,rare+common,6,0,53.185
2026-09-13-benchmark-captures,B,2.0.0-alpha.7,docs-00100,scan,q024,rare+common,6,0,76.104
2026-09-13-benchmark-captures,A,1.0.0,docs-00100,scan,q024,rare+common,7,0,53.219
2026-09-13-benchmark-captures,B,2.0.0-alpha.7,docs-00100,scan,q024,rare+common,7,0,73.245
2026-09-13-benchmark-captures,A,1.0.0,docs-00100,scan,q024,rare+common,8,0,51.492
2026-09-13-benchmark-captures,B,2.0.0-alpha.7,docs-00100,scan,q024,rare+common,8,0,73.273
2026-09-13-benchmark-captures,A,1.0.0,docs-00100,scan,q024,rare+common,9,0,53.152
2026-09-13-benchmark-captures,B,2.0.0-alpha.7,docs-00100,scan,q024,rare+common,9,0,73.602
2026-09-13-benchmark-captures,A,1.0.0,docs-00100,scan,q024,rare+common,10,0,52.373
2026-09-13-benchmark-captures,B,2.0.0-alpha.7,docs-00100,scan,q024,rare+common,10,0,75.003
2026-09-13-benchmark-captures,A,1.0.0,docs-00100,scan,q024,rare+common,11,0,51.466
2026-09-13-benchmark-captures,B,2.0.0-alpha.7,docs-00100,scan,q024,rare+common,11,0,74.994
2026-09-13-benchmark-captures,A,1.0.0,docs-00100,scan,q024,rare+common,12,0,51.570
2026-09-13-benchmark-captures,B,2.0.0-alpha.7,docs-00100,scan,q024,rare+common,12,0,73.223
2026-09-13-benchmark-captures,A,1.0.0,docs-00100,scan,q025,rare+common,0,1,52.515
2026-09-13-benchmark-captures,B,2.0.0-alpha.7,docs-00100,scan,q025,rare+common,0,1,73.499
2026-09-13-benchmark-captures,A,1.0.0,docs-00100,scan,q025,rare+common,1,1,52.315
2026-09-13-benchmark-captures,B,2.0.0-alpha.7,docs-00100,scan,q025,rare+common,1,1,74.652
2026-09-13-benchmark-captures,A,1.0.0,docs-00100,scan,q025,rare+common,2,1,51.777
2026-09-13-benchmark-captures,B,2.0.0-alpha.7,docs-00100,scan,q025,rare+common,2,1,74.317
2026-09-13-benchmark-captures,A,1.0.0,docs-00100,scan,q025,rare+common,3,0,51.818
2026-09-13-benchmark-captures,B,2.0.0-alpha.7,docs-00100,scan,q025,rare+common,3,0,73.417
2026-09-13-benchmark-captures,A,1.0.0,docs-00100,scan,q025,rare+common,4,0,52.232
2026-09-13-benchmark-captures,B,2.0.0-alpha.7,docs-00100,scan,q025,rare+common,4,0,75.346
2026-09-13-benchmark-captures,A,1.0.0,docs-00100,scan,q025,rare+common,5,0,52.402
2026-09-13-benchmark-captures,B,2.0.0-alpha.7,docs-00100,scan,q025,rare+common,5,0,72.990
2026-09-13-benchmark-captures,A,1.0.0,docs-00100,scan,q025,rare+common,6,0,52.581
2026-09-13-benchmark-captures,B,2.0.0-alpha.7,docs-00100,scan,q025,rare+common,6,0,74.961
2026-09-13-benchmark-captures,A,1.0.0,docs-00100,scan,q025,rare+common,7,0,51.688
2026-09-13-benchmark-captures,B,2.0.0-alpha.7,docs-00100,scan,q025,rare+common,7,0,73.775
2026-09-13-benchmark-captures,A,1.0.0,docs-00100,scan,q025,rare+common,8,0,52.606
2026-09-13-benchmark-captures,B,2.0.0-alpha.7,docs-00100,scan,q025,rare+common,8,0,75.013
2026-09-13-benchmark-captures,A,1.0.0,docs-00100,scan,q025,rare+common,9,0,51.693
2026-09-13-benchmark-captures,B,2.0.0-alpha.7,docs-00100,scan,q025,rare+common,9,0,74.650
2026-09-13-benchmark-captures,A,1.0.0,docs-00100,scan,q025,rare+common,10,0,51.315
2026-09-13-benchmark-captures,B,2.0.0-alpha.7,docs-00100,scan,q025,rare+common,10,0,74.746
2026-09-13-benchmark-captures,A,1.0.0,docs-00100,scan,q025,rare+common,11,0,51.721
2026-09-13-benchmark-captures,B,2.0.0-alpha.7,docs-00100,scan,q025,rare+common,11,0,74.238
2026-09-13-benchmark-captures,A,1.0.0,docs-00100,scan,q025,rare+common,12,0,52.079
2026-09-13-benchmark-captures,B,2.0.0-alpha.7,docs-00100,scan,q025,rare+common,12,0,73.573
2026-09-13-benchmark-captures,A,1.0.0,docs-00100,scan,q026,rare+common,0,1,51.519
2026-09-13-benchmark-captures,B,2.0.0-alpha.7,docs-00100,scan,q026,rare+common,0,1,74.586
2026-09-13-benchmark-captures,A,1.0.0,docs-00100,scan,q026,rare+common,1,1,51.413
2026-09-13-benchmark-captures,B,2.0.0-alpha.7,docs-00100,scan,q026,rare+common,1,1,73.137
2026-09-13-benchmark-captures,A,1.0.0,docs-00100,scan,q026,rare+common,2,1,51.737
2026-09-13-benchmark-captures,B,2.0.0-alpha.7,docs-00100,scan,q026,rare+common,2,1,74.590
2026-09-13-benchmark-captures,A,1.0.0,docs-00100,scan,q026,rare+common,3,0,52.589
2026-09-13-benchmark-captures,B,2.0.0-alpha.7,docs-00100,scan,q026,rare+common,3,0,73.211
2026-09-13-benchmark-captures,A,1.0.0,docs-00100,scan,q026,rare+common,4,0,52.982
2026-09-13-benchmark-captures,B,2.0.0-alpha.7,docs-00100,scan,q026,rare+common,4,0,73.470
2026-09-13-benchmark-captures,A,1.0.0,docs-00100,scan,q026,rare+common,5,0,52.292
2026-09-13-benchmark-captures,B,2.0.0-alpha.7,docs-00100,scan,q026,rare+common,5,0,73.018
2026-09-13-benchmark-captures,A,1.0.0,docs-00100,scan,q026,rare+common,6,0,51.608
2026-09-13-benchmark-captures,B,2.0.0-alpha.7,docs-00100,scan,q026,rare+common,6,0,74.750
2026-09-13-benchmark-captures,A,1.0.0,docs-00100,scan,q026,rare+common,7,0,52.750
2026-09-13-benchmark-captures,B,2.0.0-alpha.7,docs-00100,scan,q026,rare+common,7,0,73.559
2026-09-13-benchmark-captures,A,1.0.0,docs-00100,scan,q026,rare+common,8,0,52.172
2026-09-13-benchmark-captures,B,2.0.0-alpha.7,docs-00100,scan,q026,rare+common,8,0,74.723
2026-09-13-benchmark-captures,A,1.0.0,docs-00100,scan,q026,rare+common,9,0,51.194
2026-09-13-benchmark-captures,B,2.0.0-alpha.7,docs-00100,scan,q026,rare+common,9,0,73.336
2026-09-13-benchmark-captures,A,1.0.0,docs-00100,scan,q026,rare+common,10,0,51.744
2026-09-13-benchmark-captures,B,2.0.0-alpha.7,docs-00100,scan,q026,rare+common,10,0,74.387
2026-09-13-benchmark-captures,A,1.0.0,docs-00100,scan,q026,rare+common,11,0,52.558
2026-09-13-benchmark-captures,B,2.0.0-alpha.7,docs-00100,scan,q026,rare+common,11,0,74.393
2026-09-13-benchmark-captures,A,1.0.0,docs-00100,scan,q026,rare+common,12,0,50.984
2026-09-13-benchmark-captures,B,2.0.0-alpha.7,docs-00100,scan,q026,rare+common,12,0,74.224
2026-09-13-benchmark-captures,A,1.0.0,docs-00100,scan,q027,common+common,0,1,50.097
2026-09-13-benchmark-captures,B,2.0.0-alpha.7,docs-00100,scan,q027,common+common,0,1,71.211
2026-09-13-benchmark-captures,A,1.0.0,docs-00100,scan,q027,common+common,1,1,51.126
2026-09-13-benchmark-captures,B,2.0.0-alpha.7,docs-00100,scan,q027,common+common,1,1,72.927
2026-09-13-benchmark-captures,A,1.0.0,docs-00100,scan,q027,common+common,2,1,51.756
2026-09-13-benchmark-captures,B,2.0.0-alpha.7,docs-00100,scan,q027,common+common,2,1,71.388
2026-09-13-benchmark-captures,A,1.0.0,docs-00100,scan,q027,common+common,3,0,50.140
2026-09-13-benchmark-captures,B,2.0.0-alpha.7,docs-00100,scan,q027,common+common,3,0,71.732
2026-09-13-benchmark-captures,A,1.0.0,docs-00100,scan,q027,common+common,4,0,51.531
2026-09-13-benchmark-captures,B,2.0.0-alpha.7,docs-00100,scan,q027,common+common,4,0,71.248
2026-09-13-benchmark-captures,A,1.0.0,docs-00100,scan,q027,common+common,5,0,51.516
2026-09-13-benchmark-captures,B,2.0.0-alpha.7,docs-00100,scan,q027,common+common,5,0,72.607
2026-09-13-benchmark-captures,A,1.0.0,docs-00100,scan,q027,common+common,6,0,50.014
2026-09-13-benchmark-captures,B,2.0.0-alpha.7,docs-00100,scan,q027,common+common,6,0,71.317
2026-09-13-benchmark-captures,A,1.0.0,docs-00100,scan,q027,common+common,7,0,51.397
2026-09-13-benchmark-captures,B,2.0.0-alpha.7,docs-00100,scan,q027,common+common,7,0,72.679
2026-09-13-benchmark-captures,A,1.0.0,docs-00100,scan,q027,common+common,8,0,51.579
2026-09-13-benchmark-captures,B,2.0.0-alpha.7,docs-00100,scan,q027,common+common,8,0,71.003
2026-09-13-benchmark-captures,A,1.0.0,docs-00100,scan,q027,common+common,9,0,51.455
2026-09-13-benchmark-captures,B,2.0.0-alpha.7,docs-00100,scan,q027,common+common,9,0,72.855
2026-09-13-benchmark-captures,A,1.0.0,docs-00100,scan,q027,common+common,10,0,50.475
2026-09-13-benchmark-captures,B,2.0.0-alpha.7,docs-00100,scan,q027,common+common,10,0,71.785
2026-09-13-benchmark-captures,A,1.0.0,docs-00100,scan,q027,common+common,11,0,50.418
2026-09-13-benchmark-captures,B,2.0.0-alpha.7,docs-00100,scan,q027,common+common,11,0,71.144
2026-09-13-benchmark-captures,A,1.0.0,docs-00100,scan,q027,common+common,12,0,51.248
2026-09-13-benchmark-captures,B,2.0.0-alpha.7,docs-00100,scan,q027,common+common,12,0,71.714
2026-09-13-benchmark-captures,A,1.0.0,docs-00100,scan,q028,common+common,0,1,51.700
2026-09-13-benchmark-captures,B,2.0.0-alpha.7,docs-00100,scan,q028,common+common,0,1,74.343
2026-09-13-benchmark-captures,A,1.0.0,docs-00100,scan,q028,common+common,1,1,50.730
2026-09-13-benchmark-captures,B,2.0.0-alpha.7,docs-00100,scan,q028,common+common,1,1,72.140
2026-09-13-benchmark-captures,A,1.0.0,docs-00100,scan,q028,common+common,2,1,51.568
2026-09-13-benchmark-captures,B,2.0.0-alpha.7,docs-00100,scan,q028,common+common,2,1,73.680
2026-09-13-benchmark-captures,A,1.0.0,docs-00100,scan,q028,common+common,3,0,50.607
2026-09-13-benchmark-captures,B,2.0.0-alpha.7,docs-00100,scan,q028,common+common,3,0,72.660
2026-09-13-benchmark-captures,A,1.0.0,docs-00100,scan,q028,common+common,4,0,51.787
2026-09-13-benchmark-captures,B,2.0.0-alpha.7,docs-00100,scan,q028,common+common,4,0,74.034
2026-09-13-benchmark-captures,A,1.0.0,docs-00100,scan,q028,common+common,5,0,51.795
2026-09-13-benchmark-captures,B,2.0.0-alpha.7,docs-00100,scan,q028,common+common,5,0,72.081
2026-09-13-benchmark-captures,A,1.0.0,docs-00100,scan,q028,common+common,6,0,50.996
2026-09-13-benchmark-captures,B,2.0.0-alpha.7,docs-00100,scan,q028,common+common,6,0,73.975
2026-09-13-benchmark-captures,A,1.0.0,docs-00100,scan,q028,common+common,7,0,50.994
2026-09-13-benchmark-captures,B,2.0.0-alpha.7,docs-00100,scan,q028,common+common,7,0,72.105
2026-09-13-benchmark-captures,A,1.0.0,docs-00100,scan,q028,common+common,8,0,51.170
2026-09-13-benchmark-captures,B,2.0.0-alpha.7,docs-00100,scan,q028,common+common,8,0,73.630
2026-09-13-benchmark-captures,A,1.0.0,docs-00100,scan,q028,common+common,9,0,51.586
2026-09-13-benchmark-captures,B,2.0.0-alpha.7,docs-00100,scan,q028,common+common,9,0,73.846
2026-09-13-benchmark-captures,A,1.0.0,docs-00100,scan,q028,common+common,10,0,51.062
2026-09-13-benchmark-captures,B,2.0.0-alpha.7,docs-00100,scan,q028,common+common,10,0,72.197
2026-09-13-benchmark-captures,A,1.0.0,docs-00100,scan,q028,common+common,11,0,50.594
2026-09-13-benchmark-captures,B,2.0.0-alpha.7,docs-00100,scan,q028,common+common,11,0,73.150
2026-09-13-benchmark-captures,A,1.0.0,docs-00100,scan,q028,common+common,12,0,51.988
2026-09-13-benchmark-captures,B,2.0.0-alpha.7,docs-00100,scan,q028,common+common,12,0,72.311
2026-09-13-benchmark-captures,A,1.0.0,docs-00100,scan,q029,common+common,0,1,50.343
2026-09-13-benchmark-captures,B,2.0.0-alpha.7,docs-00100,scan,q029,common+common,0,1,73.476
2026-09-13-benchmark-captures,A,1.0.0,docs-00100,scan,q029,common+common,1,1,51.687
2026-09-13-benchmark-captures,B,2.0.0-alpha.7,docs-00100,scan,q029,common+common,1,1,71.362
2026-09-13-benchmark-captures,A,1.0.0,docs-00100,scan,q029,common+common,2,1,52.015
2026-09-13-benchmark-captures,B,2.0.0-alpha.7,docs-00100,scan,q029,common+common,2,1,73.667
2026-09-13-benchmark-captures,A,1.0.0,docs-00100,scan,q029,common+common,3,0,51.190
2026-09-13-benchmark-captures,B,2.0.0-alpha.7,docs-00100,scan,q029,common+common,3,0,71.468
2026-09-13-benchmark-captures,A,1.0.0,docs-00100,scan,q029,common+common,4,0,50.766
2026-09-13-benchmark-captures,B,2.0.0-alpha.7,docs-00100,scan,q029,common+common,4,0,71.087
2026-09-13-benchmark-captures,A,1.0.0,docs-00100,scan,q029,common+common,5,0,51.432
2026-09-13-benchmark-captures,B,2.0.0-alpha.7,docs-00100,scan,q029,common+common,5,0,71.015
2026-09-13-benchmark-captures,A,1.0.0,docs-00100,scan,q029,common+common,6,0,51.335
2026-09-13-benchmark-captures,B,2.0.0-alpha.7,docs-00100,scan,q029,common+common,6,0,72.051
2026-09-13-benchmark-captures,A,1.0.0,docs-00100,scan,q029,common+common,7,0,51.169
2026-09-13-benchmark-captures,B,2.0.0-alpha.7,docs-00100,scan,q029,common+common,7,0,71.095
2026-09-13-benchmark-captures,A,1.0.0,docs-00100,scan,q029,common+common,8,0,50.765
2026-09-13-benchmark-captures,B,2.0.0-alpha.7,docs-00100,scan,q029,common+common,8,0,71.469
2026-09-13-benchmark-captures,A,1.0.0,docs-00100,scan,q029,common+common,9,0,51.247
2026-09-13-benchmark-captures,B,2.0.0-alpha.7,docs-00100,scan,q029,common+common,9,0,71.302
2026-09-13-benchmark-captures,A,1.0.0,docs-00100,scan,q029,common+common,10,0,51.288
2026-09-13-benchmark-captures,B,2.0.0-alpha.7,docs-00100,scan,q029,common+common,10,0,72.962
2026-09-13-benchmark-captures,A,1.0.0,docs-00100,scan,q029,common+common,11,0,50.372
2026-09-13-benchmark-captures,B,2.0.0-alpha.7,docs-00100,scan,q029,common+common,11,0,72.726
2026-09-13-benchmark-captures,A,1.0.0,docs-00100,scan,q029,common+common,12,0,50.292
2026-09-13-benchmark-captures,B,2.0.0-alpha.7,docs-00100,scan,q029,common+common,12,0,72.459
2026-09-13-benchmark-captures,A,1.0.0,docs-00100,scan,q030,common+common,0,1,50.892
2026-09-13-benchmark-captures,B,2.0.0-alpha.7,docs-00100,scan,q030,common+common,0,1,72.618
2026-09-13-benchmark-captures,A,1.0.0,docs-00100,scan,q030,common+common,1,1,50.912
2026-09-13-benchmark-captures,B,2.0.0-alpha.7,docs-00100,scan,q030,common+common,1,1,72.518
2026-09-13-benchmark-captures,A,1.0.0,docs-00100,scan,q030,common+common,2,1,50.991
2026-09-13-benchmark-captures,B,2.0.0-alpha.7,docs-00100,scan,q030,common+common,2,1,72.588
2026-09-13-benchmark-captures,A,1.0.0,docs-00100,scan,q030,common+common,3,0,51.400
2026-09-13-benchmark-captures,B,2.0.0-alpha.7,docs-00100,scan,q030,common+common,3,0,71.462
2026-09-13-benchmark-captures,A,1.0.0,docs-00100,scan,q030,common+common,4,0,51.280
2026-09-13-benchmark-captures,B,2.0.0-alpha.7,docs-00100,scan,q030,common+common,4,0,72.583
2026-09-13-benchmark-captures,A,1.0.0,docs-00100,scan,q030,common+common,5,0,52.089
2026-09-13-benchmark-captures,B,2.0.0-alpha.7,docs-00100,scan,q030,common+common,5,0,71.592
2026-09-13-benchmark-captures,A,1.0.0,docs-00100,scan,q030,common+common,6,0,51.635
2026-09-13-benchmark-captures,B,2.0.0-alpha.7,docs-00100,scan,q030,common+common,6,0,72.258
2026-09-13-benchmark-captures,A,1.0.0,docs-00100,scan,q030,common+common,7,0,50.897
2026-09-13-benchmark-captures,B,2.0.0-alpha.7,docs-00100,scan,q030,common+common,7,0,71.364
2026-09-13-benchmark-captures,A,1.0.0,docs-00100,scan,q030,common+common,8,0,51.883
2026-09-13-benchmark-captures,B,2.0.0-alpha.7,docs-00100,scan,q030,common+common,8,0,72.929
2026-09-13-benchmark-captures,A,1.0.0,docs-00100,scan,q030,common+common,9,0,50.722
2026-09-13-benchmark-captures,B,2.0.0-alpha.7,docs-00100,scan,q030,common+common,9,0,72.585
2026-09-13-benchmark-captures,A,1.0.0,docs-00100,scan,q030,common+common,10,0,51.018
2026-09-13-benchmark-captures,B,2.0.0-alpha.7,docs-00100,scan,q030,common+common,10,0,72.810
2026-09-13-benchmark-captures,A,1.0.0,docs-00100,scan,q030,common+common,11,0,51.365
2026-09-13-benchmark-captures,B,2.0.0-alpha.7,docs-00100,scan,q030,common+common,11,0,71.426
2026-09-13-benchmark-captures,A,1.0.0,docs-00100,scan,q030,common+common,12,0,51.789
2026-09-13-benchmark-captures,B,2.0.0-alpha.7,docs-00100,scan,q030,common+common,12,0,72.670
2026-09-13-benchmark-captures,A,1.0.0,docs-00100,scan,q031,common+common,0,1,50.861
2026-09-13-benchmark-captures,B,2.0.0-alpha.7,docs-00100,scan,q031,common+common,0,1,71.496
2026-09-13-benchmark-captures,A,1.0.0,docs-00100,scan,q031,common+common,1,1,50.886
2026-09-13-benchmark-captures,B,2.0.0-alpha.7,docs-00100,scan,q031,common+common,1,1,72.521
2026-09-13-benchmark-captures,A,1.0.0,docs-00100,scan,q031,common+common,2,1,51.842
2026-09-13-benchmark-captures,B,2.0.0-alpha.7,docs-00100,scan,q031,common+common,2,1,72.570
2026-09-13-benchmark-captures,A,1.0.0,docs-00100,scan,q031,common+common,3,0,50.870
2026-09-13-benchmark-captures,B,2.0.0-alpha.7,docs-00100,scan,q031,common+common,3,0,71.257
2026-09-13-benchmark-captures,A,1.0.0,docs-00100,scan,q031,common+common,4,0,50.764
2026-09-13-benchmark-captures,B,2.0.0-alpha.7,docs-00100,scan,q031,common+common,4,0,71.175
2026-09-13-benchmark-captures,A,1.0.0,docs-00100,scan,q031,common+common,5,0,51.646
2026-09-13-benchmark-captures,B,2.0.0-alpha.7,docs-00100,scan,q031,common+common,5,0,72.512
2026-09-13-benchmark-captures,A,1.0.0,docs-00100,scan,q031,common+common,6,0,51.103
2026-09-13-benchmark-captures,B,2.0.0-alpha.7,docs-00100,scan,q031,common+common,6,0,71.405
2026-09-13-benchmark-captures,A,1.0.0,docs-00100,scan,q031,common+common,7,0,51.027
2026-09-13-benchmark-captures,B,2.0.0-alpha.7,docs-00100,scan,q031,common+common,7,0,72.345
2026-09-13-benchmark-captures,A,1.0.0,docs-00100,scan,q031,common+common,8,0,50.907
2026-09-13-benchmark-captures,B,2.0.0-alpha.7,docs-00100,scan,q031,common+common,8,0,71.398
2026-09-13-benchmark-captures,A,1.0.0,docs-00100,scan,q031,common+common,9,0,51.014
2026-09-13-benchmark-captures,B,2.0.0-alpha.7,docs-00100,scan,q031,common+common,9,0,72.442
2026-09-13-benchmark-captures,A,1.0.0,docs-00100,scan,q031,common+common,10,0,50.910
2026-09-13-benchmark-captures,B,2.0.0-alpha.7,docs-00100,scan,q031,common+common,10,0,71.099
2026-09-13-benchmark-captures,A,1.0.0,docs-00100,scan,q031,common+common,11,0,51.930
2026-09-13-benchmark-captures,B,2.0.0-alpha.7,docs-00100,scan,q031,common+common,11,0,72.512
2026-09-13-benchmark-captures,A,1.0.0,docs-00100,scan,q031,common+common,12,0,52.032
2026-09-13-benchmark-captures,B,2.0.0-alpha.7,docs-00100,scan,q031,common+common,12,0,72.382
2026-09-13-benchmark-captures,A,1.0.0,docs-00100,scan,q032,common+common,0,1,51.094
2026-09-13-benchmark-captures,B,2.0.0-alpha.7,docs-00100,scan,q032,common+common,0,1,71.354
2026-09-13-benchmark-captures,A,1.0.0,docs-00100,scan,q032,common+common,1,1,52.320
2026-09-13-benchmark-captures,B,2.0.0-alpha.7,docs-00100,scan,q032,common+common,1,1,72.009
2026-09-13-benchmark-captures,A,1.0.0,docs-00100,scan,q032,common+common,2,1,52.054
2026-09-13-benchmark-captures,B,2.0.0-alpha.7,docs-00100,scan,q032,common+common,2,1,72.420
2026-09-13-benchmark-captures,A,1.0.0,docs-00100,scan,q032,common+common,3,0,51.099
2026-09-13-benchmark-captures,B,2.0.0-alpha.7,docs-00100,scan,q032,common+common,3,0,72.975
2026-09-13-benchmark-captures,A,1.0.0,docs-00100,scan,q032,common+common,4,0,51.733
2026-09-13-benchmark-captures,B,2.0.0-alpha.7,docs-00100,scan,q032,common+common,4,0,70.964
2026-09-13-benchmark-captures,A,1.0.0,docs-00100,scan,q032,common+common,5,0,50.671
2026-09-13-benchmark-captures,B,2.0.0-alpha.7,docs-00100,scan,q032,common+common,5,0,72.279
2026-09-13-benchmark-captures,A,1.0.0,docs-00100,scan,q032,common+common,6,0,50.794
2026-09-13-benchmark-captures,B,2.0.0-alpha.7,docs-00100,scan,q032,common+common,6,0,71.193
2026-09-13-benchmark-captures,A,1.0.0,docs-00100,scan,q032,common+common,7,0,51.618
2026-09-13-benchmark-captures,B,2.0.0-alpha.7,docs-00100,scan,q032,common+common,7,0,72.681
2026-09-13-benchmark-captures,A,1.0.0,docs-00100,scan,q032,common+common,8,0,50.848
2026-09-13-benchmark-captures,B,2.0.0-alpha.7,docs-00100,scan,q032,common+common,8,0,71.555
2026-09-13-benchmark-captures,A,1.0.0,docs-00100,scan,q032,common+common,9,0,51.162
2026-09-13-benchmark-captures,B,2.0.0-alpha.7,docs-00100,scan,q032,common+common,9,0,73.041
2026-09-13-benchmark-captures,A,1.0.0,docs-00100,scan,q032,common+common,10,0,51.952
2026-09-13-benchmark-captures,B,2.0.0-alpha.7,docs-00100,scan,q032,common+common,10,0,72.816
2026-09-13-benchmark-captures,A,1.0.0,docs-00100,scan,q032,common+common,11,0,50.935
2026-09-13-benchmark-captures,B,2.0.0-alpha.7,docs-00100,scan,q032,common+common,11,0,73.218
2026-09-13-benchmark-captures,A,1.0.0,docs-00100,scan,q032,common+common,12,0,51.156
2026-09-13-benchmark-captures,B,2.0.0-alpha.7,docs-00100,scan,q032,common+common,12,0,71.737
2026-09-13-benchmark-captures,A,1.0.0,docs-00100,scan,q033,common+common,0,1,51.806
2026-09-13-benchmark-captures,B,2.0.0-alpha.7,docs-00100,scan,q033,common+common,0,1,73.002
2026-09-13-benchmark-captures,A,1.0.0,docs-00100,scan,q033,common+common,1,1,51.165
2026-09-13-benchmark-captures,B,2.0.0-alpha.7,docs-00100,scan,q033,common+common,1,1,71.692
2026-09-13-benchmark-captures,A,1.0.0,docs-00100,scan,q033,common+common,2,1,51.090
2026-09-13-benchmark-captures,B,2.0.0-alpha.7,docs-00100,scan,q033,common+common,2,1,72.998
2026-09-13-benchmark-captures,A,1.0.0,docs-00100,scan,q033,common+common,3,0,51.960
2026-09-13-benchmark-captures,B,2.0.0-alpha.7,docs-00100,scan,q033,common+common,3,0,74.603
2026-09-13-benchmark-captures,A,1.0.0,docs-00100,scan,q033,common+common,4,0,51.057
2026-09-13-benchmark-captures,B,2.0.0-alpha.7,docs-00100,scan,q033,common+common,4,0,73.129
2026-09-13-benchmark-captures,A,1.0.0,docs-00100,scan,q033,common+common,5,0,50.548
2026-09-13-benchmark-captures,B,2.0.0-alpha.7,docs-00100,scan,q033,common+common,5,0,71.346
2026-09-13-benchmark-captures,A,1.0.0,docs-00100,scan,q033,common+common,6,0,51.696
2026-09-13-benchmark-captures,B,2.0.0-alpha.7,docs-00100,scan,q033,common+common,6,0,72.943
2026-09-13-benchmark-captures,A,1.0.0,docs-00100,scan,q033,common+common,7,0,51.829
2026-09-13-benchmark-captures,B,2.0.0-alpha.7,docs-00100,scan,q033,common+common,7,0,71.287
2026-09-13-benchmark-captures,A,1.0.0,docs-00100,scan,q033,common+common,8,0,51.637
2026-09-13-benchmark-captures,B,2.0.0-alpha.7,docs-00100,scan,q033,common+common,8,0,72.982
2026-09-13-benchmark-captures,A,1.0.0,docs-00100,scan,q033,common+common,9,0,51.066
2026-09-13-benchmark-captures,B,2.0.0-alpha.7,docs-00100,scan,q033,common+common,9,0,72.685
2026-09-13-benchmark-captures,A,1.0.0,docs-00100,scan,q033,common+common,10,0,51.813
2026-09-13-benchmark-captures,B,2.0.0-alpha.7,docs-00100,scan,q033,common+common,10,0,71.425
2026-09-13-benchmark-captures,A,1.0.0,docs-00100,scan,q033,common+common,11,0,50.622
2026-09-13-benchmark-captures,B,2.0.0-alpha.7,docs-00100,scan,q033,common+common,11,0,71.028
2026-09-13-benchmark-captures,A,1.0.0,docs-00100,scan,q033,common+common,12,0,51.504
2026-09-13-benchmark-captures,B,2.0.0-alpha.7,docs-00100,scan,q033,common+common,12,0,72.692
2026-09-13-benchmark-captures,A,1.0.0,docs-00100,scan,q034,common+common,0,1,53.167
2026-09-13-benchmark-captures,B,2.0.0-alpha.7,docs-00100,scan,q034,common+common,0,1,74.865
2026-09-13-benchmark-captures,A,1.0.0,docs-00100,scan,q034,common+common,1,1,51.918
2026-09-13-benchmark-captures,B,2.0.0-alpha.7,docs-00100,scan,q034,common+common,1,1,74.693
2026-09-13-benchmark-captures,A,1.0.0,docs-00100,scan,q034,common+common,2,1,51.971
2026-09-13-benchmark-captures,B,2.0.0-alpha.7,docs-00100,scan,q034,common+common,2,1,73.539
2026-09-13-benchmark-captures,A,1.0.0,docs-00100,scan,q034,common+common,3,0,52.963
2026-09-13-benchmark-captures,B,2.0.0-alpha.7,docs-00100,scan,q034,common+common,3,0,73.428
2026-09-13-benchmark-captures,A,1.0.0,docs-00100,scan,q034,common+common,4,0,51.759
2026-09-13-benchmark-captures,B,2.0.0-alpha.7,docs-00100,scan,q034,common+common,4,0,73.539
2026-09-13-benchmark-captures,A,1.0.0,docs-00100,scan,q034,common+common,5,0,53.323
2026-09-13-benchmark-captures,B,2.0.0-alpha.7,docs-00100,scan,q034,common+common,5,0,74.857
2026-09-13-benchmark-captures,A,1.0.0,docs-00100,scan,q034,common+common,6,0,52.028
2026-09-13-benchmark-captures,B,2.0.0-alpha.7,docs-00100,scan,q034,common+common,6,0,73.997
2026-09-13-benchmark-captures,A,1.0.0,docs-00100,scan,q034,common+common,7,0,52.429
2026-09-13-benchmark-captures,B,2.0.0-alpha.7,docs-00100,scan,q034,common+common,7,0,75.393
2026-09-13-benchmark-captures,A,1.0.0,docs-00100,scan,q034,common+common,8,0,53.125
2026-09-13-benchmark-captures,B,2.0.0-alpha.7,docs-00100,scan,q034,common+common,8,0,73.398
2026-09-13-benchmark-captures,A,1.0.0,docs-00100,scan,q034,common+common,9,0,53.160
2026-09-13-benchmark-captures,B,2.0.0-alpha.7,docs-00100,scan,q034,common+common,9,0,75.195
2026-09-13-benchmark-captures,A,1.0.0,docs-00100,scan,q034,common+common,10,0,52.124
2026-09-13-benchmark-captures,B,2.0.0-alpha.7,docs-00100,scan,q034,common+common,10,0,73.595
2026-09-13-benchmark-captures,A,1.0.0,docs-00100,scan,q034,common+common,11,0,51.801
2026-09-13-benchmark-captures,B,2.0.0-alpha.7,docs-00100,scan,q034,common+common,11,0,73.521
2026-09-13-benchmark-captures,A,1.0.0,docs-00100,scan,q034,common+common,12,0,53.014
2026-09-13-benchmark-captures,B,2.0.0-alpha.7,docs-00100,scan,q034,common+common,12,0,73.389
2026-09-13-benchmark-captures,A,1.0.0,docs-00100,scan,q035,phrase,0,1,51.486
2026-09-13-benchmark-captures,B,2.0.0-alpha.7,docs-00100,scan,q035,phrase,0,1,72.521
2026-09-13-benchmark-captures,A,1.0.0,docs-00100,scan,q035,phrase,1,1,51.560
2026-09-13-benchmark-captures,B,2.0.0-alpha.7,docs-00100,scan,q035,phrase,1,1,71.058
2026-09-13-benchmark-captures,A,1.0.0,docs-00100,scan,q035,phrase,2,1,50.730
2026-09-13-benchmark-captures,B,2.0.0-alpha.7,docs-00100,scan,q035,phrase,2,1,73.047
2026-09-13-benchmark-captures,A,1.0.0,docs-00100,scan,q035,phrase,3,0,51.393
2026-09-13-benchmark-captures,B,2.0.0-alpha.7,docs-00100,scan,q035,phrase,3,0,71.441
2026-09-13-benchmark-captures,A,1.0.0,docs-00100,scan,q035,phrase,4,0,50.457
2026-09-13-benchmark-captures,B,2.0.0-alpha.7,docs-00100,scan,q035,phrase,4,0,72.776
2026-09-13-benchmark-captures,A,1.0.0,docs-00100,scan,q035,phrase,5,0,51.686
2026-09-13-benchmark-captures,B,2.0.0-alpha.7,docs-00100,scan,q035,phrase,5,0,71.404
2026-09-13-benchmark-captures,A,1.0.0,docs-00100,scan,q035,phrase,6,0,50.329
2026-09-13-benchmark-captures,B,2.0.0-alpha.7,docs-00100,scan,q035,phrase,6,0,71.393
2026-09-13-benchmark-captures,A,1.0.0,docs-00100,scan,q035,phrase,7,0,51.379
2026-09-13-benchmark-captures,B,2.0.0-alpha.7,docs-00100,scan,q035,phrase,7,0,71.249
2026-09-13-benchmark-captures,A,1.0.0,docs-00100,scan,q035,phrase,8,0,51.319
2026-09-13-benchmark-captures,B,2.0.0-alpha.7,docs-00100,scan,q035,phrase,8,0,70.977
2026-09-13-benchmark-captures,A,1.0.0,docs-00100,scan,q035,phrase,9,0,51.288
2026-09-13-benchmark-captures,B,2.0.0-alpha.7,docs-00100,scan,q035,phrase,9,0,71.135
2026-09-13-benchmark-captures,A,1.0.0,docs-00100,scan,q035,phrase,10,0,50.610
2026-09-13-benchmark-captures,B,2.0.0-alpha.7,docs-00100,scan,q035,phrase,10,0,72.964
2026-09-13-benchmark-captures,A,1.0.0,docs-00100,scan,q035,phrase,11,0,50.213
2026-09-13-benchmark-captures,B,2.0.0-alpha.7,docs-00100,scan,q035,phrase,11,0,71.392
2026-09-13-benchmark-captures,A,1.0.0,docs-00100,scan,q035,phrase,12,0,50.835
2026-09-13-benchmark-captures,B,2.0.0-alpha.7,docs-00100,scan,q035,phrase,12,0,72.731
2026-09-13-benchmark-captures,A,1.0.0,docs-00100,scan,q036,phrase,0,1,51.444
2026-09-13-benchmark-captures,B,2.0.0-alpha.7,docs-00100,scan,q036,phrase,0,1,72.132
2026-09-13-benchmark-captures,A,1.0.0,docs-00100,scan,q036,phrase,1,1,50.451
2026-09-13-benchmark-captures,B,2.0.0-alpha.7,docs-00100,scan,q036,phrase,1,1,70.838
2026-09-13-benchmark-captures,A,1.0.0,docs-00100,scan,q036,phrase,2,1,50.312
2026-09-13-benchmark-captures,B,2.0.0-alpha.7,docs-00100,scan,q036,phrase,2,1,72.108
2026-09-13-benchmark-captures,A,1.0.0,docs-00100,scan,q036,phrase,3,0,50.202
2026-09-13-benchmark-captures,B,2.0.0-alpha.7,docs-00100,scan,q036,phrase,3,0,70.658
2026-09-13-benchmark-captures,A,1.0.0,docs-00100,scan,q036,phrase,4,0,51.195
2026-09-13-benchmark-captures,B,2.0.0-alpha.7,docs-00100,scan,q036,phrase,4,0,70.951
2026-09-13-benchmark-captures,A,1.0.0,docs-00100,scan,q036,phrase,5,0,51.116
2026-09-13-benchmark-captures,B,2.0.0-alpha.7,docs-00100,scan,q036,phrase,5,0,73.187
2026-09-13-benchmark-captures,A,1.0.0,docs-00100,scan,q036,phrase,6,0,51.012
2026-09-13-benchmark-captures,B,2.0.0-alpha.7,docs-00100,scan,q036,phrase,6,0,72.353
2026-09-13-benchmark-captures,A,1.0.0,docs-00100,scan,q036,phrase,7,0,50.405
2026-09-13-benchmark-captures,B,2.0.0-alpha.7,docs-00100,scan,q036,phrase,7,0,72.534
2026-09-13-benchmark-captures,A,1.0.0,docs-00100,scan,q036,phrase,8,0,50.361
2026-09-13-benchmark-captures,B,2.0.0-alpha.7,docs-00100,scan,q036,phrase,8,0,71.270
2026-09-13-benchmark-captures,A,1.0.0,docs-00100,scan,q036,phrase,9,0,50.935
2026-09-13-benchmark-captures,B,2.0.0-alpha.7,docs-00100,scan,q036,phrase,9,0,72.546
2026-09-13-benchmark-captures,A,1.0.0,docs-00100,scan,q036,phrase,10,0,50.412
2026-09-13-benchmark-captures,B,2.0.0-alpha.7,docs-00100,scan,q036,phrase,10,0,72.035
2026-09-13-benchmark-captures,A,1.0.0,docs-00100,scan,q036,phrase,11,0,50.625
2026-09-13-benchmark-captures,B,2.0.0-alpha.7,docs-00100,scan,q036,phrase,11,0,70.819
2026-09-13-benchmark-captures,A,1.0.0,docs-00100,scan,q036,phrase,12,0,50.907
2026-09-13-benchmark-captures,B,2.0.0-alpha.7,docs-00100,scan,q036,phrase,12,0,72.306
2026-09-13-benchmark-captures,A,1.0.0,docs-00100,scan,q037,phrase,0,1,52.224
2026-09-13-benchmark-captures,B,2.0.0-alpha.7,docs-00100,scan,q037,phrase,0,1,73.181
2026-09-13-benchmark-captures,A,1.0.0,docs-00100,scan,q037,phrase,1,1,50.938
2026-09-13-benchmark-captures,B,2.0.0-alpha.7,docs-00100,scan,q037,phrase,1,1,73.495
2026-09-13-benchmark-captures,A,1.0.0,docs-00100,scan,q037,phrase,2,1,50.920
2026-09-13-benchmark-captures,B,2.0.0-alpha.7,docs-00100,scan,q037,phrase,2,1,72.383
2026-09-13-benchmark-captures,A,1.0.0,docs-00100,scan,q037,phrase,3,0,55.079
2026-09-13-benchmark-captures,B,2.0.0-alpha.7,docs-00100,scan,q037,phrase,3,0,73.772
2026-09-13-benchmark-captures,A,1.0.0,docs-00100,scan,q037,phrase,4,0,51.938
2026-09-13-benchmark-captures,B,2.0.0-alpha.7,docs-00100,scan,q037,phrase,4,0,72.619
2026-09-13-benchmark-captures,A,1.0.0,docs-00100,scan,q037,phrase,5,0,51.128
2026-09-13-benchmark-captures,B,2.0.0-alpha.7,docs-00100,scan,q037,phrase,5,0,73.849
2026-09-13-benchmark-captures,A,1.0.0,docs-00100,scan,q037,phrase,6,0,51.121
2026-09-13-benchmark-captures,B,2.0.0-alpha.7,docs-00100,scan,q037,phrase,6,0,72.801
2026-09-13-benchmark-captures,A,1.0.0,docs-00100,scan,q037,phrase,7,0,52.147
2026-09-13-benchmark-captures,B,2.0.0-alpha.7,docs-00100,scan,q037,phrase,7,0,73.360
2026-09-13-benchmark-captures,A,1.0.0,docs-00100,scan,q037,phrase,8,0,52.531
2026-09-13-benchmark-captures,B,2.0.0-alpha.7,docs-00100,scan,q037,phrase,8,0,72.973
2026-09-13-benchmark-captures,A,1.0.0,docs-00100,scan,q037,phrase,9,0,51.681
2026-09-13-benchmark-captures,B,2.0.0-alpha.7,docs-00100,scan,q037,phrase,9,0,74.231
2026-09-13-benchmark-captures,A,1.0.0,docs-00100,scan,q037,phrase,10,0,51.171
2026-09-13-benchmark-captures,B,2.0.0-alpha.7,docs-00100,scan,q037,phrase,10,0,72.549
2026-09-13-benchmark-captures,A,1.0.0,docs-00100,scan,q037,phrase,11,0,51.417
2026-09-13-benchmark-captures,B,2.0.0-alpha.7,docs-00100,scan,q037,phrase,11,0,73.825
2026-09-13-benchmark-captures,A,1.0.0,docs-00100,scan,q037,phrase,12,0,52.209
2026-09-13-benchmark-captures,B,2.0.0-alpha.7,docs-00100,scan,q037,phrase,12,0,73.919
2026-09-13-benchmark-captures,A,1.0.0,docs-00100,scan,q038,phrase,0,1,50.920
2026-09-13-benchmark-captures,B,2.0.0-alpha.7,docs-00100,scan,q038,phrase,0,1,72.381
2026-09-13-benchmark-captures,A,1.0.0,docs-00100,scan,q038,phrase,1,1,51.737
2026-09-13-benchmark-captures,B,2.0.0-alpha.7,docs-00100,scan,q038,phrase,1,1,74.134
2026-09-13-benchmark-captures,A,1.0.0,docs-00100,scan,q038,phrase,2,1,50.990
2026-09-13-benchmark-captures,B,2.0.0-alpha.7,docs-00100,scan,q038,phrase,2,1,72.683
2026-09-13-benchmark-captures,A,1.0.0,docs-00100,scan,q038,phrase,3,0,52.170
2026-09-13-benchmark-captures,B,2.0.0-alpha.7,docs-00100,scan,q038,phrase,3,0,74.432
2026-09-13-benchmark-captures,A,1.0.0,docs-00100,scan,q038,phrase,4,0,51.327
2026-09-13-benchmark-captures,B,2.0.0-alpha.7,docs-00100,scan,q038,phrase,4,0,72.486
2026-09-13-benchmark-captures,A,1.0.0,docs-00100,scan,q038,phrase,5,0,52.085
2026-09-13-benchmark-captures,B,2.0.0-alpha.7,docs-00100,scan,q038,phrase,5,0,72.376
2026-09-13-benchmark-captures,A,1.0.0,docs-00100,scan,q038,phrase,6,0,51.944
2026-09-13-benchmark-captures,B,2.0.0-alpha.7,docs-00100,scan,q038,phrase,6,0,72.760
2026-09-13-benchmark-captures,A,1.0.0,docs-00100,scan,q038,phrase,7,0,51.121
2026-09-13-benchmark-captures,B,2.0.0-alpha.7,docs-00100,scan,q038,phrase,7,0,73.502
2026-09-13-benchmark-captures,A,1.0.0,docs-00100,scan,q038,phrase,8,0,50.974
2026-09-13-benchmark-captures,B,2.0.0-alpha.7,docs-00100,scan,q038,phrase,8,0,71.974
2026-09-13-benchmark-captures,A,1.0.0,docs-00100,scan,q038,phrase,9,0,52.066
2026-09-13-benchmark-captures,B,2.0.0-alpha.7,docs-00100,scan,q038,phrase,9,0,72.409
2026-09-13-benchmark-captures,A,1.0.0,docs-00100,scan,q038,phrase,10,0,51.661
2026-09-13-benchmark-captures,B,2.0.0-alpha.7,docs-00100,scan,q038,phrase,10,0,73.894
2026-09-13-benchmark-captures,A,1.0.0,docs-00100,scan,q038,phrase,11,0,50.952
2026-09-13-benchmark-captures,B,2.0.0-alpha.7,docs-00100,scan,q038,phrase,11,0,74.495
2026-09-13-benchmark-captures,A,1.0.0,docs-00100,scan,q038,phrase,12,0,52.203
2026-09-13-benchmark-captures,B,2.0.0-alpha.7,docs-00100,scan,q038,phrase,12,0,72.588
2026-09-13-benchmark-captures,A,1.0.0,docs-00100,scan,q039,phrase,0,1,50.476
2026-09-13-benchmark-captures,B,2.0.0-alpha.7,docs-00100,scan,q039,phrase,0,1,73.162
2026-09-13-benchmark-captures,A,1.0.0,docs-00100,scan,q039,phrase,1,1,52.030
2026-09-13-benchmark-captures,B,2.0.0-alpha.7,docs-00100,scan,q039,phrase,1,1,73.428
2026-09-13-benchmark-captures,A,1.0.0,docs-00100,scan,q039,phrase,2,1,50.735
2026-09-13-benchmark-captures,B,2.0.0-alpha.7,docs-00100,scan,q039,phrase,2,1,72.954
2026-09-13-benchmark-captures,A,1.0.0,docs-00100,scan,q039,phrase,3,0,50.414
2026-09-13-benchmark-captures,B,2.0.0-alpha.7,docs-00100,scan,q039,phrase,3,0,72.038
2026-09-13-benchmark-captures,A,1.0.0,docs-00100,scan,q039,phrase,4,0,51.600
2026-09-13-benchmark-captures,B,2.0.0-alpha.7,docs-00100,scan,q039,phrase,4,0,73.624
2026-09-13-benchmark-captures,A,1.0.0,docs-00100,scan,q039,phrase,5,0,50.566
2026-09-13-benchmark-captures,B,2.0.0-alpha.7,docs-00100,scan,q039,phrase,5,0,71.678
2026-09-13-benchmark-captures,A,1.0.0,docs-00100,scan,q039,phrase,6,0,51.727
2026-09-13-benchmark-captures,B,2.0.0-alpha.7,docs-00100,scan,q039,phrase,6,0,73.588
2026-09-13-benchmark-captures,A,1.0.0,docs-00100,scan,q039,phrase,7,0,50.530
2026-09-13-benchmark-captures,B,2.0.0-alpha.7,docs-00100,scan,q039,phrase,7,0,71.907
2026-09-13-benchmark-captures,A,1.0.0,docs-00100,scan,q039,phrase,8,0,51.393
2026-09-13-benchmark-captures,B,2.0.0-alpha.7,docs-00100,scan,q039,phrase,8,0,72.812
2026-09-13-benchmark-captures,A,1.0.0,docs-00100,scan,q039,phrase,9,0,51.802
2026-09-13-benchmark-captures,B,2.0.0-alpha.7,docs-00100,scan,q039,phrase,9,0,72.996
2026-09-13-benchmark-captures,A,1.0.0,docs-00100,scan,q039,phrase,10,0,50.386
2026-09-13-benchmark-captures,B,2.0.0-alpha.7,docs-00100,scan,q039,phrase,10,0,72.896
2026-09-13-benchmark-captures,A,1.0.0,docs-00100,scan,q039,phrase,11,0,50.732
2026-09-13-benchmark-captures,B,2.0.0-alpha.7,docs-00100,scan,q039,phrase,11,0,73.525
2026-09-13-benchmark-captures,A,1.0.0,docs-00100,scan,q039,phrase,12,0,50.593
2026-09-13-benchmark-captures,B,2.0.0-alpha.7,docs-00100,scan,q039,phrase,12,0,71.584
2026-09-13-benchmark-captures,A,1.0.0,docs-00100,scan,q040,phrase,0,1,49.973
2026-09-13-benchmark-captures,B,2.0.0-alpha.7,docs-00100,scan,q040,phrase,0,1,71.238
2026-09-13-benchmark-captures,A,1.0.0,docs-00100,scan,q040,phrase,1,1,50.370
2026-09-13-benchmark-captures,B,2.0.0-alpha.7,docs-00100,scan,q040,phrase,1,1,73.266
2026-09-13-benchmark-captures,A,1.0.0,docs-00100,scan,q040,phrase,2,1,51.156
2026-09-13-benchmark-captures,B,2.0.0-alpha.7,docs-00100,scan,q040,phrase,2,1,71.527
2026-09-13-benchmark-captures,A,1.0.0,docs-00100,scan,q040,phrase,3,0,50.568
2026-09-13-benchmark-captures,B,2.0.0-alpha.7,docs-00100,scan,q040,phrase,3,0,72.062
2026-09-13-benchmark-captures,A,1.0.0,docs-00100,scan,q040,phrase,4,0,50.454
2026-09-13-benchmark-captures,B,2.0.0-alpha.7,docs-00100,scan,q040,phrase,4,0,71.300
2026-09-13-benchmark-captures,A,1.0.0,docs-00100,scan,q040,phrase,5,0,50.978
2026-09-13-benchmark-captures,B,2.0.0-alpha.7,docs-00100,scan,q040,phrase,5,0,72.698
2026-09-13-benchmark-captures,A,1.0.0,docs-00100,scan,q040,phrase,6,0,51.220
2026-09-13-benchmark-captures,B,2.0.0-alpha.7,docs-00100,scan,q040,phrase,6,0,71.198
2026-09-13-benchmark-captures,A,1.0.0,docs-00100,scan,q040,phrase,7,0,50.046
2026-09-13-benchmark-captures,B,2.0.0-alpha.7,docs-00100,scan,q040,phrase,7,0,71.435
2026-09-13-benchmark-captures,A,1.0.0,docs-00100,scan,q040,phrase,8,0,51.662
2026-09-13-benchmark-captures,B,2.0.0-alpha.7,docs-00100,scan,q040,phrase,8,0,71.900
2026-09-13-benchmark-captures,A,1.0.0,docs-00100,scan,q040,phrase,9,0,55.043
2026-09-13-benchmark-captures,B,2.0.0-alpha.7,docs-00100,scan,q040,phrase,9,0,73.285
2026-09-13-benchmark-captures,A,1.0.0,docs-00100,scan,q040,phrase,10,0,51.735
2026-09-13-benchmark-captures,B,2.0.0-alpha.7,docs-00100,scan,q040,phrase,10,0,72.857
2026-09-13-benchmark-captures,A,1.0.0,docs-00100,scan,q040,phrase,11,0,50.259
2026-09-13-benchmark-captures,B,2.0.0-alpha.7,docs-00100,scan,q040,phrase,11,0,72.685
2026-09-13-benchmark-captures,A,1.0.0,docs-00100,scan,q040,phrase,12,0,49.906
2026-09-13-benchmark-captures,B,2.0.0-alpha.7,docs-00100,scan,q040,phrase,12,0,71.471
2026-09-13-benchmark-captures,A,1.0.0,docs-00100,scan,q041,phrase,0,1,51.267
2026-09-13-benchmark-captures,B,2.0.0-alpha.7,docs-00100,scan,q041,phrase,0,1,73.819
2026-09-13-benchmark-captures,A,1.0.0,docs-00100,scan,q041,phrase,1,1,52.695
2026-09-13-benchmark-captures,B,2.0.0-alpha.7,docs-00100,scan,q041,phrase,1,1,74.115
2026-09-13-benchmark-captures,A,1.0.0,docs-00100,scan,q041,phrase,2,1,50.927
2026-09-13-benchmark-captures,B,2.0.0-alpha.7,docs-00100,scan,q041,phrase,2,1,72.885
2026-09-13-benchmark-captures,A,1.0.0,docs-00100,scan,q041,phrase,3,0,52.231
2026-09-13-benchmark-captures,B,2.0.0-alpha.7,docs-00100,scan,q041,phrase,3,0,74.632
2026-09-13-benchmark-captures,A,1.0.0,docs-00100,scan,q041,phrase,4,0,51.028
2026-09-13-benchmark-captures,B,2.0.0-alpha.7,docs-00100,scan,q041,phrase,4,0,73.825
2026-09-13-benchmark-captures,A,1.0.0,docs-00100,scan,q041,phrase,5,0,51.446
2026-09-13-benchmark-captures,B,2.0.0-alpha.7,docs-00100,scan,q041,phrase,5,0,73.109
2026-09-13-benchmark-captures,A,1.0.0,docs-00100,scan,q041,phrase,6,0,52.157
2026-09-13-benchmark-captures,B,2.0.0-alpha.7,docs-00100,scan,q041,phrase,6,0,72.544
2026-09-13-benchmark-captures,A,1.0.0,docs-00100,scan,q041,phrase,7,0,52.174
2026-09-13-benchmark-captures,B,2.0.0-alpha.7,docs-00100,scan,q041,phrase,7,0,72.945
2026-09-13-benchmark-captures,A,1.0.0,docs-00100,scan,q041,phrase,8,0,52.268
2026-09-13-benchmark-captures,B,2.0.0-alpha.7,docs-00100,scan,q041,phrase,8,0,74.652
2026-09-13-benchmark-captures,A,1.0.0,docs-00100,scan,q041,phrase,9,0,52.214
2026-09-13-benchmark-captures,B,2.0.0-alpha.7,docs-00100,scan,q041,phrase,9,0,74.177
2026-09-13-benchmark-captures,A,1.0.0,docs-00100,scan,q041,phrase,10,0,50.908
2026-09-13-benchmark-captures,B,2.0.0-alpha.7,docs-00100,scan,q041,phrase,10,0,72.624
2026-09-13-benchmark-captures,A,1.0.0,docs-00100,scan,q041,phrase,11,0,51.063
2026-09-13-benchmark-captures,B,2.0.0-alpha.7,docs-00100,scan,q041,phrase,11,0,74.240
2026-09-13-benchmark-captures,A,1.0.0,docs-00100,scan,q041,phrase,12,0,51.974
2026-09-13-benchmark-captures,B,2.0.0-alpha.7,docs-00100,scan,q041,phrase,12,0,73.501
2026-09-13-benchmark-captures,A,1.0.0,docs-00100,scan,q042,phrase,0,1,51.052
2026-09-13-benchmark-captures,B,2.0.0-alpha.7,docs-00100,scan,q042,phrase,0,1,72.251
2026-09-13-benchmark-captures,A,1.0.0,docs-00100,scan,q042,phrase,1,1,51.268
2026-09-13-benchmark-captures,B,2.0.0-alpha.7,docs-00100,scan,q042,phrase,1,1,70.777
2026-09-13-benchmark-captures,A,1.0.0,docs-00100,scan,q042,phrase,2,1,51.390
2026-09-13-benchmark-captures,B,2.0.0-alpha.7,docs-00100,scan,q042,phrase,2,1,72.695
2026-09-13-benchmark-captures,A,1.0.0,docs-00100,scan,q042,phrase,3,0,51.921
2026-09-13-benchmark-captures,B,2.0.0-alpha.7,docs-00100,scan,q042,phrase,3,0,72.767
2026-09-13-benchmark-captures,A,1.0.0,docs-00100,scan,q042,phrase,4,0,50.942
2026-09-13-benchmark-captures,B,2.0.0-alpha.7,docs-00100,scan,q042,phrase,4,0,72.573
2026-09-13-benchmark-captures,A,1.0.0,docs-00100,scan,q042,phrase,5,0,52.351
2026-09-13-benchmark-captures,B,2.0.0-alpha.7,docs-00100,scan,q042,phrase,5,0,70.771
2026-09-13-benchmark-captures,A,1.0.0,docs-00100,scan,q042,phrase,6,0,51.289
2026-09-13-benchmark-captures,B,2.0.0-alpha.7,docs-00100,scan,q042,phrase,6,0,71.271
2026-09-13-benchmark-captures,A,1.0.0,docs-00100,scan,q042,phrase,7,0,51.750
2026-09-13-benchmark-captures,B,2.0.0-alpha.7,docs-00100,scan,q042,phrase,7,0,72.166
2026-09-13-benchmark-captures,A,1.0.0,docs-00100,scan,q042,phrase,8,0,50.797
2026-09-13-benchmark-captures,B,2.0.0-alpha.7,docs-00100,scan,q042,phrase,8,0,72.477
2026-09-13-benchmark-captures,A,1.0.0,docs-00100,scan,q042,phrase,9,0,51.818
2026-09-13-benchmark-captures,B,2.0.0-alpha.7,docs-00100,scan,q042,phrase,9,0,72.657
2026-09-13-benchmark-captures,A,1.0.0,docs-00100,scan,q042,phrase,10,0,51.080
2026-09-13-benchmark-captures,B,2.0.0-alpha.7,docs-00100,scan,q042,phrase,10,0,72.747
2026-09-13-benchmark-captures,A,1.0.0,docs-00100,scan,q042,phrase,11,0,50.927
2026-09-13-benchmark-captures,B,2.0.0-alpha.7,docs-00100,scan,q042,phrase,11,0,70.710
2026-09-13-benchmark-captures,A,1.0.0,docs-00100,scan,q042,phrase,12,0,51.076
2026-09-13-benchmark-captures,B,2.0.0-alpha.7,docs-00100,scan,q042,phrase,12,0,72.540
2026-09-13-benchmark-captures,A,1.0.0,docs-00100,scan,q043,natural,0,1,52.275
2026-09-13-benchmark-captures,B,2.0.0-alpha.7,docs-00100,scan,q043,natural,0,1,72.988
2026-09-13-benchmark-captures,A,1.0.0,docs-00100,scan,q043,natural,1,1,51.796
2026-09-13-benchmark-captures,B,2.0.0-alpha.7,docs-00100,scan,q043,natural,1,1,74.720
2026-09-13-benchmark-captures,A,1.0.0,docs-00100,scan,q043,natural,2,1,51.431
2026-09-13-benchmark-captures,B,2.0.0-alpha.7,docs-00100,scan,q043,natural,2,1,73.780
2026-09-13-benchmark-captures,A,1.0.0,docs-00100,scan,q043,natural,3,0,52.707
2026-09-13-benchmark-captures,B,2.0.0-alpha.7,docs-00100,scan,q043,natural,3,0,74.839
2026-09-13-benchmark-captures,A,1.0.0,docs-00100,scan,q043,natural,4,0,51.772
2026-09-13-benchmark-captures,B,2.0.0-alpha.7,docs-00100,scan,q043,natural,4,0,73.096
2026-09-13-benchmark-captures,A,1.0.0,docs-00100,scan,q043,natural,5,0,52.592
2026-09-13-benchmark-captures,B,2.0.0-alpha.7,docs-00100,scan,q043,natural,5,0,74.434
2026-09-13-benchmark-captures,A,1.0.0,docs-00100,scan,q043,natural,6,0,52.147
2026-09-13-benchmark-captures,B,2.0.0-alpha.7,docs-00100,scan,q043,natural,6,0,73.375
2026-09-13-benchmark-captures,A,1.0.0,docs-00100,scan,q043,natural,7,0,52.584
2026-09-13-benchmark-captures,B,2.0.0-alpha.7,docs-00100,scan,q043,natural,7,0,75.109
2026-09-13-benchmark-captures,A,1.0.0,docs-00100,scan,q043,natural,8,0,51.542
2026-09-13-benchmark-captures,B,2.0.0-alpha.7,docs-00100,scan,q043,natural,8,0,74.636
2026-09-13-benchmark-captures,A,1.0.0,docs-00100,scan,q043,natural,9,0,51.465
2026-09-13-benchmark-captures,B,2.0.0-alpha.7,docs-00100,scan,q043,natural,9,0,73.033
2026-09-13-benchmark-captures,A,1.0.0,docs-00100,scan,q043,natural,10,0,52.710
2026-09-13-benchmark-captures,B,2.0.0-alpha.7,docs-00100,scan,q043,natural,10,0,75.135
2026-09-13-benchmark-captures,A,1.0.0,docs-00100,scan,q043,natural,11,0,52.510
2026-09-13-benchmark-captures,B,2.0.0-alpha.7,docs-00100,scan,q043,natural,11,0,74.676
2026-09-13-benchmark-captures,A,1.0.0,docs-00100,scan,q043,natural,12,0,51.433
2026-09-13-benchmark-captures,B,2.0.0-alpha.7,docs-00100,scan,q043,natural,12,0,74.387
2026-09-13-benchmark-captures,A,1.0.0,docs-00100,scan,q044,natural,0,1,52.418
2026-09-13-benchmark-captures,B,2.0.0-alpha.7,docs-00100,scan,q044,natural,0,1,73.241
2026-09-13-benchmark-captures,A,1.0.0,docs-00100,scan,q044,natural,1,1,51.216
2026-09-13-benchmark-captures,B,2.0.0-alpha.7,docs-00100,scan,q044,natural,1,1,73.099
2026-09-13-benchmark-captures,A,1.0.0,docs-00100,scan,q044,natural,2,1,52.363
2026-09-13-benchmark-captures,B,2.0.0-alpha.7,docs-00100,scan,q044,natural,2,1,72.957
2026-09-13-benchmark-captures,A,1.0.0,docs-00100,scan,q044,natural,3,0,52.051
2026-09-13-benchmark-captures,B,2.0.0-alpha.7,docs-00100,scan,q044,natural,3,0,74.265
2026-09-13-benchmark-captures,A,1.0.0,docs-00100,scan,q044,natural,4,0,52.388
2026-09-13-benchmark-captures,B,2.0.0-alpha.7,docs-00100,scan,q044,natural,4,0,72.945
2026-09-13-benchmark-captures,A,1.0.0,docs-00100,scan,q044,natural,5,0,52.532
2026-09-13-benchmark-captures,B,2.0.0-alpha.7,docs-00100,scan,q044,natural,5,0,74.785
2026-09-13-benchmark-captures,A,1.0.0,docs-00100,scan,q044,natural,6,0,51.155
2026-09-13-benchmark-captures,B,2.0.0-alpha.7,docs-00100,scan,q044,natural,6,0,72.815
2026-09-13-benchmark-captures,A,1.0.0,docs-00100,scan,q044,natural,7,0,52.590
2026-09-13-benchmark-captures,B,2.0.0-alpha.7,docs-00100,scan,q044,natural,7,0,74.477
2026-09-13-benchmark-captures,A,1.0.0,docs-00100,scan,q044,natural,8,0,51.546
2026-09-13-benchmark-captures,B,2.0.0-alpha.7,docs-00100,scan,q044,natural,8,0,74.115
2026-09-13-benchmark-captures,A,1.0.0,docs-00100,scan,q044,natural,9,0,51.348
2026-09-13-benchmark-captures,B,2.0.0-alpha.7,docs-00100,scan,q044,natural,9,0,74.262
2026-09-13-benchmark-captures,A,1.0.0,docs-00100,scan,q044,natural,10,0,51.496
2026-09-13-benchmark-captures,B,2.0.0-alpha.7,docs-00100,scan,q044,natural,10,0,72.562
2026-09-13-benchmark-captures,A,1.0.0,docs-00100,scan,q044,natural,11,0,52.120
2026-09-13-benchmark-captures,B,2.0.0-alpha.7,docs-00100,scan,q044,natural,11,0,74.123
2026-09-13-benchmark-captures,A,1.0.0,docs-00100,scan,q044,natural,12,0,52.602
2026-09-13-benchmark-captures,B,2.0.0-alpha.7,docs-00100,scan,q044,natural,12,0,72.526
2026-09-13-benchmark-captures,A,1.0.0,docs-00100,scan,q045,natural,0,1,51.751
2026-09-13-benchmark-captures,B,2.0.0-alpha.7,docs-00100,scan,q045,natural,0,1,73.714
2026-09-13-benchmark-captures,A,1.0.0,docs-00100,scan,q045,natural,1,1,52.137
2026-09-13-benchmark-captures,B,2.0.0-alpha.7,docs-00100,scan,q045,natural,1,1,73.514
2026-09-13-benchmark-captures,A,1.0.0,docs-00100,scan,q045,natural,2,1,52.215
2026-09-13-benchmark-captures,B,2.0.0-alpha.7,docs-00100,scan,q045,natural,2,1,74.983
2026-09-13-benchmark-captures,A,1.0.0,docs-00100,scan,q045,natural,3,0,52.452
2026-09-13-benchmark-captures,B,2.0.0-alpha.7,docs-00100,scan,q045,natural,3,0,73.216
2026-09-13-benchmark-captures,A,1.0.0,docs-00100,scan,q045,natural,4,0,51.131
2026-09-13-benchmark-captures,B,2.0.0-alpha.7,docs-00100,scan,q045,natural,4,0,73.011
2026-09-13-benchmark-captures,A,1.0.0,docs-00100,scan,q045,natural,5,0,52.337
2026-09-13-benchmark-captures,B,2.0.0-alpha.7,docs-00100,scan,q045,natural,5,0,74.201
2026-09-13-benchmark-captures,A,1.0.0,docs-00100,scan,q045,natural,6,0,51.376
2026-09-13-benchmark-captures,B,2.0.0-alpha.7,docs-00100,scan,q045,natural,6,0,73.168
2026-09-13-benchmark-captures,A,1.0.0,docs-00100,scan,q045,natural,7,0,52.368
2026-09-13-benchmark-captures,B,2.0.0-alpha.7,docs-00100,scan,q045,natural,7,0,74.197
2026-09-13-benchmark-captures,A,1.0.0,docs-00100,scan,q045,natural,8,0,52.118
2026-09-13-benchmark-captures,B,2.0.0-alpha.7,docs-00100,scan,q045,natural,8,0,74.731
2026-09-13-benchmark-captures,A,1.0.0,docs-00100,scan,q045,natural,9,0,51.441
2026-09-13-benchmark-captures,B,2.0.0-alpha.7,docs-00100,scan,q045,natural,9,0,73.749
2026-09-13-benchmark-captures,A,1.0.0,docs-00100,scan,q045,natural,10,0,52.340
2026-09-13-benchmark-captures,B,2.0.0-alpha.7,docs-00100,scan,q045,natural,10,0,73.731
2026-09-13-benchmark-captures,A,1.0.0,docs-00100,scan,q045,natural,11,0,52.603
2026-09-13-benchmark-captures,B,2.0.0-alpha.7,docs-00100,scan,q045,natural,11,0,74.731
2026-09-13-benchmark-captures,A,1.0.0,docs-00100,scan,q045,natural,12,0,51.291
2026-09-13-benchmark-captures,B,2.0.0-alpha.7,docs-00100,scan,q045,natural,12,0,73.344
2026-09-13-benchmark-captures,A,1.0.0,docs-00100,scan,q046,natural,0,1,52.352
2026-09-13-benchmark-captures,B,2.0.0-alpha.7,docs-00100,scan,q046,natural,0,1,74.073
2026-09-13-benchmark-captures,A,1.0.0,docs-00100,scan,q046,natural,1,1,52.066
2026-09-13-benchmark-captures,B,2.0.0-alpha.7,docs-00100,scan,q046,natural,1,1,72.759
2026-09-13-benchmark-captures,A,1.0.0,docs-00100,scan,q046,natural,2,1,51.080
2026-09-13-benchmark-captures,B,2.0.0-alpha.7,docs-00100,scan,q046,natural,2,1,72.546
2026-09-13-benchmark-captures,A,1.0.0,docs-00100,scan,q046,natural,3,0,52.605
2026-09-13-benchmark-captures,B,2.0.0-alpha.7,docs-00100,scan,q046,natural,3,0,73.940
2026-09-13-benchmark-captures,A,1.0.0,docs-00100,scan,q046,natural,4,0,51.222
2026-09-13-benchmark-captures,B,2.0.0-alpha.7,docs-00100,scan,q046,natural,4,0,73.045
2026-09-13-benchmark-captures,A,1.0.0,docs-00100,scan,q046,natural,5,0,52.034
2026-09-13-benchmark-captures,B,2.0.0-alpha.7,docs-00100,scan,q046,natural,5,0,72.797
2026-09-13-benchmark-captures,A,1.0.0,docs-00100,scan,q046,natural,6,0,51.847
2026-09-13-benchmark-captures,B,2.0.0-alpha.7,docs-00100,scan,q046,natural,6,0,72.400
2026-09-13-benchmark-captures,A,1.0.0,docs-00100,scan,q046,natural,7,0,52.482
2026-09-13-benchmark-captures,B,2.0.0-alpha.7,docs-00100,scan,q046,natural,7,0,74.853
2026-09-13-benchmark-captures,A,1.0.0,docs-00100,scan,q046,natural,8,0,51.472
2026-09-13-benchmark-captures,B,2.0.0-alpha.7,docs-00100,scan,q046,natural,8,0,74.509
2026-09-13-benchmark-captures,A,1.0.0,docs-00100,scan,q046,natural,9,0,52.226
2026-09-13-benchmark-captures,B,2.0.0-alpha.7,docs-00100,scan,q046,natural,9,0,73.026
2026-09-13-benchmark-captures,A,1.0.0,docs-00100,scan,q046,natural,10,0,52.133
2026-09-13-benchmark-captures,B,2.0.0-alpha.7,docs-00100,scan,q046,natural,10,0,74.470
2026-09-13-benchmark-captures,A,1.0.0,docs-00100,scan,q046,natural,11,0,53.031
2026-09-13-benchmark-captures,B,2.0.0-alpha.7,docs-00100,scan,q046,natural,11,0,73.201
2026-09-13-benchmark-captures,A,1.0.0,docs-00100,scan,q046,natural,12,0,51.407
2026-09-13-benchmark-captures,B,2.0.0-alpha.7,docs-00100,scan,q046,natural,12,0,73.184
2026-09-13-benchmark-captures,A,1.0.0,docs-00100,scan,q047,natural,0,1,52.649
2026-09-13-benchmark-captures,B,2.0.0-alpha.7,docs-00100,scan,q047,natural,0,1,73.560
2026-09-13-benchmark-captures,A,1.0.0,docs-00100,scan,q047,natural,1,1,50.983
2026-09-13-benchmark-captures,B,2.0.0-alpha.7,docs-00100,scan,q047,natural,1,1,73.393
2026-09-13-benchmark-captures,A,1.0.0,docs-00100,scan,q047,natural,2,1,51.718
2026-09-13-benchmark-captures,B,2.0.0-alpha.7,docs-00100,scan,q047,natural,2,1,71.462
2026-09-13-benchmark-captures,A,1.0.0,docs-00100,scan,q047,natural,3,0,50.790
2026-09-13-benchmark-captures,B,2.0.0-alpha.7,docs-00100,scan,q047,natural,3,0,71.633
2026-09-13-benchmark-captures,A,1.0.0,docs-00100,scan,q047,natural,4,0,52.034
2026-09-13-benchmark-captures,B,2.0.0-alpha.7,docs-00100,scan,q047,natural,4,0,72.980
2026-09-13-benchmark-captures,A,1.0.0,docs-00100,scan,q047,natural,5,0,50.677
2026-09-13-benchmark-captures,B,2.0.0-alpha.7,docs-00100,scan,q047,natural,5,0,72.986
2026-09-13-benchmark-captures,A,1.0.0,docs-00100,scan,q047,natural,6,0,55.970
2026-09-13-benchmark-captures,B,2.0.0-alpha.7,docs-00100,scan,q047,natural,6,0,74.694
2026-09-13-benchmark-captures,A,1.0.0,docs-00100,scan,q047,natural,7,0,52.631
2026-09-13-benchmark-captures,B,2.0.0-alpha.7,docs-00100,scan,q047,natural,7,0,74.062
2026-09-13-benchmark-captures,A,1.0.0,docs-00100,scan,q047,natural,8,0,52.754
2026-09-13-benchmark-captures,B,2.0.0-alpha.7,docs-00100,scan,q047,natural,8,0,72.057
2026-09-13-benchmark-captures,A,1.0.0,docs-00100,scan,q047,natural,9,0,52.363
2026-09-13-benchmark-captures,B,2.0.0-alpha.7,docs-00100,scan,q047,natural,9,0,73.495
2026-09-13-benchmark-captures,A,1.0.0,docs-00100,scan,q047,natural,10,0,50.770
2026-09-13-benchmark-captures,B,2.0.0-alpha.7,docs-00100,scan,q047,natural,10,0,71.950
2026-09-13-benchmark-captures,A,1.0.0,docs-00100,scan,q047,natural,11,0,52.289
2026-09-13-benchmark-captures,B,2.0.0-alpha.7,docs-00100,scan,q047,natural,11,0,71.794
2026-09-13-benchmark-captures,A,1.0.0,docs-00100,scan,q047,natural,12,0,51.336
2026-09-13-benchmark-captures,B,2.0.0-alpha.7,docs-00100,scan,q047,natural,12,0,72.202
2026-09-13-benchmark-captures,A,1.0.0,docs-00100,scan,q048,natural,0,1,52.174
2026-09-13-benchmark-captures,B,2.0.0-alpha.7,docs-00100,scan,q048,natural,0,1,72.905
2026-09-13-benchmark-captures,A,1.0.0,docs-00100,scan,q048,natural,1,1,52.844
2026-09-13-benchmark-captures,B,2.0.0-alpha.7,docs-00100,scan,q048,natural,1,1,72.942
2026-09-13-benchmark-captures,A,1.0.0,docs-00100,scan,q048,natural,2,1,51.013
2026-09-13-benchmark-captures,B,2.0.0-alpha.7,docs-00100,scan,q048,natural,2,1,71.172
2026-09-13-benchmark-captures,A,1.0.0,docs-00100,scan,q048,natural,3,0,51.368
2026-09-13-benchmark-captures,B,2.0.0-alpha.7,docs-00100,scan,q048,natural,3,0,72.887
2026-09-13-benchmark-captures,A,1.0.0,docs-00100,scan,q048,natural,4,0,52.254
2026-09-13-benchmark-captures,B,2.0.0-alpha.7,docs-00100,scan,q048,natural,4,0,71.299
2026-09-13-benchmark-captures,A,1.0.0,docs-00100,scan,q048,natural,5,0,52.104
2026-09-13-benchmark-captures,B,2.0.0-alpha.7,docs-00100,scan,q048,natural,5,0,71.641
2026-09-13-benchmark-captures,A,1.0.0,docs-00100,scan,q048,natural,6,0,52.392
2026-09-13-benchmark-captures,B,2.0.0-alpha.7,docs-00100,scan,q048,natural,6,0,72.831
2026-09-13-benchmark-captures,A,1.0.0,docs-00100,scan,q048,natural,7,0,51.053
2026-09-13-benchmark-captures,B,2.0.0-alpha.7,docs-00100,scan,q048,natural,7,0,73.124
2026-09-13-benchmark-captures,A,1.0.0,docs-00100,scan,q048,natural,8,0,51.094
2026-09-13-benchmark-captures,B,2.0.0-alpha.7,docs-00100,scan,q048,natural,8,0,73.472
2026-09-13-benchmark-captures,A,1.0.0,docs-00100,scan,q048,natural,9,0,51.726
2026-09-13-benchmark-captures,B,2.0.0-alpha.7,docs-00100,scan,q048,natural,9,0,71.812
2026-09-13-benchmark-captures,A,1.0.0,docs-00100,scan,q048,natural,10,0,51.429
2026-09-13-benchmark-captures,B,2.0.0-alpha.7,docs-00100,scan,q048,natural,10,0,71.604
2026-09-13-benchmark-captures,A,1.0.0,docs-00100,scan,q048,natural,11,0,51.842
2026-09-13-benchmark-captures,B,2.0.0-alpha.7,docs-00100,scan,q048,natural,11,0,72.046
2026-09-13-benchmark-captures,A,1.0.0,docs-00100,scan,q048,natural,12,0,52.385
2026-09-13-benchmark-captures,B,2.0.0-alpha.7,docs-00100,scan,q048,natural,12,0,71.636
2026-09-13-benchmark-captures,A,1.0.0,docs-00100,scan,q049,natural,0,1,51.701
2026-09-13-benchmark-captures,B,2.0.0-alpha.7,docs-00100,scan,q049,natural,0,1,71.914
2026-09-13-benchmark-captures,A,1.0.0,docs-00100,scan,q049,natural,1,1,52.263
2026-09-13-benchmark-captures,B,2.0.0-alpha.7,docs-00100,scan,q049,natural,1,1,73.390
2026-09-13-benchmark-captures,A,1.0.0,docs-00100,scan,q049,natural,2,1,50.976
2026-09-13-benchmark-captures,B,2.0.0-alpha.7,docs-00100,scan,q049,natural,2,1,73.367
2026-09-13-benchmark-captures,A,1.0.0,docs-00100,scan,q049,natural,3,0,51.928
2026-09-13-benchmark-captures,B,2.0.0-alpha.7,docs-00100,scan,q049,natural,3,0,71.812
2026-09-13-benchmark-captures,A,1.0.0,docs-00100,scan,q049,natural,4,0,52.716
2026-09-13-benchmark-captures,B,2.0.0-alpha.7,docs-00100,scan,q049,natural,4,0,71.622
2026-09-13-benchmark-captures,A,1.0.0,docs-00100,scan,q049,natural,5,0,52.309
2026-09-13-benchmark-captures,B,2.0.0-alpha.7,docs-00100,scan,q049,natural,5,0,72.238
2026-09-13-benchmark-captures,A,1.0.0,docs-00100,scan,q049,natural,6,0,51.372
2026-09-13-benchmark-captures,B,2.0.0-alpha.7,docs-00100,scan,q049,natural,6,0,73.828
2026-09-13-benchmark-captures,A,1.0.0,docs-00100,scan,q049,natural,7,0,51.167
2026-09-13-benchmark-captures,B,2.0.0-alpha.7,docs-00100,scan,q049,natural,7,0,71.609
2026-09-13-benchmark-captures,A,1.0.0,docs-00100,scan,q049,natural,8,0,52.021
2026-09-13-benchmark-captures,B,2.0.0-alpha.7,docs-00100,scan,q049,natural,8,0,72.001
2026-09-13-benchmark-captures,A,1.0.0,docs-00100,scan,q049,natural,9,0,52.394
2026-09-13-benchmark-captures,B,2.0.0-alpha.7,docs-00100,scan,q049,natural,9,0,73.685
2026-09-13-benchmark-captures,A,1.0.0,docs-00100,scan,q049,natural,10,0,51.903
2026-09-13-benchmark-captures,B,2.0.0-alpha.7,docs-00100,scan,q049,natural,10,0,73.498
2026-09-13-benchmark-captures,A,1.0.0,docs-00100,scan,q049,natural,11,0,51.006
2026-09-13-benchmark-captures,B,2.0.0-alpha.7,docs-00100,scan,q049,natural,11,0,73.782
2026-09-13-benchmark-captures,A,1.0.0,docs-00100,scan,q049,natural,12,0,51.438
2026-09-13-benchmark-captures,B,2.0.0-alpha.7,docs-00100,scan,q049,natural,12,0,72.087
2026-09-13-benchmark-captures,A,1.0.0,docs-00100,scan,q050,natural,0,1,52.223
2026-09-13-benchmark-captures,B,2.0.0-alpha.7,docs-00100,scan,q050,natural,0,1,74.379
2026-09-13-benchmark-captures,A,1.0.0,docs-00100,scan,q050,natural,1,1,52.158
2026-09-13-benchmark-captures,B,2.0.0-alpha.7,docs-00100,scan,q050,natural,1,1,73.191
2026-09-13-benchmark-captures,A,1.0.0,docs-00100,scan,q050,natural,2,1,51.388
2026-09-13-benchmark-captures,B,2.0.0-alpha.7,docs-00100,scan,q050,natural,2,1,74.613
2026-09-13-benchmark-captures,A,1.0.0,docs-00100,scan,q050,natural,3,0,51.721
2026-09-13-benchmark-captures,B,2.0.0-alpha.7,docs-00100,scan,q050,natural,3,0,74.264
2026-09-13-benchmark-captures,A,1.0.0,docs-00100,scan,q050,natural,4,0,51.728
2026-09-13-benchmark-captures,B,2.0.0-alpha.7,docs-00100,scan,q050,natural,4,0,74.527
2026-09-13-benchmark-captures,A,1.0.0,docs-00100,scan,q050,natural,5,0,51.423
2026-09-13-benchmark-captures,B,2.0.0-alpha.7,docs-00100,scan,q050,natural,5,0,74.486
2026-09-13-benchmark-captures,A,1.0.0,docs-00100,scan,q050,natural,6,0,51.228
2026-09-13-benchmark-captures,B,2.0.0-alpha.7,docs-00100,scan,q050,natural,6,0,72.738
2026-09-13-benchmark-captures,A,1.0.0,docs-00100,scan,q050,natural,7,0,52.738
2026-09-13-benchmark-captures,B,2.0.0-alpha.7,docs-00100,scan,q050,natural,7,0,74.031
2026-09-13-benchmark-captures,A,1.0.0,docs-00100,scan,q050,natural,8,0,51.528
2026-09-13-benchmark-captures,B,2.0.0-alpha.7,docs-00100,scan,q050,natural,8,0,74.908
2026-09-13-benchmark-captures,A,1.0.0,docs-00100,scan,q050,natural,9,0,51.081
2026-09-13-benchmark-captures,B,2.0.0-alpha.7,docs-00100,scan,q050,natural,9,0,72.816
2026-09-13-benchmark-captures,A,1.0.0,docs-00100,scan,q050,natural,10,0,52.275
2026-09-13-benchmark-captures,B,2.0.0-alpha.7,docs-00100,scan,q050,natural,10,0,74.593
2026-09-13-benchmark-captures,A,1.0.0,docs-00100,scan,q050,natural,11,0,51.257
2026-09-13-benchmark-captures,B,2.0.0-alpha.7,docs-00100,scan,q050,natural,11,0,72.873
2026-09-13-benchmark-captures,A,1.0.0,docs-00100,scan,q050,natural,12,0,52.464
2026-09-13-benchmark-captures,B,2.0.0-alpha.7,docs-00100,scan,q050,natural,12,0,72.998
2026-09-13-benchmark-captures,A,1.0.0,docs-00100,scan,q051,domain,0,1,42.119
2026-09-13-benchmark-captures,B,2.0.0-alpha.7,docs-00100,scan,q051,domain,0,1,63.479
2026-09-13-benchmark-captures,A,1.0.0,docs-00100,scan,q051,domain,1,1,41.435
2026-09-13-benchmark-captures,B,2.0.0-alpha.7,docs-00100,scan,q051,domain,1,1,62.381
2026-09-13-benchmark-captures,A,1.0.0,docs-00100,scan,q051,domain,2,1,41.822
2026-09-13-benchmark-captures,B,2.0.0-alpha.7,docs-00100,scan,q051,domain,2,1,64.628
2026-09-13-benchmark-captures,A,1.0.0,docs-00100,scan,q051,domain,3,0,41.480
2026-09-13-benchmark-captures,B,2.0.0-alpha.7,docs-00100,scan,q051,domain,3,0,62.424
2026-09-13-benchmark-captures,A,1.0.0,docs-00100,scan,q051,domain,4,0,42.025
2026-09-13-benchmark-captures,B,2.0.0-alpha.7,docs-00100,scan,q051,domain,4,0,62.850
2026-09-13-benchmark-captures,A,1.0.0,docs-00100,scan,q051,domain,5,0,42.366
2026-09-13-benchmark-captures,B,2.0.0-alpha.7,docs-00100,scan,q051,domain,5,0,63.864
2026-09-13-benchmark-captures,A,1.0.0,docs-00100,scan,q051,domain,6,0,41.230
2026-09-13-benchmark-captures,B,2.0.0-alpha.7,docs-00100,scan,q051,domain,6,0,63.915
2026-09-13-benchmark-captures,A,1.0.0,docs-00100,scan,q051,domain,7,0,41.980
2026-09-13-benchmark-captures,B,2.0.0-alpha.7,docs-00100,scan,q051,domain,7,0,62.561
2026-09-13-benchmark-captures,A,1.0.0,docs-00100,scan,q051,domain,8,0,41.712
2026-09-13-benchmark-captures,B,2.0.0-alpha.7,docs-00100,scan,q051,domain,8,0,65.199
2026-09-13-benchmark-captures,A,1.0.0,docs-00100,scan,q051,domain,9,0,42.315
2026-09-13-benchmark-captures,B,2.0.0-alpha.7,docs-00100,scan,q051,domain,9,0,62.264
2026-09-13-benchmark-captures,A,1.0.0,docs-00100,scan,q051,domain,10,0,41.228
2026-09-13-benchmark-captures,B,2.0.0-alpha.7,docs-00100,scan,q051,domain,10,0,62.478
2026-09-13-benchmark-captures,A,1.0.0,docs-00100,scan,q051,domain,11,0,42.165
2026-09-13-benchmark-captures,B,2.0.0-alpha.7,docs-00100,scan,q051,domain,11,0,63.147
2026-09-13-benchmark-captures,A,1.0.0,docs-00100,scan,q051,domain,12,0,42.357
2026-09-13-benchmark-captures,B,2.0.0-alpha.7,docs-00100,scan,q051,domain,12,0,62.767
2026-09-13-benchmark-captures,A,1.0.0,docs-00100,scan,q052,domain,0,1,41.919
2026-09-13-benchmark-captures,B,2.0.0-alpha.7,docs-00100,scan,q052,domain,0,1,62.767
2026-09-13-benchmark-captures,A,1.0.0,docs-00100,scan,q052,domain,1,1,41.739
2026-09-13-benchmark-captures,B,2.0.0-alpha.7,docs-00100,scan,q052,domain,1,1,63.665
2026-09-13-benchmark-captures,A,1.0.0,docs-00100,scan,q052,domain,2,1,40.913
2026-09-13-benchmark-captures,B,2.0.0-alpha.7,docs-00100,scan,q052,domain,2,1,63.507
2026-09-13-benchmark-captures,A,1.0.0,docs-00100,scan,q052,domain,3,0,41.212
2026-09-13-benchmark-captures,B,2.0.0-alpha.7,docs-00100,scan,q052,domain,3,0,62.350
2026-09-13-benchmark-captures,A,1.0.0,docs-00100,scan,q052,domain,4,0,41.031
2026-09-13-benchmark-captures,B,2.0.0-alpha.7,docs-00100,scan,q052,domain,4,0,64.035
2026-09-13-benchmark-captures,A,1.0.0,docs-00100,scan,q052,domain,5,0,41.887
2026-09-13-benchmark-captures,B,2.0.0-alpha.7,docs-00100,scan,q052,domain,5,0,63.477
2026-09-13-benchmark-captures,A,1.0.0,docs-00100,scan,q052,domain,6,0,41.095
2026-09-13-benchmark-captures,B,2.0.0-alpha.7,docs-00100,scan,q052,domain,6,0,63.400
2026-09-13-benchmark-captures,A,1.0.0,docs-00100,scan,q052,domain,7,0,42.087
2026-09-13-benchmark-captures,B,2.0.0-alpha.7,docs-00100,scan,q052,domain,7,0,62.293
2026-09-13-benchmark-captures,A,1.0.0,docs-00100,scan,q052,domain,8,0,41.218
2026-09-13-benchmark-captures,B,2.0.0-alpha.7,docs-00100,scan,q052,domain,8,0,63.694
2026-09-13-benchmark-captures,A,1.0.0,docs-00100,scan,q052,domain,9,0,42.199
2026-09-13-benchmark-captures,B,2.0.0-alpha.7,docs-00100,scan,q052,domain,9,0,62.412
2026-09-13-benchmark-captures,A,1.0.0,docs-00100,scan,q052,domain,10,0,40.932
2026-09-13-benchmark-captures,B,2.0.0-alpha.7,docs-00100,scan,q052,domain,10,0,61.989
2026-09-13-benchmark-captures,A,1.0.0,docs-00100,scan,q052,domain,11,0,42.197
2026-09-13-benchmark-captures,B,2.0.0-alpha.7,docs-00100,scan,q052,domain,11,0,62.514
2026-09-13-benchmark-captures,A,1.0.0,docs-00100,scan,q052,domain,12,0,41.631
2026-09-13-benchmark-captures,B,2.0.0-alpha.7,docs-00100,scan,q052,domain,12,0,63.539
2026-09-13-benchmark-captures,A,1.0.0,docs-00100,scan,q053,domain,0,1,40.803
2026-09-13-benchmark-captures,B,2.0.0-alpha.7,docs-00100,scan,q053,domain,0,1,62.332
2026-09-13-benchmark-captures,A,1.0.0,docs-00100,scan,q053,domain,1,1,41.935
2026-09-13-benchmark-captures,B,2.0.0-alpha.7,docs-00100,scan,q053,domain,1,1,63.863
2026-09-13-benchmark-captures,A,1.0.0,docs-00100,scan,q053,domain,2,1,41.252
2026-09-13-benchmark-captures,B,2.0.0-alpha.7,docs-00100,scan,q053,domain,2,1,62.536
2026-09-13-benchmark-captures,A,1.0.0,docs-00100,scan,q053,domain,3,0,42.189
2026-09-13-benchmark-captures,B,2.0.0-alpha.7,docs-00100,scan,q053,domain,3,0,65.966
2026-09-13-benchmark-captures,A,1.0.0,docs-00100,scan,q053,domain,4,0,44.277
2026-09-13-benchmark-captures,B,2.0.0-alpha.7,docs-00100,scan,q053,domain,4,0,63.686
2026-09-13-benchmark-captures,A,1.0.0,docs-00100,scan,q053,domain,5,0,41.238
2026-09-13-benchmark-captures,B,2.0.0-alpha.7,docs-00100,scan,q053,domain,5,0,65.269
2026-09-13-benchmark-captures,A,1.0.0,docs-00100,scan,q053,domain,6,0,41.471
2026-09-13-benchmark-captures,B,2.0.0-alpha.7,docs-00100,scan,q053,domain,6,0,62.588
2026-09-13-benchmark-captures,A,1.0.0,docs-00100,scan,q053,domain,7,0,42.335
2026-09-13-benchmark-captures,B,2.0.0-alpha.7,docs-00100,scan,q053,domain,7,0,62.753
2026-09-13-benchmark-captures,A,1.0.0,docs-00100,scan,q053,domain,8,0,41.492
2026-09-13-benchmark-captures,B,2.0.0-alpha.7,docs-00100,scan,q053,domain,8,0,63.514
2026-09-13-benchmark-captures,A,1.0.0,docs-00100,scan,q053,domain,9,0,42.042
2026-09-13-benchmark-captures,B,2.0.0-alpha.7,docs-00100,scan,q053,domain,9,0,63.427
2026-09-13-benchmark-captures,A,1.0.0,docs-00100,scan,q053,domain,10,0,41.191
2026-09-13-benchmark-captures,B,2.0.0-alpha.7,docs-00100,scan,q053,domain,10,0,62.385
2026-09-13-benchmark-captures,A,1.0.0,docs-00100,scan,q053,domain,11,0,41.086
2026-09-13-benchmark-captures,B,2.0.0-alpha.7,docs-00100,scan,q053,domain,11,0,63.375
2026-09-13-benchmark-captures,A,1.0.0,docs-00100,scan,q053,domain,12,0,41.911
2026-09-13-benchmark-captures,B,2.0.0-alpha.7,docs-00100,scan,q053,domain,12,0,63.669
2026-09-13-benchmark-captures,A,1.0.0,docs-00100,scan,q054,domain,0,1,40.584
2026-09-13-benchmark-captures,B,2.0.0-alpha.7,docs-00100,scan,q054,domain,0,1,63.178
2026-09-13-benchmark-captures,A,1.0.0,docs-00100,scan,q054,domain,1,1,44.109
2026-09-13-benchmark-captures,B,2.0.0-alpha.7,docs-00100,scan,q054,domain,1,1,63.582
2026-09-13-benchmark-captures,A,1.0.0,docs-00100,scan,q054,domain,2,1,43.525
2026-09-13-benchmark-captures,B,2.0.0-alpha.7,docs-00100,scan,q054,domain,2,1,63.636
2026-09-13-benchmark-captures,A,1.0.0,docs-00100,scan,q054,domain,3,0,41.829
2026-09-13-benchmark-captures,B,2.0.0-alpha.7,docs-00100,scan,q054,domain,3,0,62.184
2026-09-13-benchmark-captures,A,1.0.0,docs-00100,scan,q054,domain,4,0,42.024
2026-09-13-benchmark-captures,B,2.0.0-alpha.7,docs-00100,scan,q054,domain,4,0,62.301
2026-09-13-benchmark-captures,A,1.0.0,docs-00100,scan,q054,domain,5,0,41.955
2026-09-13-benchmark-captures,B,2.0.0-alpha.7,docs-00100,scan,q054,domain,5,0,63.572
2026-09-13-benchmark-captures,A,1.0.0,docs-00100,scan,q054,domain,6,0,40.851
2026-09-13-benchmark-captures,B,2.0.0-alpha.7,docs-00100,scan,q054,domain,6,0,63.229
2026-09-13-benchmark-captures,A,1.0.0,docs-00100,scan,q054,domain,7,0,41.166
2026-09-13-benchmark-captures,B,2.0.0-alpha.7,docs-00100,scan,q054,domain,7,0,62.254
2026-09-13-benchmark-captures,A,1.0.0,docs-00100,scan,q054,domain,8,0,40.972
2026-09-13-benchmark-captures,B,2.0.0-alpha.7,docs-00100,scan,q054,domain,8,0,63.331
2026-09-13-benchmark-captures,A,1.0.0,docs-00100,scan,q054,domain,9,0,41.205
2026-09-13-benchmark-captures,B,2.0.0-alpha.7,docs-00100,scan,q054,domain,9,0,62.638
2026-09-13-benchmark-captures,A,1.0.0,docs-00100,scan,q054,domain,10,0,41.840
2026-09-13-benchmark-captures,B,2.0.0-alpha.7,docs-00100,scan,q054,domain,10,0,64.406
2026-09-13-benchmark-captures,A,1.0.0,docs-00100,scan,q054,domain,11,0,40.995
2026-09-13-benchmark-captures,B,2.0.0-alpha.7,docs-00100,scan,q054,domain,11,0,62.256
2026-09-13-benchmark-captures,A,1.0.0,docs-00100,scan,q054,domain,12,0,40.931
2026-09-13-benchmark-captures,B,2.0.0-alpha.7,docs-00100,scan,q054,domain,12,0,63.676
2026-09-13-benchmark-captures,A,1.0.0,docs-00100,scan,q055,domain,0,1,41.692
2026-09-13-benchmark-captures,B,2.0.0-alpha.7,docs-00100,scan,q055,domain,0,1,62.301
2026-09-13-benchmark-captures,A,1.0.0,docs-00100,scan,q055,domain,1,1,40.812
2026-09-13-benchmark-captures,B,2.0.0-alpha.7,docs-00100,scan,q055,domain,1,1,63.689
2026-09-13-benchmark-captures,A,1.0.0,docs-00100,scan,q055,domain,2,1,40.721
2026-09-13-benchmark-captures,B,2.0.0-alpha.7,docs-00100,scan,q055,domain,2,1,62.398
2026-09-13-benchmark-captures,A,1.0.0,docs-00100,scan,q055,domain,3,0,41.347
2026-09-13-benchmark-captures,B,2.0.0-alpha.7,docs-00100,scan,q055,domain,3,0,63.573
2026-09-13-benchmark-captures,A,1.0.0,docs-00100,scan,q055,domain,4,0,41.629
2026-09-13-benchmark-captures,B,2.0.0-alpha.7,docs-00100,scan,q055,domain,4,0,62.332
2026-09-13-benchmark-captures,A,1.0.0,docs-00100,scan,q055,domain,5,0,41.496
2026-09-13-benchmark-captures,B,2.0.0-alpha.7,docs-00100,scan,q055,domain,5,0,63.586
2026-09-13-benchmark-captures,A,1.0.0,docs-00100,scan,q055,domain,6,0,40.959
2026-09-13-benchmark-captures,B,2.0.0-alpha.7,docs-00100,scan,q055,domain,6,0,61.801
2026-09-13-benchmark-captures,A,1.0.0,docs-00100,scan,q055,domain,7,0,41.129
2026-09-13-benchmark-captures,B,2.0.0-alpha.7,docs-00100,scan,q055,domain,7,0,63.460
2026-09-13-benchmark-captures,A,1.0.0,docs-00100,scan,q055,domain,8,0,40.725
2026-09-13-benchmark-captures,B,2.0.0-alpha.7,docs-00100,scan,q055,domain,8,0,61.971
2026-09-13-benchmark-captures,A,1.0.0,docs-00100,scan,q055,domain,9,0,41.301
2026-09-13-benchmark-captures,B,2.0.0-alpha.7,docs-00100,scan,q055,domain,9,0,63.014
2026-09-13-benchmark-captures,A,1.0.0,docs-00100,scan,q055,domain,10,0,41.522
2026-09-13-benchmark-captures,B,2.0.0-alpha.7,docs-00100,scan,q055,domain,10,0,61.874
2026-09-13-benchmark-captures,A,1.0.0,docs-00100,scan,q055,domain,11,0,40.790
2026-09-13-benchmark-captures,B,2.0.0-alpha.7,docs-00100,scan,q055,domain,11,0,63.455
2026-09-13-benchmark-captures,A,1.0.0,docs-00100,scan,q055,domain,12,0,41.515
2026-09-13-benchmark-captures,B,2.0.0-alpha.7,docs-00100,scan,q055,domain,12,0,61.740
2026-09-13-benchmark-captures,A,1.0.0,docs-00100,scan,q056,domain,0,1,41.536
2026-09-13-benchmark-captures,B,2.0.0-alpha.7,docs-00100,scan,q056,domain,0,1,63.062
2026-09-13-benchmark-captures,A,1.0.0,docs-00100,scan,q056,domain,1,1,41.098
2026-09-13-benchmark-captures,B,2.0.0-alpha.7,docs-00100,scan,q056,domain,1,1,62.426
2026-09-13-benchmark-captures,A,1.0.0,docs-00100,scan,q056,domain,2,1,40.557
2026-09-13-benchmark-captures,B,2.0.0-alpha.7,docs-00100,scan,q056,domain,2,1,63.489
2026-09-13-benchmark-captures,A,1.0.0,docs-00100,scan,q056,domain,3,0,41.582
2026-09-13-benchmark-captures,B,2.0.0-alpha.7,docs-00100,scan,q056,domain,3,0,64.068
2026-09-13-benchmark-captures,A,1.0.0,docs-00100,scan,q056,domain,4,0,40.605
2026-09-13-benchmark-captures,B,2.0.0-alpha.7,docs-00100,scan,q056,domain,4,0,62.073
2026-09-13-benchmark-captures,A,1.0.0,docs-00100,scan,q056,domain,5,0,41.024
2026-09-13-benchmark-captures,B,2.0.0-alpha.7,docs-00100,scan,q056,domain,5,0,62.942
2026-09-13-benchmark-captures,A,1.0.0,docs-00100,scan,q056,domain,6,0,40.783
2026-09-13-benchmark-captures,B,2.0.0-alpha.7,docs-00100,scan,q056,domain,6,0,63.306
2026-09-13-benchmark-captures,A,1.0.0,docs-00100,scan,q056,domain,7,0,40.821
2026-09-13-benchmark-captures,B,2.0.0-alpha.7,docs-00100,scan,q056,domain,7,0,61.777
2026-09-13-benchmark-captures,A,1.0.0,docs-00100,scan,q056,domain,8,0,41.676
2026-09-13-benchmark-captures,B,2.0.0-alpha.7,docs-00100,scan,q056,domain,8,0,62.960
2026-09-13-benchmark-captures,A,1.0.0,docs-00100,scan,q056,domain,9,0,41.640
2026-09-13-benchmark-captures,B,2.0.0-alpha.7,docs-00100,scan,q056,domain,9,0,61.651
2026-09-13-benchmark-captures,A,1.0.0,docs-00100,scan,q056,domain,10,0,40.580
2026-09-13-benchmark-captures,B,2.0.0-alpha.7,docs-00100,scan,q056,domain,10,0,61.714
2026-09-13-benchmark-captures,A,1.0.0,docs-00100,scan,q056,domain,11,0,41.444
2026-09-13-benchmark-captures,B,2.0.0-alpha.7,docs-00100,scan,q056,domain,11,0,62.712
2026-09-13-benchmark-captures,A,1.0.0,docs-00100,scan,q056,domain,12,0,41.578
2026-09-13-benchmark-captures,B,2.0.0-alpha.7,docs-00100,scan,q056,domain,12,0,61.532
2026-09-13-benchmark-captures,A,1.0.0,docs-00100,scan,q057,domain,0,1,42.355
2026-09-13-benchmark-captures,B,2.0.0-alpha.7,docs-00100,scan,q057,domain,0,1,63.569
2026-09-13-benchmark-captures,A,1.0.0,docs-00100,scan,q057,domain,1,1,40.986
2026-09-13-benchmark-captures,B,2.0.0-alpha.7,docs-00100,scan,q057,domain,1,1,63.619
2026-09-13-benchmark-captures,A,1.0.0,docs-00100,scan,q057,domain,2,1,42.233
2026-09-13-benchmark-captures,B,2.0.0-alpha.7,docs-00100,scan,q057,domain,2,1,61.952
2026-09-13-benchmark-captures,A,1.0.0,docs-00100,scan,q057,domain,3,0,41.261
2026-09-13-benchmark-captures,B,2.0.0-alpha.7,docs-00100,scan,q057,domain,3,0,63.182
2026-09-13-benchmark-captures,A,1.0.0,docs-00100,scan,q057,domain,4,0,40.977
2026-09-13-benchmark-captures,B,2.0.0-alpha.7,docs-00100,scan,q057,domain,4,0,62.333
2026-09-13-benchmark-captures,A,1.0.0,docs-00100,scan,q057,domain,5,0,41.715
2026-09-13-benchmark-captures,B,2.0.0-alpha.7,docs-00100,scan,q057,domain,5,0,62.222
2026-09-13-benchmark-captures,A,1.0.0,docs-00100,scan,q057,domain,6,0,40.407
2026-09-13-benchmark-captures,B,2.0.0-alpha.7,docs-00100,scan,q057,domain,6,0,63.386
2026-09-13-benchmark-captures,A,1.0.0,docs-00100,scan,q057,domain,7,0,41.556
2026-09-13-benchmark-captures,B,2.0.0-alpha.7,docs-00100,scan,q057,domain,7,0,61.970
2026-09-13-benchmark-captures,A,1.0.0,docs-00100,scan,q057,domain,8,0,41.603
2026-09-13-benchmark-captures,B,2.0.0-alpha.7,docs-00100,scan,q057,domain,8,0,62.259
2026-09-13-benchmark-captures,A,1.0.0,docs-00100,scan,q057,domain,9,0,41.645
2026-09-13-benchmark-captures,B,2.0.0-alpha.7,docs-00100,scan,q057,domain,9,0,62.748
2026-09-13-benchmark-captures,A,1.0.0,docs-00100,scan,q057,domain,10,0,42.135
2026-09-13-benchmark-captures,B,2.0.0-alpha.7,docs-00100,scan,q057,domain,10,0,63.510
2026-09-13-benchmark-captures,A,1.0.0,docs-00100,scan,q057,domain,11,0,41.781
2026-09-13-benchmark-captures,B,2.0.0-alpha.7,docs-00100,scan,q057,domain,11,0,61.876
2026-09-13-benchmark-captures,A,1.0.0,docs-00100,scan,q057,domain,12,0,40.700
2026-09-13-benchmark-captures,B,2.0.0-alpha.7,docs-00100,scan,q057,domain,12,0,62.236
2026-09-13-benchmark-captures,A,1.0.0,docs-00100,scan,q058,domain,0,1,42.264
2026-09-13-benchmark-captures,B,2.0.0-alpha.7,docs-00100,scan,q058,domain,0,1,62.546
2026-09-13-benchmark-captures,A,1.0.0,docs-00100,scan,q058,domain,1,1,42.238
2026-09-13-benchmark-captures,B,2.0.0-alpha.7,docs-00100,scan,q058,domain,1,1,62.722
2026-09-13-benchmark-captures,A,1.0.0,docs-00100,scan,q058,domain,2,1,41.990
2026-09-13-benchmark-captures,B,2.0.0-alpha.7,docs-00100,scan,q058,domain,2,1,63.741
2026-09-13-benchmark-captures,A,1.0.0,docs-00100,scan,q058,domain,3,0,42.479
2026-09-13-benchmark-captures,B,2.0.0-alpha.7,docs-00100,scan,q058,domain,3,0,62.378
2026-09-13-benchmark-captures,A,1.0.0,docs-00100,scan,q058,domain,4,0,41.531
2026-09-13-benchmark-captures,B,2.0.0-alpha.7,docs-00100,scan,q058,domain,4,0,63.783
2026-09-13-benchmark-captures,A,1.0.0,docs-00100,scan,q058,domain,5,0,42.335
2026-09-13-benchmark-captures,B,2.0.0-alpha.7,docs-00100,scan,q058,domain,5,0,63.776
2026-09-13-benchmark-captures,A,1.0.0,docs-00100,scan,q058,domain,6,0,41.656
2026-09-13-benchmark-captures,B,2.0.0-alpha.7,docs-00100,scan,q058,domain,6,0,63.933
2026-09-13-benchmark-captures,A,1.0.0,docs-00100,scan,q058,domain,7,0,41.451
2026-09-13-benchmark-captures,B,2.0.0-alpha.7,docs-00100,scan,q058,domain,7,0,63.785
2026-09-13-benchmark-captures,A,1.0.0,docs-00100,scan,q058,domain,8,0,41.493
2026-09-13-benchmark-captures,B,2.0.0-alpha.7,docs-00100,scan,q058,domain,8,0,62.046
2026-09-13-benchmark-captures,A,1.0.0,docs-00100,scan,q058,domain,9,0,42.191
2026-09-13-benchmark-captures,B,2.0.0-alpha.7,docs-00100,scan,q058,domain,9,0,62.707
2026-09-13-benchmark-captures,A,1.0.0,docs-00100,scan,q058,domain,10,0,42.449
2026-09-13-benchmark-captures,B,2.0.0-alpha.7,docs-00100,scan,q058,domain,10,0,62.318
2026-09-13-benchmark-captures,A,1.0.0,docs-00100,scan,q058,domain,11,0,42.468
2026-09-13-benchmark-captures,B,2.0.0-alpha.7,docs-00100,scan,q058,domain,11,0,63.270
2026-09-13-benchmark-captures,A,1.0.0,docs-00100,scan,q058,domain,12,0,42.338
2026-09-13-benchmark-captures,B,2.0.0-alpha.7,docs-00100,scan,q058,domain,12,0,62.132
2026-09-13-benchmark-captures,A,1.0.0,docs-00100,scan,q059,domain,0,1,40.900
2026-09-13-benchmark-captures,B,2.0.0-alpha.7,docs-00100,scan,q059,domain,0,1,62.061
2026-09-13-benchmark-captures,A,1.0.0,docs-00100,scan,q059,domain,1,1,41.820
2026-09-13-benchmark-captures,B,2.0.0-alpha.7,docs-00100,scan,q059,domain,1,1,63.133
2026-09-13-benchmark-captures,A,1.0.0,docs-00100,scan,q059,domain,2,1,41.062
2026-09-13-benchmark-captures,B,2.0.0-alpha.7,docs-00100,scan,q059,domain,2,1,62.453
2026-09-13-benchmark-captures,A,1.0.0,docs-00100,scan,q059,domain,3,0,41.164
2026-09-13-benchmark-captures,B,2.0.0-alpha.7,docs-00100,scan,q059,domain,3,0,63.712
2026-09-13-benchmark-captures,A,1.0.0,docs-00100,scan,q059,domain,4,0,41.591
2026-09-13-benchmark-captures,B,2.0.0-alpha.7,docs-00100,scan,q059,domain,4,0,63.175
2026-09-13-benchmark-captures,A,1.0.0,docs-00100,scan,q059,domain,5,0,40.950
2026-09-13-benchmark-captures,B,2.0.0-alpha.7,docs-00100,scan,q059,domain,5,0,63.252
2026-09-13-benchmark-captures,A,1.0.0,docs-00100,scan,q059,domain,6,0,41.359
2026-09-13-benchmark-captures,B,2.0.0-alpha.7,docs-00100,scan,q059,domain,6,0,61.847
2026-09-13-benchmark-captures,A,1.0.0,docs-00100,scan,q059,domain,7,0,40.675
2026-09-13-benchmark-captures,B,2.0.0-alpha.7,docs-00100,scan,q059,domain,7,0,63.338
2026-09-13-benchmark-captures,A,1.0.0,docs-00100,scan,q059,domain,8,0,41.761
2026-09-13-benchmark-captures,B,2.0.0-alpha.7,docs-00100,scan,q059,domain,8,0,61.792
2026-09-13-benchmark-captures,A,1.0.0,docs-00100,scan,q059,domain,9,0,40.990
2026-09-13-benchmark-captures,B,2.0.0-alpha.7,docs-00100,scan,q059,domain,9,0,61.717
2026-09-13-benchmark-captures,A,1.0.0,docs-00100,scan,q059,domain,10,0,41.443
2026-09-13-benchmark-captures,B,2.0.0-alpha.7,docs-00100,scan,q059,domain,10,0,62.118
2026-09-13-benchmark-captures,A,1.0.0,docs-00100,scan,q059,domain,11,0,41.779
2026-09-13-benchmark-captures,B,2.0.0-alpha.7,docs-00100,scan,q059,domain,11,0,61.981
2026-09-13-benchmark-captures,A,1.0.0,docs-00100,scan,q059,domain,12,0,42.162
2026-09-13-benchmark-captures,B,2.0.0-alpha.7,docs-00100,scan,q059,domain,12,0,63.514
2026-09-13-benchmark-captures,A,1.0.0,docs-00100,scan,q060,domain,0,1,42.086
2026-09-13-benchmark-captures,B,2.0.0-alpha.7,docs-00100,scan,q060,domain,0,1,63.479
2026-09-13-benchmark-captures,A,1.0.0,docs-00100,scan,q060,domain,1,1,41.204
2026-09-13-benchmark-captures,B,2.0.0-alpha.7,docs-00100,scan,q060,domain,1,1,62.310
2026-09-13-benchmark-captures,A,1.0.0,docs-00100,scan,q060,domain,2,1,42.026
2026-09-13-benchmark-captures,B,2.0.0-alpha.7,docs-00100,scan,q060,domain,2,1,62.036
2026-09-13-benchmark-captures,A,1.0.0,docs-00100,scan,q060,domain,3,0,42.177
2026-09-13-benchmark-captures,B,2.0.0-alpha.7,docs-00100,scan,q060,domain,3,0,62.285
2026-09-13-benchmark-captures,A,1.0.0,docs-00100,scan,q060,domain,4,0,42.269
2026-09-13-benchmark-captures,B,2.0.0-alpha.7,docs-00100,scan,q060,domain,4,0,63.722
2026-09-13-benchmark-captures,A,1.0.0,docs-00100,scan,q060,domain,5,0,41.114
2026-09-13-benchmark-captures,B,2.0.0-alpha.7,docs-00100,scan,q060,domain,5,0,62.016
2026-09-13-benchmark-captures,A,1.0.0,docs-00100,scan,q060,domain,6,0,42.003
2026-09-13-benchmark-captures,B,2.0.0-alpha.7,docs-00100,scan,q060,domain,6,0,62.476
2026-09-13-benchmark-captures,A,1.0.0,docs-00100,scan,q060,domain,7,0,41.106
2026-09-13-benchmark-captures,B,2.0.0-alpha.7,docs-00100,scan,q060,domain,7,0,63.519
2026-09-13-benchmark-captures,A,1.0.0,docs-00100,scan,q060,domain,8,0,42.038
2026-09-13-benchmark-captures,B,2.0.0-alpha.7,docs-00100,scan,q060,domain,8,0,68.128
2026-09-13-benchmark-captures,A,1.0.0,docs-00100,scan,q060,domain,9,0,42.485
2026-09-13-benchmark-captures,B,2.0.0-alpha.7,docs-00100,scan,q060,domain,9,0,63.978
2026-09-13-benchmark-captures,A,1.0.0,docs-00100,scan,q060,domain,10,0,41.166
2026-09-13-benchmark-captures,B,2.0.0-alpha.7,docs-00100,scan,q060,domain,10,0,62.569
2026-09-13-benchmark-captures,A,1.0.0,docs-00100,scan,q060,domain,11,0,42.233
2026-09-13-benchmark-captures,B,2.0.0-alpha.7,docs-00100,scan,q060,domain,11,0,63.821
2026-09-13-benchmark-captures,A,1.0.0,docs-00100,scan,q060,domain,12,0,41.248
2026-09-13-benchmark-captures,B,2.0.0-alpha.7,docs-00100,scan,q060,domain,12,0,63.905
2026-09-13-benchmark-captures,A,1.0.0,docs-00100,,,ingest,0,0,3871.600
2026-09-13-benchmark-captures,A,1.0.0,docs-00100,,,build,0,0,144.700
2026-09-13-benchmark-captures,B,2.0.0-alpha.7,docs-00100,,,ingest,0,0,1831.700
2026-09-13-benchmark-captures,B,2.0.0-alpha.7,docs-00100,,,build,0,0,187.900
